2026-08-01 15:52:29 | INFO     | co2_forecast | Logging to: outputs/runs/full_run_stage1/logs/full_run_stage1.log
2026-08-01 15:52:29 | INFO     | co2_forecast | ============================================================
2026-08-01 15:52:29 | INFO     | co2_forecast | Script 10: Stream A / Stream B experimental grid
2026-08-01 15:52:29 | INFO     | co2_forecast | ============================================================
2026-08-01 15:52:29 | INFO     | co2_forecast | Models: ['ridge', 'random_forest', 'lightgbm', 'catboost', 'lstm']
2026-08-01 15:52:29 | INFO     | co2_forecast | seed: 42
2026-08-01 15:52:29 | INFO     | co2_forecast | nested_retuning: False
2026-08-01 15:52:29 | INFO     | co2_forecast | Slicing all configurations to the primary common period [2018-04-01 00:00:00 - 2025-01-01 00:00:00] (reference: A3)
2026-08-01 15:52:29 | INFO     | co2_forecast | ============================================================
2026-08-01 15:52:29 | INFO     | co2_forecast | Naive reference baselines (naive_lag1, naive_lag4) - not part of Stream A/B counts
2026-08-01 15:52:29 | INFO     | co2_forecast | ============================================================
2026-08-01 15:52:29 | INFO     | co2_forecast |   naive_lag1 -> weighted_mase=1.2439162541181543
2026-08-01 15:52:29 | INFO     | co2_forecast |   naive_lag4 -> weighted_mase=1.321785513357674
2026-08-01 15:52:29 | INFO     | co2_forecast | ============================================================
2026-08-01 15:52:29 | INFO     | co2_forecast | Stream A: 4 configurations x 5 models, NO feature selection (20 candidates)
2026-08-01 15:52:29 | INFO     | co2_forecast | ============================================================
2026-08-01 15:52:29 | INFO     | co2_forecast | Stream A cell: A1/ridge (11 features, 28 rows)
2026-08-01 15:52:29 | INFO     | co2_forecast | Creating walk-forward splits for 16 valid samples
2026-08-01 15:52:29 | INFO     | co2_forecast | Created 4 CV folds across horizons [1, 2, 4]
2026-08-01 15:52:29 | INFO     | co2_forecast | Built tuning CV plan: 4 folds from 16 rows before 2022-Q%q (evaluation cutoff) - isolation OK (max tuning date 2021-Q%q)
2026-08-01 15:52:29 | INFO     | co2_forecast | Optimizing ridge...
2026-08-01 15:52:29 | INFO     | co2_forecast | Starting PSO: 5 particles, 8 iterations
2026-08-01 15:52:29 | INFO     | co2_forecast |   Iteration 0: Best fitness = 2.764518
2026-08-01 15:52:30 | INFO     | co2_forecast |   Iteration 5: Best fitness = 2.134233
2026-08-01 15:52:30 | INFO     | co2_forecast |   Iteration 7: Best fitness = 2.134233
2026-08-01 15:52:30 | INFO     | co2_forecast | PSO complete. Best fitness: 2.134233
2026-08-01 15:52:30 | INFO     | co2_forecast |   Best params: {'alpha': 100.0}
2026-08-01 15:52:30 | INFO     | co2_forecast |   Best fitness: 2.134233
2026-08-01 15:52:30 | INFO     | co2_forecast | [A1/panel2_common_period/all_features/ridge] sweep tuning: best_params={'alpha': 100.0}
2026-08-01 15:52:30 | INFO     | co2_forecast |   -> weighted_mase=0.9051731374752952, runtime=0.2s
2026-08-01 15:52:30 | INFO     | co2_forecast | Stream A cell: A1/random_forest (11 features, 28 rows)
2026-08-01 15:52:30 | INFO     | co2_forecast | Creating walk-forward splits for 16 valid samples
2026-08-01 15:52:30 | INFO     | co2_forecast | Created 4 CV folds across horizons [1, 2, 4]
2026-08-01 15:52:30 | INFO     | co2_forecast | Built tuning CV plan: 4 folds from 16 rows before 2022-Q%q (evaluation cutoff) - isolation OK (max tuning date 2021-Q%q)
2026-08-01 15:52:30 | INFO     | co2_forecast | Optimizing random_forest...
2026-08-01 15:52:30 | INFO     | co2_forecast | Starting PSO: 5 particles, 8 iterations
2026-08-01 15:52:33 | INFO     | co2_forecast |   Iteration 0: Best fitness = 0.748939
2026-08-01 15:52:50 | INFO     | co2_forecast |   Iteration 5: Best fitness = 0.314876
2026-08-01 15:52:56 | INFO     | co2_forecast |   Iteration 7: Best fitness = 0.314876
2026-08-01 15:52:56 | INFO     | co2_forecast | PSO complete. Best fitness: 0.314876
2026-08-01 15:52:56 | INFO     | co2_forecast |   Best params: {'n_estimators': 98, 'max_depth': 3, 'min_samples_split': 2, 'min_samples_leaf': 1}
2026-08-01 15:52:56 | INFO     | co2_forecast |   Best fitness: 0.314876
2026-08-01 15:52:56 | INFO     | co2_forecast | [A1/panel2_common_period/all_features/random_forest] sweep tuning: best_params={'n_estimators': 98, 'max_depth': 3, 'min_samples_split': 2, 'min_samples_leaf': 1}
2026-08-01 15:52:57 | INFO     | co2_forecast |   -> weighted_mase=0.7471041069090325, runtime=27.4s
2026-08-01 15:52:57 | INFO     | co2_forecast | Stream A cell: A1/lightgbm (11 features, 28 rows)
2026-08-01 15:52:57 | INFO     | co2_forecast | Creating walk-forward splits for 16 valid samples
2026-08-01 15:52:57 | INFO     | co2_forecast | Created 4 CV folds across horizons [1, 2, 4]
2026-08-01 15:52:57 | INFO     | co2_forecast | Built tuning CV plan: 4 folds from 16 rows before 2022-Q%q (evaluation cutoff) - isolation OK (max tuning date 2021-Q%q)
2026-08-01 15:52:57 | INFO     | co2_forecast | Optimizing lightgbm...
2026-08-01 15:52:57 | INFO     | co2_forecast | Starting PSO: 5 particles, 8 iterations
2026-08-01 15:52:57 | WARNING  | co2_forecast | LightGBM has no GPU-enabled build installed; using CPU. The pip wheel ships CPU-only - install a CUDA/OpenCL build (e.g. build from source with -DUSE_CUDA=1, or a conda-forge lightgbm=*=cuda* package) to enable GPU training.
2026-08-01 15:52:57 | INFO     | co2_forecast |   Iteration 0: Best fitness = 0.768990
2026-08-01 15:52:58 | INFO     | co2_forecast |   Iteration 5: Best fitness = 0.653962
2026-08-01 15:52:58 | INFO     | co2_forecast |   Iteration 7: Best fitness = 0.653962
2026-08-01 15:52:58 | INFO     | co2_forecast | PSO complete. Best fitness: 0.653962
2026-08-01 15:52:58 | INFO     | co2_forecast |   Best params: {'n_estimators': 164, 'learning_rate': 0.3, 'num_leaves': 127, 'max_depth': 10, 'min_child_samples': 6, 'reg_alpha': 0.001, 'reg_lambda': 0.001}
2026-08-01 15:52:58 | INFO     | co2_forecast |   Best fitness: 0.653962
2026-08-01 15:52:58 | INFO     | co2_forecast | [A1/panel2_common_period/all_features/lightgbm] sweep tuning: best_params={'n_estimators': 164, 'learning_rate': 0.3, 'num_leaves': 127, 'max_depth': 10, 'min_child_samples': 6, 'reg_alpha': 0.001, 'reg_lambda': 0.001}
2026-08-01 15:52:58 | INFO     | co2_forecast |   -> weighted_mase=0.7610224286063254, runtime=0.9s
2026-08-01 15:52:58 | INFO     | co2_forecast | Stream A cell: A1/catboost (11 features, 28 rows)
2026-08-01 15:52:58 | INFO     | co2_forecast | Creating walk-forward splits for 16 valid samples
2026-08-01 15:52:58 | INFO     | co2_forecast | Created 4 CV folds across horizons [1, 2, 4]
2026-08-01 15:52:58 | INFO     | co2_forecast | Built tuning CV plan: 4 folds from 16 rows before 2022-Q%q (evaluation cutoff) - isolation OK (max tuning date 2021-Q%q)
2026-08-01 15:52:58 | INFO     | co2_forecast | Optimizing catboost...
2026-08-01 15:52:58 | INFO     | co2_forecast | Starting PSO: 5 particles, 8 iterations
2026-08-01 15:53:31 | INFO     | co2_forecast |   Iteration 0: Best fitness = 0.304603
2026-08-01 15:56:00 | INFO     | co2_forecast |   Iteration 5: Best fitness = 0.283234
2026-08-01 15:57:23 | INFO     | co2_forecast |   Iteration 7: Best fitness = 0.280292
2026-08-01 15:57:23 | INFO     | co2_forecast | PSO complete. Best fitness: 0.280292
2026-08-01 15:57:23 | INFO     | co2_forecast |   Best params: {'iterations': 209, 'learning_rate': 0.18274991866954116, 'depth': 4, 'l2_leaf_reg': 8.182426570824473}
2026-08-01 15:57:23 | INFO     | co2_forecast |   Best fitness: 0.280292
2026-08-01 15:57:23 | INFO     | co2_forecast | [A1/panel2_common_period/all_features/catboost] sweep tuning: best_params={'iterations': 209, 'learning_rate': 0.18274991866954116, 'depth': 4, 'l2_leaf_reg': 8.182426570824473}
2026-08-01 15:57:32 | INFO     | co2_forecast |   -> weighted_mase=0.6294096386011814, runtime=274.1s
2026-08-01 15:57:32 | INFO     | co2_forecast | Stream A cell: A1/lstm (11 features, 28 rows)
2026-08-01 15:57:32 | INFO     | co2_forecast | Creating walk-forward splits for 16 valid samples
2026-08-01 15:57:32 | INFO     | co2_forecast | Created 4 CV folds across horizons [1, 2, 4]
2026-08-01 15:57:32 | INFO     | co2_forecast | Built tuning CV plan: 4 folds from 16 rows before 2022-Q%q (evaluation cutoff) - isolation OK (max tuning date 2021-Q%q)
2026-08-01 15:57:32 | INFO     | co2_forecast | Optimizing lstm...
2026-08-01 15:57:32 | INFO     | co2_forecast | Starting PSO: 5 particles, 8 iterations
2026-08-01 15:57:32 | WARNING  | co2_forecast | Model training failed with params {'lookback': 7, 'hidden_size': 62, 'num_layers': 2, 'dropout': 0.3394633936788146, 'learning_rate': 0.0016445845403801217, 'batch_size': 8}: LSTM.fit: training data has 8 rows, giving only 1 sequence(s) with lookback=7; at least 2 are required (one is always reserved for validation). Reduce lookback or provide more training history.
2026-08-01 15:57:32 | WARNING  | co2_forecast | Model training failed with params {'lookback': 11, 'hidden_size': 26, 'num_layers': 1, 'dropout': 0.17336180394137352, 'learning_rate': 0.0031119982052994237, 'batch_size': 16}: LSTM.fit: training data has 8 rows, giving only 0 sequence(s) with lookback=11; at least 2 are required (one is always reserved for validation). Reduce lookback or provide more training history.
2026-08-01 15:57:32 | WARNING  | co2_forecast | Model training failed with params {'lookback': 8, 'hidden_size': 54, 'num_layers': 1, 'dropout': 0.3056937753654446, 'learning_rate': 0.005964904231734221, 'batch_size': 8}: LSTM.fit: training data has 8 rows, giving only 0 sequence(s) with lookback=8; at least 2 are required (one is always reserved for validation). Reduce lookback or provide more training history.
2026-08-01 15:57:32 | WARNING  | co2_forecast | Very few sequences (2), LSTM may not train well
2026-08-01 15:57:34 | WARNING  | co2_forecast | Very few sequences (6), LSTM may not train well
2026-08-01 15:57:34 | WARNING  | co2_forecast | Very few sequences (2), LSTM may not train well
2026-08-01 15:57:34 | WARNING  | co2_forecast | Very few sequences (2), LSTM may not train well
2026-08-01 15:57:34 | WARNING  | co2_forecast | Model training failed with params {'lookback': 8, 'hidden_size': 25, 'num_layers': 2, 'dropout': 0.4100531293444458, 'learning_rate': 0.009401039521485473, 'batch_size': 32}: LSTM.fit: training data has 8 rows, giving only 0 sequence(s) with lookback=8; at least 2 are required (one is always reserved for validation). Reduce lookback or provide more training history.
2026-08-01 15:57:34 | INFO     | co2_forecast |   Iteration 0: Best fitness = 0.996182
2026-08-01 15:57:34 | WARNING  | co2_forecast | Very few sequences (3), LSTM may not train well
2026-08-01 15:57:34 | WARNING  | co2_forecast | Very few sequences (7), LSTM may not train well
2026-08-01 15:57:35 | WARNING  | co2_forecast | Very few sequences (3), LSTM may not train well
2026-08-01 15:57:35 | WARNING  | co2_forecast | Very few sequences (3), LSTM may not train well
2026-08-01 15:57:35 | WARNING  | co2_forecast | Very few sequences (2), LSTM may not train well
2026-08-01 15:57:35 | WARNING  | co2_forecast | Very few sequences (6), LSTM may not train well
2026-08-01 15:57:36 | WARNING  | co2_forecast | Very few sequences (2), LSTM may not train well
2026-08-01 15:57:36 | WARNING  | co2_forecast | Very few sequences (2), LSTM may not train well
2026-08-01 15:57:36 | WARNING  | co2_forecast | Model training failed with params {'lookback': 8, 'hidden_size': 44, 'num_layers': 1, 'dropout': 0.3238975389966341, 'learning_rate': 0.005520634690128072, 'batch_size': 8}: LSTM.fit: training data has 8 rows, giving only 0 sequence(s) with lookback=8; at least 2 are required (one is always reserved for validation). Reduce lookback or provide more training history.
2026-08-01 15:57:36 | WARNING  | co2_forecast | Very few sequences (3), LSTM may not train well
2026-08-01 15:57:36 | WARNING  | co2_forecast | Very few sequences (7), LSTM may not train well
2026-08-01 15:57:36 | WARNING  | co2_forecast | Very few sequences (3), LSTM may not train well
2026-08-01 15:57:36 | WARNING  | co2_forecast | Very few sequences (3), LSTM may not train well
2026-08-01 15:57:37 | WARNING  | co2_forecast | Very few sequences (2), LSTM may not train well
2026-08-01 15:57:37 | WARNING  | co2_forecast | Very few sequences (6), LSTM may not train well
2026-08-01 15:57:37 | WARNING  | co2_forecast | Very few sequences (2), LSTM may not train well
2026-08-01 15:57:38 | WARNING  | co2_forecast | Very few sequences (2), LSTM may not train well
2026-08-01 15:57:38 | WARNING  | co2_forecast | Very few sequences (4), LSTM may not train well
2026-08-01 15:57:38 | WARNING  | co2_forecast | Very few sequences (8), LSTM may not train well
2026-08-01 15:57:39 | WARNING  | co2_forecast | Very few sequences (4), LSTM may not train well
2026-08-01 15:57:39 | WARNING  | co2_forecast | Very few sequences (4), LSTM may not train well
2026-08-01 15:57:39 | WARNING  | co2_forecast | Very few sequences (4), LSTM may not train well
2026-08-01 15:57:39 | WARNING  | co2_forecast | Very few sequences (8), LSTM may not train well
2026-08-01 15:57:40 | WARNING  | co2_forecast | Very few sequences (4), LSTM may not train well
2026-08-01 15:57:40 | WARNING  | co2_forecast | Very few sequences (4), LSTM may not train well
2026-08-01 15:57:40 | WARNING  | co2_forecast | Model training failed with params {'lookback': 7, 'hidden_size': 33, 'num_layers': 1, 'dropout': 0.3174646446740698, 'learning_rate': 0.004142028037008457, 'batch_size': 16}: LSTM.fit: training data has 8 rows, giving only 1 sequence(s) with lookback=7; at least 2 are required (one is always reserved for validation). Reduce lookback or provide more training history.
2026-08-01 15:57:40 | WARNING  | co2_forecast | Very few sequences (3), LSTM may not train well
2026-08-01 15:57:40 | WARNING  | co2_forecast | Very few sequences (7), LSTM may not train well
2026-08-01 15:57:40 | WARNING  | co2_forecast | Very few sequences (3), LSTM may not train well
2026-08-01 15:57:41 | WARNING  | co2_forecast | Very few sequences (3), LSTM may not train well
2026-08-01 15:57:41 | WARNING  | co2_forecast | Very few sequences (4), LSTM may not train well
2026-08-01 15:57:41 | WARNING  | co2_forecast | Very few sequences (8), LSTM may not train well
2026-08-01 15:57:42 | WARNING  | co2_forecast | Very few sequences (4), LSTM may not train well
2026-08-01 15:57:42 | WARNING  | co2_forecast | Very few sequences (4), LSTM may not train well
2026-08-01 15:57:42 | WARNING  | co2_forecast | Very few sequences (4), LSTM may not train well
2026-08-01 15:57:42 | WARNING  | co2_forecast | Very few sequences (8), LSTM may not train well
2026-08-01 15:57:43 | WARNING  | co2_forecast | Very few sequences (4), LSTM may not train well
2026-08-01 15:57:43 | WARNING  | co2_forecast | Very few sequences (4), LSTM may not train well
2026-08-01 15:57:43 | WARNING  | co2_forecast | Very few sequences (4), LSTM may not train well
2026-08-01 15:57:43 | WARNING  | co2_forecast | Very few sequences (8), LSTM may not train well
2026-08-01 15:57:43 | WARNING  | co2_forecast | Very few sequences (4), LSTM may not train well
2026-08-01 15:57:43 | WARNING  | co2_forecast | Very few sequences (4), LSTM may not train well
2026-08-01 15:57:44 | WARNING  | co2_forecast | Very few sequences (2), LSTM may not train well
2026-08-01 15:57:44 | WARNING  | co2_forecast | Very few sequences (6), LSTM may not train well
2026-08-01 15:57:44 | WARNING  | co2_forecast | Very few sequences (2), LSTM may not train well
2026-08-01 15:57:44 | WARNING  | co2_forecast | Very few sequences (2), LSTM may not train well
2026-08-01 15:57:44 | WARNING  | co2_forecast | Very few sequences (4), LSTM may not train well
2026-08-01 15:57:44 | WARNING  | co2_forecast | Very few sequences (8), LSTM may not train well
2026-08-01 15:57:44 | WARNING  | co2_forecast | Very few sequences (4), LSTM may not train well
2026-08-01 15:57:45 | WARNING  | co2_forecast | Very few sequences (4), LSTM may not train well
2026-08-01 15:57:45 | WARNING  | co2_forecast | Very few sequences (4), LSTM may not train well
2026-08-01 15:57:45 | WARNING  | co2_forecast | Very few sequences (8), LSTM may not train well
2026-08-01 15:57:45 | WARNING  | co2_forecast | Very few sequences (4), LSTM may not train well
2026-08-01 15:57:45 | WARNING  | co2_forecast | Very few sequences (4), LSTM may not train well
2026-08-01 15:57:45 | WARNING  | co2_forecast | Very few sequences (4), LSTM may not train well
2026-08-01 15:57:45 | WARNING  | co2_forecast | Very few sequences (8), LSTM may not train well
2026-08-01 15:57:46 | WARNING  | co2_forecast | Very few sequences (4), LSTM may not train well
2026-08-01 15:57:46 | WARNING  | co2_forecast | Very few sequences (4), LSTM may not train well
2026-08-01 15:57:46 | WARNING  | co2_forecast | Very few sequences (4), LSTM may not train well
2026-08-01 15:57:46 | WARNING  | co2_forecast | Very few sequences (8), LSTM may not train well
2026-08-01 15:57:47 | WARNING  | co2_forecast | Very few sequences (4), LSTM may not train well
2026-08-01 15:57:47 | WARNING  | co2_forecast | Very few sequences (4), LSTM may not train well
2026-08-01 15:57:47 | WARNING  | co2_forecast | Very few sequences (3), LSTM may not train well
2026-08-01 15:57:47 | WARNING  | co2_forecast | Very few sequences (7), LSTM may not train well
2026-08-01 15:57:47 | WARNING  | co2_forecast | Very few sequences (3), LSTM may not train well
2026-08-01 15:57:48 | WARNING  | co2_forecast | Very few sequences (3), LSTM may not train well
2026-08-01 15:57:48 | WARNING  | co2_forecast | Very few sequences (4), LSTM may not train well
2026-08-01 15:57:48 | WARNING  | co2_forecast | Very few sequences (8), LSTM may not train well
2026-08-01 15:57:48 | WARNING  | co2_forecast | Very few sequences (4), LSTM may not train well
2026-08-01 15:57:48 | WARNING  | co2_forecast | Very few sequences (4), LSTM may not train well
2026-08-01 15:57:49 | WARNING  | co2_forecast | Very few sequences (4), LSTM may not train well
2026-08-01 15:57:49 | WARNING  | co2_forecast | Very few sequences (8), LSTM may not train well
2026-08-01 15:57:49 | WARNING  | co2_forecast | Very few sequences (4), LSTM may not train well
2026-08-01 15:57:49 | WARNING  | co2_forecast | Very few sequences (4), LSTM may not train well
2026-08-01 15:57:49 | WARNING  | co2_forecast | Very few sequences (4), LSTM may not train well
2026-08-01 15:57:49 | WARNING  | co2_forecast | Very few sequences (8), LSTM may not train well
2026-08-01 15:57:50 | WARNING  | co2_forecast | Very few sequences (4), LSTM may not train well
2026-08-01 15:57:50 | WARNING  | co2_forecast | Very few sequences (4), LSTM may not train well
2026-08-01 15:57:50 | WARNING  | co2_forecast | Very few sequences (4), LSTM may not train well
2026-08-01 15:57:50 | WARNING  | co2_forecast | Very few sequences (8), LSTM may not train well
2026-08-01 15:57:51 | WARNING  | co2_forecast | Very few sequences (4), LSTM may not train well
2026-08-01 15:57:51 | WARNING  | co2_forecast | Very few sequences (4), LSTM may not train well
2026-08-01 15:57:51 | WARNING  | co2_forecast | Very few sequences (4), LSTM may not train well
2026-08-01 15:57:51 | WARNING  | co2_forecast | Very few sequences (8), LSTM may not train well
2026-08-01 15:57:52 | WARNING  | co2_forecast | Very few sequences (4), LSTM may not train well
2026-08-01 15:57:52 | WARNING  | co2_forecast | Very few sequences (4), LSTM may not train well
2026-08-01 15:57:52 | WARNING  | co2_forecast | Very few sequences (4), LSTM may not train well
2026-08-01 15:57:52 | WARNING  | co2_forecast | Very few sequences (8), LSTM may not train well
2026-08-01 15:57:53 | WARNING  | co2_forecast | Very few sequences (4), LSTM may not train well
2026-08-01 15:57:53 | WARNING  | co2_forecast | Very few sequences (4), LSTM may not train well
2026-08-01 15:57:53 | WARNING  | co2_forecast | Very few sequences (4), LSTM may not train well
2026-08-01 15:57:53 | WARNING  | co2_forecast | Very few sequences (8), LSTM may not train well
2026-08-01 15:57:53 | WARNING  | co2_forecast | Very few sequences (4), LSTM may not train well
2026-08-01 15:57:53 | WARNING  | co2_forecast | Very few sequences (4), LSTM may not train well
2026-08-01 15:57:54 | INFO     | co2_forecast |   Iteration 5: Best fitness = 0.762056
2026-08-01 15:57:54 | WARNING  | co2_forecast | Very few sequences (4), LSTM may not train well
2026-08-01 15:57:54 | WARNING  | co2_forecast | Very few sequences (8), LSTM may not train well
2026-08-01 15:57:54 | WARNING  | co2_forecast | Very few sequences (4), LSTM may not train well
2026-08-01 15:57:54 | WARNING  | co2_forecast | Very few sequences (4), LSTM may not train well
2026-08-01 15:57:54 | WARNING  | co2_forecast | Very few sequences (4), LSTM may not train well
2026-08-01 15:57:54 | WARNING  | co2_forecast | Very few sequences (8), LSTM may not train well
2026-08-01 15:57:55 | WARNING  | co2_forecast | Very few sequences (4), LSTM may not train well
2026-08-01 15:57:55 | WARNING  | co2_forecast | Very few sequences (4), LSTM may not train well
2026-08-01 15:57:55 | WARNING  | co2_forecast | Very few sequences (4), LSTM may not train well
2026-08-01 15:57:55 | WARNING  | co2_forecast | Very few sequences (8), LSTM may not train well
2026-08-01 15:57:56 | WARNING  | co2_forecast | Very few sequences (4), LSTM may not train well
2026-08-01 15:57:56 | WARNING  | co2_forecast | Very few sequences (4), LSTM may not train well
2026-08-01 15:57:56 | WARNING  | co2_forecast | Very few sequences (4), LSTM may not train well
2026-08-01 15:57:56 | WARNING  | co2_forecast | Very few sequences (8), LSTM may not train well
2026-08-01 15:57:57 | WARNING  | co2_forecast | Very few sequences (4), LSTM may not train well
2026-08-01 15:57:57 | WARNING  | co2_forecast | Very few sequences (4), LSTM may not train well
2026-08-01 15:57:57 | WARNING  | co2_forecast | Very few sequences (4), LSTM may not train well
2026-08-01 15:57:57 | WARNING  | co2_forecast | Very few sequences (8), LSTM may not train well
2026-08-01 15:57:57 | WARNING  | co2_forecast | Very few sequences (4), LSTM may not train well
2026-08-01 15:57:57 | WARNING  | co2_forecast | Very few sequences (4), LSTM may not train well
2026-08-01 15:57:58 | WARNING  | co2_forecast | Very few sequences (4), LSTM may not train well
2026-08-01 15:57:58 | WARNING  | co2_forecast | Very few sequences (8), LSTM may not train well
2026-08-01 15:57:58 | WARNING  | co2_forecast | Very few sequences (4), LSTM may not train well
2026-08-01 15:57:58 | WARNING  | co2_forecast | Very few sequences (4), LSTM may not train well
2026-08-01 15:57:58 | WARNING  | co2_forecast | Very few sequences (4), LSTM may not train well
2026-08-01 15:57:58 | WARNING  | co2_forecast | Very few sequences (8), LSTM may not train well
2026-08-01 15:57:59 | WARNING  | co2_forecast | Very few sequences (4), LSTM may not train well
2026-08-01 15:57:59 | WARNING  | co2_forecast | Very few sequences (4), LSTM may not train well
2026-08-01 15:57:59 | WARNING  | co2_forecast | Very few sequences (4), LSTM may not train well
2026-08-01 15:57:59 | WARNING  | co2_forecast | Very few sequences (8), LSTM may not train well
2026-08-01 15:58:00 | WARNING  | co2_forecast | Very few sequences (4), LSTM may not train well
2026-08-01 15:58:00 | WARNING  | co2_forecast | Very few sequences (4), LSTM may not train well
2026-08-01 15:58:00 | WARNING  | co2_forecast | Very few sequences (4), LSTM may not train well
2026-08-01 15:58:00 | WARNING  | co2_forecast | Very few sequences (8), LSTM may not train well
2026-08-01 15:58:00 | WARNING  | co2_forecast | Very few sequences (4), LSTM may not train well
2026-08-01 15:58:00 | WARNING  | co2_forecast | Very few sequences (4), LSTM may not train well
2026-08-01 15:58:01 | WARNING  | co2_forecast | Very few sequences (4), LSTM may not train well
2026-08-01 15:58:01 | WARNING  | co2_forecast | Very few sequences (8), LSTM may not train well
2026-08-01 15:58:01 | WARNING  | co2_forecast | Very few sequences (4), LSTM may not train well
2026-08-01 15:58:01 | WARNING  | co2_forecast | Very few sequences (4), LSTM may not train well
2026-08-01 15:58:01 | INFO     | co2_forecast |   Iteration 7: Best fitness = 0.761869
2026-08-01 15:58:01 | INFO     | co2_forecast | PSO complete. Best fitness: 0.761869
2026-08-01 15:58:01 | INFO     | co2_forecast |   Best params: {'lookback': 4, 'hidden_size': 16, 'num_layers': 2, 'dropout': 0.5, 'learning_rate': 0.0001, 'batch_size': 32}
2026-08-01 15:58:01 | INFO     | co2_forecast |   Best fitness: 0.761869
2026-08-01 15:58:01 | INFO     | co2_forecast | [A1/panel2_common_period/all_features/lstm] sweep tuning: best_params={'lookback': 4, 'hidden_size': 16, 'num_layers': 2, 'dropout': 0.5, 'learning_rate': 0.0001, 'batch_size': 32}
2026-08-01 15:58:04 | INFO     | co2_forecast |   -> weighted_mase=1.0201003381189613, runtime=32.1s
2026-08-01 15:58:04 | INFO     | co2_forecast | Stream A cell: A2/ridge (25 features, 28 rows)
2026-08-01 15:58:04 | INFO     | co2_forecast | Creating walk-forward splits for 16 valid samples
2026-08-01 15:58:04 | INFO     | co2_forecast | Created 4 CV folds across horizons [1, 2, 4]
2026-08-01 15:58:04 | INFO     | co2_forecast | Built tuning CV plan: 4 folds from 16 rows before 2022-Q%q (evaluation cutoff) - isolation OK (max tuning date 2021-Q%q)
2026-08-01 15:58:04 | INFO     | co2_forecast | Optimizing ridge...
2026-08-01 15:58:04 | INFO     | co2_forecast | Starting PSO: 5 particles, 8 iterations
2026-08-01 15:58:04 | INFO     | co2_forecast |   Iteration 0: Best fitness = 2.245033
2026-08-01 15:58:04 | INFO     | co2_forecast |   Iteration 5: Best fitness = 1.835999
2026-08-01 15:58:04 | INFO     | co2_forecast |   Iteration 7: Best fitness = 1.835999
2026-08-01 15:58:04 | INFO     | co2_forecast | PSO complete. Best fitness: 1.835999
2026-08-01 15:58:04 | INFO     | co2_forecast |   Best params: {'alpha': 100.0}
2026-08-01 15:58:04 | INFO     | co2_forecast |   Best fitness: 1.835999
2026-08-01 15:58:04 | INFO     | co2_forecast | [A2/panel2_common_period/all_features/ridge] sweep tuning: best_params={'alpha': 100.0}
2026-08-01 15:58:04 | INFO     | co2_forecast |   -> weighted_mase=0.7339160346445478, runtime=0.2s
2026-08-01 15:58:04 | INFO     | co2_forecast | Stream A cell: A2/random_forest (25 features, 28 rows)
2026-08-01 15:58:04 | INFO     | co2_forecast | Creating walk-forward splits for 16 valid samples
2026-08-01 15:58:04 | INFO     | co2_forecast | Created 4 CV folds across horizons [1, 2, 4]
2026-08-01 15:58:04 | INFO     | co2_forecast | Built tuning CV plan: 4 folds from 16 rows before 2022-Q%q (evaluation cutoff) - isolation OK (max tuning date 2021-Q%q)
2026-08-01 15:58:04 | INFO     | co2_forecast | Optimizing random_forest...
2026-08-01 15:58:04 | INFO     | co2_forecast | Starting PSO: 5 particles, 8 iterations
2026-08-01 15:58:08 | INFO     | co2_forecast |   Iteration 0: Best fitness = 0.758083
2026-08-01 15:58:24 | INFO     | co2_forecast |   Iteration 5: Best fitness = 0.329687
2026-08-01 15:58:31 | INFO     | co2_forecast |   Iteration 7: Best fitness = 0.329430
2026-08-01 15:58:31 | INFO     | co2_forecast | PSO complete. Best fitness: 0.329430
2026-08-01 15:58:31 | INFO     | co2_forecast |   Best params: {'n_estimators': 113, 'max_depth': 3, 'min_samples_split': 2, 'min_samples_leaf': 1}
2026-08-01 15:58:31 | INFO     | co2_forecast |   Best fitness: 0.329430
2026-08-01 15:58:31 | INFO     | co2_forecast | [A2/panel2_common_period/all_features/random_forest] sweep tuning: best_params={'n_estimators': 113, 'max_depth': 3, 'min_samples_split': 2, 'min_samples_leaf': 1}
2026-08-01 15:58:32 | INFO     | co2_forecast |   -> weighted_mase=0.7204208117492017, runtime=27.6s
2026-08-01 15:58:32 | INFO     | co2_forecast | Stream A cell: A2/lightgbm (25 features, 28 rows)
2026-08-01 15:58:32 | INFO     | co2_forecast | Creating walk-forward splits for 16 valid samples
2026-08-01 15:58:32 | INFO     | co2_forecast | Created 4 CV folds across horizons [1, 2, 4]
2026-08-01 15:58:32 | INFO     | co2_forecast | Built tuning CV plan: 4 folds from 16 rows before 2022-Q%q (evaluation cutoff) - isolation OK (max tuning date 2021-Q%q)
2026-08-01 15:58:32 | INFO     | co2_forecast | Optimizing lightgbm...
2026-08-01 15:58:32 | INFO     | co2_forecast | Starting PSO: 5 particles, 8 iterations
2026-08-01 15:58:32 | INFO     | co2_forecast |   Iteration 0: Best fitness = 0.768990
2026-08-01 15:58:32 | INFO     | co2_forecast |   Iteration 5: Best fitness = 0.634602
2026-08-01 15:58:33 | INFO     | co2_forecast |   Iteration 7: Best fitness = 0.616799
2026-08-01 15:58:33 | INFO     | co2_forecast | PSO complete. Best fitness: 0.616799
2026-08-01 15:58:33 | INFO     | co2_forecast |   Best params: {'n_estimators': 170, 'learning_rate': 0.2926262038381652, 'num_leaves': 127, 'max_depth': 8, 'min_child_samples': 5, 'reg_alpha': 0.001, 'reg_lambda': 0.001}
2026-08-01 15:58:33 | INFO     | co2_forecast |   Best fitness: 0.616799
2026-08-01 15:58:33 | INFO     | co2_forecast | [A2/panel2_common_period/all_features/lightgbm] sweep tuning: best_params={'n_estimators': 170, 'learning_rate': 0.2926262038381652, 'num_leaves': 127, 'max_depth': 8, 'min_child_samples': 5, 'reg_alpha': 0.001, 'reg_lambda': 0.001}
2026-08-01 15:58:33 | INFO     | co2_forecast |   -> weighted_mase=0.9333299143099474, runtime=0.8s
2026-08-01 15:58:33 | INFO     | co2_forecast | Stream A cell: A2/catboost (25 features, 28 rows)
2026-08-01 15:58:33 | INFO     | co2_forecast | Creating walk-forward splits for 16 valid samples
2026-08-01 15:58:33 | INFO     | co2_forecast | Created 4 CV folds across horizons [1, 2, 4]
2026-08-01 15:58:33 | INFO     | co2_forecast | Built tuning CV plan: 4 folds from 16 rows before 2022-Q%q (evaluation cutoff) - isolation OK (max tuning date 2021-Q%q)
2026-08-01 15:58:33 | INFO     | co2_forecast | Optimizing catboost...
2026-08-01 15:58:33 | INFO     | co2_forecast | Starting PSO: 5 particles, 8 iterations
2026-08-01 15:58:58 | INFO     | co2_forecast |   Iteration 0: Best fitness = 0.271564
2026-08-01 16:01:34 | INFO     | co2_forecast |   Iteration 5: Best fitness = 0.232967
2026-08-01 16:02:46 | INFO     | co2_forecast |   Iteration 7: Best fitness = 0.232967
2026-08-01 16:02:46 | INFO     | co2_forecast | PSO complete. Best fitness: 0.232967
2026-08-01 16:02:46 | INFO     | co2_forecast |   Best params: {'iterations': 286, 'learning_rate': 0.16386561750653766, 'depth': 3, 'l2_leaf_reg': 7.723093260675209}
2026-08-01 16:02:46 | INFO     | co2_forecast |   Best fitness: 0.232967
2026-08-01 16:02:46 | INFO     | co2_forecast | [A2/panel2_common_period/all_features/catboost] sweep tuning: best_params={'iterations': 286, 'learning_rate': 0.16386561750653766, 'depth': 3, 'l2_leaf_reg': 7.723093260675209}
2026-08-01 16:03:00 | INFO     | co2_forecast |   -> weighted_mase=0.7222742293341955, runtime=267.1s
2026-08-01 16:03:00 | INFO     | co2_forecast | Stream A cell: A2/lstm (25 features, 28 rows)
2026-08-01 16:03:00 | INFO     | co2_forecast | Creating walk-forward splits for 16 valid samples
2026-08-01 16:03:00 | INFO     | co2_forecast | Created 4 CV folds across horizons [1, 2, 4]
2026-08-01 16:03:00 | INFO     | co2_forecast | Built tuning CV plan: 4 folds from 16 rows before 2022-Q%q (evaluation cutoff) - isolation OK (max tuning date 2021-Q%q)
2026-08-01 16:03:00 | INFO     | co2_forecast | Optimizing lstm...
2026-08-01 16:03:00 | INFO     | co2_forecast | Starting PSO: 5 particles, 8 iterations
2026-08-01 16:03:00 | WARNING  | co2_forecast | Model training failed with params {'lookback': 7, 'hidden_size': 62, 'num_layers': 2, 'dropout': 0.3394633936788146, 'learning_rate': 0.0016445845403801217, 'batch_size': 8}: LSTM.fit: training data has 8 rows, giving only 1 sequence(s) with lookback=7; at least 2 are required (one is always reserved for validation). Reduce lookback or provide more training history.
2026-08-01 16:03:00 | WARNING  | co2_forecast | Model training failed with params {'lookback': 11, 'hidden_size': 26, 'num_layers': 1, 'dropout': 0.17336180394137352, 'learning_rate': 0.0031119982052994237, 'batch_size': 16}: LSTM.fit: training data has 8 rows, giving only 0 sequence(s) with lookback=11; at least 2 are required (one is always reserved for validation). Reduce lookback or provide more training history.
2026-08-01 16:03:00 | WARNING  | co2_forecast | Model training failed with params {'lookback': 8, 'hidden_size': 54, 'num_layers': 1, 'dropout': 0.3056937753654446, 'learning_rate': 0.005964904231734221, 'batch_size': 8}: LSTM.fit: training data has 8 rows, giving only 0 sequence(s) with lookback=8; at least 2 are required (one is always reserved for validation). Reduce lookback or provide more training history.
2026-08-01 16:03:00 | WARNING  | co2_forecast | Very few sequences (2), LSTM may not train well
2026-08-01 16:03:00 | WARNING  | co2_forecast | Very few sequences (6), LSTM may not train well
2026-08-01 16:03:00 | WARNING  | co2_forecast | Very few sequences (2), LSTM may not train well
2026-08-01 16:03:00 | WARNING  | co2_forecast | Very few sequences (2), LSTM may not train well
2026-08-01 16:03:01 | WARNING  | co2_forecast | Model training failed with params {'lookback': 8, 'hidden_size': 25, 'num_layers': 2, 'dropout': 0.4100531293444458, 'learning_rate': 0.009401039521485473, 'batch_size': 32}: LSTM.fit: training data has 8 rows, giving only 0 sequence(s) with lookback=8; at least 2 are required (one is always reserved for validation). Reduce lookback or provide more training history.
2026-08-01 16:03:01 | INFO     | co2_forecast |   Iteration 0: Best fitness = 0.981357
2026-08-01 16:03:01 | WARNING  | co2_forecast | Very few sequences (3), LSTM may not train well
2026-08-01 16:03:01 | WARNING  | co2_forecast | Very few sequences (7), LSTM may not train well
2026-08-01 16:03:01 | WARNING  | co2_forecast | Very few sequences (3), LSTM may not train well
2026-08-01 16:03:02 | WARNING  | co2_forecast | Very few sequences (3), LSTM may not train well
2026-08-01 16:03:02 | WARNING  | co2_forecast | Very few sequences (2), LSTM may not train well
2026-08-01 16:03:02 | WARNING  | co2_forecast | Very few sequences (6), LSTM may not train well
2026-08-01 16:03:03 | WARNING  | co2_forecast | Very few sequences (2), LSTM may not train well
2026-08-01 16:03:03 | WARNING  | co2_forecast | Very few sequences (2), LSTM may not train well
2026-08-01 16:03:03 | WARNING  | co2_forecast | Model training failed with params {'lookback': 8, 'hidden_size': 44, 'num_layers': 1, 'dropout': 0.3238975389966341, 'learning_rate': 0.005520634690128072, 'batch_size': 8}: LSTM.fit: training data has 8 rows, giving only 0 sequence(s) with lookback=8; at least 2 are required (one is always reserved for validation). Reduce lookback or provide more training history.
2026-08-01 16:03:03 | WARNING  | co2_forecast | Very few sequences (3), LSTM may not train well
2026-08-01 16:03:03 | WARNING  | co2_forecast | Very few sequences (7), LSTM may not train well
2026-08-01 16:03:03 | WARNING  | co2_forecast | Very few sequences (3), LSTM may not train well
2026-08-01 16:03:03 | WARNING  | co2_forecast | Very few sequences (3), LSTM may not train well
2026-08-01 16:03:04 | WARNING  | co2_forecast | Very few sequences (2), LSTM may not train well
2026-08-01 16:03:04 | WARNING  | co2_forecast | Very few sequences (6), LSTM may not train well
2026-08-01 16:03:04 | WARNING  | co2_forecast | Very few sequences (2), LSTM may not train well
2026-08-01 16:03:05 | WARNING  | co2_forecast | Very few sequences (2), LSTM may not train well
2026-08-01 16:03:06 | WARNING  | co2_forecast | Very few sequences (4), LSTM may not train well
2026-08-01 16:03:06 | WARNING  | co2_forecast | Very few sequences (8), LSTM may not train well
2026-08-01 16:03:07 | WARNING  | co2_forecast | Very few sequences (4), LSTM may not train well
2026-08-01 16:03:07 | WARNING  | co2_forecast | Very few sequences (4), LSTM may not train well
2026-08-01 16:03:07 | WARNING  | co2_forecast | Very few sequences (4), LSTM may not train well
2026-08-01 16:03:07 | WARNING  | co2_forecast | Very few sequences (8), LSTM may not train well
2026-08-01 16:03:08 | WARNING  | co2_forecast | Very few sequences (4), LSTM may not train well
2026-08-01 16:03:09 | WARNING  | co2_forecast | Very few sequences (4), LSTM may not train well
2026-08-01 16:03:09 | WARNING  | co2_forecast | Model training failed with params {'lookback': 7, 'hidden_size': 35, 'num_layers': 1, 'dropout': 0.32318881720160564, 'learning_rate': 0.004269982802289501, 'batch_size': 8}: LSTM.fit: training data has 8 rows, giving only 1 sequence(s) with lookback=7; at least 2 are required (one is always reserved for validation). Reduce lookback or provide more training history.
2026-08-01 16:03:09 | WARNING  | co2_forecast | Very few sequences (3), LSTM may not train well
2026-08-01 16:03:09 | WARNING  | co2_forecast | Very few sequences (7), LSTM may not train well
2026-08-01 16:03:10 | WARNING  | co2_forecast | Very few sequences (3), LSTM may not train well
2026-08-01 16:03:10 | WARNING  | co2_forecast | Very few sequences (3), LSTM may not train well
2026-08-01 16:03:10 | WARNING  | co2_forecast | Very few sequences (4), LSTM may not train well
2026-08-01 16:03:10 | WARNING  | co2_forecast | Very few sequences (8), LSTM may not train well
2026-08-01 16:03:11 | WARNING  | co2_forecast | Very few sequences (4), LSTM may not train well
2026-08-01 16:03:12 | WARNING  | co2_forecast | Very few sequences (4), LSTM may not train well
2026-08-01 16:03:12 | WARNING  | co2_forecast | Very few sequences (3), LSTM may not train well
2026-08-01 16:03:12 | WARNING  | co2_forecast | Very few sequences (7), LSTM may not train well
2026-08-01 16:03:12 | WARNING  | co2_forecast | Very few sequences (3), LSTM may not train well
2026-08-01 16:03:13 | WARNING  | co2_forecast | Very few sequences (3), LSTM may not train well
2026-08-01 16:03:13 | WARNING  | co2_forecast | Very few sequences (4), LSTM may not train well
2026-08-01 16:03:13 | WARNING  | co2_forecast | Very few sequences (8), LSTM may not train well
2026-08-01 16:03:13 | WARNING  | co2_forecast | Very few sequences (4), LSTM may not train well
2026-08-01 16:03:14 | WARNING  | co2_forecast | Very few sequences (4), LSTM may not train well
2026-08-01 16:03:14 | WARNING  | co2_forecast | Very few sequences (2), LSTM may not train well
2026-08-01 16:03:14 | WARNING  | co2_forecast | Very few sequences (6), LSTM may not train well
2026-08-01 16:03:15 | WARNING  | co2_forecast | Very few sequences (2), LSTM may not train well
2026-08-01 16:03:15 | WARNING  | co2_forecast | Very few sequences (2), LSTM may not train well
2026-08-01 16:03:15 | WARNING  | co2_forecast | Very few sequences (3), LSTM may not train well
2026-08-01 16:03:15 | WARNING  | co2_forecast | Very few sequences (7), LSTM may not train well
2026-08-01 16:03:15 | WARNING  | co2_forecast | Very few sequences (3), LSTM may not train well
2026-08-01 16:03:16 | WARNING  | co2_forecast | Very few sequences (3), LSTM may not train well
2026-08-01 16:03:16 | WARNING  | co2_forecast | Very few sequences (3), LSTM may not train well
2026-08-01 16:03:16 | WARNING  | co2_forecast | Very few sequences (7), LSTM may not train well
2026-08-01 16:03:16 | WARNING  | co2_forecast | Very few sequences (3), LSTM may not train well
2026-08-01 16:03:17 | WARNING  | co2_forecast | Very few sequences (3), LSTM may not train well
2026-08-01 16:03:17 | WARNING  | co2_forecast | Very few sequences (2), LSTM may not train well
2026-08-01 16:03:17 | WARNING  | co2_forecast | Very few sequences (6), LSTM may not train well
2026-08-01 16:03:17 | WARNING  | co2_forecast | Very few sequences (2), LSTM may not train well
2026-08-01 16:03:17 | WARNING  | co2_forecast | Very few sequences (2), LSTM may not train well
2026-08-01 16:03:17 | WARNING  | co2_forecast | Very few sequences (3), LSTM may not train well
2026-08-01 16:03:17 | WARNING  | co2_forecast | Very few sequences (7), LSTM may not train well
2026-08-01 16:03:18 | WARNING  | co2_forecast | Very few sequences (3), LSTM may not train well
2026-08-01 16:03:18 | WARNING  | co2_forecast | Very few sequences (3), LSTM may not train well
2026-08-01 16:03:18 | WARNING  | co2_forecast | Very few sequences (3), LSTM may not train well
2026-08-01 16:03:18 | WARNING  | co2_forecast | Very few sequences (7), LSTM may not train well
2026-08-01 16:03:18 | WARNING  | co2_forecast | Very few sequences (3), LSTM may not train well
2026-08-01 16:03:19 | WARNING  | co2_forecast | Very few sequences (3), LSTM may not train well
2026-08-01 16:03:19 | WARNING  | co2_forecast | Very few sequences (2), LSTM may not train well
2026-08-01 16:03:19 | WARNING  | co2_forecast | Very few sequences (6), LSTM may not train well
2026-08-01 16:03:19 | WARNING  | co2_forecast | Very few sequences (2), LSTM may not train well
2026-08-01 16:03:19 | WARNING  | co2_forecast | Very few sequences (2), LSTM may not train well
2026-08-01 16:03:19 | WARNING  | co2_forecast | Model training failed with params {'lookback': 7, 'hidden_size': 32, 'num_layers': 1, 'dropout': 0.39875520756138, 'learning_rate': 0.0014196851462022668, 'batch_size': 32}: LSTM.fit: training data has 8 rows, giving only 1 sequence(s) with lookback=7; at least 2 are required (one is always reserved for validation). Reduce lookback or provide more training history.
2026-08-01 16:03:19 | WARNING  | co2_forecast | Very few sequences (3), LSTM may not train well
2026-08-01 16:03:20 | WARNING  | co2_forecast | Very few sequences (7), LSTM may not train well
2026-08-01 16:03:20 | WARNING  | co2_forecast | Very few sequences (3), LSTM may not train well
2026-08-01 16:03:20 | WARNING  | co2_forecast | Very few sequences (3), LSTM may not train well
2026-08-01 16:03:20 | WARNING  | co2_forecast | Very few sequences (3), LSTM may not train well
2026-08-01 16:03:20 | WARNING  | co2_forecast | Very few sequences (7), LSTM may not train well
2026-08-01 16:03:21 | WARNING  | co2_forecast | Very few sequences (3), LSTM may not train well
2026-08-01 16:03:21 | WARNING  | co2_forecast | Very few sequences (3), LSTM may not train well
2026-08-01 16:03:21 | WARNING  | co2_forecast | Very few sequences (3), LSTM may not train well
2026-08-01 16:03:21 | WARNING  | co2_forecast | Very few sequences (7), LSTM may not train well
2026-08-01 16:03:21 | WARNING  | co2_forecast | Very few sequences (3), LSTM may not train well
2026-08-01 16:03:22 | WARNING  | co2_forecast | Very few sequences (3), LSTM may not train well
2026-08-01 16:03:22 | WARNING  | co2_forecast | Very few sequences (3), LSTM may not train well
2026-08-01 16:03:22 | WARNING  | co2_forecast | Very few sequences (7), LSTM may not train well
2026-08-01 16:03:22 | WARNING  | co2_forecast | Very few sequences (3), LSTM may not train well
2026-08-01 16:03:22 | WARNING  | co2_forecast | Very few sequences (3), LSTM may not train well
2026-08-01 16:03:23 | WARNING  | co2_forecast | Very few sequences (4), LSTM may not train well
2026-08-01 16:03:23 | WARNING  | co2_forecast | Very few sequences (8), LSTM may not train well
2026-08-01 16:03:23 | WARNING  | co2_forecast | Very few sequences (4), LSTM may not train well
2026-08-01 16:03:24 | WARNING  | co2_forecast | Very few sequences (4), LSTM may not train well
2026-08-01 16:03:24 | INFO     | co2_forecast |   Iteration 5: Best fitness = 0.656131
2026-08-01 16:03:24 | WARNING  | co2_forecast | Very few sequences (3), LSTM may not train well
2026-08-01 16:03:24 | WARNING  | co2_forecast | Very few sequences (7), LSTM may not train well
2026-08-01 16:03:24 | WARNING  | co2_forecast | Very few sequences (3), LSTM may not train well
2026-08-01 16:03:24 | WARNING  | co2_forecast | Very few sequences (3), LSTM may not train well
2026-08-01 16:03:24 | WARNING  | co2_forecast | Very few sequences (3), LSTM may not train well
2026-08-01 16:03:24 | WARNING  | co2_forecast | Very few sequences (7), LSTM may not train well
2026-08-01 16:03:25 | WARNING  | co2_forecast | Very few sequences (3), LSTM may not train well
2026-08-01 16:03:25 | WARNING  | co2_forecast | Very few sequences (3), LSTM may not train well
2026-08-01 16:03:25 | WARNING  | co2_forecast | Very few sequences (3), LSTM may not train well
2026-08-01 16:03:25 | WARNING  | co2_forecast | Very few sequences (7), LSTM may not train well
2026-08-01 16:03:25 | WARNING  | co2_forecast | Very few sequences (3), LSTM may not train well
2026-08-01 16:03:26 | WARNING  | co2_forecast | Very few sequences (3), LSTM may not train well
2026-08-01 16:03:26 | WARNING  | co2_forecast | Very few sequences (3), LSTM may not train well
2026-08-01 16:03:26 | WARNING  | co2_forecast | Very few sequences (7), LSTM may not train well
2026-08-01 16:03:26 | WARNING  | co2_forecast | Very few sequences (3), LSTM may not train well
2026-08-01 16:03:26 | WARNING  | co2_forecast | Very few sequences (3), LSTM may not train well
2026-08-01 16:03:26 | WARNING  | co2_forecast | Very few sequences (4), LSTM may not train well
2026-08-01 16:03:26 | WARNING  | co2_forecast | Very few sequences (8), LSTM may not train well
2026-08-01 16:03:27 | WARNING  | co2_forecast | Very few sequences (4), LSTM may not train well
2026-08-01 16:03:27 | WARNING  | co2_forecast | Very few sequences (4), LSTM may not train well
2026-08-01 16:03:27 | WARNING  | co2_forecast | Very few sequences (3), LSTM may not train well
2026-08-01 16:03:27 | WARNING  | co2_forecast | Very few sequences (7), LSTM may not train well
2026-08-01 16:03:27 | WARNING  | co2_forecast | Very few sequences (3), LSTM may not train well
2026-08-01 16:03:27 | WARNING  | co2_forecast | Very few sequences (3), LSTM may not train well
2026-08-01 16:03:27 | WARNING  | co2_forecast | Very few sequences (3), LSTM may not train well
2026-08-01 16:03:27 | WARNING  | co2_forecast | Very few sequences (7), LSTM may not train well
2026-08-01 16:03:28 | WARNING  | co2_forecast | Very few sequences (3), LSTM may not train well
2026-08-01 16:03:28 | WARNING  | co2_forecast | Very few sequences (3), LSTM may not train well
2026-08-01 16:03:28 | WARNING  | co2_forecast | Very few sequences (3), LSTM may not train well
2026-08-01 16:03:28 | WARNING  | co2_forecast | Very few sequences (7), LSTM may not train well
2026-08-01 16:03:28 | WARNING  | co2_forecast | Very few sequences (3), LSTM may not train well
2026-08-01 16:03:29 | WARNING  | co2_forecast | Very few sequences (3), LSTM may not train well
2026-08-01 16:03:29 | WARNING  | co2_forecast | Very few sequences (3), LSTM may not train well
2026-08-01 16:03:29 | WARNING  | co2_forecast | Very few sequences (7), LSTM may not train well
2026-08-01 16:03:29 | WARNING  | co2_forecast | Very few sequences (3), LSTM may not train well
2026-08-01 16:03:29 | WARNING  | co2_forecast | Very few sequences (3), LSTM may not train well
2026-08-01 16:03:29 | WARNING  | co2_forecast | Very few sequences (2), LSTM may not train well
2026-08-01 16:03:29 | WARNING  | co2_forecast | Very few sequences (6), LSTM may not train well
2026-08-01 16:03:30 | WARNING  | co2_forecast | Very few sequences (2), LSTM may not train well
2026-08-01 16:03:30 | WARNING  | co2_forecast | Very few sequences (2), LSTM may not train well
2026-08-01 16:03:30 | INFO     | co2_forecast |   Iteration 7: Best fitness = 0.645941
2026-08-01 16:03:30 | INFO     | co2_forecast | PSO complete. Best fitness: 0.645941
2026-08-01 16:03:30 | INFO     | co2_forecast |   Best params: {'lookback': 5, 'hidden_size': 38, 'num_layers': 1, 'dropout': 0.26870311034493505, 'learning_rate': 0.004350582693632429, 'batch_size': 16}
2026-08-01 16:03:30 | INFO     | co2_forecast |   Best fitness: 0.645941
2026-08-01 16:03:30 | INFO     | co2_forecast | [A2/panel2_common_period/all_features/lstm] sweep tuning: best_params={'lookback': 5, 'hidden_size': 38, 'num_layers': 1, 'dropout': 0.26870311034493505, 'learning_rate': 0.004350582693632429, 'batch_size': 16}
2026-08-01 16:03:31 | INFO     | co2_forecast |   -> weighted_mase=0.7103405382870454, runtime=31.4s
2026-08-01 16:03:31 | INFO     | co2_forecast | Stream A cell: A3/ridge (23 features, 28 rows)
2026-08-01 16:03:31 | INFO     | co2_forecast | Creating walk-forward splits for 16 valid samples
2026-08-01 16:03:31 | INFO     | co2_forecast | Created 4 CV folds across horizons [1, 2, 4]
2026-08-01 16:03:31 | INFO     | co2_forecast | Built tuning CV plan: 4 folds from 16 rows before 2022-Q%q (evaluation cutoff) - isolation OK (max tuning date 2021-Q%q)
2026-08-01 16:03:31 | INFO     | co2_forecast | Optimizing ridge...
2026-08-01 16:03:31 | INFO     | co2_forecast | Starting PSO: 5 particles, 8 iterations
2026-08-01 16:03:31 | INFO     | co2_forecast |   Iteration 0: Best fitness = 2.249382
2026-08-01 16:03:31 | INFO     | co2_forecast |   Iteration 5: Best fitness = 1.845967
2026-08-01 16:03:31 | INFO     | co2_forecast |   Iteration 7: Best fitness = 1.845967
2026-08-01 16:03:31 | INFO     | co2_forecast | PSO complete. Best fitness: 1.845967
2026-08-01 16:03:31 | INFO     | co2_forecast |   Best params: {'alpha': 100.0}
2026-08-01 16:03:31 | INFO     | co2_forecast |   Best fitness: 1.845967
2026-08-01 16:03:31 | INFO     | co2_forecast | [A3/panel2_common_period/all_features/ridge] sweep tuning: best_params={'alpha': 100.0}
2026-08-01 16:03:31 | INFO     | co2_forecast |   -> weighted_mase=0.8393501161305349, runtime=0.2s
2026-08-01 16:03:31 | INFO     | co2_forecast | Stream A cell: A3/random_forest (23 features, 28 rows)
2026-08-01 16:03:31 | INFO     | co2_forecast | Creating walk-forward splits for 16 valid samples
2026-08-01 16:03:31 | INFO     | co2_forecast | Created 4 CV folds across horizons [1, 2, 4]
2026-08-01 16:03:31 | INFO     | co2_forecast | Built tuning CV plan: 4 folds from 16 rows before 2022-Q%q (evaluation cutoff) - isolation OK (max tuning date 2021-Q%q)
2026-08-01 16:03:31 | INFO     | co2_forecast | Optimizing random_forest...
2026-08-01 16:03:31 | INFO     | co2_forecast | Starting PSO: 5 particles, 8 iterations
2026-08-01 16:03:35 | INFO     | co2_forecast |   Iteration 0: Best fitness = 0.748939
2026-08-01 16:03:52 | INFO     | co2_forecast |   Iteration 5: Best fitness = 0.428045
2026-08-01 16:03:58 | INFO     | co2_forecast |   Iteration 7: Best fitness = 0.422919
2026-08-01 16:03:58 | INFO     | co2_forecast | PSO complete. Best fitness: 0.422919
2026-08-01 16:03:58 | INFO     | co2_forecast |   Best params: {'n_estimators': 122, 'max_depth': 3, 'min_samples_split': 2, 'min_samples_leaf': 1}
2026-08-01 16:03:58 | INFO     | co2_forecast |   Best fitness: 0.422919
2026-08-01 16:03:58 | INFO     | co2_forecast | [A3/panel2_common_period/all_features/random_forest] sweep tuning: best_params={'n_estimators': 122, 'max_depth': 3, 'min_samples_split': 2, 'min_samples_leaf': 1}
2026-08-01 16:03:59 | INFO     | co2_forecast |   -> weighted_mase=0.6833291103349668, runtime=27.5s
2026-08-01 16:03:59 | INFO     | co2_forecast | Stream A cell: A3/lightgbm (23 features, 28 rows)
2026-08-01 16:03:59 | INFO     | co2_forecast | Creating walk-forward splits for 16 valid samples
2026-08-01 16:03:59 | INFO     | co2_forecast | Created 4 CV folds across horizons [1, 2, 4]
2026-08-01 16:03:59 | INFO     | co2_forecast | Built tuning CV plan: 4 folds from 16 rows before 2022-Q%q (evaluation cutoff) - isolation OK (max tuning date 2021-Q%q)
2026-08-01 16:03:59 | INFO     | co2_forecast | Optimizing lightgbm...
2026-08-01 16:03:59 | INFO     | co2_forecast | Starting PSO: 5 particles, 8 iterations
2026-08-01 16:03:59 | INFO     | co2_forecast |   Iteration 0: Best fitness = 0.768990
2026-08-01 16:03:59 | INFO     | co2_forecast |   Iteration 5: Best fitness = 0.611536
2026-08-01 16:04:00 | INFO     | co2_forecast |   Iteration 7: Best fitness = 0.611536
2026-08-01 16:04:00 | INFO     | co2_forecast | PSO complete. Best fitness: 0.611536
2026-08-01 16:04:00 | INFO     | co2_forecast |   Best params: {'n_estimators': 164, 'learning_rate': 0.3, 'num_leaves': 127, 'max_depth': 10, 'min_child_samples': 6, 'reg_alpha': 0.001, 'reg_lambda': 0.001}
2026-08-01 16:04:00 | INFO     | co2_forecast |   Best fitness: 0.611536
2026-08-01 16:04:00 | INFO     | co2_forecast | [A3/panel2_common_period/all_features/lightgbm] sweep tuning: best_params={'n_estimators': 164, 'learning_rate': 0.3, 'num_leaves': 127, 'max_depth': 10, 'min_child_samples': 6, 'reg_alpha': 0.001, 'reg_lambda': 0.001}
2026-08-01 16:04:00 | INFO     | co2_forecast |   -> weighted_mase=0.4541120170628795, runtime=1.0s
2026-08-01 16:04:00 | INFO     | co2_forecast | Stream A cell: A3/catboost (23 features, 28 rows)
2026-08-01 16:04:00 | INFO     | co2_forecast | Creating walk-forward splits for 16 valid samples
2026-08-01 16:04:00 | INFO     | co2_forecast | Created 4 CV folds across horizons [1, 2, 4]
2026-08-01 16:04:00 | INFO     | co2_forecast | Built tuning CV plan: 4 folds from 16 rows before 2022-Q%q (evaluation cutoff) - isolation OK (max tuning date 2021-Q%q)
2026-08-01 16:04:00 | INFO     | co2_forecast | Optimizing catboost...
2026-08-01 16:04:00 | INFO     | co2_forecast | Starting PSO: 5 particles, 8 iterations
2026-08-01 16:04:28 | INFO     | co2_forecast |   Iteration 0: Best fitness = 0.370189
2026-08-01 16:07:22 | INFO     | co2_forecast |   Iteration 5: Best fitness = 0.361260
2026-08-01 16:08:31 | INFO     | co2_forecast |   Iteration 7: Best fitness = 0.361260
2026-08-01 16:08:31 | INFO     | co2_forecast | PSO complete. Best fitness: 0.361260
2026-08-01 16:08:31 | INFO     | co2_forecast |   Best params: {'iterations': 269, 'learning_rate': 0.23138959162300096, 'depth': 3, 'l2_leaf_reg': 10.0}
2026-08-01 16:08:31 | INFO     | co2_forecast |   Best fitness: 0.361260
2026-08-01 16:08:31 | INFO     | co2_forecast | [A3/panel2_common_period/all_features/catboost] sweep tuning: best_params={'iterations': 269, 'learning_rate': 0.23138959162300096, 'depth': 3, 'l2_leaf_reg': 10.0}
2026-08-01 16:08:43 | INFO     | co2_forecast |   -> weighted_mase=0.6228073310154414, runtime=283.5s
2026-08-01 16:08:43 | INFO     | co2_forecast | Stream A cell: A3/lstm (23 features, 28 rows)
2026-08-01 16:08:43 | INFO     | co2_forecast | Creating walk-forward splits for 16 valid samples
2026-08-01 16:08:43 | INFO     | co2_forecast | Created 4 CV folds across horizons [1, 2, 4]
2026-08-01 16:08:43 | INFO     | co2_forecast | Built tuning CV plan: 4 folds from 16 rows before 2022-Q%q (evaluation cutoff) - isolation OK (max tuning date 2021-Q%q)
2026-08-01 16:08:43 | INFO     | co2_forecast | Optimizing lstm...
2026-08-01 16:08:43 | INFO     | co2_forecast | Starting PSO: 5 particles, 8 iterations
2026-08-01 16:08:43 | WARNING  | co2_forecast | Model training failed with params {'lookback': 7, 'hidden_size': 62, 'num_layers': 2, 'dropout': 0.3394633936788146, 'learning_rate': 0.0016445845403801217, 'batch_size': 8}: LSTM.fit: training data has 8 rows, giving only 1 sequence(s) with lookback=7; at least 2 are required (one is always reserved for validation). Reduce lookback or provide more training history.
2026-08-01 16:08:43 | WARNING  | co2_forecast | Model training failed with params {'lookback': 11, 'hidden_size': 26, 'num_layers': 1, 'dropout': 0.17336180394137352, 'learning_rate': 0.0031119982052994237, 'batch_size': 16}: LSTM.fit: training data has 8 rows, giving only 0 sequence(s) with lookback=11; at least 2 are required (one is always reserved for validation). Reduce lookback or provide more training history.
2026-08-01 16:08:43 | WARNING  | co2_forecast | Model training failed with params {'lookback': 8, 'hidden_size': 54, 'num_layers': 1, 'dropout': 0.3056937753654446, 'learning_rate': 0.005964904231734221, 'batch_size': 8}: LSTM.fit: training data has 8 rows, giving only 0 sequence(s) with lookback=8; at least 2 are required (one is always reserved for validation). Reduce lookback or provide more training history.
2026-08-01 16:08:43 | WARNING  | co2_forecast | Very few sequences (2), LSTM may not train well
2026-08-01 16:08:43 | WARNING  | co2_forecast | Very few sequences (6), LSTM may not train well
2026-08-01 16:08:44 | WARNING  | co2_forecast | Very few sequences (2), LSTM may not train well
2026-08-01 16:08:44 | WARNING  | co2_forecast | Very few sequences (2), LSTM may not train well
2026-08-01 16:08:44 | WARNING  | co2_forecast | Model training failed with params {'lookback': 8, 'hidden_size': 25, 'num_layers': 2, 'dropout': 0.4100531293444458, 'learning_rate': 0.009401039521485473, 'batch_size': 32}: LSTM.fit: training data has 8 rows, giving only 0 sequence(s) with lookback=8; at least 2 are required (one is always reserved for validation). Reduce lookback or provide more training history.
2026-08-01 16:08:44 | INFO     | co2_forecast |   Iteration 0: Best fitness = 1.188176
2026-08-01 16:08:44 | WARNING  | co2_forecast | Very few sequences (3), LSTM may not train well
2026-08-01 16:08:44 | WARNING  | co2_forecast | Very few sequences (7), LSTM may not train well
2026-08-01 16:08:45 | WARNING  | co2_forecast | Very few sequences (3), LSTM may not train well
2026-08-01 16:08:45 | WARNING  | co2_forecast | Very few sequences (3), LSTM may not train well
2026-08-01 16:08:45 | WARNING  | co2_forecast | Very few sequences (2), LSTM may not train well
2026-08-01 16:08:45 | WARNING  | co2_forecast | Very few sequences (6), LSTM may not train well
2026-08-01 16:08:46 | WARNING  | co2_forecast | Very few sequences (2), LSTM may not train well
2026-08-01 16:08:46 | WARNING  | co2_forecast | Very few sequences (2), LSTM may not train well
2026-08-01 16:08:46 | WARNING  | co2_forecast | Model training failed with params {'lookback': 8, 'hidden_size': 44, 'num_layers': 1, 'dropout': 0.3238975389966341, 'learning_rate': 0.005520634690128072, 'batch_size': 8}: LSTM.fit: training data has 8 rows, giving only 0 sequence(s) with lookback=8; at least 2 are required (one is always reserved for validation). Reduce lookback or provide more training history.
2026-08-01 16:08:46 | WARNING  | co2_forecast | Very few sequences (3), LSTM may not train well
2026-08-01 16:08:46 | WARNING  | co2_forecast | Very few sequences (7), LSTM may not train well
2026-08-01 16:08:47 | WARNING  | co2_forecast | Very few sequences (3), LSTM may not train well
2026-08-01 16:08:47 | WARNING  | co2_forecast | Very few sequences (3), LSTM may not train well
2026-08-01 16:08:47 | WARNING  | co2_forecast | Very few sequences (2), LSTM may not train well
2026-08-01 16:08:47 | WARNING  | co2_forecast | Very few sequences (6), LSTM may not train well
2026-08-01 16:08:48 | WARNING  | co2_forecast | Very few sequences (2), LSTM may not train well
2026-08-01 16:08:48 | WARNING  | co2_forecast | Very few sequences (2), LSTM may not train well
2026-08-01 16:08:49 | WARNING  | co2_forecast | Very few sequences (3), LSTM may not train well
2026-08-01 16:08:49 | WARNING  | co2_forecast | Very few sequences (7), LSTM may not train well
2026-08-01 16:08:50 | WARNING  | co2_forecast | Very few sequences (3), LSTM may not train well
2026-08-01 16:08:51 | WARNING  | co2_forecast | Very few sequences (3), LSTM may not train well
2026-08-01 16:08:51 | WARNING  | co2_forecast | Very few sequences (4), LSTM may not train well
2026-08-01 16:08:51 | WARNING  | co2_forecast | Very few sequences (8), LSTM may not train well
2026-08-01 16:08:52 | WARNING  | co2_forecast | Very few sequences (4), LSTM may not train well
2026-08-01 16:08:52 | WARNING  | co2_forecast | Very few sequences (4), LSTM may not train well
2026-08-01 16:08:52 | WARNING  | co2_forecast | Model training failed with params {'lookback': 7, 'hidden_size': 35, 'num_layers': 1, 'dropout': 0.31512819649180424, 'learning_rate': 0.004065945490368326, 'batch_size': 8}: LSTM.fit: training data has 8 rows, giving only 1 sequence(s) with lookback=7; at least 2 are required (one is always reserved for validation). Reduce lookback or provide more training history.
2026-08-01 16:08:52 | WARNING  | co2_forecast | Very few sequences (2), LSTM may not train well
2026-08-01 16:08:52 | WARNING  | co2_forecast | Very few sequences (6), LSTM may not train well
2026-08-01 16:08:53 | WARNING  | co2_forecast | Very few sequences (2), LSTM may not train well
2026-08-01 16:08:54 | WARNING  | co2_forecast | Very few sequences (2), LSTM may not train well
2026-08-01 16:08:55 | WARNING  | co2_forecast | Very few sequences (3), LSTM may not train well
2026-08-01 16:08:55 | WARNING  | co2_forecast | Very few sequences (7), LSTM may not train well
2026-08-01 16:08:55 | WARNING  | co2_forecast | Very few sequences (3), LSTM may not train well
2026-08-01 16:08:56 | WARNING  | co2_forecast | Very few sequences (3), LSTM may not train well
2026-08-01 16:08:56 | WARNING  | co2_forecast | Very few sequences (3), LSTM may not train well
2026-08-01 16:08:56 | WARNING  | co2_forecast | Very few sequences (7), LSTM may not train well
2026-08-01 16:08:57 | WARNING  | co2_forecast | Very few sequences (3), LSTM may not train well
2026-08-01 16:08:58 | WARNING  | co2_forecast | Very few sequences (3), LSTM may not train well
2026-08-01 16:08:58 | WARNING  | co2_forecast | Very few sequences (4), LSTM may not train well
2026-08-01 16:08:58 | WARNING  | co2_forecast | Very few sequences (8), LSTM may not train well
2026-08-01 16:08:58 | WARNING  | co2_forecast | Very few sequences (4), LSTM may not train well
2026-08-01 16:08:59 | WARNING  | co2_forecast | Very few sequences (4), LSTM may not train well
2026-08-01 16:08:59 | WARNING  | co2_forecast | Very few sequences (2), LSTM may not train well
2026-08-01 16:08:59 | WARNING  | co2_forecast | Very few sequences (6), LSTM may not train well
2026-08-01 16:08:59 | WARNING  | co2_forecast | Very few sequences (2), LSTM may not train well
2026-08-01 16:09:00 | WARNING  | co2_forecast | Very few sequences (2), LSTM may not train well
2026-08-01 16:09:00 | WARNING  | co2_forecast | Very few sequences (3), LSTM may not train well
2026-08-01 16:09:00 | WARNING  | co2_forecast | Very few sequences (7), LSTM may not train well
2026-08-01 16:09:00 | WARNING  | co2_forecast | Very few sequences (3), LSTM may not train well
2026-08-01 16:09:01 | WARNING  | co2_forecast | Very few sequences (3), LSTM may not train well
2026-08-01 16:09:01 | WARNING  | co2_forecast | Very few sequences (4), LSTM may not train well
2026-08-01 16:09:01 | WARNING  | co2_forecast | Very few sequences (8), LSTM may not train well
2026-08-01 16:09:02 | WARNING  | co2_forecast | Very few sequences (4), LSTM may not train well
2026-08-01 16:09:02 | WARNING  | co2_forecast | Very few sequences (4), LSTM may not train well
2026-08-01 16:09:03 | WARNING  | co2_forecast | Very few sequences (3), LSTM may not train well
2026-08-01 16:09:03 | WARNING  | co2_forecast | Very few sequences (7), LSTM may not train well
2026-08-01 16:09:03 | WARNING  | co2_forecast | Very few sequences (3), LSTM may not train well
2026-08-01 16:09:04 | WARNING  | co2_forecast | Very few sequences (3), LSTM may not train well
2026-08-01 16:09:04 | WARNING  | co2_forecast | Very few sequences (4), LSTM may not train well
2026-08-01 16:09:04 | WARNING  | co2_forecast | Very few sequences (8), LSTM may not train well
2026-08-01 16:09:05 | WARNING  | co2_forecast | Very few sequences (4), LSTM may not train well
2026-08-01 16:09:06 | WARNING  | co2_forecast | Very few sequences (4), LSTM may not train well
2026-08-01 16:09:06 | WARNING  | co2_forecast | Very few sequences (3), LSTM may not train well
2026-08-01 16:09:06 | WARNING  | co2_forecast | Very few sequences (7), LSTM may not train well
2026-08-01 16:09:06 | WARNING  | co2_forecast | Very few sequences (3), LSTM may not train well
2026-08-01 16:09:06 | WARNING  | co2_forecast | Very few sequences (3), LSTM may not train well
2026-08-01 16:09:06 | WARNING  | co2_forecast | Very few sequences (3), LSTM may not train well
2026-08-01 16:09:07 | WARNING  | co2_forecast | Very few sequences (7), LSTM may not train well
2026-08-01 16:09:07 | WARNING  | co2_forecast | Very few sequences (3), LSTM may not train well
2026-08-01 16:09:08 | WARNING  | co2_forecast | Very few sequences (3), LSTM may not train well
2026-08-01 16:09:08 | WARNING  | co2_forecast | Very few sequences (3), LSTM may not train well
2026-08-01 16:09:08 | WARNING  | co2_forecast | Very few sequences (7), LSTM may not train well
2026-08-01 16:09:09 | WARNING  | co2_forecast | Very few sequences (3), LSTM may not train well
2026-08-01 16:09:09 | WARNING  | co2_forecast | Very few sequences (3), LSTM may not train well
2026-08-01 16:09:10 | WARNING  | co2_forecast | Very few sequences (3), LSTM may not train well
2026-08-01 16:09:10 | WARNING  | co2_forecast | Very few sequences (7), LSTM may not train well
2026-08-01 16:09:10 | WARNING  | co2_forecast | Very few sequences (3), LSTM may not train well
2026-08-01 16:09:11 | WARNING  | co2_forecast | Very few sequences (3), LSTM may not train well
2026-08-01 16:09:11 | WARNING  | co2_forecast | Very few sequences (3), LSTM may not train well
2026-08-01 16:09:11 | WARNING  | co2_forecast | Very few sequences (7), LSTM may not train well
2026-08-01 16:09:12 | WARNING  | co2_forecast | Very few sequences (3), LSTM may not train well
2026-08-01 16:09:13 | WARNING  | co2_forecast | Very few sequences (3), LSTM may not train well
2026-08-01 16:09:13 | WARNING  | co2_forecast | Very few sequences (3), LSTM may not train well
2026-08-01 16:09:13 | WARNING  | co2_forecast | Very few sequences (7), LSTM may not train well
2026-08-01 16:09:13 | WARNING  | co2_forecast | Very few sequences (3), LSTM may not train well
2026-08-01 16:09:14 | WARNING  | co2_forecast | Very few sequences (3), LSTM may not train well
2026-08-01 16:09:14 | WARNING  | co2_forecast | Very few sequences (3), LSTM may not train well
2026-08-01 16:09:14 | WARNING  | co2_forecast | Very few sequences (7), LSTM may not train well
2026-08-01 16:09:15 | WARNING  | co2_forecast | Very few sequences (3), LSTM may not train well
2026-08-01 16:09:15 | WARNING  | co2_forecast | Very few sequences (3), LSTM may not train well
2026-08-01 16:09:15 | WARNING  | co2_forecast | Very few sequences (2), LSTM may not train well
2026-08-01 16:09:15 | WARNING  | co2_forecast | Very few sequences (6), LSTM may not train well
2026-08-01 16:09:16 | WARNING  | co2_forecast | Very few sequences (2), LSTM may not train well
2026-08-01 16:09:16 | WARNING  | co2_forecast | Very few sequences (2), LSTM may not train well
2026-08-01 16:09:17 | INFO     | co2_forecast |   Iteration 5: Best fitness = 0.745027
2026-08-01 16:09:17 | WARNING  | co2_forecast | Very few sequences (3), LSTM may not train well
2026-08-01 16:09:17 | WARNING  | co2_forecast | Very few sequences (7), LSTM may not train well
2026-08-01 16:09:18 | WARNING  | co2_forecast | Very few sequences (3), LSTM may not train well
2026-08-01 16:09:19 | WARNING  | co2_forecast | Very few sequences (3), LSTM may not train well
2026-08-01 16:09:19 | WARNING  | co2_forecast | Very few sequences (3), LSTM may not train well
2026-08-01 16:09:19 | WARNING  | co2_forecast | Very few sequences (7), LSTM may not train well
2026-08-01 16:09:19 | WARNING  | co2_forecast | Very few sequences (3), LSTM may not train well
2026-08-01 16:09:20 | WARNING  | co2_forecast | Very few sequences (3), LSTM may not train well
2026-08-01 16:09:20 | WARNING  | co2_forecast | Very few sequences (3), LSTM may not train well
2026-08-01 16:09:20 | WARNING  | co2_forecast | Very few sequences (7), LSTM may not train well
2026-08-01 16:09:21 | WARNING  | co2_forecast | Very few sequences (3), LSTM may not train well
2026-08-01 16:09:22 | WARNING  | co2_forecast | Very few sequences (3), LSTM may not train well
2026-08-01 16:09:22 | WARNING  | co2_forecast | Very few sequences (3), LSTM may not train well
2026-08-01 16:09:22 | WARNING  | co2_forecast | Very few sequences (7), LSTM may not train well
2026-08-01 16:09:23 | WARNING  | co2_forecast | Very few sequences (3), LSTM may not train well
2026-08-01 16:09:23 | WARNING  | co2_forecast | Very few sequences (3), LSTM may not train well
2026-08-01 16:09:23 | WARNING  | co2_forecast | Very few sequences (3), LSTM may not train well
2026-08-01 16:09:23 | WARNING  | co2_forecast | Very few sequences (7), LSTM may not train well
2026-08-01 16:09:24 | WARNING  | co2_forecast | Very few sequences (3), LSTM may not train well
2026-08-01 16:09:25 | WARNING  | co2_forecast | Very few sequences (3), LSTM may not train well
2026-08-01 16:09:25 | WARNING  | co2_forecast | Very few sequences (3), LSTM may not train well
2026-08-01 16:09:25 | WARNING  | co2_forecast | Very few sequences (7), LSTM may not train well
2026-08-01 16:09:26 | WARNING  | co2_forecast | Very few sequences (3), LSTM may not train well
2026-08-01 16:09:27 | WARNING  | co2_forecast | Very few sequences (3), LSTM may not train well
2026-08-01 16:09:27 | WARNING  | co2_forecast | Very few sequences (4), LSTM may not train well
2026-08-01 16:09:27 | WARNING  | co2_forecast | Very few sequences (8), LSTM may not train well
2026-08-01 16:09:27 | WARNING  | co2_forecast | Very few sequences (4), LSTM may not train well
2026-08-01 16:09:28 | WARNING  | co2_forecast | Very few sequences (4), LSTM may not train well
2026-08-01 16:09:28 | WARNING  | co2_forecast | Very few sequences (3), LSTM may not train well
2026-08-01 16:09:28 | WARNING  | co2_forecast | Very few sequences (7), LSTM may not train well
2026-08-01 16:09:29 | WARNING  | co2_forecast | Very few sequences (3), LSTM may not train well
2026-08-01 16:09:30 | WARNING  | co2_forecast | Very few sequences (3), LSTM may not train well
2026-08-01 16:09:30 | WARNING  | co2_forecast | Very few sequences (3), LSTM may not train well
2026-08-01 16:09:30 | WARNING  | co2_forecast | Very few sequences (7), LSTM may not train well
2026-08-01 16:09:30 | WARNING  | co2_forecast | Very few sequences (3), LSTM may not train well
2026-08-01 16:09:31 | WARNING  | co2_forecast | Very few sequences (3), LSTM may not train well
2026-08-01 16:09:31 | WARNING  | co2_forecast | Very few sequences (4), LSTM may not train well
2026-08-01 16:09:31 | WARNING  | co2_forecast | Very few sequences (8), LSTM may not train well
2026-08-01 16:09:32 | WARNING  | co2_forecast | Very few sequences (4), LSTM may not train well
2026-08-01 16:09:32 | WARNING  | co2_forecast | Very few sequences (4), LSTM may not train well
2026-08-01 16:09:32 | INFO     | co2_forecast |   Iteration 7: Best fitness = 0.744750
2026-08-01 16:09:32 | INFO     | co2_forecast | PSO complete. Best fitness: 0.744750
2026-08-01 16:09:32 | INFO     | co2_forecast |   Best params: {'lookback': 5, 'hidden_size': 23, 'num_layers': 2, 'dropout': 0.16079150978034004, 'learning_rate': 0.0001, 'batch_size': 8}
2026-08-01 16:09:32 | INFO     | co2_forecast |   Best fitness: 0.744750
2026-08-01 16:09:32 | INFO     | co2_forecast | [A3/panel2_common_period/all_features/lstm] sweep tuning: best_params={'lookback': 5, 'hidden_size': 23, 'num_layers': 2, 'dropout': 0.16079150978034004, 'learning_rate': 0.0001, 'batch_size': 8}
2026-08-01 16:09:36 | INFO     | co2_forecast |   -> weighted_mase=1.0179928029700325, runtime=52.8s
2026-08-01 16:09:36 | INFO     | co2_forecast | Stream A cell: A4/ridge (37 features, 28 rows)
2026-08-01 16:09:36 | INFO     | co2_forecast | Creating walk-forward splits for 16 valid samples
2026-08-01 16:09:36 | INFO     | co2_forecast | Created 4 CV folds across horizons [1, 2, 4]
2026-08-01 16:09:36 | INFO     | co2_forecast | Built tuning CV plan: 4 folds from 16 rows before 2022-Q%q (evaluation cutoff) - isolation OK (max tuning date 2021-Q%q)
2026-08-01 16:09:36 | INFO     | co2_forecast | Optimizing ridge...
2026-08-01 16:09:36 | INFO     | co2_forecast | Starting PSO: 5 particles, 8 iterations
2026-08-01 16:09:36 | INFO     | co2_forecast |   Iteration 0: Best fitness = 1.852606
2026-08-01 16:09:36 | INFO     | co2_forecast |   Iteration 5: Best fitness = 1.589715
2026-08-01 16:09:36 | INFO     | co2_forecast |   Iteration 7: Best fitness = 1.589715
2026-08-01 16:09:36 | INFO     | co2_forecast | PSO complete. Best fitness: 1.589715
2026-08-01 16:09:36 | INFO     | co2_forecast |   Best params: {'alpha': 100.0}
2026-08-01 16:09:36 | INFO     | co2_forecast |   Best fitness: 1.589715
2026-08-01 16:09:36 | INFO     | co2_forecast | [A4/panel2_common_period/all_features/ridge] sweep tuning: best_params={'alpha': 100.0}
2026-08-01 16:09:36 | INFO     | co2_forecast |   -> weighted_mase=0.705983112183878, runtime=0.2s
2026-08-01 16:09:36 | INFO     | co2_forecast | Stream A cell: A4/random_forest (37 features, 28 rows)
2026-08-01 16:09:36 | INFO     | co2_forecast | Creating walk-forward splits for 16 valid samples
2026-08-01 16:09:36 | INFO     | co2_forecast | Created 4 CV folds across horizons [1, 2, 4]
2026-08-01 16:09:36 | INFO     | co2_forecast | Built tuning CV plan: 4 folds from 16 rows before 2022-Q%q (evaluation cutoff) - isolation OK (max tuning date 2021-Q%q)
2026-08-01 16:09:36 | INFO     | co2_forecast | Optimizing random_forest...
2026-08-01 16:09:36 | INFO     | co2_forecast | Starting PSO: 5 particles, 8 iterations
2026-08-01 16:09:40 | INFO     | co2_forecast |   Iteration 0: Best fitness = 0.758099
2026-08-01 16:09:57 | INFO     | co2_forecast |   Iteration 5: Best fitness = 0.416176
2026-08-01 16:10:04 | INFO     | co2_forecast |   Iteration 7: Best fitness = 0.412307
2026-08-01 16:10:04 | INFO     | co2_forecast | PSO complete. Best fitness: 0.412307
2026-08-01 16:10:04 | INFO     | co2_forecast |   Best params: {'n_estimators': 123, 'max_depth': 3, 'min_samples_split': 2, 'min_samples_leaf': 1}
2026-08-01 16:10:04 | INFO     | co2_forecast |   Best fitness: 0.412307
2026-08-01 16:10:04 | INFO     | co2_forecast | [A4/panel2_common_period/all_features/random_forest] sweep tuning: best_params={'n_estimators': 123, 'max_depth': 3, 'min_samples_split': 2, 'min_samples_leaf': 1}
2026-08-01 16:10:05 | INFO     | co2_forecast |   -> weighted_mase=0.6992468508403702, runtime=28.7s
2026-08-01 16:10:05 | INFO     | co2_forecast | Stream A cell: A4/lightgbm (37 features, 28 rows)
2026-08-01 16:10:05 | INFO     | co2_forecast | Creating walk-forward splits for 16 valid samples
2026-08-01 16:10:05 | INFO     | co2_forecast | Created 4 CV folds across horizons [1, 2, 4]
2026-08-01 16:10:05 | INFO     | co2_forecast | Built tuning CV plan: 4 folds from 16 rows before 2022-Q%q (evaluation cutoff) - isolation OK (max tuning date 2021-Q%q)
2026-08-01 16:10:05 | INFO     | co2_forecast | Optimizing lightgbm...
2026-08-01 16:10:05 | INFO     | co2_forecast | Starting PSO: 5 particles, 8 iterations
2026-08-01 16:10:05 | INFO     | co2_forecast |   Iteration 0: Best fitness = 0.768990
2026-08-01 16:10:06 | INFO     | co2_forecast |   Iteration 5: Best fitness = 0.627731
2026-08-01 16:10:06 | INFO     | co2_forecast |   Iteration 7: Best fitness = 0.625820
2026-08-01 16:10:06 | INFO     | co2_forecast | PSO complete. Best fitness: 0.625820
2026-08-01 16:10:06 | INFO     | co2_forecast |   Best params: {'n_estimators': 170, 'learning_rate': 0.2926262038381652, 'num_leaves': 127, 'max_depth': 8, 'min_child_samples': 5, 'reg_alpha': 0.001, 'reg_lambda': 0.001}
2026-08-01 16:10:06 | INFO     | co2_forecast |   Best fitness: 0.625820
2026-08-01 16:10:06 | INFO     | co2_forecast | [A4/panel2_common_period/all_features/lightgbm] sweep tuning: best_params={'n_estimators': 170, 'learning_rate': 0.2926262038381652, 'num_leaves': 127, 'max_depth': 8, 'min_child_samples': 5, 'reg_alpha': 0.001, 'reg_lambda': 0.001}
2026-08-01 16:10:06 | INFO     | co2_forecast |   -> weighted_mase=0.7218276274534372, runtime=1.1s
2026-08-01 16:10:06 | INFO     | co2_forecast | Stream A cell: A4/catboost (37 features, 28 rows)
2026-08-01 16:10:06 | INFO     | co2_forecast | Creating walk-forward splits for 16 valid samples
2026-08-01 16:10:06 | INFO     | co2_forecast | Created 4 CV folds across horizons [1, 2, 4]
2026-08-01 16:10:06 | INFO     | co2_forecast | Built tuning CV plan: 4 folds from 16 rows before 2022-Q%q (evaluation cutoff) - isolation OK (max tuning date 2021-Q%q)
2026-08-01 16:10:06 | INFO     | co2_forecast | Optimizing catboost...
2026-08-01 16:10:06 | INFO     | co2_forecast | Starting PSO: 5 particles, 8 iterations
2026-08-01 16:10:34 | INFO     | co2_forecast |   Iteration 0: Best fitness = 0.341319
2026-08-01 16:13:32 | INFO     | co2_forecast |   Iteration 5: Best fitness = 0.278348
2026-08-01 16:14:34 | INFO     | co2_forecast |   Iteration 7: Best fitness = 0.265694
2026-08-01 16:14:34 | INFO     | co2_forecast | PSO complete. Best fitness: 0.265694
2026-08-01 16:14:34 | INFO     | co2_forecast |   Best params: {'iterations': 245, 'learning_rate': 0.1971330851985354, 'depth': 3, 'l2_leaf_reg': 1.4011116636210497}
2026-08-01 16:14:34 | INFO     | co2_forecast |   Best fitness: 0.265694
2026-08-01 16:14:34 | INFO     | co2_forecast | [A4/panel2_common_period/all_features/catboost] sweep tuning: best_params={'iterations': 245, 'learning_rate': 0.1971330851985354, 'depth': 3, 'l2_leaf_reg': 1.4011116636210497}
2026-08-01 16:14:44 | INFO     | co2_forecast |   -> weighted_mase=0.6147095126058257, runtime=277.6s
2026-08-01 16:14:44 | INFO     | co2_forecast | Stream A cell: A4/lstm (37 features, 28 rows)
2026-08-01 16:14:44 | INFO     | co2_forecast | Creating walk-forward splits for 16 valid samples
2026-08-01 16:14:44 | INFO     | co2_forecast | Created 4 CV folds across horizons [1, 2, 4]
2026-08-01 16:14:44 | INFO     | co2_forecast | Built tuning CV plan: 4 folds from 16 rows before 2022-Q%q (evaluation cutoff) - isolation OK (max tuning date 2021-Q%q)
2026-08-01 16:14:44 | INFO     | co2_forecast | Optimizing lstm...
2026-08-01 16:14:44 | INFO     | co2_forecast | Starting PSO: 5 particles, 8 iterations
2026-08-01 16:14:44 | WARNING  | co2_forecast | Model training failed with params {'lookback': 7, 'hidden_size': 62, 'num_layers': 2, 'dropout': 0.3394633936788146, 'learning_rate': 0.0016445845403801217, 'batch_size': 8}: LSTM.fit: training data has 8 rows, giving only 1 sequence(s) with lookback=7; at least 2 are required (one is always reserved for validation). Reduce lookback or provide more training history.
2026-08-01 16:14:44 | WARNING  | co2_forecast | Model training failed with params {'lookback': 11, 'hidden_size': 26, 'num_layers': 1, 'dropout': 0.17336180394137352, 'learning_rate': 0.0031119982052994237, 'batch_size': 16}: LSTM.fit: training data has 8 rows, giving only 0 sequence(s) with lookback=11; at least 2 are required (one is always reserved for validation). Reduce lookback or provide more training history.
2026-08-01 16:14:44 | WARNING  | co2_forecast | Model training failed with params {'lookback': 8, 'hidden_size': 54, 'num_layers': 1, 'dropout': 0.3056937753654446, 'learning_rate': 0.005964904231734221, 'batch_size': 8}: LSTM.fit: training data has 8 rows, giving only 0 sequence(s) with lookback=8; at least 2 are required (one is always reserved for validation). Reduce lookback or provide more training history.
2026-08-01 16:14:44 | WARNING  | co2_forecast | Very few sequences (2), LSTM may not train well
2026-08-01 16:14:44 | WARNING  | co2_forecast | Very few sequences (6), LSTM may not train well
2026-08-01 16:14:44 | WARNING  | co2_forecast | Very few sequences (2), LSTM may not train well
2026-08-01 16:14:44 | WARNING  | co2_forecast | Very few sequences (2), LSTM may not train well
2026-08-01 16:14:44 | WARNING  | co2_forecast | Model training failed with params {'lookback': 8, 'hidden_size': 25, 'num_layers': 2, 'dropout': 0.4100531293444458, 'learning_rate': 0.009401039521485473, 'batch_size': 32}: LSTM.fit: training data has 8 rows, giving only 0 sequence(s) with lookback=8; at least 2 are required (one is always reserved for validation). Reduce lookback or provide more training history.
2026-08-01 16:14:44 | INFO     | co2_forecast |   Iteration 0: Best fitness = 1.100299
2026-08-01 16:14:44 | WARNING  | co2_forecast | Very few sequences (3), LSTM may not train well
2026-08-01 16:14:44 | WARNING  | co2_forecast | Very few sequences (7), LSTM may not train well
2026-08-01 16:14:45 | WARNING  | co2_forecast | Very few sequences (3), LSTM may not train well
2026-08-01 16:14:45 | WARNING  | co2_forecast | Very few sequences (3), LSTM may not train well
2026-08-01 16:14:45 | WARNING  | co2_forecast | Very few sequences (2), LSTM may not train well
2026-08-01 16:14:45 | WARNING  | co2_forecast | Very few sequences (6), LSTM may not train well
2026-08-01 16:14:45 | WARNING  | co2_forecast | Very few sequences (2), LSTM may not train well
2026-08-01 16:14:45 | WARNING  | co2_forecast | Very few sequences (2), LSTM may not train well
2026-08-01 16:14:46 | WARNING  | co2_forecast | Model training failed with params {'lookback': 8, 'hidden_size': 44, 'num_layers': 1, 'dropout': 0.3238975389966341, 'learning_rate': 0.005520634690128072, 'batch_size': 8}: LSTM.fit: training data has 8 rows, giving only 0 sequence(s) with lookback=8; at least 2 are required (one is always reserved for validation). Reduce lookback or provide more training history.
2026-08-01 16:14:46 | WARNING  | co2_forecast | Very few sequences (3), LSTM may not train well
2026-08-01 16:14:46 | WARNING  | co2_forecast | Very few sequences (7), LSTM may not train well
2026-08-01 16:14:46 | WARNING  | co2_forecast | Very few sequences (3), LSTM may not train well
2026-08-01 16:14:46 | WARNING  | co2_forecast | Very few sequences (3), LSTM may not train well
2026-08-01 16:14:46 | WARNING  | co2_forecast | Very few sequences (2), LSTM may not train well
2026-08-01 16:14:46 | WARNING  | co2_forecast | Very few sequences (6), LSTM may not train well
2026-08-01 16:14:46 | WARNING  | co2_forecast | Very few sequences (2), LSTM may not train well
2026-08-01 16:14:47 | WARNING  | co2_forecast | Very few sequences (2), LSTM may not train well
2026-08-01 16:14:47 | WARNING  | co2_forecast | Very few sequences (4), LSTM may not train well
2026-08-01 16:14:48 | WARNING  | co2_forecast | Very few sequences (8), LSTM may not train well
2026-08-01 16:14:48 | WARNING  | co2_forecast | Very few sequences (4), LSTM may not train well
2026-08-01 16:14:49 | WARNING  | co2_forecast | Very few sequences (4), LSTM may not train well
2026-08-01 16:14:49 | WARNING  | co2_forecast | Very few sequences (4), LSTM may not train well
2026-08-01 16:14:49 | WARNING  | co2_forecast | Very few sequences (8), LSTM may not train well
2026-08-01 16:14:49 | WARNING  | co2_forecast | Very few sequences (4), LSTM may not train well
2026-08-01 16:14:49 | WARNING  | co2_forecast | Very few sequences (4), LSTM may not train well
2026-08-01 16:14:49 | WARNING  | co2_forecast | Model training failed with params {'lookback': 7, 'hidden_size': 35, 'num_layers': 1, 'dropout': 0.32318881720160564, 'learning_rate': 0.004269982802289501, 'batch_size': 8}: LSTM.fit: training data has 8 rows, giving only 1 sequence(s) with lookback=7; at least 2 are required (one is always reserved for validation). Reduce lookback or provide more training history.
2026-08-01 16:14:49 | WARNING  | co2_forecast | Very few sequences (3), LSTM may not train well
2026-08-01 16:14:49 | WARNING  | co2_forecast | Very few sequences (7), LSTM may not train well
2026-08-01 16:14:49 | WARNING  | co2_forecast | Very few sequences (3), LSTM may not train well
2026-08-01 16:14:50 | WARNING  | co2_forecast | Very few sequences (3), LSTM may not train well
2026-08-01 16:14:50 | WARNING  | co2_forecast | Very few sequences (4), LSTM may not train well
2026-08-01 16:14:50 | WARNING  | co2_forecast | Very few sequences (8), LSTM may not train well
2026-08-01 16:14:50 | WARNING  | co2_forecast | Very few sequences (4), LSTM may not train well
2026-08-01 16:14:50 | WARNING  | co2_forecast | Very few sequences (4), LSTM may not train well
2026-08-01 16:14:50 | WARNING  | co2_forecast | Very few sequences (4), LSTM may not train well
2026-08-01 16:14:50 | WARNING  | co2_forecast | Very few sequences (8), LSTM may not train well
2026-08-01 16:14:51 | WARNING  | co2_forecast | Very few sequences (4), LSTM may not train well
2026-08-01 16:14:51 | WARNING  | co2_forecast | Very few sequences (4), LSTM may not train well
2026-08-01 16:14:51 | WARNING  | co2_forecast | Very few sequences (4), LSTM may not train well
2026-08-01 16:14:52 | WARNING  | co2_forecast | Very few sequences (8), LSTM may not train well
2026-08-01 16:14:52 | WARNING  | co2_forecast | Very few sequences (4), LSTM may not train well
2026-08-01 16:14:52 | WARNING  | co2_forecast | Very few sequences (4), LSTM may not train well
2026-08-01 16:14:52 | WARNING  | co2_forecast | Very few sequences (2), LSTM may not train well
2026-08-01 16:14:52 | WARNING  | co2_forecast | Very few sequences (6), LSTM may not train well
2026-08-01 16:14:52 | WARNING  | co2_forecast | Very few sequences (2), LSTM may not train well
2026-08-01 16:14:52 | WARNING  | co2_forecast | Very few sequences (2), LSTM may not train well
2026-08-01 16:14:52 | WARNING  | co2_forecast | Very few sequences (4), LSTM may not train well
2026-08-01 16:14:52 | WARNING  | co2_forecast | Very few sequences (8), LSTM may not train well
2026-08-01 16:14:53 | WARNING  | co2_forecast | Very few sequences (4), LSTM may not train well
2026-08-01 16:14:54 | WARNING  | co2_forecast | Very few sequences (4), LSTM may not train well
2026-08-01 16:14:54 | WARNING  | co2_forecast | Very few sequences (4), LSTM may not train well
2026-08-01 16:14:54 | WARNING  | co2_forecast | Very few sequences (8), LSTM may not train well
2026-08-01 16:14:54 | WARNING  | co2_forecast | Very few sequences (4), LSTM may not train well
2026-08-01 16:14:55 | WARNING  | co2_forecast | Very few sequences (4), LSTM may not train well
2026-08-01 16:14:55 | WARNING  | co2_forecast | Very few sequences (2), LSTM may not train well
2026-08-01 16:14:55 | WARNING  | co2_forecast | Very few sequences (6), LSTM may not train well
2026-08-01 16:14:55 | WARNING  | co2_forecast | Very few sequences (2), LSTM may not train well
2026-08-01 16:14:55 | WARNING  | co2_forecast | Very few sequences (2), LSTM may not train well
2026-08-01 16:14:55 | WARNING  | co2_forecast | Very few sequences (4), LSTM may not train well
2026-08-01 16:14:55 | WARNING  | co2_forecast | Very few sequences (8), LSTM may not train well
2026-08-01 16:14:56 | WARNING  | co2_forecast | Very few sequences (4), LSTM may not train well
2026-08-01 16:14:56 | WARNING  | co2_forecast | Very few sequences (4), LSTM may not train well
2026-08-01 16:14:56 | WARNING  | co2_forecast | Very few sequences (3), LSTM may not train well
2026-08-01 16:14:56 | WARNING  | co2_forecast | Very few sequences (7), LSTM may not train well
2026-08-01 16:14:56 | WARNING  | co2_forecast | Very few sequences (3), LSTM may not train well
2026-08-01 16:14:56 | WARNING  | co2_forecast | Very few sequences (3), LSTM may not train well
2026-08-01 16:14:56 | WARNING  | co2_forecast | Very few sequences (2), LSTM may not train well
2026-08-01 16:14:56 | WARNING  | co2_forecast | Very few sequences (6), LSTM may not train well
2026-08-01 16:14:56 | WARNING  | co2_forecast | Very few sequences (2), LSTM may not train well
2026-08-01 16:14:56 | WARNING  | co2_forecast | Very few sequences (2), LSTM may not train well
2026-08-01 16:14:57 | WARNING  | co2_forecast | Very few sequences (3), LSTM may not train well
2026-08-01 16:14:57 | WARNING  | co2_forecast | Very few sequences (7), LSTM may not train well
2026-08-01 16:14:57 | WARNING  | co2_forecast | Very few sequences (3), LSTM may not train well
2026-08-01 16:14:57 | WARNING  | co2_forecast | Very few sequences (3), LSTM may not train well
2026-08-01 16:14:57 | WARNING  | co2_forecast | Very few sequences (2), LSTM may not train well
2026-08-01 16:14:57 | WARNING  | co2_forecast | Very few sequences (6), LSTM may not train well
2026-08-01 16:14:58 | WARNING  | co2_forecast | Very few sequences (2), LSTM may not train well
2026-08-01 16:14:58 | WARNING  | co2_forecast | Very few sequences (2), LSTM may not train well
2026-08-01 16:14:58 | WARNING  | co2_forecast | Very few sequences (2), LSTM may not train well
2026-08-01 16:14:58 | WARNING  | co2_forecast | Very few sequences (6), LSTM may not train well
2026-08-01 16:14:58 | WARNING  | co2_forecast | Very few sequences (2), LSTM may not train well
2026-08-01 16:14:58 | WARNING  | co2_forecast | Very few sequences (2), LSTM may not train well
2026-08-01 16:14:58 | WARNING  | co2_forecast | Very few sequences (3), LSTM may not train well
2026-08-01 16:14:58 | WARNING  | co2_forecast | Very few sequences (7), LSTM may not train well
2026-08-01 16:14:59 | WARNING  | co2_forecast | Very few sequences (3), LSTM may not train well
2026-08-01 16:14:59 | WARNING  | co2_forecast | Very few sequences (3), LSTM may not train well
2026-08-01 16:14:59 | WARNING  | co2_forecast | Model training failed with params {'lookback': 7, 'hidden_size': 36, 'num_layers': 1, 'dropout': 0.3135837455347443, 'learning_rate': 0.004451835018664915, 'batch_size': 16}: LSTM.fit: training data has 8 rows, giving only 1 sequence(s) with lookback=7; at least 2 are required (one is always reserved for validation). Reduce lookback or provide more training history.
2026-08-01 16:14:59 | WARNING  | co2_forecast | Very few sequences (2), LSTM may not train well
2026-08-01 16:14:59 | WARNING  | co2_forecast | Very few sequences (6), LSTM may not train well
2026-08-01 16:14:59 | WARNING  | co2_forecast | Very few sequences (2), LSTM may not train well
2026-08-01 16:14:59 | WARNING  | co2_forecast | Very few sequences (2), LSTM may not train well
2026-08-01 16:14:59 | INFO     | co2_forecast |   Iteration 5: Best fitness = 0.728967
2026-08-01 16:14:59 | WARNING  | co2_forecast | Very few sequences (2), LSTM may not train well
2026-08-01 16:14:59 | WARNING  | co2_forecast | Very few sequences (6), LSTM may not train well
2026-08-01 16:14:59 | WARNING  | co2_forecast | Very few sequences (2), LSTM may not train well
2026-08-01 16:15:00 | WARNING  | co2_forecast | Very few sequences (2), LSTM may not train well
2026-08-01 16:15:00 | WARNING  | co2_forecast | Very few sequences (3), LSTM may not train well
2026-08-01 16:15:00 | WARNING  | co2_forecast | Very few sequences (7), LSTM may not train well
2026-08-01 16:15:00 | WARNING  | co2_forecast | Very few sequences (3), LSTM may not train well
2026-08-01 16:15:00 | WARNING  | co2_forecast | Very few sequences (3), LSTM may not train well
2026-08-01 16:15:00 | WARNING  | co2_forecast | Very few sequences (3), LSTM may not train well
2026-08-01 16:15:00 | WARNING  | co2_forecast | Very few sequences (7), LSTM may not train well
2026-08-01 16:15:00 | WARNING  | co2_forecast | Very few sequences (3), LSTM may not train well
2026-08-01 16:15:01 | WARNING  | co2_forecast | Very few sequences (3), LSTM may not train well
2026-08-01 16:15:01 | WARNING  | co2_forecast | Very few sequences (2), LSTM may not train well
2026-08-01 16:15:01 | WARNING  | co2_forecast | Very few sequences (6), LSTM may not train well
2026-08-01 16:15:01 | WARNING  | co2_forecast | Very few sequences (2), LSTM may not train well
2026-08-01 16:15:01 | WARNING  | co2_forecast | Very few sequences (2), LSTM may not train well
2026-08-01 16:15:01 | WARNING  | co2_forecast | Model training failed with params {'lookback': 7, 'hidden_size': 29, 'num_layers': 1, 'dropout': 0.16575447423707784, 'learning_rate': 0.004526347612632504, 'batch_size': 16}: LSTM.fit: training data has 8 rows, giving only 1 sequence(s) with lookback=7; at least 2 are required (one is always reserved for validation). Reduce lookback or provide more training history.
2026-08-01 16:15:01 | WARNING  | co2_forecast | Very few sequences (2), LSTM may not train well
2026-08-01 16:15:01 | WARNING  | co2_forecast | Very few sequences (6), LSTM may not train well
2026-08-01 16:15:01 | WARNING  | co2_forecast | Very few sequences (2), LSTM may not train well
2026-08-01 16:15:02 | WARNING  | co2_forecast | Very few sequences (2), LSTM may not train well
2026-08-01 16:15:02 | WARNING  | co2_forecast | Very few sequences (4), LSTM may not train well
2026-08-01 16:15:02 | WARNING  | co2_forecast | Very few sequences (8), LSTM may not train well
2026-08-01 16:15:02 | WARNING  | co2_forecast | Very few sequences (4), LSTM may not train well
2026-08-01 16:15:02 | WARNING  | co2_forecast | Very few sequences (4), LSTM may not train well
2026-08-01 16:15:02 | WARNING  | co2_forecast | Very few sequences (2), LSTM may not train well
2026-08-01 16:15:02 | WARNING  | co2_forecast | Very few sequences (6), LSTM may not train well
2026-08-01 16:15:02 | WARNING  | co2_forecast | Very few sequences (2), LSTM may not train well
2026-08-01 16:15:02 | WARNING  | co2_forecast | Very few sequences (2), LSTM may not train well
2026-08-01 16:15:02 | WARNING  | co2_forecast | Very few sequences (3), LSTM may not train well
2026-08-01 16:15:02 | WARNING  | co2_forecast | Very few sequences (7), LSTM may not train well
2026-08-01 16:15:02 | WARNING  | co2_forecast | Very few sequences (3), LSTM may not train well
2026-08-01 16:15:03 | WARNING  | co2_forecast | Very few sequences (3), LSTM may not train well
2026-08-01 16:15:03 | WARNING  | co2_forecast | Very few sequences (3), LSTM may not train well
2026-08-01 16:15:03 | WARNING  | co2_forecast | Very few sequences (7), LSTM may not train well
2026-08-01 16:15:03 | WARNING  | co2_forecast | Very few sequences (3), LSTM may not train well
2026-08-01 16:15:03 | WARNING  | co2_forecast | Very few sequences (3), LSTM may not train well
2026-08-01 16:15:03 | INFO     | co2_forecast |   Iteration 7: Best fitness = 0.725202
2026-08-01 16:15:03 | INFO     | co2_forecast | PSO complete. Best fitness: 0.725202
2026-08-01 16:15:03 | INFO     | co2_forecast |   Best params: {'lookback': 6, 'hidden_size': 31, 'num_layers': 1, 'dropout': 0.1694126508516633, 'learning_rate': 0.0033271422438714182, 'batch_size': 8}
2026-08-01 16:15:03 | INFO     | co2_forecast |   Best fitness: 0.725202
2026-08-01 16:15:03 | INFO     | co2_forecast | [A4/panel2_common_period/all_features/lstm] sweep tuning: best_params={'lookback': 6, 'hidden_size': 31, 'num_layers': 1, 'dropout': 0.1694126508516633, 'learning_rate': 0.0033271422438714182, 'batch_size': 8}
2026-08-01 16:15:05 | INFO     | co2_forecast |   -> weighted_mase=0.9490328573272203, runtime=20.9s
2026-08-01 16:15:05 | INFO     | co2_forecast | Stream A complete: 20/20 candidates produced a result
2026-08-01 16:15:05 | INFO     | co2_forecast | Stream A saved: 20 cells, 540 predictions
2026-08-01 16:15:05 | INFO     | co2_forecast | ============================================================
2026-08-01 16:15:05 | INFO     | co2_forecast | Stream B: 4 configurations x 5 FS strategies x 5 models (100 candidates)
2026-08-01 16:15:05 | INFO     | co2_forecast | ============================================================
2026-08-01 16:15:05 | INFO     | co2_forecast | Running FS1-FS5 on A1 (11 candidate features)...
2026-08-01 16:15:05 | INFO     | co2_forecast | Creating walk-forward splits for 16 valid samples
2026-08-01 16:15:05 | INFO     | co2_forecast | Created 4 CV folds across horizons [1, 2, 4]
2026-08-01 16:15:05 | INFO     | co2_forecast | Built tuning CV plan: 4 folds from 16 rows before 2022-Q%q (evaluation cutoff) - isolation OK (max tuning date 2021-Q%q)
2026-08-01 16:15:05 | INFO     | co2_forecast | Running all feature selection options...
2026-08-01 16:15:05 | INFO     | co2_forecast | ==================================================
2026-08-01 16:15:05 | INFO     | co2_forecast | Running linear feature selection (FS_linear)...
2026-08-01 16:15:05 | INFO     | co2_forecast | Iteration 0: Removed 'Mobility_Residential' (VIF=599.07)
2026-08-01 16:15:05 | INFO     | co2_forecast | Iteration 1: Removed 'Mobility_Transit_Stations' (VIF=203.66)
2026-08-01 16:15:05 | INFO     | co2_forecast | Iteration 2: Removed 'Mobility_Retail_Recreation' (VIF=50.81)
2026-08-01 16:15:05 | INFO     | co2_forecast | Iteration 3: Removed 'Mobility_Workplaces' (VIF=16.99)
2026-08-01 16:15:05 | INFO     | co2_forecast | Iteration 4: Removed 'Mobility_Grocery_Pharmacy' (VIF=11.82)
2026-08-01 16:15:05 | INFO     | co2_forecast | VIF filter: 11 -> 6 features
2026-08-01 16:15:05 | INFO     | co2_forecast | Ridge stability: Selected 6 features (stability >= 0.5)
2026-08-01 16:15:05 | INFO     | co2_forecast | ElasticNet: Only 0 features passed threshold, adding top features to reach 3
2026-08-01 16:15:05 | INFO     | co2_forecast | ElasticNet stability: Selected 3 features (stability >= 0.5)
2026-08-01 16:15:05 | INFO     | co2_forecast | FS_linear final: 6 features selected
2026-08-01 16:15:05 | INFO     | co2_forecast | ==================================================
2026-08-01 16:15:05 | INFO     | co2_forecast | Running wrapper feature selection (FS_wrapper)...
2026-08-01 16:15:05 | INFO     | co2_forecast | ==================================================
2026-08-01 16:15:05 | INFO     | co2_forecast | Running ALL wrapper-based feature selection methods...
2026-08-01 16:15:05 | INFO     | co2_forecast | Running RFE feature selection (target: 5 features)...
2026-08-01 16:15:05 | INFO     | co2_forecast | RFE: Selected 9 features using ridge (stability >= 0.5 across 2 folds)
2026-08-01 16:15:05 | INFO     | co2_forecast | Running RFE feature selection (target: 5 features)...
2026-08-01 16:15:06 | INFO     | co2_forecast | RFE: Selected 7 features using random_forest (stability >= 0.5 across 2 folds)
2026-08-01 16:15:06 | INFO     | co2_forecast | Running Sequential Forward Selection (target: 5 features)...
2026-08-01 16:16:03 | INFO     | co2_forecast | SFS: Selected 5 features using ridge
2026-08-01 16:16:03 | INFO     | co2_forecast | Running Sequential Backward Selection (target: 5 features)...
2026-08-01 16:16:04 | INFO     | co2_forecast | SBS: Selected 5 features using ridge
2026-08-01 16:16:04 | INFO     | co2_forecast | Wrapper methods complete: 4 methods run
2026-08-01 16:16:04 | INFO     | co2_forecast | FS_wrapper final: 11 features selected
2026-08-01 16:16:04 | INFO     | co2_forecast | ==================================================
2026-08-01 16:16:04 | INFO     | co2_forecast | Running XGBoost-SHAP stability feature selection (FS_xgboost_shap)...
2026-08-01 16:16:04 | INFO     | co2_forecast | XGBoost-SHAP stability: Selected 5 features (stability >= 0.5)
2026-08-01 16:16:04 | INFO     | co2_forecast | FS_xgboost_shap final: 5 features selected
2026-08-01 16:16:04 | INFO     | co2_forecast | ==================================================
2026-08-01 16:16:04 | INFO     | co2_forecast | Running permutation stability feature selection (FS_permutation_stability)...
2026-08-01 16:16:04 | INFO     | co2_forecast | Permutation stability: Selected 5 features (stability >= 0.5)
2026-08-01 16:16:04 | INFO     | co2_forecast | FS_permutation_stability final: 5 features selected
2026-08-01 16:16:04 | INFO     | co2_forecast | ==================================================
2026-08-01 16:16:04 | INFO     | co2_forecast | Running consensus feature selection (FS_consensus)...
2026-08-01 16:16:04 | INFO     | co2_forecast | Vote-based selection: 10 features with >= 2 votes
2026-08-01 16:16:04 | INFO     | co2_forecast | FS_consensus final: 10 features selected
2026-08-01 16:16:04 | INFO     | co2_forecast | ==================================================
2026-08-01 16:16:04 | INFO     | co2_forecast | Total FS options: 5
2026-08-01 16:16:04 | INFO     | co2_forecast |   fs_linear: 6 features
2026-08-01 16:16:04 | INFO     | co2_forecast |   fs_wrapper: 11 features
2026-08-01 16:16:04 | INFO     | co2_forecast |   fs_xgboost_shap: 5 features
2026-08-01 16:16:04 | INFO     | co2_forecast |   fs_permutation_stability: 5 features
2026-08-01 16:16:04 | INFO     | co2_forecast |   fs_consensus: 10 features
2026-08-01 16:16:04 | INFO     | co2_forecast | Stream B cell: A1/fs_linear/ridge (6 features)
2026-08-01 16:16:04 | INFO     | co2_forecast | Creating walk-forward splits for 16 valid samples
2026-08-01 16:16:04 | INFO     | co2_forecast | Created 4 CV folds across horizons [1, 2, 4]
2026-08-01 16:16:04 | INFO     | co2_forecast | Built tuning CV plan: 4 folds from 16 rows before 2022-Q%q (evaluation cutoff) - isolation OK (max tuning date 2021-Q%q)
2026-08-01 16:16:04 | INFO     | co2_forecast | Optimizing ridge...
2026-08-01 16:16:04 | INFO     | co2_forecast | Starting PSO: 5 particles, 8 iterations
2026-08-01 16:16:04 | INFO     | co2_forecast |   Iteration 0: Best fitness = 2.775727
2026-08-01 16:16:04 | INFO     | co2_forecast |   Iteration 5: Best fitness = 2.143104
2026-08-01 16:16:04 | INFO     | co2_forecast |   Iteration 7: Best fitness = 2.143104
2026-08-01 16:16:04 | INFO     | co2_forecast | PSO complete. Best fitness: 2.143104
2026-08-01 16:16:04 | INFO     | co2_forecast |   Best params: {'alpha': 100.0}
2026-08-01 16:16:04 | INFO     | co2_forecast |   Best fitness: 2.143104
2026-08-01 16:16:04 | INFO     | co2_forecast | [A1/panel2_common_period/fs_linear/ridge] sweep tuning: best_params={'alpha': 100.0}
2026-08-01 16:16:04 | INFO     | co2_forecast |   -> weighted_mase=0.8796317971671495, runtime=0.2s
2026-08-01 16:16:04 | INFO     | co2_forecast | Stream B cell: A1/fs_linear/random_forest (6 features)
2026-08-01 16:16:04 | INFO     | co2_forecast | Creating walk-forward splits for 16 valid samples
2026-08-01 16:16:04 | INFO     | co2_forecast | Created 4 CV folds across horizons [1, 2, 4]
2026-08-01 16:16:04 | INFO     | co2_forecast | Built tuning CV plan: 4 folds from 16 rows before 2022-Q%q (evaluation cutoff) - isolation OK (max tuning date 2021-Q%q)
2026-08-01 16:16:04 | INFO     | co2_forecast | Optimizing random_forest...
2026-08-01 16:16:04 | INFO     | co2_forecast | Starting PSO: 5 particles, 8 iterations
2026-08-01 16:16:08 | INFO     | co2_forecast |   Iteration 0: Best fitness = 0.748939
2026-08-01 16:16:27 | INFO     | co2_forecast |   Iteration 5: Best fitness = 0.325243
2026-08-01 16:16:38 | INFO     | co2_forecast |   Iteration 7: Best fitness = 0.321195
2026-08-01 16:16:38 | INFO     | co2_forecast | PSO complete. Best fitness: 0.321195
2026-08-01 16:16:38 | INFO     | co2_forecast |   Best params: {'n_estimators': 182, 'max_depth': 3, 'min_samples_split': 2, 'min_samples_leaf': 1}
2026-08-01 16:16:38 | INFO     | co2_forecast |   Best fitness: 0.321195
2026-08-01 16:16:38 | INFO     | co2_forecast | [A1/panel2_common_period/fs_linear/random_forest] sweep tuning: best_params={'n_estimators': 182, 'max_depth': 3, 'min_samples_split': 2, 'min_samples_leaf': 1}
2026-08-01 16:16:40 | INFO     | co2_forecast |   -> weighted_mase=0.7113986869693419, runtime=36.0s
2026-08-01 16:16:40 | INFO     | co2_forecast | Stream B cell: A1/fs_linear/lightgbm (6 features)
2026-08-01 16:16:40 | INFO     | co2_forecast | Creating walk-forward splits for 16 valid samples
2026-08-01 16:16:40 | INFO     | co2_forecast | Created 4 CV folds across horizons [1, 2, 4]
2026-08-01 16:16:40 | INFO     | co2_forecast | Built tuning CV plan: 4 folds from 16 rows before 2022-Q%q (evaluation cutoff) - isolation OK (max tuning date 2021-Q%q)
2026-08-01 16:16:40 | INFO     | co2_forecast | Optimizing lightgbm...
2026-08-01 16:16:40 | INFO     | co2_forecast | Starting PSO: 5 particles, 8 iterations
2026-08-01 16:16:40 | INFO     | co2_forecast |   Iteration 0: Best fitness = 0.768990
2026-08-01 16:16:41 | INFO     | co2_forecast |   Iteration 5: Best fitness = 0.653962
2026-08-01 16:16:41 | INFO     | co2_forecast |   Iteration 7: Best fitness = 0.653962
2026-08-01 16:16:41 | INFO     | co2_forecast | PSO complete. Best fitness: 0.653962
2026-08-01 16:16:41 | INFO     | co2_forecast |   Best params: {'n_estimators': 164, 'learning_rate': 0.3, 'num_leaves': 127, 'max_depth': 10, 'min_child_samples': 6, 'reg_alpha': 0.001, 'reg_lambda': 0.001}
2026-08-01 16:16:41 | INFO     | co2_forecast |   Best fitness: 0.653962
2026-08-01 16:16:41 | INFO     | co2_forecast | [A1/panel2_common_period/fs_linear/lightgbm] sweep tuning: best_params={'n_estimators': 164, 'learning_rate': 0.3, 'num_leaves': 127, 'max_depth': 10, 'min_child_samples': 6, 'reg_alpha': 0.001, 'reg_lambda': 0.001}
2026-08-01 16:16:41 | INFO     | co2_forecast |   -> weighted_mase=0.7880111458925376, runtime=1.1s
2026-08-01 16:16:41 | INFO     | co2_forecast | Stream B cell: A1/fs_linear/catboost (6 features)
2026-08-01 16:16:41 | INFO     | co2_forecast | Creating walk-forward splits for 16 valid samples
2026-08-01 16:16:41 | INFO     | co2_forecast | Created 4 CV folds across horizons [1, 2, 4]
2026-08-01 16:16:41 | INFO     | co2_forecast | Built tuning CV plan: 4 folds from 16 rows before 2022-Q%q (evaluation cutoff) - isolation OK (max tuning date 2021-Q%q)
2026-08-01 16:16:41 | INFO     | co2_forecast | Optimizing catboost...
2026-08-01 16:16:41 | INFO     | co2_forecast | Starting PSO: 5 particles, 8 iterations
2026-08-01 16:19:38 | INFO     | co2_forecast |   Iteration 0: Best fitness = 0.293522
2026-08-01 16:22:54 | INFO     | co2_forecast |   Iteration 5: Best fitness = 0.270995
2026-08-01 16:23:52 | INFO     | co2_forecast |   Iteration 7: Best fitness = 0.270995
2026-08-01 16:23:52 | INFO     | co2_forecast | PSO complete. Best fitness: 0.270995
2026-08-01 16:23:52 | INFO     | co2_forecast |   Best params: {'iterations': 206, 'learning_rate': 0.18548569310579693, 'depth': 3, 'l2_leaf_reg': 8.731303322108246}
2026-08-01 16:23:52 | INFO     | co2_forecast |   Best fitness: 0.270995
2026-08-01 16:23:52 | INFO     | co2_forecast | [A1/panel2_common_period/fs_linear/catboost] sweep tuning: best_params={'iterations': 206, 'learning_rate': 0.18548569310579693, 'depth': 3, 'l2_leaf_reg': 8.731303322108246}
2026-08-01 16:24:02 | INFO     | co2_forecast |   -> weighted_mase=0.6548666323253567, runtime=440.4s
2026-08-01 16:24:02 | INFO     | co2_forecast | Stream B cell: A1/fs_linear/lstm (6 features)
2026-08-01 16:24:02 | INFO     | co2_forecast | Creating walk-forward splits for 16 valid samples
2026-08-01 16:24:02 | INFO     | co2_forecast | Created 4 CV folds across horizons [1, 2, 4]
2026-08-01 16:24:02 | INFO     | co2_forecast | Built tuning CV plan: 4 folds from 16 rows before 2022-Q%q (evaluation cutoff) - isolation OK (max tuning date 2021-Q%q)
2026-08-01 16:24:02 | INFO     | co2_forecast | Optimizing lstm...
2026-08-01 16:24:02 | INFO     | co2_forecast | Starting PSO: 5 particles, 8 iterations
2026-08-01 16:24:02 | WARNING  | co2_forecast | Model training failed with params {'lookback': 7, 'hidden_size': 62, 'num_layers': 2, 'dropout': 0.3394633936788146, 'learning_rate': 0.0016445845403801217, 'batch_size': 8}: LSTM.fit: training data has 8 rows, giving only 1 sequence(s) with lookback=7; at least 2 are required (one is always reserved for validation). Reduce lookback or provide more training history.
2026-08-01 16:24:02 | WARNING  | co2_forecast | Model training failed with params {'lookback': 11, 'hidden_size': 26, 'num_layers': 1, 'dropout': 0.17336180394137352, 'learning_rate': 0.0031119982052994237, 'batch_size': 16}: LSTM.fit: training data has 8 rows, giving only 0 sequence(s) with lookback=11; at least 2 are required (one is always reserved for validation). Reduce lookback or provide more training history.
2026-08-01 16:24:02 | WARNING  | co2_forecast | Model training failed with params {'lookback': 8, 'hidden_size': 54, 'num_layers': 1, 'dropout': 0.3056937753654446, 'learning_rate': 0.005964904231734221, 'batch_size': 8}: LSTM.fit: training data has 8 rows, giving only 0 sequence(s) with lookback=8; at least 2 are required (one is always reserved for validation). Reduce lookback or provide more training history.
2026-08-01 16:24:02 | WARNING  | co2_forecast | Very few sequences (2), LSTM may not train well
2026-08-01 16:24:02 | WARNING  | co2_forecast | Very few sequences (6), LSTM may not train well
2026-08-01 16:24:02 | WARNING  | co2_forecast | Very few sequences (2), LSTM may not train well
2026-08-01 16:24:02 | WARNING  | co2_forecast | Very few sequences (2), LSTM may not train well
2026-08-01 16:24:02 | WARNING  | co2_forecast | Model training failed with params {'lookback': 8, 'hidden_size': 25, 'num_layers': 2, 'dropout': 0.4100531293444458, 'learning_rate': 0.009401039521485473, 'batch_size': 32}: LSTM.fit: training data has 8 rows, giving only 0 sequence(s) with lookback=8; at least 2 are required (one is always reserved for validation). Reduce lookback or provide more training history.
2026-08-01 16:24:02 | INFO     | co2_forecast |   Iteration 0: Best fitness = 1.097285
2026-08-01 16:24:02 | WARNING  | co2_forecast | Very few sequences (3), LSTM may not train well
2026-08-01 16:24:02 | WARNING  | co2_forecast | Very few sequences (7), LSTM may not train well
2026-08-01 16:24:02 | WARNING  | co2_forecast | Very few sequences (3), LSTM may not train well
2026-08-01 16:24:03 | WARNING  | co2_forecast | Very few sequences (3), LSTM may not train well
2026-08-01 16:24:03 | WARNING  | co2_forecast | Very few sequences (2), LSTM may not train well
2026-08-01 16:24:03 | WARNING  | co2_forecast | Very few sequences (6), LSTM may not train well
2026-08-01 16:24:04 | WARNING  | co2_forecast | Very few sequences (2), LSTM may not train well
2026-08-01 16:24:04 | WARNING  | co2_forecast | Very few sequences (2), LSTM may not train well
2026-08-01 16:24:04 | WARNING  | co2_forecast | Model training failed with params {'lookback': 8, 'hidden_size': 44, 'num_layers': 1, 'dropout': 0.3238975389966341, 'learning_rate': 0.005520634690128072, 'batch_size': 8}: LSTM.fit: training data has 8 rows, giving only 0 sequence(s) with lookback=8; at least 2 are required (one is always reserved for validation). Reduce lookback or provide more training history.
2026-08-01 16:24:04 | WARNING  | co2_forecast | Very few sequences (3), LSTM may not train well
2026-08-01 16:24:04 | WARNING  | co2_forecast | Very few sequences (7), LSTM may not train well
2026-08-01 16:24:05 | WARNING  | co2_forecast | Very few sequences (3), LSTM may not train well
2026-08-01 16:24:05 | WARNING  | co2_forecast | Very few sequences (3), LSTM may not train well
2026-08-01 16:24:05 | WARNING  | co2_forecast | Very few sequences (2), LSTM may not train well
2026-08-01 16:24:05 | WARNING  | co2_forecast | Very few sequences (6), LSTM may not train well
2026-08-01 16:24:06 | WARNING  | co2_forecast | Very few sequences (2), LSTM may not train well
2026-08-01 16:24:07 | WARNING  | co2_forecast | Very few sequences (2), LSTM may not train well
2026-08-01 16:24:07 | WARNING  | co2_forecast | Very few sequences (4), LSTM may not train well
2026-08-01 16:24:07 | WARNING  | co2_forecast | Very few sequences (8), LSTM may not train well
2026-08-01 16:24:08 | WARNING  | co2_forecast | Very few sequences (4), LSTM may not train well
2026-08-01 16:24:08 | WARNING  | co2_forecast | Very few sequences (4), LSTM may not train well
2026-08-01 16:24:08 | WARNING  | co2_forecast | Very few sequences (4), LSTM may not train well
2026-08-01 16:24:08 | WARNING  | co2_forecast | Very few sequences (8), LSTM may not train well
2026-08-01 16:24:09 | WARNING  | co2_forecast | Very few sequences (4), LSTM may not train well
2026-08-01 16:24:09 | WARNING  | co2_forecast | Very few sequences (4), LSTM may not train well
2026-08-01 16:24:09 | WARNING  | co2_forecast | Model training failed with params {'lookback': 7, 'hidden_size': 33, 'num_layers': 1, 'dropout': 0.3174646446740698, 'learning_rate': 0.004142028037008457, 'batch_size': 16}: LSTM.fit: training data has 8 rows, giving only 1 sequence(s) with lookback=7; at least 2 are required (one is always reserved for validation). Reduce lookback or provide more training history.
2026-08-01 16:24:09 | WARNING  | co2_forecast | Very few sequences (3), LSTM may not train well
2026-08-01 16:24:09 | WARNING  | co2_forecast | Very few sequences (7), LSTM may not train well
2026-08-01 16:24:09 | WARNING  | co2_forecast | Very few sequences (3), LSTM may not train well
2026-08-01 16:24:10 | WARNING  | co2_forecast | Very few sequences (3), LSTM may not train well
2026-08-01 16:24:10 | WARNING  | co2_forecast | Very few sequences (4), LSTM may not train well
2026-08-01 16:24:10 | WARNING  | co2_forecast | Very few sequences (8), LSTM may not train well
2026-08-01 16:24:11 | WARNING  | co2_forecast | Very few sequences (4), LSTM may not train well
2026-08-01 16:24:11 | WARNING  | co2_forecast | Very few sequences (4), LSTM may not train well
2026-08-01 16:24:11 | WARNING  | co2_forecast | Very few sequences (4), LSTM may not train well
2026-08-01 16:24:11 | WARNING  | co2_forecast | Very few sequences (8), LSTM may not train well
2026-08-01 16:24:12 | WARNING  | co2_forecast | Very few sequences (4), LSTM may not train well
2026-08-01 16:24:12 | WARNING  | co2_forecast | Very few sequences (4), LSTM may not train well
2026-08-01 16:24:12 | WARNING  | co2_forecast | Very few sequences (4), LSTM may not train well
2026-08-01 16:24:12 | WARNING  | co2_forecast | Very few sequences (8), LSTM may not train well
2026-08-01 16:24:13 | WARNING  | co2_forecast | Very few sequences (4), LSTM may not train well
2026-08-01 16:24:13 | WARNING  | co2_forecast | Very few sequences (4), LSTM may not train well
2026-08-01 16:24:13 | WARNING  | co2_forecast | Very few sequences (2), LSTM may not train well
2026-08-01 16:24:13 | WARNING  | co2_forecast | Very few sequences (6), LSTM may not train well
2026-08-01 16:24:13 | WARNING  | co2_forecast | Very few sequences (2), LSTM may not train well
2026-08-01 16:24:14 | WARNING  | co2_forecast | Very few sequences (2), LSTM may not train well
2026-08-01 16:24:14 | WARNING  | co2_forecast | Very few sequences (4), LSTM may not train well
2026-08-01 16:24:14 | WARNING  | co2_forecast | Very few sequences (8), LSTM may not train well
2026-08-01 16:24:14 | WARNING  | co2_forecast | Very few sequences (4), LSTM may not train well
2026-08-01 16:24:14 | WARNING  | co2_forecast | Very few sequences (4), LSTM may not train well
2026-08-01 16:24:15 | WARNING  | co2_forecast | Very few sequences (4), LSTM may not train well
2026-08-01 16:24:15 | WARNING  | co2_forecast | Very few sequences (8), LSTM may not train well
2026-08-01 16:24:15 | WARNING  | co2_forecast | Very few sequences (4), LSTM may not train well
2026-08-01 16:24:15 | WARNING  | co2_forecast | Very few sequences (4), LSTM may not train well
2026-08-01 16:24:15 | WARNING  | co2_forecast | Very few sequences (4), LSTM may not train well
2026-08-01 16:24:16 | WARNING  | co2_forecast | Very few sequences (8), LSTM may not train well
2026-08-01 16:24:16 | WARNING  | co2_forecast | Very few sequences (4), LSTM may not train well
2026-08-01 16:24:16 | WARNING  | co2_forecast | Very few sequences (4), LSTM may not train well
2026-08-01 16:24:16 | WARNING  | co2_forecast | Very few sequences (4), LSTM may not train well
2026-08-01 16:24:17 | WARNING  | co2_forecast | Very few sequences (8), LSTM may not train well
2026-08-01 16:24:17 | WARNING  | co2_forecast | Very few sequences (4), LSTM may not train well
2026-08-01 16:24:17 | WARNING  | co2_forecast | Very few sequences (4), LSTM may not train well
2026-08-01 16:24:17 | WARNING  | co2_forecast | Very few sequences (3), LSTM may not train well
2026-08-01 16:24:17 | WARNING  | co2_forecast | Very few sequences (7), LSTM may not train well
2026-08-01 16:24:18 | WARNING  | co2_forecast | Very few sequences (3), LSTM may not train well
2026-08-01 16:24:18 | WARNING  | co2_forecast | Very few sequences (3), LSTM may not train well
2026-08-01 16:24:18 | WARNING  | co2_forecast | Very few sequences (4), LSTM may not train well
2026-08-01 16:24:18 | WARNING  | co2_forecast | Very few sequences (8), LSTM may not train well
2026-08-01 16:24:19 | WARNING  | co2_forecast | Very few sequences (4), LSTM may not train well
2026-08-01 16:24:19 | WARNING  | co2_forecast | Very few sequences (4), LSTM may not train well
2026-08-01 16:24:19 | WARNING  | co2_forecast | Very few sequences (4), LSTM may not train well
2026-08-01 16:24:20 | WARNING  | co2_forecast | Very few sequences (8), LSTM may not train well
2026-08-01 16:24:20 | WARNING  | co2_forecast | Very few sequences (4), LSTM may not train well
2026-08-01 16:24:20 | WARNING  | co2_forecast | Very few sequences (4), LSTM may not train well
2026-08-01 16:24:20 | WARNING  | co2_forecast | Very few sequences (4), LSTM may not train well
2026-08-01 16:24:21 | WARNING  | co2_forecast | Very few sequences (8), LSTM may not train well
2026-08-01 16:24:21 | WARNING  | co2_forecast | Very few sequences (4), LSTM may not train well
2026-08-01 16:24:21 | WARNING  | co2_forecast | Very few sequences (4), LSTM may not train well
2026-08-01 16:24:21 | WARNING  | co2_forecast | Very few sequences (4), LSTM may not train well
2026-08-01 16:24:21 | WARNING  | co2_forecast | Very few sequences (8), LSTM may not train well
2026-08-01 16:24:22 | WARNING  | co2_forecast | Very few sequences (4), LSTM may not train well
2026-08-01 16:24:22 | WARNING  | co2_forecast | Very few sequences (4), LSTM may not train well
2026-08-01 16:24:22 | WARNING  | co2_forecast | Very few sequences (4), LSTM may not train well
2026-08-01 16:24:22 | WARNING  | co2_forecast | Very few sequences (8), LSTM may not train well
2026-08-01 16:24:23 | WARNING  | co2_forecast | Very few sequences (4), LSTM may not train well
2026-08-01 16:24:23 | WARNING  | co2_forecast | Very few sequences (4), LSTM may not train well
2026-08-01 16:24:23 | WARNING  | co2_forecast | Very few sequences (4), LSTM may not train well
2026-08-01 16:24:23 | WARNING  | co2_forecast | Very few sequences (8), LSTM may not train well
2026-08-01 16:24:24 | WARNING  | co2_forecast | Very few sequences (4), LSTM may not train well
2026-08-01 16:24:24 | WARNING  | co2_forecast | Very few sequences (4), LSTM may not train well
2026-08-01 16:24:24 | WARNING  | co2_forecast | Very few sequences (4), LSTM may not train well
2026-08-01 16:24:24 | WARNING  | co2_forecast | Very few sequences (8), LSTM may not train well
2026-08-01 16:24:25 | WARNING  | co2_forecast | Very few sequences (4), LSTM may not train well
2026-08-01 16:24:25 | WARNING  | co2_forecast | Very few sequences (4), LSTM may not train well
2026-08-01 16:24:25 | INFO     | co2_forecast |   Iteration 5: Best fitness = 0.764094
2026-08-01 16:24:25 | WARNING  | co2_forecast | Very few sequences (4), LSTM may not train well
2026-08-01 16:24:25 | WARNING  | co2_forecast | Very few sequences (8), LSTM may not train well
2026-08-01 16:24:26 | WARNING  | co2_forecast | Very few sequences (4), LSTM may not train well
2026-08-01 16:24:26 | WARNING  | co2_forecast | Very few sequences (4), LSTM may not train well
2026-08-01 16:24:26 | WARNING  | co2_forecast | Very few sequences (4), LSTM may not train well
2026-08-01 16:24:26 | WARNING  | co2_forecast | Very few sequences (8), LSTM may not train well
2026-08-01 16:24:27 | WARNING  | co2_forecast | Very few sequences (4), LSTM may not train well
2026-08-01 16:24:27 | WARNING  | co2_forecast | Very few sequences (4), LSTM may not train well
2026-08-01 16:24:27 | WARNING  | co2_forecast | Very few sequences (4), LSTM may not train well
2026-08-01 16:24:27 | WARNING  | co2_forecast | Very few sequences (8), LSTM may not train well
2026-08-01 16:24:28 | WARNING  | co2_forecast | Very few sequences (4), LSTM may not train well
2026-08-01 16:24:28 | WARNING  | co2_forecast | Very few sequences (4), LSTM may not train well
2026-08-01 16:24:28 | WARNING  | co2_forecast | Very few sequences (4), LSTM may not train well
2026-08-01 16:24:28 | WARNING  | co2_forecast | Very few sequences (8), LSTM may not train well
2026-08-01 16:24:29 | WARNING  | co2_forecast | Very few sequences (4), LSTM may not train well
2026-08-01 16:24:29 | WARNING  | co2_forecast | Very few sequences (4), LSTM may not train well
2026-08-01 16:24:29 | WARNING  | co2_forecast | Very few sequences (4), LSTM may not train well
2026-08-01 16:24:29 | WARNING  | co2_forecast | Very few sequences (8), LSTM may not train well
2026-08-01 16:24:30 | WARNING  | co2_forecast | Very few sequences (4), LSTM may not train well
2026-08-01 16:24:30 | WARNING  | co2_forecast | Very few sequences (4), LSTM may not train well
2026-08-01 16:24:30 | WARNING  | co2_forecast | Very few sequences (4), LSTM may not train well
2026-08-01 16:24:30 | WARNING  | co2_forecast | Very few sequences (8), LSTM may not train well
2026-08-01 16:24:31 | WARNING  | co2_forecast | Very few sequences (4), LSTM may not train well
2026-08-01 16:24:31 | WARNING  | co2_forecast | Very few sequences (4), LSTM may not train well
2026-08-01 16:24:31 | WARNING  | co2_forecast | Very few sequences (4), LSTM may not train well
2026-08-01 16:24:31 | WARNING  | co2_forecast | Very few sequences (8), LSTM may not train well
2026-08-01 16:24:32 | WARNING  | co2_forecast | Very few sequences (4), LSTM may not train well
2026-08-01 16:24:32 | WARNING  | co2_forecast | Very few sequences (4), LSTM may not train well
2026-08-01 16:24:32 | WARNING  | co2_forecast | Very few sequences (4), LSTM may not train well
2026-08-01 16:24:32 | WARNING  | co2_forecast | Very few sequences (8), LSTM may not train well
2026-08-01 16:24:33 | WARNING  | co2_forecast | Very few sequences (4), LSTM may not train well
2026-08-01 16:24:33 | WARNING  | co2_forecast | Very few sequences (4), LSTM may not train well
2026-08-01 16:24:33 | WARNING  | co2_forecast | Very few sequences (4), LSTM may not train well
2026-08-01 16:24:33 | WARNING  | co2_forecast | Very few sequences (8), LSTM may not train well
2026-08-01 16:24:34 | WARNING  | co2_forecast | Very few sequences (4), LSTM may not train well
2026-08-01 16:24:34 | WARNING  | co2_forecast | Very few sequences (4), LSTM may not train well
2026-08-01 16:24:34 | WARNING  | co2_forecast | Very few sequences (4), LSTM may not train well
2026-08-01 16:24:34 | WARNING  | co2_forecast | Very few sequences (8), LSTM may not train well
2026-08-01 16:24:35 | WARNING  | co2_forecast | Very few sequences (4), LSTM may not train well
2026-08-01 16:24:35 | WARNING  | co2_forecast | Very few sequences (4), LSTM may not train well
2026-08-01 16:24:35 | INFO     | co2_forecast |   Iteration 7: Best fitness = 0.764094
2026-08-01 16:24:35 | INFO     | co2_forecast | PSO complete. Best fitness: 0.764094
2026-08-01 16:24:35 | INFO     | co2_forecast |   Best params: {'lookback': 4, 'hidden_size': 16, 'num_layers': 2, 'dropout': 0.5, 'learning_rate': 0.0001, 'batch_size': 32}
2026-08-01 16:24:35 | INFO     | co2_forecast |   Best fitness: 0.764094
2026-08-01 16:24:35 | INFO     | co2_forecast | [A1/panel2_common_period/fs_linear/lstm] sweep tuning: best_params={'lookback': 4, 'hidden_size': 16, 'num_layers': 2, 'dropout': 0.5, 'learning_rate': 0.0001, 'batch_size': 32}
2026-08-01 16:24:36 | INFO     | co2_forecast |   -> weighted_mase=1.0246371666122587, runtime=34.9s
2026-08-01 16:24:37 | INFO     | co2_forecast | Stream B cell: A1/fs_wrapper/ridge (11 features)
2026-08-01 16:24:37 | INFO     | co2_forecast | Creating walk-forward splits for 16 valid samples
2026-08-01 16:24:37 | INFO     | co2_forecast | Created 4 CV folds across horizons [1, 2, 4]
2026-08-01 16:24:37 | INFO     | co2_forecast | Built tuning CV plan: 4 folds from 16 rows before 2022-Q%q (evaluation cutoff) - isolation OK (max tuning date 2021-Q%q)
2026-08-01 16:24:37 | INFO     | co2_forecast | Optimizing ridge...
2026-08-01 16:24:37 | INFO     | co2_forecast | Starting PSO: 5 particles, 8 iterations
2026-08-01 16:24:37 | INFO     | co2_forecast |   Iteration 0: Best fitness = 2.764518
2026-08-01 16:24:37 | INFO     | co2_forecast |   Iteration 5: Best fitness = 2.134233
2026-08-01 16:24:37 | INFO     | co2_forecast |   Iteration 7: Best fitness = 2.134233
2026-08-01 16:24:37 | INFO     | co2_forecast | PSO complete. Best fitness: 2.134233
2026-08-01 16:24:37 | INFO     | co2_forecast |   Best params: {'alpha': 100.0}
2026-08-01 16:24:37 | INFO     | co2_forecast |   Best fitness: 2.134233
2026-08-01 16:24:37 | INFO     | co2_forecast | [A1/panel2_common_period/fs_wrapper/ridge] sweep tuning: best_params={'alpha': 100.0}
2026-08-01 16:24:37 | INFO     | co2_forecast |   -> weighted_mase=0.9051731374752952, runtime=0.2s
2026-08-01 16:24:37 | INFO     | co2_forecast | Stream B cell: A1/fs_wrapper/random_forest (11 features)
2026-08-01 16:24:37 | INFO     | co2_forecast | Creating walk-forward splits for 16 valid samples
2026-08-01 16:24:37 | INFO     | co2_forecast | Created 4 CV folds across horizons [1, 2, 4]
2026-08-01 16:24:37 | INFO     | co2_forecast | Built tuning CV plan: 4 folds from 16 rows before 2022-Q%q (evaluation cutoff) - isolation OK (max tuning date 2021-Q%q)
2026-08-01 16:24:37 | INFO     | co2_forecast | Optimizing random_forest...
2026-08-01 16:24:37 | INFO     | co2_forecast | Starting PSO: 5 particles, 8 iterations
2026-08-01 16:24:40 | INFO     | co2_forecast |   Iteration 0: Best fitness = 0.748939
2026-08-01 16:24:57 | INFO     | co2_forecast |   Iteration 5: Best fitness = 0.314876
2026-08-01 16:25:03 | INFO     | co2_forecast |   Iteration 7: Best fitness = 0.314876
2026-08-01 16:25:03 | INFO     | co2_forecast | PSO complete. Best fitness: 0.314876
2026-08-01 16:25:03 | INFO     | co2_forecast |   Best params: {'n_estimators': 98, 'max_depth': 3, 'min_samples_split': 2, 'min_samples_leaf': 1}
2026-08-01 16:25:03 | INFO     | co2_forecast |   Best fitness: 0.314876
2026-08-01 16:25:03 | INFO     | co2_forecast | [A1/panel2_common_period/fs_wrapper/random_forest] sweep tuning: best_params={'n_estimators': 98, 'max_depth': 3, 'min_samples_split': 2, 'min_samples_leaf': 1}
2026-08-01 16:25:04 | INFO     | co2_forecast |   -> weighted_mase=0.7471041069090267, runtime=27.6s
2026-08-01 16:25:04 | INFO     | co2_forecast | Stream B cell: A1/fs_wrapper/lightgbm (11 features)
2026-08-01 16:25:04 | INFO     | co2_forecast | Creating walk-forward splits for 16 valid samples
2026-08-01 16:25:04 | INFO     | co2_forecast | Created 4 CV folds across horizons [1, 2, 4]
2026-08-01 16:25:04 | INFO     | co2_forecast | Built tuning CV plan: 4 folds from 16 rows before 2022-Q%q (evaluation cutoff) - isolation OK (max tuning date 2021-Q%q)
2026-08-01 16:25:04 | INFO     | co2_forecast | Optimizing lightgbm...
2026-08-01 16:25:04 | INFO     | co2_forecast | Starting PSO: 5 particles, 8 iterations
2026-08-01 16:25:04 | INFO     | co2_forecast |   Iteration 0: Best fitness = 0.768990
2026-08-01 16:25:05 | INFO     | co2_forecast |   Iteration 5: Best fitness = 0.653962
2026-08-01 16:25:05 | INFO     | co2_forecast |   Iteration 7: Best fitness = 0.653962
2026-08-01 16:25:05 | INFO     | co2_forecast | PSO complete. Best fitness: 0.653962
2026-08-01 16:25:05 | INFO     | co2_forecast |   Best params: {'n_estimators': 164, 'learning_rate': 0.3, 'num_leaves': 127, 'max_depth': 10, 'min_child_samples': 6, 'reg_alpha': 0.001, 'reg_lambda': 0.001}
2026-08-01 16:25:05 | INFO     | co2_forecast |   Best fitness: 0.653962
2026-08-01 16:25:05 | INFO     | co2_forecast | [A1/panel2_common_period/fs_wrapper/lightgbm] sweep tuning: best_params={'n_estimators': 164, 'learning_rate': 0.3, 'num_leaves': 127, 'max_depth': 10, 'min_child_samples': 6, 'reg_alpha': 0.001, 'reg_lambda': 0.001}
2026-08-01 16:25:05 | INFO     | co2_forecast |   -> weighted_mase=0.7610224286063254, runtime=1.0s
2026-08-01 16:25:05 | INFO     | co2_forecast | Stream B cell: A1/fs_wrapper/catboost (11 features)
2026-08-01 16:25:05 | INFO     | co2_forecast | Creating walk-forward splits for 16 valid samples
2026-08-01 16:25:05 | INFO     | co2_forecast | Created 4 CV folds across horizons [1, 2, 4]
2026-08-01 16:25:05 | INFO     | co2_forecast | Built tuning CV plan: 4 folds from 16 rows before 2022-Q%q (evaluation cutoff) - isolation OK (max tuning date 2021-Q%q)
2026-08-01 16:25:05 | INFO     | co2_forecast | Optimizing catboost...
2026-08-01 16:25:05 | INFO     | co2_forecast | Starting PSO: 5 particles, 8 iterations
2026-08-01 16:25:34 | INFO     | co2_forecast |   Iteration 0: Best fitness = 0.304603
2026-08-01 16:28:04 | INFO     | co2_forecast |   Iteration 5: Best fitness = 0.283234
2026-08-01 16:29:05 | INFO     | co2_forecast |   Iteration 7: Best fitness = 0.280292
2026-08-01 16:29:05 | INFO     | co2_forecast | PSO complete. Best fitness: 0.280292
2026-08-01 16:29:05 | INFO     | co2_forecast |   Best params: {'iterations': 209, 'learning_rate': 0.18274991866954116, 'depth': 4, 'l2_leaf_reg': 8.182426570824473}
2026-08-01 16:29:05 | INFO     | co2_forecast |   Best fitness: 0.280292
2026-08-01 16:29:05 | INFO     | co2_forecast | [A1/panel2_common_period/fs_wrapper/catboost] sweep tuning: best_params={'iterations': 209, 'learning_rate': 0.18274991866954116, 'depth': 4, 'l2_leaf_reg': 8.182426570824473}
2026-08-01 16:29:17 | INFO     | co2_forecast |   -> weighted_mase=0.6294096386011814, runtime=251.8s
2026-08-01 16:29:17 | INFO     | co2_forecast | Stream B cell: A1/fs_wrapper/lstm (11 features)
2026-08-01 16:29:17 | INFO     | co2_forecast | Creating walk-forward splits for 16 valid samples
2026-08-01 16:29:17 | INFO     | co2_forecast | Created 4 CV folds across horizons [1, 2, 4]
2026-08-01 16:29:17 | INFO     | co2_forecast | Built tuning CV plan: 4 folds from 16 rows before 2022-Q%q (evaluation cutoff) - isolation OK (max tuning date 2021-Q%q)
2026-08-01 16:29:17 | INFO     | co2_forecast | Optimizing lstm...
2026-08-01 16:29:17 | INFO     | co2_forecast | Starting PSO: 5 particles, 8 iterations
2026-08-01 16:29:17 | WARNING  | co2_forecast | Model training failed with params {'lookback': 7, 'hidden_size': 62, 'num_layers': 2, 'dropout': 0.3394633936788146, 'learning_rate': 0.0016445845403801217, 'batch_size': 8}: LSTM.fit: training data has 8 rows, giving only 1 sequence(s) with lookback=7; at least 2 are required (one is always reserved for validation). Reduce lookback or provide more training history.
2026-08-01 16:29:17 | WARNING  | co2_forecast | Model training failed with params {'lookback': 11, 'hidden_size': 26, 'num_layers': 1, 'dropout': 0.17336180394137352, 'learning_rate': 0.0031119982052994237, 'batch_size': 16}: LSTM.fit: training data has 8 rows, giving only 0 sequence(s) with lookback=11; at least 2 are required (one is always reserved for validation). Reduce lookback or provide more training history.
2026-08-01 16:29:17 | WARNING  | co2_forecast | Model training failed with params {'lookback': 8, 'hidden_size': 54, 'num_layers': 1, 'dropout': 0.3056937753654446, 'learning_rate': 0.005964904231734221, 'batch_size': 8}: LSTM.fit: training data has 8 rows, giving only 0 sequence(s) with lookback=8; at least 2 are required (one is always reserved for validation). Reduce lookback or provide more training history.
2026-08-01 16:29:17 | WARNING  | co2_forecast | Very few sequences (2), LSTM may not train well
2026-08-01 16:29:17 | WARNING  | co2_forecast | Very few sequences (6), LSTM may not train well
2026-08-01 16:29:17 | WARNING  | co2_forecast | Very few sequences (2), LSTM may not train well
2026-08-01 16:29:18 | WARNING  | co2_forecast | Very few sequences (2), LSTM may not train well
2026-08-01 16:29:18 | WARNING  | co2_forecast | Model training failed with params {'lookback': 8, 'hidden_size': 25, 'num_layers': 2, 'dropout': 0.4100531293444458, 'learning_rate': 0.009401039521485473, 'batch_size': 32}: LSTM.fit: training data has 8 rows, giving only 0 sequence(s) with lookback=8; at least 2 are required (one is always reserved for validation). Reduce lookback or provide more training history.
2026-08-01 16:29:18 | INFO     | co2_forecast |   Iteration 0: Best fitness = 0.996182
2026-08-01 16:29:18 | WARNING  | co2_forecast | Very few sequences (3), LSTM may not train well
2026-08-01 16:29:18 | WARNING  | co2_forecast | Very few sequences (7), LSTM may not train well
2026-08-01 16:29:18 | WARNING  | co2_forecast | Very few sequences (3), LSTM may not train well
2026-08-01 16:29:19 | WARNING  | co2_forecast | Very few sequences (3), LSTM may not train well
2026-08-01 16:29:19 | WARNING  | co2_forecast | Very few sequences (2), LSTM may not train well
2026-08-01 16:29:19 | WARNING  | co2_forecast | Very few sequences (6), LSTM may not train well
2026-08-01 16:29:19 | WARNING  | co2_forecast | Very few sequences (2), LSTM may not train well
2026-08-01 16:29:20 | WARNING  | co2_forecast | Very few sequences (2), LSTM may not train well
2026-08-01 16:29:20 | WARNING  | co2_forecast | Model training failed with params {'lookback': 8, 'hidden_size': 44, 'num_layers': 1, 'dropout': 0.3238975389966341, 'learning_rate': 0.005520634690128072, 'batch_size': 8}: LSTM.fit: training data has 8 rows, giving only 0 sequence(s) with lookback=8; at least 2 are required (one is always reserved for validation). Reduce lookback or provide more training history.
2026-08-01 16:29:20 | WARNING  | co2_forecast | Very few sequences (3), LSTM may not train well
2026-08-01 16:29:20 | WARNING  | co2_forecast | Very few sequences (7), LSTM may not train well
2026-08-01 16:29:20 | WARNING  | co2_forecast | Very few sequences (3), LSTM may not train well
2026-08-01 16:29:20 | WARNING  | co2_forecast | Very few sequences (3), LSTM may not train well
2026-08-01 16:29:21 | WARNING  | co2_forecast | Very few sequences (2), LSTM may not train well
2026-08-01 16:29:21 | WARNING  | co2_forecast | Very few sequences (6), LSTM may not train well
2026-08-01 16:29:21 | WARNING  | co2_forecast | Very few sequences (2), LSTM may not train well
2026-08-01 16:29:22 | WARNING  | co2_forecast | Very few sequences (2), LSTM may not train well
2026-08-01 16:29:23 | WARNING  | co2_forecast | Very few sequences (4), LSTM may not train well
2026-08-01 16:29:23 | WARNING  | co2_forecast | Very few sequences (8), LSTM may not train well
2026-08-01 16:29:23 | WARNING  | co2_forecast | Very few sequences (4), LSTM may not train well
2026-08-01 16:29:23 | WARNING  | co2_forecast | Very few sequences (4), LSTM may not train well
2026-08-01 16:29:24 | WARNING  | co2_forecast | Very few sequences (4), LSTM may not train well
2026-08-01 16:29:24 | WARNING  | co2_forecast | Very few sequences (8), LSTM may not train well
2026-08-01 16:29:24 | WARNING  | co2_forecast | Very few sequences (4), LSTM may not train well
2026-08-01 16:29:24 | WARNING  | co2_forecast | Very few sequences (4), LSTM may not train well
2026-08-01 16:29:25 | WARNING  | co2_forecast | Model training failed with params {'lookback': 7, 'hidden_size': 33, 'num_layers': 1, 'dropout': 0.3174646446740698, 'learning_rate': 0.004142028037008457, 'batch_size': 16}: LSTM.fit: training data has 8 rows, giving only 1 sequence(s) with lookback=7; at least 2 are required (one is always reserved for validation). Reduce lookback or provide more training history.
2026-08-01 16:29:25 | WARNING  | co2_forecast | Very few sequences (3), LSTM may not train well
2026-08-01 16:29:25 | WARNING  | co2_forecast | Very few sequences (7), LSTM may not train well
2026-08-01 16:29:25 | WARNING  | co2_forecast | Very few sequences (3), LSTM may not train well
2026-08-01 16:29:26 | WARNING  | co2_forecast | Very few sequences (3), LSTM may not train well
2026-08-01 16:29:26 | WARNING  | co2_forecast | Very few sequences (4), LSTM may not train well
2026-08-01 16:29:26 | WARNING  | co2_forecast | Very few sequences (8), LSTM may not train well
2026-08-01 16:29:27 | WARNING  | co2_forecast | Very few sequences (4), LSTM may not train well
2026-08-01 16:29:27 | WARNING  | co2_forecast | Very few sequences (4), LSTM may not train well
2026-08-01 16:29:27 | WARNING  | co2_forecast | Very few sequences (4), LSTM may not train well
2026-08-01 16:29:27 | WARNING  | co2_forecast | Very few sequences (8), LSTM may not train well
2026-08-01 16:29:28 | WARNING  | co2_forecast | Very few sequences (4), LSTM may not train well
2026-08-01 16:29:28 | WARNING  | co2_forecast | Very few sequences (4), LSTM may not train well
2026-08-01 16:29:28 | WARNING  | co2_forecast | Very few sequences (4), LSTM may not train well
2026-08-01 16:29:28 | WARNING  | co2_forecast | Very few sequences (8), LSTM may not train well
2026-08-01 16:29:29 | WARNING  | co2_forecast | Very few sequences (4), LSTM may not train well
2026-08-01 16:29:29 | WARNING  | co2_forecast | Very few sequences (4), LSTM may not train well
2026-08-01 16:29:29 | WARNING  | co2_forecast | Very few sequences (2), LSTM may not train well
2026-08-01 16:29:29 | WARNING  | co2_forecast | Very few sequences (6), LSTM may not train well
2026-08-01 16:29:29 | WARNING  | co2_forecast | Very few sequences (2), LSTM may not train well
2026-08-01 16:29:29 | WARNING  | co2_forecast | Very few sequences (2), LSTM may not train well
2026-08-01 16:29:29 | WARNING  | co2_forecast | Very few sequences (4), LSTM may not train well
2026-08-01 16:29:29 | WARNING  | co2_forecast | Very few sequences (8), LSTM may not train well
2026-08-01 16:29:30 | WARNING  | co2_forecast | Very few sequences (4), LSTM may not train well
2026-08-01 16:29:30 | WARNING  | co2_forecast | Very few sequences (4), LSTM may not train well
2026-08-01 16:29:30 | WARNING  | co2_forecast | Very few sequences (4), LSTM may not train well
2026-08-01 16:29:30 | WARNING  | co2_forecast | Very few sequences (8), LSTM may not train well
2026-08-01 16:29:31 | WARNING  | co2_forecast | Very few sequences (4), LSTM may not train well
2026-08-01 16:29:31 | WARNING  | co2_forecast | Very few sequences (4), LSTM may not train well
2026-08-01 16:29:31 | WARNING  | co2_forecast | Very few sequences (4), LSTM may not train well
2026-08-01 16:29:31 | WARNING  | co2_forecast | Very few sequences (8), LSTM may not train well
2026-08-01 16:29:32 | WARNING  | co2_forecast | Very few sequences (4), LSTM may not train well
2026-08-01 16:29:32 | WARNING  | co2_forecast | Very few sequences (4), LSTM may not train well
2026-08-01 16:29:32 | WARNING  | co2_forecast | Very few sequences (4), LSTM may not train well
2026-08-01 16:29:32 | WARNING  | co2_forecast | Very few sequences (8), LSTM may not train well
2026-08-01 16:29:33 | WARNING  | co2_forecast | Very few sequences (4), LSTM may not train well
2026-08-01 16:29:33 | WARNING  | co2_forecast | Very few sequences (4), LSTM may not train well
2026-08-01 16:29:33 | WARNING  | co2_forecast | Very few sequences (3), LSTM may not train well
2026-08-01 16:29:33 | WARNING  | co2_forecast | Very few sequences (7), LSTM may not train well
2026-08-01 16:29:33 | WARNING  | co2_forecast | Very few sequences (3), LSTM may not train well
2026-08-01 16:29:34 | WARNING  | co2_forecast | Very few sequences (3), LSTM may not train well
2026-08-01 16:29:34 | WARNING  | co2_forecast | Very few sequences (4), LSTM may not train well
2026-08-01 16:29:34 | WARNING  | co2_forecast | Very few sequences (8), LSTM may not train well
2026-08-01 16:29:35 | WARNING  | co2_forecast | Very few sequences (4), LSTM may not train well
2026-08-01 16:29:35 | WARNING  | co2_forecast | Very few sequences (4), LSTM may not train well
2026-08-01 16:29:35 | WARNING  | co2_forecast | Very few sequences (4), LSTM may not train well
2026-08-01 16:29:35 | WARNING  | co2_forecast | Very few sequences (8), LSTM may not train well
2026-08-01 16:29:36 | WARNING  | co2_forecast | Very few sequences (4), LSTM may not train well
2026-08-01 16:29:36 | WARNING  | co2_forecast | Very few sequences (4), LSTM may not train well
2026-08-01 16:29:36 | WARNING  | co2_forecast | Very few sequences (4), LSTM may not train well
2026-08-01 16:29:36 | WARNING  | co2_forecast | Very few sequences (8), LSTM may not train well
2026-08-01 16:29:37 | WARNING  | co2_forecast | Very few sequences (4), LSTM may not train well
2026-08-01 16:29:37 | WARNING  | co2_forecast | Very few sequences (4), LSTM may not train well
2026-08-01 16:29:37 | WARNING  | co2_forecast | Very few sequences (4), LSTM may not train well
2026-08-01 16:29:37 | WARNING  | co2_forecast | Very few sequences (8), LSTM may not train well
2026-08-01 16:29:38 | WARNING  | co2_forecast | Very few sequences (4), LSTM may not train well
2026-08-01 16:29:38 | WARNING  | co2_forecast | Very few sequences (4), LSTM may not train well
2026-08-01 16:29:38 | WARNING  | co2_forecast | Very few sequences (4), LSTM may not train well
2026-08-01 16:29:38 | WARNING  | co2_forecast | Very few sequences (8), LSTM may not train well
2026-08-01 16:29:39 | WARNING  | co2_forecast | Very few sequences (4), LSTM may not train well
2026-08-01 16:29:39 | WARNING  | co2_forecast | Very few sequences (4), LSTM may not train well
2026-08-01 16:29:39 | WARNING  | co2_forecast | Very few sequences (4), LSTM may not train well
2026-08-01 16:29:39 | WARNING  | co2_forecast | Very few sequences (8), LSTM may not train well
2026-08-01 16:29:40 | WARNING  | co2_forecast | Very few sequences (4), LSTM may not train well
2026-08-01 16:29:40 | WARNING  | co2_forecast | Very few sequences (4), LSTM may not train well
2026-08-01 16:29:40 | WARNING  | co2_forecast | Very few sequences (4), LSTM may not train well
2026-08-01 16:29:40 | WARNING  | co2_forecast | Very few sequences (8), LSTM may not train well
2026-08-01 16:29:41 | WARNING  | co2_forecast | Very few sequences (4), LSTM may not train well
2026-08-01 16:29:41 | WARNING  | co2_forecast | Very few sequences (4), LSTM may not train well
2026-08-01 16:29:41 | INFO     | co2_forecast |   Iteration 5: Best fitness = 0.762056
2026-08-01 16:29:41 | WARNING  | co2_forecast | Very few sequences (4), LSTM may not train well
2026-08-01 16:29:41 | WARNING  | co2_forecast | Very few sequences (8), LSTM may not train well
2026-08-01 16:29:42 | WARNING  | co2_forecast | Very few sequences (4), LSTM may not train well
2026-08-01 16:29:42 | WARNING  | co2_forecast | Very few sequences (4), LSTM may not train well
2026-08-01 16:29:42 | WARNING  | co2_forecast | Very few sequences (4), LSTM may not train well
2026-08-01 16:29:42 | WARNING  | co2_forecast | Very few sequences (8), LSTM may not train well
2026-08-01 16:29:43 | WARNING  | co2_forecast | Very few sequences (4), LSTM may not train well
2026-08-01 16:29:43 | WARNING  | co2_forecast | Very few sequences (4), LSTM may not train well
2026-08-01 16:29:43 | WARNING  | co2_forecast | Very few sequences (4), LSTM may not train well
2026-08-01 16:29:43 | WARNING  | co2_forecast | Very few sequences (8), LSTM may not train well
2026-08-01 16:29:44 | WARNING  | co2_forecast | Very few sequences (4), LSTM may not train well
2026-08-01 16:29:44 | WARNING  | co2_forecast | Very few sequences (4), LSTM may not train well
2026-08-01 16:29:44 | WARNING  | co2_forecast | Very few sequences (4), LSTM may not train well
2026-08-01 16:29:44 | WARNING  | co2_forecast | Very few sequences (8), LSTM may not train well
2026-08-01 16:29:45 | WARNING  | co2_forecast | Very few sequences (4), LSTM may not train well
2026-08-01 16:29:45 | WARNING  | co2_forecast | Very few sequences (4), LSTM may not train well
2026-08-01 16:29:45 | WARNING  | co2_forecast | Very few sequences (4), LSTM may not train well
2026-08-01 16:29:45 | WARNING  | co2_forecast | Very few sequences (8), LSTM may not train well
2026-08-01 16:29:46 | WARNING  | co2_forecast | Very few sequences (4), LSTM may not train well
2026-08-01 16:29:46 | WARNING  | co2_forecast | Very few sequences (4), LSTM may not train well
2026-08-01 16:29:46 | WARNING  | co2_forecast | Very few sequences (4), LSTM may not train well
2026-08-01 16:29:46 | WARNING  | co2_forecast | Very few sequences (8), LSTM may not train well
2026-08-01 16:29:47 | WARNING  | co2_forecast | Very few sequences (4), LSTM may not train well
2026-08-01 16:29:47 | WARNING  | co2_forecast | Very few sequences (4), LSTM may not train well
2026-08-01 16:29:47 | WARNING  | co2_forecast | Very few sequences (4), LSTM may not train well
2026-08-01 16:29:47 | WARNING  | co2_forecast | Very few sequences (8), LSTM may not train well
2026-08-01 16:29:48 | WARNING  | co2_forecast | Very few sequences (4), LSTM may not train well
2026-08-01 16:29:48 | WARNING  | co2_forecast | Very few sequences (4), LSTM may not train well
2026-08-01 16:29:48 | WARNING  | co2_forecast | Very few sequences (4), LSTM may not train well
2026-08-01 16:29:48 | WARNING  | co2_forecast | Very few sequences (8), LSTM may not train well
2026-08-01 16:29:49 | WARNING  | co2_forecast | Very few sequences (4), LSTM may not train well
2026-08-01 16:29:49 | WARNING  | co2_forecast | Very few sequences (4), LSTM may not train well
2026-08-01 16:29:49 | WARNING  | co2_forecast | Very few sequences (4), LSTM may not train well
2026-08-01 16:29:49 | WARNING  | co2_forecast | Very few sequences (8), LSTM may not train well
2026-08-01 16:29:50 | WARNING  | co2_forecast | Very few sequences (4), LSTM may not train well
2026-08-01 16:29:50 | WARNING  | co2_forecast | Very few sequences (4), LSTM may not train well
2026-08-01 16:29:50 | WARNING  | co2_forecast | Very few sequences (4), LSTM may not train well
2026-08-01 16:29:50 | WARNING  | co2_forecast | Very few sequences (8), LSTM may not train well
2026-08-01 16:29:51 | WARNING  | co2_forecast | Very few sequences (4), LSTM may not train well
2026-08-01 16:29:51 | WARNING  | co2_forecast | Very few sequences (4), LSTM may not train well
2026-08-01 16:29:51 | INFO     | co2_forecast |   Iteration 7: Best fitness = 0.761869
2026-08-01 16:29:51 | INFO     | co2_forecast | PSO complete. Best fitness: 0.761869
2026-08-01 16:29:51 | INFO     | co2_forecast |   Best params: {'lookback': 4, 'hidden_size': 16, 'num_layers': 2, 'dropout': 0.5, 'learning_rate': 0.0001, 'batch_size': 32}
2026-08-01 16:29:51 | INFO     | co2_forecast |   Best fitness: 0.761869
2026-08-01 16:29:51 | INFO     | co2_forecast | [A1/panel2_common_period/fs_wrapper/lstm] sweep tuning: best_params={'lookback': 4, 'hidden_size': 16, 'num_layers': 2, 'dropout': 0.5, 'learning_rate': 0.0001, 'batch_size': 32}
2026-08-01 16:29:55 | INFO     | co2_forecast |   -> weighted_mase=1.0201003381189613, runtime=38.2s
2026-08-01 16:29:55 | INFO     | co2_forecast | Stream B cell: A1/fs_xgboost_shap/ridge (5 features)
2026-08-01 16:29:55 | INFO     | co2_forecast | Creating walk-forward splits for 16 valid samples
2026-08-01 16:29:55 | INFO     | co2_forecast | Created 4 CV folds across horizons [1, 2, 4]
2026-08-01 16:29:55 | INFO     | co2_forecast | Built tuning CV plan: 4 folds from 16 rows before 2022-Q%q (evaluation cutoff) - isolation OK (max tuning date 2021-Q%q)
2026-08-01 16:29:55 | INFO     | co2_forecast | Optimizing ridge...
2026-08-01 16:29:55 | INFO     | co2_forecast | Starting PSO: 5 particles, 8 iterations
2026-08-01 16:29:55 | INFO     | co2_forecast |   Iteration 0: Best fitness = 0.648440
2026-08-01 16:29:55 | INFO     | co2_forecast |   Iteration 5: Best fitness = 0.620518
2026-08-01 16:29:55 | INFO     | co2_forecast |   Iteration 7: Best fitness = 0.616938
2026-08-01 16:29:55 | INFO     | co2_forecast | PSO complete. Best fitness: 0.616938
2026-08-01 16:29:55 | INFO     | co2_forecast |   Best params: {'alpha': 90.87659797032974}
2026-08-01 16:29:55 | INFO     | co2_forecast |   Best fitness: 0.616938
2026-08-01 16:29:55 | INFO     | co2_forecast | [A1/panel2_common_period/fs_xgboost_shap/ridge] sweep tuning: best_params={'alpha': 90.87659797032974}
2026-08-01 16:29:55 | INFO     | co2_forecast |   -> weighted_mase=0.8803982273796316, runtime=0.2s
2026-08-01 16:29:55 | INFO     | co2_forecast | Stream B cell: A1/fs_xgboost_shap/random_forest (5 features)
2026-08-01 16:29:55 | INFO     | co2_forecast | Creating walk-forward splits for 16 valid samples
2026-08-01 16:29:55 | INFO     | co2_forecast | Created 4 CV folds across horizons [1, 2, 4]
2026-08-01 16:29:55 | INFO     | co2_forecast | Built tuning CV plan: 4 folds from 16 rows before 2022-Q%q (evaluation cutoff) - isolation OK (max tuning date 2021-Q%q)
2026-08-01 16:29:55 | INFO     | co2_forecast | Optimizing random_forest...
2026-08-01 16:29:55 | INFO     | co2_forecast | Starting PSO: 5 particles, 8 iterations
2026-08-01 16:29:59 | INFO     | co2_forecast |   Iteration 0: Best fitness = 0.748939
2026-08-01 16:30:17 | INFO     | co2_forecast |   Iteration 5: Best fitness = 0.349094
2026-08-01 16:30:29 | INFO     | co2_forecast |   Iteration 7: Best fitness = 0.338746
2026-08-01 16:30:29 | INFO     | co2_forecast | PSO complete. Best fitness: 0.338746
2026-08-01 16:30:29 | INFO     | co2_forecast |   Best params: {'n_estimators': 250, 'max_depth': 3, 'min_samples_split': 2, 'min_samples_leaf': 1}
2026-08-01 16:30:29 | INFO     | co2_forecast |   Best fitness: 0.338746
2026-08-01 16:30:29 | INFO     | co2_forecast | [A1/panel2_common_period/fs_xgboost_shap/random_forest] sweep tuning: best_params={'n_estimators': 250, 'max_depth': 3, 'min_samples_split': 2, 'min_samples_leaf': 1}
2026-08-01 16:30:31 | INFO     | co2_forecast |   -> weighted_mase=0.7307607799408965, runtime=35.6s
2026-08-01 16:30:31 | INFO     | co2_forecast | Stream B cell: A1/fs_xgboost_shap/lightgbm (5 features)
2026-08-01 16:30:31 | INFO     | co2_forecast | Creating walk-forward splits for 16 valid samples
2026-08-01 16:30:31 | INFO     | co2_forecast | Created 4 CV folds across horizons [1, 2, 4]
2026-08-01 16:30:31 | INFO     | co2_forecast | Built tuning CV plan: 4 folds from 16 rows before 2022-Q%q (evaluation cutoff) - isolation OK (max tuning date 2021-Q%q)
2026-08-01 16:30:31 | INFO     | co2_forecast | Optimizing lightgbm...
2026-08-01 16:30:31 | INFO     | co2_forecast | Starting PSO: 5 particles, 8 iterations
2026-08-01 16:30:31 | INFO     | co2_forecast |   Iteration 0: Best fitness = 0.768990
2026-08-01 16:30:31 | INFO     | co2_forecast |   Iteration 5: Best fitness = 0.653962
2026-08-01 16:30:32 | INFO     | co2_forecast |   Iteration 7: Best fitness = 0.653962
2026-08-01 16:30:32 | INFO     | co2_forecast | PSO complete. Best fitness: 0.653962
2026-08-01 16:30:32 | INFO     | co2_forecast |   Best params: {'n_estimators': 295, 'learning_rate': 0.3, 'num_leaves': 127, 'max_depth': 9, 'min_child_samples': 5, 'reg_alpha': 0.001, 'reg_lambda': 0.001}
2026-08-01 16:30:32 | INFO     | co2_forecast |   Best fitness: 0.653962
2026-08-01 16:30:32 | INFO     | co2_forecast | [A1/panel2_common_period/fs_xgboost_shap/lightgbm] sweep tuning: best_params={'n_estimators': 295, 'learning_rate': 0.3, 'num_leaves': 127, 'max_depth': 9, 'min_child_samples': 5, 'reg_alpha': 0.001, 'reg_lambda': 0.001}
2026-08-01 16:30:32 | INFO     | co2_forecast |   -> weighted_mase=0.9460139742265479, runtime=1.0s
2026-08-01 16:30:32 | INFO     | co2_forecast | Stream B cell: A1/fs_xgboost_shap/catboost (5 features)
2026-08-01 16:30:32 | INFO     | co2_forecast | Creating walk-forward splits for 16 valid samples
2026-08-01 16:30:32 | INFO     | co2_forecast | Created 4 CV folds across horizons [1, 2, 4]
2026-08-01 16:30:32 | INFO     | co2_forecast | Built tuning CV plan: 4 folds from 16 rows before 2022-Q%q (evaluation cutoff) - isolation OK (max tuning date 2021-Q%q)
2026-08-01 16:30:32 | INFO     | co2_forecast | Optimizing catboost...
2026-08-01 16:30:32 | INFO     | co2_forecast | Starting PSO: 5 particles, 8 iterations
2026-08-01 16:30:59 | INFO     | co2_forecast |   Iteration 0: Best fitness = 0.326669
2026-08-01 16:35:23 | INFO     | co2_forecast |   Iteration 5: Best fitness = 0.302495
2026-08-01 16:47:07 | INFO     | co2_forecast |   Iteration 7: Best fitness = 0.290379
2026-08-01 16:47:07 | INFO     | co2_forecast | PSO complete. Best fitness: 0.290379
2026-08-01 16:47:07 | INFO     | co2_forecast |   Best params: {'iterations': 158, 'learning_rate': 0.22054847910699169, 'depth': 4, 'l2_leaf_reg': 9.16209838980899}
2026-08-01 16:47:07 | INFO     | co2_forecast |   Best fitness: 0.290379
2026-08-01 16:47:07 | INFO     | co2_forecast | [A1/panel2_common_period/fs_xgboost_shap/catboost] sweep tuning: best_params={'iterations': 158, 'learning_rate': 0.22054847910699169, 'depth': 4, 'l2_leaf_reg': 9.16209838980899}
2026-08-01 16:48:48 | INFO     | co2_forecast |   -> weighted_mase=0.6867493142637012, runtime=1096.3s
2026-08-01 16:48:48 | INFO     | co2_forecast | Stream B cell: A1/fs_xgboost_shap/lstm (5 features)
2026-08-01 16:48:48 | INFO     | co2_forecast | Creating walk-forward splits for 16 valid samples
2026-08-01 16:48:48 | INFO     | co2_forecast | Created 4 CV folds across horizons [1, 2, 4]
2026-08-01 16:48:48 | INFO     | co2_forecast | Built tuning CV plan: 4 folds from 16 rows before 2022-Q%q (evaluation cutoff) - isolation OK (max tuning date 2021-Q%q)
2026-08-01 16:48:48 | INFO     | co2_forecast | Optimizing lstm...
2026-08-01 16:48:48 | INFO     | co2_forecast | Starting PSO: 5 particles, 8 iterations
2026-08-01 16:48:48 | WARNING  | co2_forecast | Model training failed with params {'lookback': 7, 'hidden_size': 62, 'num_layers': 2, 'dropout': 0.3394633936788146, 'learning_rate': 0.0016445845403801217, 'batch_size': 8}: LSTM.fit: training data has 8 rows, giving only 1 sequence(s) with lookback=7; at least 2 are required (one is always reserved for validation). Reduce lookback or provide more training history.
2026-08-01 16:48:48 | WARNING  | co2_forecast | Model training failed with params {'lookback': 11, 'hidden_size': 26, 'num_layers': 1, 'dropout': 0.17336180394137352, 'learning_rate': 0.0031119982052994237, 'batch_size': 16}: LSTM.fit: training data has 8 rows, giving only 0 sequence(s) with lookback=11; at least 2 are required (one is always reserved for validation). Reduce lookback or provide more training history.
2026-08-01 16:48:48 | WARNING  | co2_forecast | Model training failed with params {'lookback': 8, 'hidden_size': 54, 'num_layers': 1, 'dropout': 0.3056937753654446, 'learning_rate': 0.005964904231734221, 'batch_size': 8}: LSTM.fit: training data has 8 rows, giving only 0 sequence(s) with lookback=8; at least 2 are required (one is always reserved for validation). Reduce lookback or provide more training history.
2026-08-01 16:48:48 | WARNING  | co2_forecast | Very few sequences (2), LSTM may not train well
2026-08-01 16:48:48 | WARNING  | co2_forecast | Very few sequences (6), LSTM may not train well
2026-08-01 16:48:49 | WARNING  | co2_forecast | Very few sequences (2), LSTM may not train well
2026-08-01 16:48:49 | WARNING  | co2_forecast | Very few sequences (2), LSTM may not train well
2026-08-01 16:48:49 | WARNING  | co2_forecast | Model training failed with params {'lookback': 8, 'hidden_size': 25, 'num_layers': 2, 'dropout': 0.4100531293444458, 'learning_rate': 0.009401039521485473, 'batch_size': 32}: LSTM.fit: training data has 8 rows, giving only 0 sequence(s) with lookback=8; at least 2 are required (one is always reserved for validation). Reduce lookback or provide more training history.
2026-08-01 16:48:49 | INFO     | co2_forecast |   Iteration 0: Best fitness = 1.015703
2026-08-01 16:48:49 | WARNING  | co2_forecast | Very few sequences (3), LSTM may not train well
2026-08-01 16:48:49 | WARNING  | co2_forecast | Very few sequences (7), LSTM may not train well
2026-08-01 16:48:49 | WARNING  | co2_forecast | Very few sequences (3), LSTM may not train well
2026-08-01 16:48:50 | WARNING  | co2_forecast | Very few sequences (3), LSTM may not train well
2026-08-01 16:48:50 | WARNING  | co2_forecast | Very few sequences (2), LSTM may not train well
2026-08-01 16:48:50 | WARNING  | co2_forecast | Very few sequences (6), LSTM may not train well
2026-08-01 16:48:51 | WARNING  | co2_forecast | Very few sequences (2), LSTM may not train well
2026-08-01 16:48:51 | WARNING  | co2_forecast | Very few sequences (2), LSTM may not train well
2026-08-01 16:48:51 | WARNING  | co2_forecast | Model training failed with params {'lookback': 8, 'hidden_size': 44, 'num_layers': 1, 'dropout': 0.3238975389966341, 'learning_rate': 0.005520634690128072, 'batch_size': 8}: LSTM.fit: training data has 8 rows, giving only 0 sequence(s) with lookback=8; at least 2 are required (one is always reserved for validation). Reduce lookback or provide more training history.
2026-08-01 16:48:51 | WARNING  | co2_forecast | Very few sequences (3), LSTM may not train well
2026-08-01 16:48:51 | WARNING  | co2_forecast | Very few sequences (7), LSTM may not train well
2026-08-01 16:48:51 | WARNING  | co2_forecast | Very few sequences (3), LSTM may not train well
2026-08-01 16:48:52 | WARNING  | co2_forecast | Very few sequences (3), LSTM may not train well
2026-08-01 16:48:52 | WARNING  | co2_forecast | Very few sequences (2), LSTM may not train well
2026-08-01 16:48:52 | WARNING  | co2_forecast | Very few sequences (6), LSTM may not train well
2026-08-01 16:48:53 | WARNING  | co2_forecast | Very few sequences (2), LSTM may not train well
2026-08-01 16:48:54 | WARNING  | co2_forecast | Very few sequences (2), LSTM may not train well
2026-08-01 16:48:54 | WARNING  | co2_forecast | Very few sequences (4), LSTM may not train well
2026-08-01 16:48:55 | WARNING  | co2_forecast | Very few sequences (8), LSTM may not train well
2026-08-01 16:48:55 | WARNING  | co2_forecast | Very few sequences (4), LSTM may not train well
2026-08-01 16:48:55 | WARNING  | co2_forecast | Very few sequences (4), LSTM may not train well
2026-08-01 16:48:55 | WARNING  | co2_forecast | Very few sequences (4), LSTM may not train well
2026-08-01 16:48:55 | WARNING  | co2_forecast | Very few sequences (8), LSTM may not train well
2026-08-01 16:48:55 | WARNING  | co2_forecast | Very few sequences (4), LSTM may not train well
2026-08-01 16:48:55 | WARNING  | co2_forecast | Very few sequences (4), LSTM may not train well
2026-08-01 16:48:55 | WARNING  | co2_forecast | Model training failed with params {'lookback': 7, 'hidden_size': 33, 'num_layers': 1, 'dropout': 0.3174646446740698, 'learning_rate': 0.004142028037008457, 'batch_size': 16}: LSTM.fit: training data has 8 rows, giving only 1 sequence(s) with lookback=7; at least 2 are required (one is always reserved for validation). Reduce lookback or provide more training history.
2026-08-01 16:48:55 | WARNING  | co2_forecast | Very few sequences (3), LSTM may not train well
2026-08-01 16:48:55 | WARNING  | co2_forecast | Very few sequences (7), LSTM may not train well
2026-08-01 16:48:55 | WARNING  | co2_forecast | Very few sequences (3), LSTM may not train well
2026-08-01 16:48:56 | WARNING  | co2_forecast | Very few sequences (3), LSTM may not train well
2026-08-01 16:48:56 | WARNING  | co2_forecast | Very few sequences (4), LSTM may not train well
2026-08-01 16:48:56 | WARNING  | co2_forecast | Very few sequences (8), LSTM may not train well
2026-08-01 16:48:57 | WARNING  | co2_forecast | Very few sequences (4), LSTM may not train well
2026-08-01 16:48:57 | WARNING  | co2_forecast | Very few sequences (4), LSTM may not train well
2026-08-01 16:48:57 | WARNING  | co2_forecast | Very few sequences (4), LSTM may not train well
2026-08-01 16:48:57 | WARNING  | co2_forecast | Very few sequences (8), LSTM may not train well
2026-08-01 16:48:57 | WARNING  | co2_forecast | Very few sequences (4), LSTM may not train well
2026-08-01 16:48:57 | WARNING  | co2_forecast | Very few sequences (4), LSTM may not train well
2026-08-01 16:48:57 | WARNING  | co2_forecast | Very few sequences (4), LSTM may not train well
2026-08-01 16:48:57 | WARNING  | co2_forecast | Very few sequences (8), LSTM may not train well
2026-08-01 16:48:57 | WARNING  | co2_forecast | Very few sequences (4), LSTM may not train well
2026-08-01 16:48:57 | WARNING  | co2_forecast | Very few sequences (4), LSTM may not train well
2026-08-01 16:48:57 | WARNING  | co2_forecast | Very few sequences (2), LSTM may not train well
2026-08-01 16:48:57 | WARNING  | co2_forecast | Very few sequences (6), LSTM may not train well
2026-08-01 16:48:58 | WARNING  | co2_forecast | Very few sequences (2), LSTM may not train well
2026-08-01 16:48:58 | WARNING  | co2_forecast | Very few sequences (2), LSTM may not train well
2026-08-01 16:48:58 | WARNING  | co2_forecast | Very few sequences (4), LSTM may not train well
2026-08-01 16:48:58 | WARNING  | co2_forecast | Very few sequences (8), LSTM may not train well
2026-08-01 16:48:58 | WARNING  | co2_forecast | Very few sequences (4), LSTM may not train well
2026-08-01 16:48:58 | WARNING  | co2_forecast | Very few sequences (4), LSTM may not train well
2026-08-01 16:48:58 | WARNING  | co2_forecast | Very few sequences (4), LSTM may not train well
2026-08-01 16:48:58 | WARNING  | co2_forecast | Very few sequences (8), LSTM may not train well
2026-08-01 16:48:58 | WARNING  | co2_forecast | Very few sequences (4), LSTM may not train well
2026-08-01 16:48:58 | WARNING  | co2_forecast | Very few sequences (4), LSTM may not train well
2026-08-01 16:48:59 | WARNING  | co2_forecast | Very few sequences (4), LSTM may not train well
2026-08-01 16:48:59 | WARNING  | co2_forecast | Very few sequences (8), LSTM may not train well
2026-08-01 16:48:59 | WARNING  | co2_forecast | Very few sequences (4), LSTM may not train well
2026-08-01 16:48:59 | WARNING  | co2_forecast | Very few sequences (4), LSTM may not train well
2026-08-01 16:48:59 | WARNING  | co2_forecast | Very few sequences (4), LSTM may not train well
2026-08-01 16:48:59 | WARNING  | co2_forecast | Very few sequences (8), LSTM may not train well
2026-08-01 16:48:59 | WARNING  | co2_forecast | Very few sequences (4), LSTM may not train well
2026-08-01 16:48:59 | WARNING  | co2_forecast | Very few sequences (4), LSTM may not train well
2026-08-01 16:48:59 | WARNING  | co2_forecast | Very few sequences (3), LSTM may not train well
2026-08-01 16:48:59 | WARNING  | co2_forecast | Very few sequences (7), LSTM may not train well
2026-08-01 16:49:00 | WARNING  | co2_forecast | Very few sequences (3), LSTM may not train well
2026-08-01 16:49:00 | WARNING  | co2_forecast | Very few sequences (3), LSTM may not train well
2026-08-01 16:49:00 | WARNING  | co2_forecast | Very few sequences (4), LSTM may not train well
2026-08-01 16:49:00 | WARNING  | co2_forecast | Very few sequences (8), LSTM may not train well
2026-08-01 16:49:00 | WARNING  | co2_forecast | Very few sequences (4), LSTM may not train well
2026-08-01 16:49:01 | WARNING  | co2_forecast | Very few sequences (4), LSTM may not train well
2026-08-01 16:49:01 | WARNING  | co2_forecast | Very few sequences (4), LSTM may not train well
2026-08-01 16:49:01 | WARNING  | co2_forecast | Very few sequences (8), LSTM may not train well
2026-08-01 16:49:01 | WARNING  | co2_forecast | Very few sequences (4), LSTM may not train well
2026-08-01 16:49:01 | WARNING  | co2_forecast | Very few sequences (4), LSTM may not train well
2026-08-01 16:49:01 | WARNING  | co2_forecast | Very few sequences (4), LSTM may not train well
2026-08-01 16:49:01 | WARNING  | co2_forecast | Very few sequences (8), LSTM may not train well
2026-08-01 16:49:01 | WARNING  | co2_forecast | Very few sequences (4), LSTM may not train well
2026-08-01 16:49:01 | WARNING  | co2_forecast | Very few sequences (4), LSTM may not train well
2026-08-01 16:49:01 | WARNING  | co2_forecast | Very few sequences (4), LSTM may not train well
2026-08-01 16:49:01 | WARNING  | co2_forecast | Very few sequences (8), LSTM may not train well
2026-08-01 16:49:01 | WARNING  | co2_forecast | Very few sequences (4), LSTM may not train well
2026-08-01 16:49:02 | WARNING  | co2_forecast | Very few sequences (4), LSTM may not train well
2026-08-01 16:49:02 | WARNING  | co2_forecast | Very few sequences (4), LSTM may not train well
2026-08-01 16:49:02 | WARNING  | co2_forecast | Very few sequences (8), LSTM may not train well
2026-08-01 16:49:02 | WARNING  | co2_forecast | Very few sequences (4), LSTM may not train well
2026-08-01 16:49:02 | WARNING  | co2_forecast | Very few sequences (4), LSTM may not train well
2026-08-01 16:49:02 | WARNING  | co2_forecast | Very few sequences (4), LSTM may not train well
2026-08-01 16:49:02 | WARNING  | co2_forecast | Very few sequences (8), LSTM may not train well
2026-08-01 16:49:02 | WARNING  | co2_forecast | Very few sequences (4), LSTM may not train well
2026-08-01 16:49:02 | WARNING  | co2_forecast | Very few sequences (4), LSTM may not train well
2026-08-01 16:49:02 | WARNING  | co2_forecast | Very few sequences (4), LSTM may not train well
2026-08-01 16:49:02 | WARNING  | co2_forecast | Very few sequences (8), LSTM may not train well
2026-08-01 16:49:03 | WARNING  | co2_forecast | Very few sequences (4), LSTM may not train well
2026-08-01 16:49:03 | WARNING  | co2_forecast | Very few sequences (4), LSTM may not train well
2026-08-01 16:49:03 | INFO     | co2_forecast |   Iteration 5: Best fitness = 0.773557
2026-08-01 16:49:03 | WARNING  | co2_forecast | Very few sequences (4), LSTM may not train well
2026-08-01 16:49:03 | WARNING  | co2_forecast | Very few sequences (8), LSTM may not train well
2026-08-01 16:49:03 | WARNING  | co2_forecast | Very few sequences (4), LSTM may not train well
2026-08-01 16:49:03 | WARNING  | co2_forecast | Very few sequences (4), LSTM may not train well
2026-08-01 16:49:03 | WARNING  | co2_forecast | Very few sequences (4), LSTM may not train well
2026-08-01 16:49:03 | WARNING  | co2_forecast | Very few sequences (8), LSTM may not train well
2026-08-01 16:49:03 | WARNING  | co2_forecast | Very few sequences (4), LSTM may not train well
2026-08-01 16:49:03 | WARNING  | co2_forecast | Very few sequences (4), LSTM may not train well
2026-08-01 16:49:04 | WARNING  | co2_forecast | Very few sequences (4), LSTM may not train well
2026-08-01 16:49:04 | WARNING  | co2_forecast | Very few sequences (8), LSTM may not train well
2026-08-01 16:49:04 | WARNING  | co2_forecast | Very few sequences (4), LSTM may not train well
2026-08-01 16:49:04 | WARNING  | co2_forecast | Very few sequences (4), LSTM may not train well
2026-08-01 16:49:04 | WARNING  | co2_forecast | Very few sequences (4), LSTM may not train well
2026-08-01 16:49:04 | WARNING  | co2_forecast | Very few sequences (8), LSTM may not train well
2026-08-01 16:49:04 | WARNING  | co2_forecast | Very few sequences (4), LSTM may not train well
2026-08-01 16:49:04 | WARNING  | co2_forecast | Very few sequences (4), LSTM may not train well
2026-08-01 16:49:04 | WARNING  | co2_forecast | Very few sequences (4), LSTM may not train well
2026-08-01 16:49:04 | WARNING  | co2_forecast | Very few sequences (8), LSTM may not train well
2026-08-01 16:49:05 | WARNING  | co2_forecast | Very few sequences (4), LSTM may not train well
2026-08-01 16:49:05 | WARNING  | co2_forecast | Very few sequences (4), LSTM may not train well
2026-08-01 16:49:05 | WARNING  | co2_forecast | Very few sequences (4), LSTM may not train well
2026-08-01 16:49:05 | WARNING  | co2_forecast | Very few sequences (8), LSTM may not train well
2026-08-01 16:49:05 | WARNING  | co2_forecast | Very few sequences (4), LSTM may not train well
2026-08-01 16:49:05 | WARNING  | co2_forecast | Very few sequences (4), LSTM may not train well
2026-08-01 16:49:05 | WARNING  | co2_forecast | Very few sequences (4), LSTM may not train well
2026-08-01 16:49:05 | WARNING  | co2_forecast | Very few sequences (8), LSTM may not train well
2026-08-01 16:49:05 | WARNING  | co2_forecast | Very few sequences (4), LSTM may not train well
2026-08-01 16:49:06 | WARNING  | co2_forecast | Very few sequences (4), LSTM may not train well
2026-08-01 16:49:06 | WARNING  | co2_forecast | Very few sequences (4), LSTM may not train well
2026-08-01 16:49:06 | WARNING  | co2_forecast | Very few sequences (8), LSTM may not train well
2026-08-01 16:49:06 | WARNING  | co2_forecast | Very few sequences (4), LSTM may not train well
2026-08-01 16:49:06 | WARNING  | co2_forecast | Very few sequences (4), LSTM may not train well
2026-08-01 16:49:06 | WARNING  | co2_forecast | Very few sequences (4), LSTM may not train well
2026-08-01 16:49:06 | WARNING  | co2_forecast | Very few sequences (8), LSTM may not train well
2026-08-01 16:49:06 | WARNING  | co2_forecast | Very few sequences (4), LSTM may not train well
2026-08-01 16:49:06 | WARNING  | co2_forecast | Very few sequences (4), LSTM may not train well
2026-08-01 16:49:06 | WARNING  | co2_forecast | Very few sequences (4), LSTM may not train well
2026-08-01 16:49:06 | WARNING  | co2_forecast | Very few sequences (8), LSTM may not train well
2026-08-01 16:49:07 | WARNING  | co2_forecast | Very few sequences (4), LSTM may not train well
2026-08-01 16:49:07 | WARNING  | co2_forecast | Very few sequences (4), LSTM may not train well
2026-08-01 16:49:07 | INFO     | co2_forecast |   Iteration 7: Best fitness = 0.773557
2026-08-01 16:49:07 | INFO     | co2_forecast | PSO complete. Best fitness: 0.773557
2026-08-01 16:49:07 | INFO     | co2_forecast |   Best params: {'lookback': 4, 'hidden_size': 16, 'num_layers': 2, 'dropout': 0.14520465023938992, 'learning_rate': 0.0001493198589315643, 'batch_size': 16}
2026-08-01 16:49:07 | INFO     | co2_forecast |   Best fitness: 0.773557
2026-08-01 16:49:07 | INFO     | co2_forecast | [A1/panel2_common_period/fs_xgboost_shap/lstm] sweep tuning: best_params={'lookback': 4, 'hidden_size': 16, 'num_layers': 2, 'dropout': 0.14520465023938992, 'learning_rate': 0.0001493198589315643, 'batch_size': 16}
2026-08-01 16:49:10 | INFO     | co2_forecast |   -> weighted_mase=1.0282831083596797, runtime=21.5s
2026-08-01 16:49:10 | INFO     | co2_forecast | Stream B cell: A1/fs_permutation_stability/ridge (5 features)
2026-08-01 16:49:10 | INFO     | co2_forecast | Creating walk-forward splits for 16 valid samples
2026-08-01 16:49:10 | INFO     | co2_forecast | Created 4 CV folds across horizons [1, 2, 4]
2026-08-01 16:49:10 | INFO     | co2_forecast | Built tuning CV plan: 4 folds from 16 rows before 2022-Q%q (evaluation cutoff) - isolation OK (max tuning date 2021-Q%q)
2026-08-01 16:49:10 | INFO     | co2_forecast | Optimizing ridge...
2026-08-01 16:49:10 | INFO     | co2_forecast | Starting PSO: 5 particles, 8 iterations
2026-08-01 16:49:10 | INFO     | co2_forecast |   Iteration 0: Best fitness = 0.738720
2026-08-01 16:49:10 | INFO     | co2_forecast |   Iteration 5: Best fitness = 0.729100
2026-08-01 16:49:10 | INFO     | co2_forecast |   Iteration 7: Best fitness = 0.729100
2026-08-01 16:49:10 | INFO     | co2_forecast | PSO complete. Best fitness: 0.729100
2026-08-01 16:49:10 | INFO     | co2_forecast |   Best params: {'alpha': 3.535316417294956}
2026-08-01 16:49:10 | INFO     | co2_forecast |   Best fitness: 0.729100
2026-08-01 16:49:10 | INFO     | co2_forecast | [A1/panel2_common_period/fs_permutation_stability/ridge] sweep tuning: best_params={'alpha': 3.535316417294956}
2026-08-01 16:49:10 | INFO     | co2_forecast |   -> weighted_mase=1.1155946709737063, runtime=0.2s
2026-08-01 16:49:10 | INFO     | co2_forecast | Stream B cell: A1/fs_permutation_stability/random_forest (5 features)
2026-08-01 16:49:10 | INFO     | co2_forecast | Creating walk-forward splits for 16 valid samples
2026-08-01 16:49:10 | INFO     | co2_forecast | Created 4 CV folds across horizons [1, 2, 4]
2026-08-01 16:49:10 | INFO     | co2_forecast | Built tuning CV plan: 4 folds from 16 rows before 2022-Q%q (evaluation cutoff) - isolation OK (max tuning date 2021-Q%q)
2026-08-01 16:49:10 | INFO     | co2_forecast | Optimizing random_forest...
2026-08-01 16:49:10 | INFO     | co2_forecast | Starting PSO: 5 particles, 8 iterations
2026-08-01 16:49:14 | INFO     | co2_forecast |   Iteration 0: Best fitness = 0.771606
2026-08-01 16:49:28 | INFO     | co2_forecast |   Iteration 5: Best fitness = 0.769627
2026-08-01 16:49:33 | INFO     | co2_forecast |   Iteration 7: Best fitness = 0.768515
2026-08-01 16:49:33 | INFO     | co2_forecast | PSO complete. Best fitness: 0.768515
2026-08-01 16:49:33 | INFO     | co2_forecast |   Best params: {'n_estimators': 75, 'max_depth': 17, 'min_samples_split': 16, 'min_samples_leaf': 7}
2026-08-01 16:49:33 | INFO     | co2_forecast |   Best fitness: 0.768515
2026-08-01 16:49:33 | INFO     | co2_forecast | [A1/panel2_common_period/fs_permutation_stability/random_forest] sweep tuning: best_params={'n_estimators': 75, 'max_depth': 17, 'min_samples_split': 16, 'min_samples_leaf': 7}
2026-08-01 16:49:34 | INFO     | co2_forecast |   -> weighted_mase=1.0322615658338548, runtime=23.8s
2026-08-01 16:49:34 | INFO     | co2_forecast | Stream B cell: A1/fs_permutation_stability/lightgbm (5 features)
2026-08-01 16:49:34 | INFO     | co2_forecast | Creating walk-forward splits for 16 valid samples
2026-08-01 16:49:34 | INFO     | co2_forecast | Created 4 CV folds across horizons [1, 2, 4]
2026-08-01 16:49:34 | INFO     | co2_forecast | Built tuning CV plan: 4 folds from 16 rows before 2022-Q%q (evaluation cutoff) - isolation OK (max tuning date 2021-Q%q)
2026-08-01 16:49:34 | INFO     | co2_forecast | Optimizing lightgbm...
2026-08-01 16:49:34 | INFO     | co2_forecast | Starting PSO: 5 particles, 8 iterations
2026-08-01 16:49:34 | INFO     | co2_forecast |   Iteration 0: Best fitness = 0.768990
2026-08-01 16:49:34 | INFO     | co2_forecast |   Iteration 5: Best fitness = 0.768990
2026-08-01 16:49:35 | INFO     | co2_forecast |   Iteration 7: Best fitness = 0.768990
2026-08-01 16:49:35 | INFO     | co2_forecast | PSO complete. Best fitness: 0.768990
2026-08-01 16:49:35 | INFO     | co2_forecast |   Best params: {'n_estimators': 144, 'learning_rate': 0.28570714885887566, 'num_leaves': 97, 'max_depth': 10, 'min_child_samples': 12, 'reg_alpha': 1.5607892088416901, 'reg_lambda': 0.5817780380698264}
2026-08-01 16:49:35 | INFO     | co2_forecast |   Best fitness: 0.768990
2026-08-01 16:49:35 | INFO     | co2_forecast | [A1/panel2_common_period/fs_permutation_stability/lightgbm] sweep tuning: best_params={'n_estimators': 144, 'learning_rate': 0.28570714885887566, 'num_leaves': 97, 'max_depth': 10, 'min_child_samples': 12, 'reg_alpha': 1.5607892088416901, 'reg_lambda': 0.5817780380698264}
2026-08-01 16:49:35 | INFO     | co2_forecast |   -> weighted_mase=1.0410666416960128, runtime=0.8s
2026-08-01 16:49:35 | INFO     | co2_forecast | Stream B cell: A1/fs_permutation_stability/catboost (5 features)
2026-08-01 16:49:35 | INFO     | co2_forecast | Creating walk-forward splits for 16 valid samples
2026-08-01 16:49:35 | INFO     | co2_forecast | Created 4 CV folds across horizons [1, 2, 4]
2026-08-01 16:49:35 | INFO     | co2_forecast | Built tuning CV plan: 4 folds from 16 rows before 2022-Q%q (evaluation cutoff) - isolation OK (max tuning date 2021-Q%q)
2026-08-01 16:49:35 | INFO     | co2_forecast | Optimizing catboost...
2026-08-01 16:49:35 | INFO     | co2_forecast | Starting PSO: 5 particles, 8 iterations
2026-08-01 16:49:54 | WARNING  | co2_forecast | Model training failed with params {'iterations': 144, 'learning_rate': 0.28570714885887566, 'depth': 8, 'l2_leaf_reg': 6.026718993550662}: catboost/libs/data/quantization.cpp:2420: All features are either constant or ignored.
2026-08-01 16:49:58 | WARNING  | co2_forecast | Model training failed with params {'iterations': 200, 'learning_rate': 0.21534104756085318, 'depth': 3, 'l2_leaf_reg': 9.702107536403744}: catboost/libs/data/quantization.cpp:2420: All features are either constant or ignored.
2026-08-01 16:50:30 | WARNING  | co2_forecast | Model training failed with params {'iterations': 126, 'learning_rate': 0.16217936517334897, 'depth': 6, 'l2_leaf_reg': 2.983168487960615}: catboost/libs/data/quantization.cpp:2420: All features are either constant or ignored.
2026-08-01 16:50:38 | WARNING  | co2_forecast | Model training failed with params {'iterations': 164, 'learning_rate': 0.23770102880397392, 'depth': 4, 'l2_leaf_reg': 5.190920940294755}: catboost/libs/data/quantization.cpp:2420: All features are either constant or ignored.
2026-08-01 16:50:55 | WARNING  | co2_forecast | Model training failed with params {'iterations': 66, 'learning_rate': 0.2851768058034666, 'depth': 10, 'l2_leaf_reg': 8.103133746352965}: catboost/libs/data/quantization.cpp:2420: All features are either constant or ignored.
2026-08-01 16:50:55 | INFO     | co2_forecast |   Iteration 0: Best fitness = inf
2026-08-01 16:51:19 | WARNING  | co2_forecast | Model training failed with params {'iterations': 132, 'learning_rate': 0.2717405263845255, 'depth': 8, 'l2_leaf_reg': 6.534239131594722}: catboost/libs/data/quantization.cpp:2420: All features are either constant or ignored.
2026-08-01 16:51:34 | WARNING  | co2_forecast | Model training failed with params {'iterations': 135, 'learning_rate': 0.29964001274194235, 'depth': 10, 'l2_leaf_reg': 4.250147505686233}: catboost/libs/data/quantization.cpp:2420: All features are either constant or ignored.
2026-08-01 16:51:53 | WARNING  | co2_forecast | Model training failed with params {'iterations': 148, 'learning_rate': 0.2703026800586014, 'depth': 8, 'l2_leaf_reg': 5.822576053031024}: catboost/libs/data/quantization.cpp:2420: All features are either constant or ignored.
2026-08-01 16:52:01 | WARNING  | co2_forecast | Model training failed with params {'iterations': 152, 'learning_rate': 0.25673658735247157, 'depth': 7, 'l2_leaf_reg': 5.38627513521694}: catboost/libs/data/quantization.cpp:2420: All features are either constant or ignored.
2026-08-01 16:52:24 | WARNING  | co2_forecast | Model training failed with params {'iterations': 81, 'learning_rate': 0.2689893480472499, 'depth': 10, 'l2_leaf_reg': 7.44443332481439}: catboost/libs/data/quantization.cpp:2420: All features are either constant or ignored.
2026-08-01 16:52:50 | WARNING  | co2_forecast | Model training failed with params {'iterations': 155, 'learning_rate': 0.29861337195622495, 'depth': 8, 'l2_leaf_reg': 5.557731724794483}: catboost/libs/data/quantization.cpp:2420: All features are either constant or ignored.
2026-08-01 16:53:12 | WARNING  | co2_forecast | Model training failed with params {'iterations': 194, 'learning_rate': 0.2205597512600221, 'depth': 3, 'l2_leaf_reg': 10.0}: catboost/libs/data/quantization.cpp:2420: All features are either constant or ignored.
2026-08-01 16:53:29 | WARNING  | co2_forecast | Model training failed with params {'iterations': 138, 'learning_rate': 0.2695632200925517, 'depth': 7, 'l2_leaf_reg': 5.526054086827735}: catboost/libs/data/quantization.cpp:2420: All features are either constant or ignored.
2026-08-01 16:53:34 | WARNING  | co2_forecast | Model training failed with params {'iterations': 143, 'learning_rate': 0.2759180734755844, 'depth': 9, 'l2_leaf_reg': 5.683998550918017}: catboost/libs/data/quantization.cpp:2420: All features are either constant or ignored.
2026-08-01 16:53:54 | WARNING  | co2_forecast | Model training failed with params {'iterations': 121, 'learning_rate': 0.2670278235667139, 'depth': 9, 'l2_leaf_reg': 6.340802575617012}: catboost/libs/data/quantization.cpp:2420: All features are either constant or ignored.
2026-08-01 16:54:14 | WARNING  | co2_forecast | Model training failed with params {'iterations': 160, 'learning_rate': 0.3, 'depth': 8, 'l2_leaf_reg': 5.352095200926489}: catboost/libs/data/quantization.cpp:2420: All features are either constant or ignored.
2026-08-01 16:54:21 | WARNING  | co2_forecast | Model training failed with params {'iterations': 215, 'learning_rate': 0.1946800792363757, 'depth': 3, 'l2_leaf_reg': 10.0}: catboost/libs/data/quantization.cpp:2420: All features are either constant or ignored.
2026-08-01 16:54:44 | WARNING  | co2_forecast | Model training failed with params {'iterations': 131, 'learning_rate': 0.23694602321094804, 'depth': 7, 'l2_leaf_reg': 4.658606108891374}: catboost/libs/data/quantization.cpp:2420: All features are either constant or ignored.
2026-08-01 16:55:07 | WARNING  | co2_forecast | Model training failed with params {'iterations': 142, 'learning_rate': 0.29277850463358446, 'depth': 8, 'l2_leaf_reg': 6.196421741017712}: catboost/libs/data/quantization.cpp:2420: All features are either constant or ignored.
2026-08-01 16:55:25 | WARNING  | co2_forecast | Model training failed with params {'iterations': 176, 'learning_rate': 0.29536318110119564, 'depth': 7, 'l2_leaf_reg': 5.315761536035135}: catboost/libs/data/quantization.cpp:2420: All features are either constant or ignored.
2026-08-01 16:55:47 | WARNING  | co2_forecast | Model training failed with params {'iterations': 140, 'learning_rate': 0.283026943916598, 'depth': 8, 'l2_leaf_reg': 6.194974494237032}: catboost/libs/data/quantization.cpp:2420: All features are either constant or ignored.
2026-08-01 16:56:10 | WARNING  | co2_forecast | Model training failed with params {'iterations': 142, 'learning_rate': 0.2886171000810596, 'depth': 7, 'l2_leaf_reg': 6.372611753877718}: catboost/libs/data/quantization.cpp:2420: All features are either constant or ignored.
2026-08-01 16:56:31 | WARNING  | co2_forecast | Model training failed with params {'iterations': 135, 'learning_rate': 0.18883889296443102, 'depth': 7, 'l2_leaf_reg': 3.7890304446493532}: catboost/libs/data/quantization.cpp:2420: All features are either constant or ignored.
2026-08-01 16:56:52 | WARNING  | co2_forecast | Model training failed with params {'iterations': 167, 'learning_rate': 0.23972543634813284, 'depth': 3, 'l2_leaf_reg': 5.362346539267432}: catboost/libs/data/quantization.cpp:2420: All features are either constant or ignored.
2026-08-01 16:56:56 | WARNING  | co2_forecast | Model training failed with params {'iterations': 149, 'learning_rate': 0.3, 'depth': 7, 'l2_leaf_reg': 6.241877202159969}: catboost/libs/data/quantization.cpp:2420: All features are either constant or ignored.
2026-08-01 16:57:03 | WARNING  | co2_forecast | Model training failed with params {'iterations': 136, 'learning_rate': 0.27758976013238873, 'depth': 8, 'l2_leaf_reg': 6.386598178276442}: catboost/libs/data/quantization.cpp:2420: All features are either constant or ignored.
2026-08-01 16:57:14 | WARNING  | co2_forecast | Model training failed with params {'iterations': 122, 'learning_rate': 0.3, 'depth': 8, 'l2_leaf_reg': 5.553102288171776}: catboost/libs/data/quantization.cpp:2420: All features are either constant or ignored.
2026-08-01 16:57:35 | WARNING  | co2_forecast | Model training failed with params {'iterations': 138, 'learning_rate': 0.19130477991085074, 'depth': 7, 'l2_leaf_reg': 3.919888065803886}: catboost/libs/data/quantization.cpp:2420: All features are either constant or ignored.
2026-08-01 16:57:39 | WARNING  | co2_forecast | Model training failed with params {'iterations': 159, 'learning_rate': 0.24581008650670771, 'depth': 5, 'l2_leaf_reg': 5.249253690461204}: catboost/libs/data/quantization.cpp:2420: All features are either constant or ignored.
2026-08-01 16:57:45 | WARNING  | co2_forecast | Model training failed with params {'iterations': 50, 'learning_rate': 0.2782787122407423, 'depth': 10, 'l2_leaf_reg': 9.189207720487346}: catboost/libs/data/quantization.cpp:2420: All features are either constant or ignored.
2026-08-01 16:57:45 | INFO     | co2_forecast |   Iteration 5: Best fitness = inf
2026-08-01 16:58:02 | WARNING  | co2_forecast | Model training failed with params {'iterations': 143, 'learning_rate': 0.28411098202574897, 'depth': 8, 'l2_leaf_reg': 6.064578581676263}: catboost/libs/data/quantization.cpp:2420: All features are either constant or ignored.
2026-08-01 16:58:21 | WARNING  | co2_forecast | Model training failed with params {'iterations': 216, 'learning_rate': 0.20900796714447578, 'depth': 3, 'l2_leaf_reg': 10.0}: catboost/libs/data/quantization.cpp:2420: All features are either constant or ignored.
2026-08-01 16:58:42 | WARNING  | co2_forecast | Model training failed with params {'iterations': 131, 'learning_rate': 0.22918740648759084, 'depth': 7, 'l2_leaf_reg': 4.48424474737538}: catboost/libs/data/quantization.cpp:2420: All features are either constant or ignored.
2026-08-01 16:59:04 | WARNING  | co2_forecast | Model training failed with params {'iterations': 148, 'learning_rate': 0.26908873572373954, 'depth': 8, 'l2_leaf_reg': 5.626827364532254}: catboost/libs/data/quantization.cpp:2420: All features are either constant or ignored.
2026-08-01 16:59:10 | WARNING  | co2_forecast | Model training failed with params {'iterations': 50, 'learning_rate': 0.2652842144821291, 'depth': 10, 'l2_leaf_reg': 10.0}: catboost/libs/data/quantization.cpp:2420: All features are either constant or ignored.
2026-08-01 16:59:13 | WARNING  | co2_forecast | Model training failed with params {'iterations': 149, 'learning_rate': 0.2900076778212071, 'depth': 8, 'l2_leaf_reg': 5.814429843022461}: catboost/libs/data/quantization.cpp:2420: All features are either constant or ignored.
2026-08-01 16:59:31 | WARNING  | co2_forecast | Model training failed with params {'iterations': 216, 'learning_rate': 0.21053762860916964, 'depth': 3, 'l2_leaf_reg': 9.852120424696395}: catboost/libs/data/quantization.cpp:2420: All features are either constant or ignored.
2026-08-01 16:59:54 | WARNING  | co2_forecast | Model training failed with params {'iterations': 124, 'learning_rate': 0.1840669463176068, 'depth': 6, 'l2_leaf_reg': 3.3894767094661566}: catboost/libs/data/quantization.cpp:2420: All features are either constant or ignored.
2026-08-01 17:00:11 | WARNING  | co2_forecast | Model training failed with params {'iterations': 146, 'learning_rate': 0.2839428291015004, 'depth': 7, 'l2_leaf_reg': 6.060537082459409}: catboost/libs/data/quantization.cpp:2420: All features are either constant or ignored.
2026-08-01 17:00:21 | WARNING  | co2_forecast | Model training failed with params {'iterations': 50, 'learning_rate': 0.26590568737024683, 'depth': 10, 'l2_leaf_reg': 9.818655700079226}: catboost/libs/data/quantization.cpp:2420: All features are either constant or ignored.
2026-08-01 17:00:21 | INFO     | co2_forecast |   Iteration 7: Best fitness = inf
2026-08-01 17:00:21 | INFO     | co2_forecast | PSO complete. Best fitness: inf
2026-08-01 17:00:21 | INFO     | co2_forecast |   Best params: {'iterations': 144, 'learning_rate': 0.28570714885887566, 'depth': 8, 'l2_leaf_reg': 6.026718993550662}
2026-08-01 17:00:21 | INFO     | co2_forecast |   Best fitness: inf
2026-08-01 17:00:21 | INFO     | co2_forecast | [A1/panel2_common_period/fs_permutation_stability/catboost] sweep tuning: best_params={'iterations': 144, 'learning_rate': 0.28570714885887566, 'depth': 8, 'l2_leaf_reg': 6.026718993550662}
2026-08-01 17:01:52 | INFO     | co2_forecast |   -> weighted_mase=1.1752559814861314, runtime=737.2s
2026-08-01 17:01:52 | INFO     | co2_forecast | Stream B cell: A1/fs_permutation_stability/lstm (5 features)
2026-08-01 17:01:52 | INFO     | co2_forecast | Creating walk-forward splits for 16 valid samples
2026-08-01 17:01:52 | INFO     | co2_forecast | Created 4 CV folds across horizons [1, 2, 4]
2026-08-01 17:01:52 | INFO     | co2_forecast | Built tuning CV plan: 4 folds from 16 rows before 2022-Q%q (evaluation cutoff) - isolation OK (max tuning date 2021-Q%q)
2026-08-01 17:01:52 | INFO     | co2_forecast | Optimizing lstm...
2026-08-01 17:01:52 | INFO     | co2_forecast | Starting PSO: 5 particles, 8 iterations
2026-08-01 17:01:52 | WARNING  | co2_forecast | Model training failed with params {'lookback': 7, 'hidden_size': 62, 'num_layers': 2, 'dropout': 0.3394633936788146, 'learning_rate': 0.0016445845403801217, 'batch_size': 8}: LSTM.fit: training data has 8 rows, giving only 1 sequence(s) with lookback=7; at least 2 are required (one is always reserved for validation). Reduce lookback or provide more training history.
2026-08-01 17:01:52 | WARNING  | co2_forecast | Model training failed with params {'lookback': 11, 'hidden_size': 26, 'num_layers': 1, 'dropout': 0.17336180394137352, 'learning_rate': 0.0031119982052994237, 'batch_size': 16}: LSTM.fit: training data has 8 rows, giving only 0 sequence(s) with lookback=11; at least 2 are required (one is always reserved for validation). Reduce lookback or provide more training history.
2026-08-01 17:01:52 | WARNING  | co2_forecast | Model training failed with params {'lookback': 8, 'hidden_size': 54, 'num_layers': 1, 'dropout': 0.3056937753654446, 'learning_rate': 0.005964904231734221, 'batch_size': 8}: LSTM.fit: training data has 8 rows, giving only 0 sequence(s) with lookback=8; at least 2 are required (one is always reserved for validation). Reduce lookback or provide more training history.
2026-08-01 17:01:52 | WARNING  | co2_forecast | Very few sequences (2), LSTM may not train well
2026-08-01 17:01:52 | WARNING  | co2_forecast | Very few sequences (6), LSTM may not train well
2026-08-01 17:01:52 | WARNING  | co2_forecast | Very few sequences (2), LSTM may not train well
2026-08-01 17:01:53 | WARNING  | co2_forecast | Very few sequences (2), LSTM may not train well
2026-08-01 17:01:53 | WARNING  | co2_forecast | Model training failed with params {'lookback': 8, 'hidden_size': 25, 'num_layers': 2, 'dropout': 0.4100531293444458, 'learning_rate': 0.009401039521485473, 'batch_size': 32}: LSTM.fit: training data has 8 rows, giving only 0 sequence(s) with lookback=8; at least 2 are required (one is always reserved for validation). Reduce lookback or provide more training history.
2026-08-01 17:01:53 | INFO     | co2_forecast |   Iteration 0: Best fitness = 1.060178
2026-08-01 17:01:53 | WARNING  | co2_forecast | Very few sequences (3), LSTM may not train well
2026-08-01 17:01:53 | WARNING  | co2_forecast | Very few sequences (7), LSTM may not train well
2026-08-01 17:01:53 | WARNING  | co2_forecast | Very few sequences (3), LSTM may not train well
2026-08-01 17:01:54 | WARNING  | co2_forecast | Very few sequences (3), LSTM may not train well
2026-08-01 17:01:54 | WARNING  | co2_forecast | Very few sequences (2), LSTM may not train well
2026-08-01 17:01:54 | WARNING  | co2_forecast | Very few sequences (6), LSTM may not train well
2026-08-01 17:01:54 | WARNING  | co2_forecast | Very few sequences (2), LSTM may not train well
2026-08-01 17:01:54 | WARNING  | co2_forecast | Very few sequences (2), LSTM may not train well
2026-08-01 17:01:55 | WARNING  | co2_forecast | Model training failed with params {'lookback': 8, 'hidden_size': 44, 'num_layers': 1, 'dropout': 0.3238975389966341, 'learning_rate': 0.005520634690128072, 'batch_size': 8}: LSTM.fit: training data has 8 rows, giving only 0 sequence(s) with lookback=8; at least 2 are required (one is always reserved for validation). Reduce lookback or provide more training history.
2026-08-01 17:01:55 | WARNING  | co2_forecast | Very few sequences (3), LSTM may not train well
2026-08-01 17:01:55 | WARNING  | co2_forecast | Very few sequences (7), LSTM may not train well
2026-08-01 17:01:55 | WARNING  | co2_forecast | Very few sequences (3), LSTM may not train well
2026-08-01 17:01:55 | WARNING  | co2_forecast | Very few sequences (3), LSTM may not train well
2026-08-01 17:01:55 | WARNING  | co2_forecast | Very few sequences (2), LSTM may not train well
2026-08-01 17:01:55 | WARNING  | co2_forecast | Very few sequences (6), LSTM may not train well
2026-08-01 17:01:56 | WARNING  | co2_forecast | Very few sequences (2), LSTM may not train well
2026-08-01 17:01:57 | WARNING  | co2_forecast | Very few sequences (2), LSTM may not train well
2026-08-01 17:01:58 | WARNING  | co2_forecast | Very few sequences (4), LSTM may not train well
2026-08-01 17:01:58 | WARNING  | co2_forecast | Very few sequences (8), LSTM may not train well
2026-08-01 17:01:58 | WARNING  | co2_forecast | Very few sequences (4), LSTM may not train well
2026-08-01 17:01:58 | WARNING  | co2_forecast | Very few sequences (4), LSTM may not train well
2026-08-01 17:01:58 | WARNING  | co2_forecast | Very few sequences (4), LSTM may not train well
2026-08-01 17:01:58 | WARNING  | co2_forecast | Very few sequences (8), LSTM may not train well
2026-08-01 17:01:58 | WARNING  | co2_forecast | Very few sequences (4), LSTM may not train well
2026-08-01 17:01:58 | WARNING  | co2_forecast | Very few sequences (4), LSTM may not train well
2026-08-01 17:01:58 | WARNING  | co2_forecast | Model training failed with params {'lookback': 7, 'hidden_size': 33, 'num_layers': 1, 'dropout': 0.3174646446740698, 'learning_rate': 0.004142028037008457, 'batch_size': 16}: LSTM.fit: training data has 8 rows, giving only 1 sequence(s) with lookback=7; at least 2 are required (one is always reserved for validation). Reduce lookback or provide more training history.
2026-08-01 17:01:58 | WARNING  | co2_forecast | Very few sequences (3), LSTM may not train well
2026-08-01 17:01:59 | WARNING  | co2_forecast | Very few sequences (7), LSTM may not train well
2026-08-01 17:01:59 | WARNING  | co2_forecast | Very few sequences (3), LSTM may not train well
2026-08-01 17:02:00 | WARNING  | co2_forecast | Very few sequences (3), LSTM may not train well
2026-08-01 17:02:00 | WARNING  | co2_forecast | Very few sequences (4), LSTM may not train well
2026-08-01 17:02:00 | WARNING  | co2_forecast | Very few sequences (8), LSTM may not train well
2026-08-01 17:02:00 | WARNING  | co2_forecast | Very few sequences (4), LSTM may not train well
2026-08-01 17:02:00 | WARNING  | co2_forecast | Very few sequences (4), LSTM may not train well
2026-08-01 17:02:00 | WARNING  | co2_forecast | Very few sequences (4), LSTM may not train well
2026-08-01 17:02:00 | WARNING  | co2_forecast | Very few sequences (8), LSTM may not train well
2026-08-01 17:02:00 | WARNING  | co2_forecast | Very few sequences (4), LSTM may not train well
2026-08-01 17:02:00 | WARNING  | co2_forecast | Very few sequences (4), LSTM may not train well
2026-08-01 17:02:00 | WARNING  | co2_forecast | Very few sequences (4), LSTM may not train well
2026-08-01 17:02:00 | WARNING  | co2_forecast | Very few sequences (8), LSTM may not train well
2026-08-01 17:02:00 | WARNING  | co2_forecast | Very few sequences (4), LSTM may not train well
2026-08-01 17:02:01 | WARNING  | co2_forecast | Very few sequences (4), LSTM may not train well
2026-08-01 17:02:01 | WARNING  | co2_forecast | Very few sequences (2), LSTM may not train well
2026-08-01 17:02:01 | WARNING  | co2_forecast | Very few sequences (6), LSTM may not train well
2026-08-01 17:02:01 | WARNING  | co2_forecast | Very few sequences (2), LSTM may not train well
2026-08-01 17:02:01 | WARNING  | co2_forecast | Very few sequences (2), LSTM may not train well
2026-08-01 17:02:01 | WARNING  | co2_forecast | Very few sequences (4), LSTM may not train well
2026-08-01 17:02:01 | WARNING  | co2_forecast | Very few sequences (8), LSTM may not train well
2026-08-01 17:02:01 | WARNING  | co2_forecast | Very few sequences (4), LSTM may not train well
2026-08-01 17:02:01 | WARNING  | co2_forecast | Very few sequences (4), LSTM may not train well
2026-08-01 17:02:01 | WARNING  | co2_forecast | Very few sequences (4), LSTM may not train well
2026-08-01 17:02:01 | WARNING  | co2_forecast | Very few sequences (8), LSTM may not train well
2026-08-01 17:02:01 | WARNING  | co2_forecast | Very few sequences (4), LSTM may not train well
2026-08-01 17:02:02 | WARNING  | co2_forecast | Very few sequences (4), LSTM may not train well
2026-08-01 17:02:02 | WARNING  | co2_forecast | Very few sequences (4), LSTM may not train well
2026-08-01 17:02:02 | WARNING  | co2_forecast | Very few sequences (8), LSTM may not train well
2026-08-01 17:02:02 | WARNING  | co2_forecast | Very few sequences (4), LSTM may not train well
2026-08-01 17:02:02 | WARNING  | co2_forecast | Very few sequences (4), LSTM may not train well
2026-08-01 17:02:02 | WARNING  | co2_forecast | Very few sequences (4), LSTM may not train well
2026-08-01 17:02:02 | WARNING  | co2_forecast | Very few sequences (8), LSTM may not train well
2026-08-01 17:02:02 | WARNING  | co2_forecast | Very few sequences (4), LSTM may not train well
2026-08-01 17:02:02 | WARNING  | co2_forecast | Very few sequences (4), LSTM may not train well
2026-08-01 17:02:02 | WARNING  | co2_forecast | Very few sequences (3), LSTM may not train well
2026-08-01 17:02:02 | WARNING  | co2_forecast | Very few sequences (7), LSTM may not train well
2026-08-01 17:02:03 | WARNING  | co2_forecast | Very few sequences (3), LSTM may not train well
2026-08-01 17:02:03 | WARNING  | co2_forecast | Very few sequences (3), LSTM may not train well
2026-08-01 17:02:03 | WARNING  | co2_forecast | Very few sequences (4), LSTM may not train well
2026-08-01 17:02:03 | WARNING  | co2_forecast | Very few sequences (8), LSTM may not train well
2026-08-01 17:02:03 | WARNING  | co2_forecast | Very few sequences (4), LSTM may not train well
2026-08-01 17:02:03 | WARNING  | co2_forecast | Very few sequences (4), LSTM may not train well
2026-08-01 17:02:03 | WARNING  | co2_forecast | Very few sequences (4), LSTM may not train well
2026-08-01 17:02:04 | WARNING  | co2_forecast | Very few sequences (8), LSTM may not train well
2026-08-01 17:02:04 | WARNING  | co2_forecast | Very few sequences (4), LSTM may not train well
2026-08-01 17:02:04 | WARNING  | co2_forecast | Very few sequences (4), LSTM may not train well
2026-08-01 17:02:04 | WARNING  | co2_forecast | Very few sequences (4), LSTM may not train well
2026-08-01 17:02:04 | WARNING  | co2_forecast | Very few sequences (8), LSTM may not train well
2026-08-01 17:02:04 | WARNING  | co2_forecast | Very few sequences (4), LSTM may not train well
2026-08-01 17:02:04 | WARNING  | co2_forecast | Very few sequences (4), LSTM may not train well
2026-08-01 17:02:04 | WARNING  | co2_forecast | Very few sequences (4), LSTM may not train well
2026-08-01 17:02:04 | WARNING  | co2_forecast | Very few sequences (8), LSTM may not train well
2026-08-01 17:02:04 | WARNING  | co2_forecast | Very few sequences (4), LSTM may not train well
2026-08-01 17:02:05 | WARNING  | co2_forecast | Very few sequences (4), LSTM may not train well
2026-08-01 17:02:05 | WARNING  | co2_forecast | Very few sequences (4), LSTM may not train well
2026-08-01 17:02:05 | WARNING  | co2_forecast | Very few sequences (8), LSTM may not train well
2026-08-01 17:02:05 | WARNING  | co2_forecast | Very few sequences (4), LSTM may not train well
2026-08-01 17:02:05 | WARNING  | co2_forecast | Very few sequences (4), LSTM may not train well
2026-08-01 17:02:05 | WARNING  | co2_forecast | Very few sequences (4), LSTM may not train well
2026-08-01 17:02:05 | WARNING  | co2_forecast | Very few sequences (8), LSTM may not train well
2026-08-01 17:02:06 | WARNING  | co2_forecast | Very few sequences (4), LSTM may not train well
2026-08-01 17:02:06 | WARNING  | co2_forecast | Very few sequences (4), LSTM may not train well
2026-08-01 17:02:06 | WARNING  | co2_forecast | Very few sequences (4), LSTM may not train well
2026-08-01 17:02:06 | WARNING  | co2_forecast | Very few sequences (8), LSTM may not train well
2026-08-01 17:02:06 | WARNING  | co2_forecast | Very few sequences (4), LSTM may not train well
2026-08-01 17:02:06 | WARNING  | co2_forecast | Very few sequences (4), LSTM may not train well
2026-08-01 17:02:06 | INFO     | co2_forecast |   Iteration 5: Best fitness = 0.764108
2026-08-01 17:02:06 | WARNING  | co2_forecast | Very few sequences (4), LSTM may not train well
2026-08-01 17:02:06 | WARNING  | co2_forecast | Very few sequences (8), LSTM may not train well
2026-08-01 17:02:06 | WARNING  | co2_forecast | Very few sequences (4), LSTM may not train well
2026-08-01 17:02:06 | WARNING  | co2_forecast | Very few sequences (4), LSTM may not train well
2026-08-01 17:02:06 | WARNING  | co2_forecast | Very few sequences (4), LSTM may not train well
2026-08-01 17:02:07 | WARNING  | co2_forecast | Very few sequences (8), LSTM may not train well
2026-08-01 17:02:07 | WARNING  | co2_forecast | Very few sequences (4), LSTM may not train well
2026-08-01 17:02:07 | WARNING  | co2_forecast | Very few sequences (4), LSTM may not train well
2026-08-01 17:02:07 | WARNING  | co2_forecast | Very few sequences (4), LSTM may not train well
2026-08-01 17:02:07 | WARNING  | co2_forecast | Very few sequences (8), LSTM may not train well
2026-08-01 17:02:07 | WARNING  | co2_forecast | Very few sequences (4), LSTM may not train well
2026-08-01 17:02:07 | WARNING  | co2_forecast | Very few sequences (4), LSTM may not train well
2026-08-01 17:02:07 | WARNING  | co2_forecast | Very few sequences (4), LSTM may not train well
2026-08-01 17:02:07 | WARNING  | co2_forecast | Very few sequences (8), LSTM may not train well
2026-08-01 17:02:07 | WARNING  | co2_forecast | Very few sequences (4), LSTM may not train well
2026-08-01 17:02:08 | WARNING  | co2_forecast | Very few sequences (4), LSTM may not train well
2026-08-01 17:02:08 | WARNING  | co2_forecast | Very few sequences (4), LSTM may not train well
2026-08-01 17:02:08 | WARNING  | co2_forecast | Very few sequences (8), LSTM may not train well
2026-08-01 17:02:08 | WARNING  | co2_forecast | Very few sequences (4), LSTM may not train well
2026-08-01 17:02:08 | WARNING  | co2_forecast | Very few sequences (4), LSTM may not train well
2026-08-01 17:02:08 | WARNING  | co2_forecast | Very few sequences (4), LSTM may not train well
2026-08-01 17:02:08 | WARNING  | co2_forecast | Very few sequences (8), LSTM may not train well
2026-08-01 17:02:08 | WARNING  | co2_forecast | Very few sequences (4), LSTM may not train well
2026-08-01 17:02:08 | WARNING  | co2_forecast | Very few sequences (4), LSTM may not train well
2026-08-01 17:02:08 | WARNING  | co2_forecast | Very few sequences (4), LSTM may not train well
2026-08-01 17:02:08 | WARNING  | co2_forecast | Very few sequences (8), LSTM may not train well
2026-08-01 17:02:09 | WARNING  | co2_forecast | Very few sequences (4), LSTM may not train well
2026-08-01 17:02:09 | WARNING  | co2_forecast | Very few sequences (4), LSTM may not train well
2026-08-01 17:02:09 | WARNING  | co2_forecast | Very few sequences (4), LSTM may not train well
2026-08-01 17:02:09 | WARNING  | co2_forecast | Very few sequences (8), LSTM may not train well
2026-08-01 17:02:09 | WARNING  | co2_forecast | Very few sequences (4), LSTM may not train well
2026-08-01 17:02:09 | WARNING  | co2_forecast | Very few sequences (4), LSTM may not train well
2026-08-01 17:02:09 | WARNING  | co2_forecast | Very few sequences (4), LSTM may not train well
2026-08-01 17:02:09 | WARNING  | co2_forecast | Very few sequences (8), LSTM may not train well
2026-08-01 17:02:09 | WARNING  | co2_forecast | Very few sequences (4), LSTM may not train well
2026-08-01 17:02:09 | WARNING  | co2_forecast | Very few sequences (4), LSTM may not train well
2026-08-01 17:02:10 | WARNING  | co2_forecast | Very few sequences (4), LSTM may not train well
2026-08-01 17:02:10 | WARNING  | co2_forecast | Very few sequences (8), LSTM may not train well
2026-08-01 17:02:10 | WARNING  | co2_forecast | Very few sequences (4), LSTM may not train well
2026-08-01 17:02:10 | WARNING  | co2_forecast | Very few sequences (4), LSTM may not train well
2026-08-01 17:02:10 | INFO     | co2_forecast |   Iteration 7: Best fitness = 0.764108
2026-08-01 17:02:10 | INFO     | co2_forecast | PSO complete. Best fitness: 0.764108
2026-08-01 17:02:10 | INFO     | co2_forecast |   Best params: {'lookback': 4, 'hidden_size': 16, 'num_layers': 2, 'dropout': 0.10086188385038589, 'learning_rate': 0.0001, 'batch_size': 32}
2026-08-01 17:02:10 | INFO     | co2_forecast |   Best fitness: 0.764108
2026-08-01 17:02:10 | INFO     | co2_forecast | [A1/panel2_common_period/fs_permutation_stability/lstm] sweep tuning: best_params={'lookback': 4, 'hidden_size': 16, 'num_layers': 2, 'dropout': 0.10086188385038589, 'learning_rate': 0.0001, 'batch_size': 32}
2026-08-01 17:02:11 | INFO     | co2_forecast |   -> weighted_mase=1.029665927569141, runtime=19.6s
2026-08-01 17:02:11 | INFO     | co2_forecast | Stream B cell: A1/fs_consensus/ridge (10 features)
2026-08-01 17:02:11 | INFO     | co2_forecast | Creating walk-forward splits for 16 valid samples
2026-08-01 17:02:11 | INFO     | co2_forecast | Created 4 CV folds across horizons [1, 2, 4]
2026-08-01 17:02:11 | INFO     | co2_forecast | Built tuning CV plan: 4 folds from 16 rows before 2022-Q%q (evaluation cutoff) - isolation OK (max tuning date 2021-Q%q)
2026-08-01 17:02:11 | INFO     | co2_forecast | Optimizing ridge...
2026-08-01 17:02:11 | INFO     | co2_forecast | Starting PSO: 5 particles, 8 iterations
2026-08-01 17:02:11 | INFO     | co2_forecast |   Iteration 0: Best fitness = 2.767896
2026-08-01 17:02:12 | INFO     | co2_forecast |   Iteration 5: Best fitness = 2.137159
2026-08-01 17:02:12 | INFO     | co2_forecast |   Iteration 7: Best fitness = 2.137159
2026-08-01 17:02:12 | INFO     | co2_forecast | PSO complete. Best fitness: 2.137159
2026-08-01 17:02:12 | INFO     | co2_forecast |   Best params: {'alpha': 100.0}
2026-08-01 17:02:12 | INFO     | co2_forecast |   Best fitness: 2.137159
2026-08-01 17:02:12 | INFO     | co2_forecast | [A1/panel2_common_period/fs_consensus/ridge] sweep tuning: best_params={'alpha': 100.0}
2026-08-01 17:02:12 | INFO     | co2_forecast |   -> weighted_mase=0.901615364421449, runtime=0.2s
2026-08-01 17:02:12 | INFO     | co2_forecast | Stream B cell: A1/fs_consensus/random_forest (10 features)
2026-08-01 17:02:12 | INFO     | co2_forecast | Creating walk-forward splits for 16 valid samples
2026-08-01 17:02:12 | INFO     | co2_forecast | Created 4 CV folds across horizons [1, 2, 4]
2026-08-01 17:02:12 | INFO     | co2_forecast | Built tuning CV plan: 4 folds from 16 rows before 2022-Q%q (evaluation cutoff) - isolation OK (max tuning date 2021-Q%q)
2026-08-01 17:02:12 | INFO     | co2_forecast | Optimizing random_forest...
2026-08-01 17:02:12 | INFO     | co2_forecast | Starting PSO: 5 particles, 8 iterations
2026-08-01 17:02:16 | INFO     | co2_forecast |   Iteration 0: Best fitness = 0.748939
2026-08-01 17:02:34 | INFO     | co2_forecast |   Iteration 5: Best fitness = 0.329787
2026-08-01 17:02:43 | INFO     | co2_forecast |   Iteration 7: Best fitness = 0.327359
2026-08-01 17:02:43 | INFO     | co2_forecast | PSO complete. Best fitness: 0.327359
2026-08-01 17:02:43 | INFO     | co2_forecast |   Best params: {'n_estimators': 248, 'max_depth': 3, 'min_samples_split': 2, 'min_samples_leaf': 1}
2026-08-01 17:02:43 | INFO     | co2_forecast |   Best fitness: 0.327359
2026-08-01 17:02:43 | INFO     | co2_forecast | [A1/panel2_common_period/fs_consensus/random_forest] sweep tuning: best_params={'n_estimators': 248, 'max_depth': 3, 'min_samples_split': 2, 'min_samples_leaf': 1}
2026-08-01 17:02:46 | INFO     | co2_forecast |   -> weighted_mase=0.7403748449916745, runtime=34.1s
2026-08-01 17:02:46 | INFO     | co2_forecast | Stream B cell: A1/fs_consensus/lightgbm (10 features)
2026-08-01 17:02:46 | INFO     | co2_forecast | Creating walk-forward splits for 16 valid samples
2026-08-01 17:02:46 | INFO     | co2_forecast | Created 4 CV folds across horizons [1, 2, 4]
2026-08-01 17:02:46 | INFO     | co2_forecast | Built tuning CV plan: 4 folds from 16 rows before 2022-Q%q (evaluation cutoff) - isolation OK (max tuning date 2021-Q%q)
2026-08-01 17:02:46 | INFO     | co2_forecast | Optimizing lightgbm...
2026-08-01 17:02:46 | INFO     | co2_forecast | Starting PSO: 5 particles, 8 iterations
2026-08-01 17:02:46 | INFO     | co2_forecast |   Iteration 0: Best fitness = 0.768990
2026-08-01 17:02:47 | INFO     | co2_forecast |   Iteration 5: Best fitness = 0.653962
2026-08-01 17:02:47 | INFO     | co2_forecast |   Iteration 7: Best fitness = 0.653962
2026-08-01 17:02:47 | INFO     | co2_forecast | PSO complete. Best fitness: 0.653962
2026-08-01 17:02:47 | INFO     | co2_forecast |   Best params: {'n_estimators': 164, 'learning_rate': 0.3, 'num_leaves': 127, 'max_depth': 10, 'min_child_samples': 6, 'reg_alpha': 0.001, 'reg_lambda': 0.001}
2026-08-01 17:02:47 | INFO     | co2_forecast |   Best fitness: 0.653962
2026-08-01 17:02:47 | INFO     | co2_forecast | [A1/panel2_common_period/fs_consensus/lightgbm] sweep tuning: best_params={'n_estimators': 164, 'learning_rate': 0.3, 'num_leaves': 127, 'max_depth': 10, 'min_child_samples': 6, 'reg_alpha': 0.001, 'reg_lambda': 0.001}
2026-08-01 17:02:47 | INFO     | co2_forecast |   -> weighted_mase=0.7610224286063254, runtime=1.4s
2026-08-01 17:02:47 | INFO     | co2_forecast | Stream B cell: A1/fs_consensus/catboost (10 features)
2026-08-01 17:02:47 | INFO     | co2_forecast | Creating walk-forward splits for 16 valid samples
2026-08-01 17:02:47 | INFO     | co2_forecast | Created 4 CV folds across horizons [1, 2, 4]
2026-08-01 17:02:47 | INFO     | co2_forecast | Built tuning CV plan: 4 folds from 16 rows before 2022-Q%q (evaluation cutoff) - isolation OK (max tuning date 2021-Q%q)
2026-08-01 17:02:47 | INFO     | co2_forecast | Optimizing catboost...
2026-08-01 17:02:47 | INFO     | co2_forecast | Starting PSO: 5 particles, 8 iterations
2026-08-01 17:09:11 | INFO     | co2_forecast |   Iteration 0: Best fitness = 0.294534
2026-08-01 17:28:14 | INFO     | co2_forecast |   Iteration 5: Best fitness = 0.273559
2026-08-01 17:39:56 | INFO     | co2_forecast |   Iteration 7: Best fitness = 0.273559
2026-08-01 17:39:56 | INFO     | co2_forecast | PSO complete. Best fitness: 0.273559
2026-08-01 17:39:56 | INFO     | co2_forecast |   Best params: {'iterations': 205, 'learning_rate': 0.18557691580182212, 'depth': 3, 'l2_leaf_reg': 8.917433137934221}
2026-08-01 17:39:56 | INFO     | co2_forecast |   Best fitness: 0.273559
2026-08-01 17:39:56 | INFO     | co2_forecast | [A1/panel2_common_period/fs_consensus/catboost] sweep tuning: best_params={'iterations': 205, 'learning_rate': 0.18557691580182212, 'depth': 3, 'l2_leaf_reg': 8.917433137934221}
2026-08-01 17:42:03 | INFO     | co2_forecast |   -> weighted_mase=0.6430852416134413, runtime=2355.8s
2026-08-01 17:42:03 | INFO     | co2_forecast | Stream B cell: A1/fs_consensus/lstm (10 features)
2026-08-01 17:42:03 | INFO     | co2_forecast | Creating walk-forward splits for 16 valid samples
2026-08-01 17:42:03 | INFO     | co2_forecast | Created 4 CV folds across horizons [1, 2, 4]
2026-08-01 17:42:03 | INFO     | co2_forecast | Built tuning CV plan: 4 folds from 16 rows before 2022-Q%q (evaluation cutoff) - isolation OK (max tuning date 2021-Q%q)
2026-08-01 17:42:03 | INFO     | co2_forecast | Optimizing lstm...
2026-08-01 17:42:03 | INFO     | co2_forecast | Starting PSO: 5 particles, 8 iterations
2026-08-01 17:42:03 | WARNING  | co2_forecast | Model training failed with params {'lookback': 7, 'hidden_size': 62, 'num_layers': 2, 'dropout': 0.3394633936788146, 'learning_rate': 0.0016445845403801217, 'batch_size': 8}: LSTM.fit: training data has 8 rows, giving only 1 sequence(s) with lookback=7; at least 2 are required (one is always reserved for validation). Reduce lookback or provide more training history.
2026-08-01 17:42:03 | WARNING  | co2_forecast | Model training failed with params {'lookback': 11, 'hidden_size': 26, 'num_layers': 1, 'dropout': 0.17336180394137352, 'learning_rate': 0.0031119982052994237, 'batch_size': 16}: LSTM.fit: training data has 8 rows, giving only 0 sequence(s) with lookback=11; at least 2 are required (one is always reserved for validation). Reduce lookback or provide more training history.
2026-08-01 17:42:03 | WARNING  | co2_forecast | Model training failed with params {'lookback': 8, 'hidden_size': 54, 'num_layers': 1, 'dropout': 0.3056937753654446, 'learning_rate': 0.005964904231734221, 'batch_size': 8}: LSTM.fit: training data has 8 rows, giving only 0 sequence(s) with lookback=8; at least 2 are required (one is always reserved for validation). Reduce lookback or provide more training history.
2026-08-01 17:42:03 | WARNING  | co2_forecast | Very few sequences (2), LSTM may not train well
2026-08-01 17:42:03 | WARNING  | co2_forecast | Very few sequences (6), LSTM may not train well
2026-08-01 17:42:04 | WARNING  | co2_forecast | Very few sequences (2), LSTM may not train well
2026-08-01 17:42:04 | WARNING  | co2_forecast | Very few sequences (2), LSTM may not train well
2026-08-01 17:42:04 | WARNING  | co2_forecast | Model training failed with params {'lookback': 8, 'hidden_size': 25, 'num_layers': 2, 'dropout': 0.4100531293444458, 'learning_rate': 0.009401039521485473, 'batch_size': 32}: LSTM.fit: training data has 8 rows, giving only 0 sequence(s) with lookback=8; at least 2 are required (one is always reserved for validation). Reduce lookback or provide more training history.
2026-08-01 17:42:04 | INFO     | co2_forecast |   Iteration 0: Best fitness = 1.138327
2026-08-01 17:42:04 | WARNING  | co2_forecast | Very few sequences (3), LSTM may not train well
2026-08-01 17:42:04 | WARNING  | co2_forecast | Very few sequences (7), LSTM may not train well
2026-08-01 17:42:04 | WARNING  | co2_forecast | Very few sequences (3), LSTM may not train well
2026-08-01 17:42:05 | WARNING  | co2_forecast | Very few sequences (3), LSTM may not train well
2026-08-01 17:42:05 | WARNING  | co2_forecast | Very few sequences (2), LSTM may not train well
2026-08-01 17:42:05 | WARNING  | co2_forecast | Very few sequences (6), LSTM may not train well
2026-08-01 17:42:06 | WARNING  | co2_forecast | Very few sequences (2), LSTM may not train well
2026-08-01 17:42:06 | WARNING  | co2_forecast | Very few sequences (2), LSTM may not train well
2026-08-01 17:42:06 | WARNING  | co2_forecast | Model training failed with params {'lookback': 8, 'hidden_size': 44, 'num_layers': 1, 'dropout': 0.3238975389966341, 'learning_rate': 0.005520634690128072, 'batch_size': 8}: LSTM.fit: training data has 8 rows, giving only 0 sequence(s) with lookback=8; at least 2 are required (one is always reserved for validation). Reduce lookback or provide more training history.
2026-08-01 17:42:06 | WARNING  | co2_forecast | Very few sequences (3), LSTM may not train well
2026-08-01 17:42:06 | WARNING  | co2_forecast | Very few sequences (7), LSTM may not train well
2026-08-01 17:42:07 | WARNING  | co2_forecast | Very few sequences (3), LSTM may not train well
2026-08-01 17:42:07 | WARNING  | co2_forecast | Very few sequences (3), LSTM may not train well
2026-08-01 17:42:07 | WARNING  | co2_forecast | Very few sequences (2), LSTM may not train well
2026-08-01 17:42:07 | WARNING  | co2_forecast | Very few sequences (6), LSTM may not train well
2026-08-01 17:42:08 | WARNING  | co2_forecast | Very few sequences (2), LSTM may not train well
2026-08-01 17:42:09 | WARNING  | co2_forecast | Very few sequences (2), LSTM may not train well
2026-08-01 17:42:10 | WARNING  | co2_forecast | Very few sequences (3), LSTM may not train well
2026-08-01 17:42:10 | WARNING  | co2_forecast | Very few sequences (7), LSTM may not train well
2026-08-01 17:42:10 | WARNING  | co2_forecast | Very few sequences (3), LSTM may not train well
2026-08-01 17:42:11 | WARNING  | co2_forecast | Very few sequences (3), LSTM may not train well
2026-08-01 17:42:11 | WARNING  | co2_forecast | Very few sequences (4), LSTM may not train well
2026-08-01 17:42:11 | WARNING  | co2_forecast | Very few sequences (8), LSTM may not train well
2026-08-01 17:42:12 | WARNING  | co2_forecast | Very few sequences (4), LSTM may not train well
2026-08-01 17:42:13 | WARNING  | co2_forecast | Very few sequences (4), LSTM may not train well
2026-08-01 17:42:13 | WARNING  | co2_forecast | Model training failed with params {'lookback': 7, 'hidden_size': 35, 'num_layers': 1, 'dropout': 0.31512819649180424, 'learning_rate': 0.004065945490368326, 'batch_size': 8}: LSTM.fit: training data has 8 rows, giving only 1 sequence(s) with lookback=7; at least 2 are required (one is always reserved for validation). Reduce lookback or provide more training history.
2026-08-01 17:42:13 | WARNING  | co2_forecast | Very few sequences (2), LSTM may not train well
2026-08-01 17:42:13 | WARNING  | co2_forecast | Very few sequences (6), LSTM may not train well
2026-08-01 17:42:14 | WARNING  | co2_forecast | Very few sequences (2), LSTM may not train well
2026-08-01 17:42:15 | WARNING  | co2_forecast | Very few sequences (2), LSTM may not train well
2026-08-01 17:42:16 | WARNING  | co2_forecast | Very few sequences (3), LSTM may not train well
2026-08-01 17:42:16 | WARNING  | co2_forecast | Very few sequences (7), LSTM may not train well
2026-08-01 17:42:17 | WARNING  | co2_forecast | Very few sequences (3), LSTM may not train well
2026-08-01 17:42:17 | WARNING  | co2_forecast | Very few sequences (3), LSTM may not train well
2026-08-01 17:42:17 | WARNING  | co2_forecast | Very few sequences (3), LSTM may not train well
2026-08-01 17:42:17 | WARNING  | co2_forecast | Very few sequences (7), LSTM may not train well
2026-08-01 17:42:18 | WARNING  | co2_forecast | Very few sequences (3), LSTM may not train well
2026-08-01 17:42:18 | WARNING  | co2_forecast | Very few sequences (3), LSTM may not train well
2026-08-01 17:42:19 | WARNING  | co2_forecast | Very few sequences (4), LSTM may not train well
2026-08-01 17:42:19 | WARNING  | co2_forecast | Very few sequences (8), LSTM may not train well
2026-08-01 17:42:19 | WARNING  | co2_forecast | Very few sequences (4), LSTM may not train well
2026-08-01 17:42:19 | WARNING  | co2_forecast | Very few sequences (4), LSTM may not train well
2026-08-01 17:42:20 | WARNING  | co2_forecast | Very few sequences (2), LSTM may not train well
2026-08-01 17:42:20 | WARNING  | co2_forecast | Very few sequences (6), LSTM may not train well
2026-08-01 17:42:20 | WARNING  | co2_forecast | Very few sequences (2), LSTM may not train well
2026-08-01 17:42:20 | WARNING  | co2_forecast | Very few sequences (2), LSTM may not train well
2026-08-01 17:42:20 | WARNING  | co2_forecast | Very few sequences (3), LSTM may not train well
2026-08-01 17:42:20 | WARNING  | co2_forecast | Very few sequences (7), LSTM may not train well
2026-08-01 17:42:20 | WARNING  | co2_forecast | Very few sequences (3), LSTM may not train well
2026-08-01 17:42:21 | WARNING  | co2_forecast | Very few sequences (3), LSTM may not train well
2026-08-01 17:42:21 | WARNING  | co2_forecast | Very few sequences (4), LSTM may not train well
2026-08-01 17:42:21 | WARNING  | co2_forecast | Very few sequences (8), LSTM may not train well
2026-08-01 17:42:22 | WARNING  | co2_forecast | Very few sequences (4), LSTM may not train well
2026-08-01 17:42:22 | WARNING  | co2_forecast | Very few sequences (4), LSTM may not train well
2026-08-01 17:42:22 | WARNING  | co2_forecast | Very few sequences (4), LSTM may not train well
2026-08-01 17:42:22 | WARNING  | co2_forecast | Very few sequences (8), LSTM may not train well
2026-08-01 17:42:23 | WARNING  | co2_forecast | Very few sequences (4), LSTM may not train well
2026-08-01 17:42:23 | WARNING  | co2_forecast | Very few sequences (4), LSTM may not train well
2026-08-01 17:42:23 | WARNING  | co2_forecast | Very few sequences (4), LSTM may not train well
2026-08-01 17:42:24 | WARNING  | co2_forecast | Very few sequences (8), LSTM may not train well
2026-08-01 17:42:24 | WARNING  | co2_forecast | Very few sequences (4), LSTM may not train well
2026-08-01 17:42:24 | WARNING  | co2_forecast | Very few sequences (4), LSTM may not train well
2026-08-01 17:42:24 | WARNING  | co2_forecast | Very few sequences (3), LSTM may not train well
2026-08-01 17:42:25 | WARNING  | co2_forecast | Very few sequences (7), LSTM may not train well
2026-08-01 17:42:25 | WARNING  | co2_forecast | Very few sequences (3), LSTM may not train well
2026-08-01 17:42:25 | WARNING  | co2_forecast | Very few sequences (3), LSTM may not train well
2026-08-01 17:42:25 | WARNING  | co2_forecast | Very few sequences (4), LSTM may not train well
2026-08-01 17:42:25 | WARNING  | co2_forecast | Very few sequences (8), LSTM may not train well
2026-08-01 17:42:26 | WARNING  | co2_forecast | Very few sequences (4), LSTM may not train well
2026-08-01 17:42:26 | WARNING  | co2_forecast | Very few sequences (4), LSTM may not train well
2026-08-01 17:42:26 | WARNING  | co2_forecast | Very few sequences (4), LSTM may not train well
2026-08-01 17:42:26 | WARNING  | co2_forecast | Very few sequences (8), LSTM may not train well
2026-08-01 17:42:27 | WARNING  | co2_forecast | Very few sequences (4), LSTM may not train well
2026-08-01 17:42:27 | WARNING  | co2_forecast | Very few sequences (4), LSTM may not train well
2026-08-01 17:42:27 | WARNING  | co2_forecast | Very few sequences (4), LSTM may not train well
2026-08-01 17:42:27 | WARNING  | co2_forecast | Very few sequences (8), LSTM may not train well
2026-08-01 17:42:28 | WARNING  | co2_forecast | Very few sequences (4), LSTM may not train well
2026-08-01 17:42:28 | WARNING  | co2_forecast | Very few sequences (4), LSTM may not train well
2026-08-01 17:42:28 | WARNING  | co2_forecast | Very few sequences (4), LSTM may not train well
2026-08-01 17:42:28 | WARNING  | co2_forecast | Very few sequences (8), LSTM may not train well
2026-08-01 17:42:29 | WARNING  | co2_forecast | Very few sequences (4), LSTM may not train well
2026-08-01 17:42:29 | WARNING  | co2_forecast | Very few sequences (4), LSTM may not train well
2026-08-01 17:42:29 | WARNING  | co2_forecast | Very few sequences (4), LSTM may not train well
2026-08-01 17:42:29 | WARNING  | co2_forecast | Very few sequences (8), LSTM may not train well
2026-08-01 17:42:31 | WARNING  | co2_forecast | Very few sequences (4), LSTM may not train well
2026-08-01 17:42:31 | WARNING  | co2_forecast | Very few sequences (4), LSTM may not train well
2026-08-01 17:42:31 | WARNING  | co2_forecast | Very few sequences (4), LSTM may not train well
2026-08-01 17:42:31 | WARNING  | co2_forecast | Very few sequences (8), LSTM may not train well
2026-08-01 17:42:31 | WARNING  | co2_forecast | Very few sequences (4), LSTM may not train well
2026-08-01 17:42:31 | WARNING  | co2_forecast | Very few sequences (4), LSTM may not train well
2026-08-01 17:42:32 | WARNING  | co2_forecast | Very few sequences (4), LSTM may not train well
2026-08-01 17:42:32 | WARNING  | co2_forecast | Very few sequences (8), LSTM may not train well
2026-08-01 17:42:32 | WARNING  | co2_forecast | Very few sequences (4), LSTM may not train well
2026-08-01 17:42:32 | WARNING  | co2_forecast | Very few sequences (4), LSTM may not train well
2026-08-01 17:42:33 | INFO     | co2_forecast |   Iteration 5: Best fitness = 0.755600
2026-08-01 17:42:33 | WARNING  | co2_forecast | Very few sequences (4), LSTM may not train well
2026-08-01 17:42:33 | WARNING  | co2_forecast | Very few sequences (8), LSTM may not train well
2026-08-01 17:42:33 | WARNING  | co2_forecast | Very few sequences (4), LSTM may not train well
2026-08-01 17:42:33 | WARNING  | co2_forecast | Very few sequences (4), LSTM may not train well
2026-08-01 17:42:33 | WARNING  | co2_forecast | Very few sequences (4), LSTM may not train well
2026-08-01 17:42:33 | WARNING  | co2_forecast | Very few sequences (8), LSTM may not train well
2026-08-01 17:42:34 | WARNING  | co2_forecast | Very few sequences (4), LSTM may not train well
2026-08-01 17:42:34 | WARNING  | co2_forecast | Very few sequences (4), LSTM may not train well
2026-08-01 17:42:34 | WARNING  | co2_forecast | Very few sequences (4), LSTM may not train well
2026-08-01 17:42:34 | WARNING  | co2_forecast | Very few sequences (8), LSTM may not train well
2026-08-01 17:42:35 | WARNING  | co2_forecast | Very few sequences (4), LSTM may not train well
2026-08-01 17:42:35 | WARNING  | co2_forecast | Very few sequences (4), LSTM may not train well
2026-08-01 17:42:35 | WARNING  | co2_forecast | Very few sequences (4), LSTM may not train well
2026-08-01 17:42:35 | WARNING  | co2_forecast | Very few sequences (8), LSTM may not train well
2026-08-01 17:42:36 | WARNING  | co2_forecast | Very few sequences (4), LSTM may not train well
2026-08-01 17:42:36 | WARNING  | co2_forecast | Very few sequences (4), LSTM may not train well
2026-08-01 17:42:36 | WARNING  | co2_forecast | Very few sequences (4), LSTM may not train well
2026-08-01 17:42:36 | WARNING  | co2_forecast | Very few sequences (8), LSTM may not train well
2026-08-01 17:42:37 | WARNING  | co2_forecast | Very few sequences (4), LSTM may not train well
2026-08-01 17:42:37 | WARNING  | co2_forecast | Very few sequences (4), LSTM may not train well
2026-08-01 17:42:37 | WARNING  | co2_forecast | Very few sequences (4), LSTM may not train well
2026-08-01 17:42:37 | WARNING  | co2_forecast | Very few sequences (8), LSTM may not train well
2026-08-01 17:42:38 | WARNING  | co2_forecast | Very few sequences (4), LSTM may not train well
2026-08-01 17:42:38 | WARNING  | co2_forecast | Very few sequences (4), LSTM may not train well
2026-08-01 17:42:38 | WARNING  | co2_forecast | Very few sequences (4), LSTM may not train well
2026-08-01 17:42:38 | WARNING  | co2_forecast | Very few sequences (8), LSTM may not train well
2026-08-01 17:42:39 | WARNING  | co2_forecast | Very few sequences (4), LSTM may not train well
2026-08-01 17:42:39 | WARNING  | co2_forecast | Very few sequences (4), LSTM may not train well
2026-08-01 17:42:39 | WARNING  | co2_forecast | Very few sequences (4), LSTM may not train well
2026-08-01 17:42:39 | WARNING  | co2_forecast | Very few sequences (8), LSTM may not train well
2026-08-01 17:42:40 | WARNING  | co2_forecast | Very few sequences (4), LSTM may not train well
2026-08-01 17:42:40 | WARNING  | co2_forecast | Very few sequences (4), LSTM may not train well
2026-08-01 17:42:40 | WARNING  | co2_forecast | Very few sequences (4), LSTM may not train well
2026-08-01 17:42:40 | WARNING  | co2_forecast | Very few sequences (8), LSTM may not train well
2026-08-01 17:42:40 | WARNING  | co2_forecast | Very few sequences (4), LSTM may not train well
2026-08-01 17:42:40 | WARNING  | co2_forecast | Very few sequences (4), LSTM may not train well
2026-08-01 17:42:41 | WARNING  | co2_forecast | Very few sequences (4), LSTM may not train well
2026-08-01 17:42:41 | WARNING  | co2_forecast | Very few sequences (8), LSTM may not train well
2026-08-01 17:42:41 | WARNING  | co2_forecast | Very few sequences (4), LSTM may not train well
2026-08-01 17:42:41 | WARNING  | co2_forecast | Very few sequences (4), LSTM may not train well
2026-08-01 17:42:41 | INFO     | co2_forecast |   Iteration 7: Best fitness = 0.755425
2026-08-01 17:42:41 | INFO     | co2_forecast | PSO complete. Best fitness: 0.755425
2026-08-01 17:42:41 | INFO     | co2_forecast |   Best params: {'lookback': 4, 'hidden_size': 17, 'num_layers': 2, 'dropout': 0.2515281381551862, 'learning_rate': 0.0001, 'batch_size': 32}
2026-08-01 17:42:41 | INFO     | co2_forecast |   Best fitness: 0.755425
2026-08-01 17:42:41 | INFO     | co2_forecast | [A1/panel2_common_period/fs_consensus/lstm] sweep tuning: best_params={'lookback': 4, 'hidden_size': 17, 'num_layers': 2, 'dropout': 0.2515281381551862, 'learning_rate': 0.0001, 'batch_size': 32}
2026-08-01 17:42:45 | INFO     | co2_forecast |   -> weighted_mase=1.019098571801847, runtime=42.0s
2026-08-01 17:42:45 | INFO     | co2_forecast | Running FS1-FS5 on A2 (25 candidate features)...
2026-08-01 17:42:45 | INFO     | co2_forecast | Creating walk-forward splits for 16 valid samples
2026-08-01 17:42:45 | INFO     | co2_forecast | Created 4 CV folds across horizons [1, 2, 4]
2026-08-01 17:42:45 | INFO     | co2_forecast | Built tuning CV plan: 4 folds from 16 rows before 2022-Q%q (evaluation cutoff) - isolation OK (max tuning date 2021-Q%q)
2026-08-01 17:42:45 | INFO     | co2_forecast | Running all feature selection options...
2026-08-01 17:42:45 | INFO     | co2_forecast | ==================================================
2026-08-01 17:42:45 | INFO     | co2_forecast | Running linear feature selection (FS_linear)...
2026-08-01 17:42:45 | INFO     | co2_forecast | Iteration 0: Removed 'Air_Temp' (VIF=inf)
2026-08-01 17:42:45 | INFO     | co2_forecast | Iteration 1: Removed 'CO2e_lag1' (VIF=121728.53)
2026-08-01 17:42:45 | INFO     | co2_forecast | Iteration 2: Removed 'Mobility_Residential' (VIF=4667.26)
2026-08-01 17:42:45 | INFO     | co2_forecast | Iteration 3: Removed 'CO2e_dlog' (VIF=1757.15)
2026-08-01 17:42:45 | INFO     | co2_forecast | Iteration 4: Removed 'Mobility_Transit_Stations' (VIF=1364.15)
2026-08-01 17:42:45 | INFO     | co2_forecast | Iteration 5: Removed 'Q3' (VIF=304.04)
2026-08-01 17:42:45 | INFO     | co2_forecast | Iteration 6: Removed 'GDP' (VIF=139.29)
2026-08-01 17:42:45 | INFO     | co2_forecast | Iteration 7: Removed 'Mobility_Retail_Recreation' (VIF=85.34)
2026-08-01 17:42:45 | INFO     | co2_forecast | Iteration 8: Removed 'Population' (VIF=26.75)
2026-08-01 17:42:45 | INFO     | co2_forecast | Iteration 9: Removed 'Mobility_Workplaces' (VIF=23.38)
2026-08-01 17:42:45 | INFO     | co2_forecast | Iteration 10: Removed 'CO2e_per_Population' (VIF=14.84)
2026-08-01 17:42:45 | INFO     | co2_forecast | Iteration 11: Removed 'CO2e_lag3' (VIF=13.00)
2026-08-01 17:42:45 | INFO     | co2_forecast | VIF filter: 25 -> 13 features
2026-08-01 17:42:45 | INFO     | co2_forecast | Ridge stability: Selected 11 features (stability >= 0.5)
2026-08-01 17:42:45 | INFO     | co2_forecast | ElasticNet: Only 0 features passed threshold, adding top features to reach 3
2026-08-01 17:42:45 | INFO     | co2_forecast | ElasticNet stability: Selected 3 features (stability >= 0.5)
2026-08-01 17:42:45 | INFO     | co2_forecast | FS_linear final: 11 features selected
2026-08-01 17:42:45 | INFO     | co2_forecast | ==================================================
2026-08-01 17:42:45 | INFO     | co2_forecast | Running wrapper feature selection (FS_wrapper)...
2026-08-01 17:42:45 | INFO     | co2_forecast | ==================================================
2026-08-01 17:42:45 | INFO     | co2_forecast | Running ALL wrapper-based feature selection methods...
2026-08-01 17:42:45 | INFO     | co2_forecast | Running RFE feature selection (target: 5 features)...
2026-08-01 17:42:45 | INFO     | co2_forecast | RFE: Selected 6 features using ridge (stability >= 0.5 across 2 folds)
2026-08-01 17:42:45 | INFO     | co2_forecast | Running RFE feature selection (target: 5 features)...
2026-08-01 17:42:52 | INFO     | co2_forecast | RFE: Selected 9 features using random_forest (stability >= 0.5 across 2 folds)
2026-08-01 17:42:52 | INFO     | co2_forecast | Running Sequential Forward Selection (target: 5 features)...
2026-08-01 17:44:25 | INFO     | co2_forecast | SFS: Selected 5 features using ridge
2026-08-01 17:44:25 | INFO     | co2_forecast | Running Sequential Backward Selection (target: 5 features)...
2026-08-01 17:44:29 | INFO     | co2_forecast | SBS: Selected 5 features using ridge
2026-08-01 17:44:29 | INFO     | co2_forecast | Wrapper methods complete: 4 methods run
2026-08-01 17:44:29 | INFO     | co2_forecast | FS_wrapper final: 20 features selected
2026-08-01 17:44:29 | INFO     | co2_forecast | ==================================================
2026-08-01 17:44:29 | INFO     | co2_forecast | Running XGBoost-SHAP stability feature selection (FS_xgboost_shap)...
2026-08-01 17:44:29 | INFO     | co2_forecast | XGBoost-SHAP stability: Selected 5 features (stability >= 0.5)
2026-08-01 17:44:29 | INFO     | co2_forecast | FS_xgboost_shap final: 5 features selected
2026-08-01 17:44:29 | INFO     | co2_forecast | ==================================================
2026-08-01 17:44:29 | INFO     | co2_forecast | Running permutation stability feature selection (FS_permutation_stability)...
2026-08-01 17:44:30 | INFO     | co2_forecast | Permutation stability: Selected 5 features (stability >= 0.5)
2026-08-01 17:44:30 | INFO     | co2_forecast | FS_permutation_stability final: 5 features selected
2026-08-01 17:44:30 | INFO     | co2_forecast | ==================================================
2026-08-01 17:44:30 | INFO     | co2_forecast | Running consensus feature selection (FS_consensus)...
2026-08-01 17:44:30 | INFO     | co2_forecast | Vote-based selection: 17 features with >= 2 votes
2026-08-01 17:44:30 | INFO     | co2_forecast | FS_consensus final: 17 features selected
2026-08-01 17:44:30 | INFO     | co2_forecast | ==================================================
2026-08-01 17:44:30 | INFO     | co2_forecast | Total FS options: 5
2026-08-01 17:44:30 | INFO     | co2_forecast |   fs_linear: 11 features
2026-08-01 17:44:30 | INFO     | co2_forecast |   fs_wrapper: 20 features
2026-08-01 17:44:30 | INFO     | co2_forecast |   fs_xgboost_shap: 5 features
2026-08-01 17:44:30 | INFO     | co2_forecast |   fs_permutation_stability: 5 features
2026-08-01 17:44:30 | INFO     | co2_forecast |   fs_consensus: 17 features
2026-08-01 17:44:30 | INFO     | co2_forecast | Stream B cell: A2/fs_linear/ridge (11 features)
2026-08-01 17:44:30 | INFO     | co2_forecast | Creating walk-forward splits for 16 valid samples
2026-08-01 17:44:30 | INFO     | co2_forecast | Created 4 CV folds across horizons [1, 2, 4]
2026-08-01 17:44:30 | INFO     | co2_forecast | Built tuning CV plan: 4 folds from 16 rows before 2022-Q%q (evaluation cutoff) - isolation OK (max tuning date 2021-Q%q)
2026-08-01 17:44:30 | INFO     | co2_forecast | Optimizing ridge...
2026-08-01 17:44:30 | INFO     | co2_forecast | Starting PSO: 5 particles, 8 iterations
2026-08-01 17:44:30 | INFO     | co2_forecast |   Iteration 0: Best fitness = 2.307642
2026-08-01 17:44:30 | INFO     | co2_forecast |   Iteration 5: Best fitness = 1.833620
2026-08-01 17:44:30 | INFO     | co2_forecast |   Iteration 7: Best fitness = 1.833620
2026-08-01 17:44:30 | INFO     | co2_forecast | PSO complete. Best fitness: 1.833620
2026-08-01 17:44:30 | INFO     | co2_forecast |   Best params: {'alpha': 100.0}
2026-08-01 17:44:30 | INFO     | co2_forecast |   Best fitness: 1.833620
2026-08-01 17:44:30 | INFO     | co2_forecast | [A2/panel2_common_period/fs_linear/ridge] sweep tuning: best_params={'alpha': 100.0}
2026-08-01 17:44:30 | INFO     | co2_forecast |   -> weighted_mase=0.9065030631222745, runtime=0.2s
2026-08-01 17:44:30 | INFO     | co2_forecast | Stream B cell: A2/fs_linear/random_forest (11 features)
2026-08-01 17:44:30 | INFO     | co2_forecast | Creating walk-forward splits for 16 valid samples
2026-08-01 17:44:30 | INFO     | co2_forecast | Created 4 CV folds across horizons [1, 2, 4]
2026-08-01 17:44:30 | INFO     | co2_forecast | Built tuning CV plan: 4 folds from 16 rows before 2022-Q%q (evaluation cutoff) - isolation OK (max tuning date 2021-Q%q)
2026-08-01 17:44:30 | INFO     | co2_forecast | Optimizing random_forest...
2026-08-01 17:44:30 | INFO     | co2_forecast | Starting PSO: 5 particles, 8 iterations
2026-08-01 17:44:34 | INFO     | co2_forecast |   Iteration 0: Best fitness = 0.748939
2026-08-01 17:44:54 | INFO     | co2_forecast |   Iteration 5: Best fitness = 0.365714
2026-08-01 17:45:03 | INFO     | co2_forecast |   Iteration 7: Best fitness = 0.365125
2026-08-01 17:45:03 | INFO     | co2_forecast | PSO complete. Best fitness: 0.365125
2026-08-01 17:45:03 | INFO     | co2_forecast |   Best params: {'n_estimators': 164, 'max_depth': 3, 'min_samples_split': 2, 'min_samples_leaf': 1}
2026-08-01 17:45:03 | INFO     | co2_forecast |   Best fitness: 0.365125
2026-08-01 17:45:03 | INFO     | co2_forecast | [A2/panel2_common_period/fs_linear/random_forest] sweep tuning: best_params={'n_estimators': 164, 'max_depth': 3, 'min_samples_split': 2, 'min_samples_leaf': 1}
2026-08-01 17:45:04 | INFO     | co2_forecast |   -> weighted_mase=1.0044665022238255, runtime=34.1s
2026-08-01 17:45:04 | INFO     | co2_forecast | Stream B cell: A2/fs_linear/lightgbm (11 features)
2026-08-01 17:45:04 | INFO     | co2_forecast | Creating walk-forward splits for 16 valid samples
2026-08-01 17:45:04 | INFO     | co2_forecast | Created 4 CV folds across horizons [1, 2, 4]
2026-08-01 17:45:04 | INFO     | co2_forecast | Built tuning CV plan: 4 folds from 16 rows before 2022-Q%q (evaluation cutoff) - isolation OK (max tuning date 2021-Q%q)
2026-08-01 17:45:04 | INFO     | co2_forecast | Optimizing lightgbm...
2026-08-01 17:45:04 | INFO     | co2_forecast | Starting PSO: 5 particles, 8 iterations
2026-08-01 17:45:05 | INFO     | co2_forecast |   Iteration 0: Best fitness = 0.768990
2026-08-01 17:45:05 | INFO     | co2_forecast |   Iteration 5: Best fitness = 0.768990
2026-08-01 17:45:06 | INFO     | co2_forecast |   Iteration 7: Best fitness = 0.601426
2026-08-01 17:45:06 | INFO     | co2_forecast | PSO complete. Best fitness: 0.601426
2026-08-01 17:45:06 | INFO     | co2_forecast |   Best params: {'n_estimators': 244, 'learning_rate': 0.3, 'num_leaves': 127, 'max_depth': 13, 'min_child_samples': 5, 'reg_alpha': 0.001, 'reg_lambda': 0.001}
2026-08-01 17:45:06 | INFO     | co2_forecast |   Best fitness: 0.601426
2026-08-01 17:45:06 | INFO     | co2_forecast | [A2/panel2_common_period/fs_linear/lightgbm] sweep tuning: best_params={'n_estimators': 244, 'learning_rate': 0.3, 'num_leaves': 127, 'max_depth': 13, 'min_child_samples': 5, 'reg_alpha': 0.001, 'reg_lambda': 0.001}
2026-08-01 17:45:06 | INFO     | co2_forecast |   -> weighted_mase=1.359053440476122, runtime=2.0s
2026-08-01 17:45:06 | INFO     | co2_forecast | Stream B cell: A2/fs_linear/catboost (11 features)
2026-08-01 17:45:06 | INFO     | co2_forecast | Creating walk-forward splits for 16 valid samples
2026-08-01 17:45:06 | INFO     | co2_forecast | Created 4 CV folds across horizons [1, 2, 4]
2026-08-01 17:45:06 | INFO     | co2_forecast | Built tuning CV plan: 4 folds from 16 rows before 2022-Q%q (evaluation cutoff) - isolation OK (max tuning date 2021-Q%q)
2026-08-01 17:45:06 | INFO     | co2_forecast | Optimizing catboost...
2026-08-01 17:45:06 | INFO     | co2_forecast | Starting PSO: 5 particles, 8 iterations
2026-08-01 17:45:37 | INFO     | co2_forecast |   Iteration 0: Best fitness = 0.408722
2026-08-01 18:15:46 | INFO     | co2_forecast |   Iteration 5: Best fitness = 0.354111
2026-08-01 18:27:42 | INFO     | co2_forecast |   Iteration 7: Best fitness = 0.331193
2026-08-01 18:27:42 | INFO     | co2_forecast | PSO complete. Best fitness: 0.331193
2026-08-01 18:27:42 | INFO     | co2_forecast |   Best params: {'iterations': 98, 'learning_rate': 0.12639266897226498, 'depth': 3, 'l2_leaf_reg': 1.0717463931070912}
2026-08-01 18:27:42 | INFO     | co2_forecast |   Best fitness: 0.331193
2026-08-01 18:27:42 | INFO     | co2_forecast | [A2/panel2_common_period/fs_linear/catboost] sweep tuning: best_params={'iterations': 98, 'learning_rate': 0.12639266897226498, 'depth': 3, 'l2_leaf_reg': 1.0717463931070912}
2026-08-01 18:29:12 | INFO     | co2_forecast |   -> weighted_mase=0.8760702086134917, runtime=2645.7s
2026-08-01 18:29:12 | INFO     | co2_forecast | Stream B cell: A2/fs_linear/lstm (11 features)
2026-08-01 18:29:12 | INFO     | co2_forecast | Creating walk-forward splits for 16 valid samples
2026-08-01 18:29:12 | INFO     | co2_forecast | Created 4 CV folds across horizons [1, 2, 4]
2026-08-01 18:29:12 | INFO     | co2_forecast | Built tuning CV plan: 4 folds from 16 rows before 2022-Q%q (evaluation cutoff) - isolation OK (max tuning date 2021-Q%q)
2026-08-01 18:29:12 | INFO     | co2_forecast | Optimizing lstm...
2026-08-01 18:29:12 | INFO     | co2_forecast | Starting PSO: 5 particles, 8 iterations
2026-08-01 18:29:12 | WARNING  | co2_forecast | Model training failed with params {'lookback': 7, 'hidden_size': 62, 'num_layers': 2, 'dropout': 0.3394633936788146, 'learning_rate': 0.0016445845403801217, 'batch_size': 8}: LSTM.fit: training data has 8 rows, giving only 1 sequence(s) with lookback=7; at least 2 are required (one is always reserved for validation). Reduce lookback or provide more training history.
2026-08-01 18:29:12 | WARNING  | co2_forecast | Model training failed with params {'lookback': 11, 'hidden_size': 26, 'num_layers': 1, 'dropout': 0.17336180394137352, 'learning_rate': 0.0031119982052994237, 'batch_size': 16}: LSTM.fit: training data has 8 rows, giving only 0 sequence(s) with lookback=11; at least 2 are required (one is always reserved for validation). Reduce lookback or provide more training history.
2026-08-01 18:29:12 | WARNING  | co2_forecast | Model training failed with params {'lookback': 8, 'hidden_size': 54, 'num_layers': 1, 'dropout': 0.3056937753654446, 'learning_rate': 0.005964904231734221, 'batch_size': 8}: LSTM.fit: training data has 8 rows, giving only 0 sequence(s) with lookback=8; at least 2 are required (one is always reserved for validation). Reduce lookback or provide more training history.
2026-08-01 18:29:12 | WARNING  | co2_forecast | Very few sequences (2), LSTM may not train well
2026-08-01 18:29:12 | WARNING  | co2_forecast | Very few sequences (6), LSTM may not train well
2026-08-01 18:29:13 | WARNING  | co2_forecast | Very few sequences (2), LSTM may not train well
2026-08-01 18:29:13 | WARNING  | co2_forecast | Very few sequences (2), LSTM may not train well
2026-08-01 18:29:13 | WARNING  | co2_forecast | Model training failed with params {'lookback': 8, 'hidden_size': 25, 'num_layers': 2, 'dropout': 0.4100531293444458, 'learning_rate': 0.009401039521485473, 'batch_size': 32}: LSTM.fit: training data has 8 rows, giving only 0 sequence(s) with lookback=8; at least 2 are required (one is always reserved for validation). Reduce lookback or provide more training history.
2026-08-01 18:29:13 | INFO     | co2_forecast |   Iteration 0: Best fitness = 1.013693
2026-08-01 18:29:13 | WARNING  | co2_forecast | Very few sequences (3), LSTM may not train well
2026-08-01 18:29:13 | WARNING  | co2_forecast | Very few sequences (7), LSTM may not train well
2026-08-01 18:29:14 | WARNING  | co2_forecast | Very few sequences (3), LSTM may not train well
2026-08-01 18:29:14 | WARNING  | co2_forecast | Very few sequences (3), LSTM may not train well
2026-08-01 18:29:14 | WARNING  | co2_forecast | Very few sequences (2), LSTM may not train well
2026-08-01 18:29:14 | WARNING  | co2_forecast | Very few sequences (6), LSTM may not train well
2026-08-01 18:29:15 | WARNING  | co2_forecast | Very few sequences (2), LSTM may not train well
2026-08-01 18:29:15 | WARNING  | co2_forecast | Very few sequences (2), LSTM may not train well
2026-08-01 18:29:15 | WARNING  | co2_forecast | Model training failed with params {'lookback': 8, 'hidden_size': 44, 'num_layers': 1, 'dropout': 0.3238975389966341, 'learning_rate': 0.005520634690128072, 'batch_size': 8}: LSTM.fit: training data has 8 rows, giving only 0 sequence(s) with lookback=8; at least 2 are required (one is always reserved for validation). Reduce lookback or provide more training history.
2026-08-01 18:29:15 | WARNING  | co2_forecast | Very few sequences (3), LSTM may not train well
2026-08-01 18:29:15 | WARNING  | co2_forecast | Very few sequences (7), LSTM may not train well
2026-08-01 18:29:16 | WARNING  | co2_forecast | Very few sequences (3), LSTM may not train well
2026-08-01 18:29:16 | WARNING  | co2_forecast | Very few sequences (3), LSTM may not train well
2026-08-01 18:29:16 | WARNING  | co2_forecast | Very few sequences (2), LSTM may not train well
2026-08-01 18:29:16 | WARNING  | co2_forecast | Very few sequences (6), LSTM may not train well
2026-08-01 18:29:17 | WARNING  | co2_forecast | Very few sequences (2), LSTM may not train well
2026-08-01 18:29:18 | WARNING  | co2_forecast | Very few sequences (2), LSTM may not train well
2026-08-01 18:29:19 | WARNING  | co2_forecast | Very few sequences (4), LSTM may not train well
2026-08-01 18:29:19 | WARNING  | co2_forecast | Very few sequences (8), LSTM may not train well
2026-08-01 18:29:20 | WARNING  | co2_forecast | Very few sequences (4), LSTM may not train well
2026-08-01 18:29:20 | WARNING  | co2_forecast | Very few sequences (4), LSTM may not train well
2026-08-01 18:29:21 | WARNING  | co2_forecast | Very few sequences (4), LSTM may not train well
2026-08-01 18:29:21 | WARNING  | co2_forecast | Very few sequences (8), LSTM may not train well
2026-08-01 18:29:21 | WARNING  | co2_forecast | Very few sequences (4), LSTM may not train well
2026-08-01 18:29:22 | WARNING  | co2_forecast | Very few sequences (4), LSTM may not train well
2026-08-01 18:29:22 | WARNING  | co2_forecast | Model training failed with params {'lookback': 7, 'hidden_size': 33, 'num_layers': 1, 'dropout': 0.3174646446740698, 'learning_rate': 0.004142028037008457, 'batch_size': 16}: LSTM.fit: training data has 8 rows, giving only 1 sequence(s) with lookback=7; at least 2 are required (one is always reserved for validation). Reduce lookback or provide more training history.
2026-08-01 18:29:22 | WARNING  | co2_forecast | Very few sequences (3), LSTM may not train well
2026-08-01 18:29:22 | WARNING  | co2_forecast | Very few sequences (7), LSTM may not train well
2026-08-01 18:29:23 | WARNING  | co2_forecast | Very few sequences (3), LSTM may not train well
2026-08-01 18:29:23 | WARNING  | co2_forecast | Very few sequences (3), LSTM may not train well
2026-08-01 18:29:24 | WARNING  | co2_forecast | Very few sequences (4), LSTM may not train well
2026-08-01 18:29:24 | WARNING  | co2_forecast | Very few sequences (8), LSTM may not train well
2026-08-01 18:29:24 | WARNING  | co2_forecast | Very few sequences (4), LSTM may not train well
2026-08-01 18:29:25 | WARNING  | co2_forecast | Very few sequences (4), LSTM may not train well
2026-08-01 18:29:25 | WARNING  | co2_forecast | Very few sequences (3), LSTM may not train well
2026-08-01 18:29:25 | WARNING  | co2_forecast | Very few sequences (7), LSTM may not train well
2026-08-01 18:29:25 | WARNING  | co2_forecast | Very few sequences (3), LSTM may not train well
2026-08-01 18:29:26 | WARNING  | co2_forecast | Very few sequences (3), LSTM may not train well
2026-08-01 18:29:26 | WARNING  | co2_forecast | Very few sequences (4), LSTM may not train well
2026-08-01 18:29:26 | WARNING  | co2_forecast | Very few sequences (8), LSTM may not train well
2026-08-01 18:29:27 | WARNING  | co2_forecast | Very few sequences (4), LSTM may not train well
2026-08-01 18:29:27 | WARNING  | co2_forecast | Very few sequences (4), LSTM may not train well
2026-08-01 18:29:27 | WARNING  | co2_forecast | Very few sequences (2), LSTM may not train well
2026-08-01 18:29:27 | WARNING  | co2_forecast | Very few sequences (6), LSTM may not train well
2026-08-01 18:29:28 | WARNING  | co2_forecast | Very few sequences (2), LSTM may not train well
2026-08-01 18:29:28 | WARNING  | co2_forecast | Very few sequences (2), LSTM may not train well
2026-08-01 18:29:28 | WARNING  | co2_forecast | Very few sequences (3), LSTM may not train well
2026-08-01 18:29:28 | WARNING  | co2_forecast | Very few sequences (7), LSTM may not train well
2026-08-01 18:29:29 | WARNING  | co2_forecast | Very few sequences (3), LSTM may not train well
2026-08-01 18:29:30 | WARNING  | co2_forecast | Very few sequences (3), LSTM may not train well
2026-08-01 18:29:30 | WARNING  | co2_forecast | Very few sequences (4), LSTM may not train well
2026-08-01 18:29:30 | WARNING  | co2_forecast | Very few sequences (8), LSTM may not train well
2026-08-01 18:29:31 | WARNING  | co2_forecast | Very few sequences (4), LSTM may not train well
2026-08-01 18:29:31 | WARNING  | co2_forecast | Very few sequences (4), LSTM may not train well
2026-08-01 18:29:31 | WARNING  | co2_forecast | Model training failed with params {'lookback': 7, 'hidden_size': 16, 'num_layers': 1, 'dropout': 0.3444751806632916, 'learning_rate': 0.004055785267722746, 'batch_size': 16}: LSTM.fit: training data has 8 rows, giving only 1 sequence(s) with lookback=7; at least 2 are required (one is always reserved for validation). Reduce lookback or provide more training history.
2026-08-01 18:29:31 | WARNING  | co2_forecast | Very few sequences (3), LSTM may not train well
2026-08-01 18:29:32 | WARNING  | co2_forecast | Very few sequences (7), LSTM may not train well
2026-08-01 18:29:32 | WARNING  | co2_forecast | Very few sequences (3), LSTM may not train well
2026-08-01 18:29:32 | WARNING  | co2_forecast | Very few sequences (3), LSTM may not train well
2026-08-01 18:29:33 | WARNING  | co2_forecast | Very few sequences (3), LSTM may not train well
2026-08-01 18:29:33 | WARNING  | co2_forecast | Very few sequences (7), LSTM may not train well
2026-08-01 18:29:33 | WARNING  | co2_forecast | Very few sequences (3), LSTM may not train well
2026-08-01 18:29:34 | WARNING  | co2_forecast | Very few sequences (3), LSTM may not train well
2026-08-01 18:29:34 | WARNING  | co2_forecast | Very few sequences (2), LSTM may not train well
2026-08-01 18:29:34 | WARNING  | co2_forecast | Very few sequences (6), LSTM may not train well
2026-08-01 18:29:34 | WARNING  | co2_forecast | Very few sequences (2), LSTM may not train well
2026-08-01 18:29:34 | WARNING  | co2_forecast | Very few sequences (2), LSTM may not train well
2026-08-01 18:29:35 | WARNING  | co2_forecast | Very few sequences (2), LSTM may not train well
2026-08-01 18:29:35 | WARNING  | co2_forecast | Very few sequences (6), LSTM may not train well
2026-08-01 18:29:35 | WARNING  | co2_forecast | Very few sequences (2), LSTM may not train well
2026-08-01 18:29:36 | WARNING  | co2_forecast | Very few sequences (2), LSTM may not train well
2026-08-01 18:29:37 | WARNING  | co2_forecast | Very few sequences (4), LSTM may not train well
2026-08-01 18:29:37 | WARNING  | co2_forecast | Very few sequences (8), LSTM may not train well
2026-08-01 18:29:37 | WARNING  | co2_forecast | Very few sequences (4), LSTM may not train well
2026-08-01 18:29:38 | WARNING  | co2_forecast | Very few sequences (4), LSTM may not train well
2026-08-01 18:29:38 | WARNING  | co2_forecast | Very few sequences (3), LSTM may not train well
2026-08-01 18:29:38 | WARNING  | co2_forecast | Very few sequences (7), LSTM may not train well
2026-08-01 18:29:39 | WARNING  | co2_forecast | Very few sequences (3), LSTM may not train well
2026-08-01 18:29:39 | WARNING  | co2_forecast | Very few sequences (3), LSTM may not train well
2026-08-01 18:29:39 | WARNING  | co2_forecast | Very few sequences (3), LSTM may not train well
2026-08-01 18:29:39 | WARNING  | co2_forecast | Very few sequences (7), LSTM may not train well
2026-08-01 18:29:40 | WARNING  | co2_forecast | Very few sequences (3), LSTM may not train well
2026-08-01 18:29:40 | WARNING  | co2_forecast | Very few sequences (3), LSTM may not train well
2026-08-01 18:29:40 | WARNING  | co2_forecast | Very few sequences (3), LSTM may not train well
2026-08-01 18:29:41 | WARNING  | co2_forecast | Very few sequences (7), LSTM may not train well
2026-08-01 18:29:41 | WARNING  | co2_forecast | Very few sequences (3), LSTM may not train well
2026-08-01 18:29:41 | WARNING  | co2_forecast | Very few sequences (3), LSTM may not train well
2026-08-01 18:29:41 | WARNING  | co2_forecast | Very few sequences (4), LSTM may not train well
2026-08-01 18:29:41 | WARNING  | co2_forecast | Very few sequences (8), LSTM may not train well
2026-08-01 18:29:42 | WARNING  | co2_forecast | Very few sequences (4), LSTM may not train well
2026-08-01 18:29:42 | WARNING  | co2_forecast | Very few sequences (4), LSTM may not train well
2026-08-01 18:29:42 | INFO     | co2_forecast |   Iteration 5: Best fitness = 0.629466
2026-08-01 18:29:42 | WARNING  | co2_forecast | Very few sequences (4), LSTM may not train well
2026-08-01 18:29:42 | WARNING  | co2_forecast | Very few sequences (8), LSTM may not train well
2026-08-01 18:29:43 | WARNING  | co2_forecast | Very few sequences (4), LSTM may not train well
2026-08-01 18:29:43 | WARNING  | co2_forecast | Very few sequences (4), LSTM may not train well
2026-08-01 18:29:43 | WARNING  | co2_forecast | Very few sequences (3), LSTM may not train well
2026-08-01 18:29:43 | WARNING  | co2_forecast | Very few sequences (7), LSTM may not train well
2026-08-01 18:29:44 | WARNING  | co2_forecast | Very few sequences (3), LSTM may not train well
2026-08-01 18:29:44 | WARNING  | co2_forecast | Very few sequences (3), LSTM may not train well
2026-08-01 18:29:44 | WARNING  | co2_forecast | Very few sequences (3), LSTM may not train well
2026-08-01 18:29:44 | WARNING  | co2_forecast | Very few sequences (7), LSTM may not train well
2026-08-01 18:29:45 | WARNING  | co2_forecast | Very few sequences (3), LSTM may not train well
2026-08-01 18:29:46 | WARNING  | co2_forecast | Very few sequences (3), LSTM may not train well
2026-08-01 18:29:46 | WARNING  | co2_forecast | Very few sequences (3), LSTM may not train well
2026-08-01 18:29:46 | WARNING  | co2_forecast | Very few sequences (7), LSTM may not train well
2026-08-01 18:29:47 | WARNING  | co2_forecast | Very few sequences (3), LSTM may not train well
2026-08-01 18:29:48 | WARNING  | co2_forecast | Very few sequences (3), LSTM may not train well
2026-08-01 18:29:48 | WARNING  | co2_forecast | Very few sequences (4), LSTM may not train well
2026-08-01 18:29:48 | WARNING  | co2_forecast | Very few sequences (8), LSTM may not train well
2026-08-01 18:29:49 | WARNING  | co2_forecast | Very few sequences (4), LSTM may not train well
2026-08-01 18:29:49 | WARNING  | co2_forecast | Very few sequences (4), LSTM may not train well
2026-08-01 18:29:49 | WARNING  | co2_forecast | Very few sequences (3), LSTM may not train well
2026-08-01 18:29:49 | WARNING  | co2_forecast | Very few sequences (7), LSTM may not train well
2026-08-01 18:29:50 | WARNING  | co2_forecast | Very few sequences (3), LSTM may not train well
2026-08-01 18:29:51 | WARNING  | co2_forecast | Very few sequences (3), LSTM may not train well
2026-08-01 18:29:51 | WARNING  | co2_forecast | Very few sequences (3), LSTM may not train well
2026-08-01 18:29:51 | WARNING  | co2_forecast | Very few sequences (7), LSTM may not train well
2026-08-01 18:29:51 | WARNING  | co2_forecast | Very few sequences (3), LSTM may not train well
2026-08-01 18:29:52 | WARNING  | co2_forecast | Very few sequences (3), LSTM may not train well
2026-08-01 18:29:52 | WARNING  | co2_forecast | Very few sequences (3), LSTM may not train well
2026-08-01 18:29:52 | WARNING  | co2_forecast | Very few sequences (7), LSTM may not train well
2026-08-01 18:29:53 | WARNING  | co2_forecast | Very few sequences (3), LSTM may not train well
2026-08-01 18:29:54 | WARNING  | co2_forecast | Very few sequences (3), LSTM may not train well
2026-08-01 18:29:54 | WARNING  | co2_forecast | Very few sequences (3), LSTM may not train well
2026-08-01 18:29:54 | WARNING  | co2_forecast | Very few sequences (7), LSTM may not train well
2026-08-01 18:29:55 | WARNING  | co2_forecast | Very few sequences (3), LSTM may not train well
2026-08-01 18:29:56 | WARNING  | co2_forecast | Very few sequences (3), LSTM may not train well
2026-08-01 18:29:56 | WARNING  | co2_forecast | Very few sequences (3), LSTM may not train well
2026-08-01 18:29:56 | WARNING  | co2_forecast | Very few sequences (7), LSTM may not train well
2026-08-01 18:29:56 | WARNING  | co2_forecast | Very few sequences (3), LSTM may not train well
2026-08-01 18:29:57 | WARNING  | co2_forecast | Very few sequences (3), LSTM may not train well
2026-08-01 18:29:57 | INFO     | co2_forecast |   Iteration 7: Best fitness = 0.629466
2026-08-01 18:29:57 | INFO     | co2_forecast | PSO complete. Best fitness: 0.629466
2026-08-01 18:29:57 | INFO     | co2_forecast |   Best params: {'lookback': 5, 'hidden_size': 18, 'num_layers': 1, 'dropout': 0.2773024763042787, 'learning_rate': 0.0012112340057483348, 'batch_size': 16}
2026-08-01 18:29:57 | INFO     | co2_forecast |   Best fitness: 0.629466
2026-08-01 18:29:57 | INFO     | co2_forecast | [A2/panel2_common_period/fs_linear/lstm] sweep tuning: best_params={'lookback': 5, 'hidden_size': 18, 'num_layers': 1, 'dropout': 0.2773024763042787, 'learning_rate': 0.0012112340057483348, 'batch_size': 16}
2026-08-01 18:30:01 | INFO     | co2_forecast |   -> weighted_mase=0.6234859258448091, runtime=49.0s
2026-08-01 18:30:01 | INFO     | co2_forecast | Stream B cell: A2/fs_wrapper/ridge (20 features)
2026-08-01 18:30:01 | INFO     | co2_forecast | Creating walk-forward splits for 16 valid samples
2026-08-01 18:30:01 | INFO     | co2_forecast | Created 4 CV folds across horizons [1, 2, 4]
2026-08-01 18:30:01 | INFO     | co2_forecast | Built tuning CV plan: 4 folds from 16 rows before 2022-Q%q (evaluation cutoff) - isolation OK (max tuning date 2021-Q%q)
2026-08-01 18:30:01 | INFO     | co2_forecast | Optimizing ridge...
2026-08-01 18:30:01 | INFO     | co2_forecast | Starting PSO: 5 particles, 8 iterations
2026-08-01 18:30:01 | INFO     | co2_forecast |   Iteration 0: Best fitness = 2.267633
2026-08-01 18:30:01 | INFO     | co2_forecast |   Iteration 5: Best fitness = 1.853288
2026-08-01 18:30:01 | INFO     | co2_forecast |   Iteration 7: Best fitness = 1.853288
2026-08-01 18:30:01 | INFO     | co2_forecast | PSO complete. Best fitness: 1.853288
2026-08-01 18:30:01 | INFO     | co2_forecast |   Best params: {'alpha': 100.0}
2026-08-01 18:30:01 | INFO     | co2_forecast |   Best fitness: 1.853288
2026-08-01 18:30:01 | INFO     | co2_forecast | [A2/panel2_common_period/fs_wrapper/ridge] sweep tuning: best_params={'alpha': 100.0}
2026-08-01 18:30:01 | INFO     | co2_forecast |   -> weighted_mase=0.7860856531422471, runtime=0.2s
2026-08-01 18:30:01 | INFO     | co2_forecast | Stream B cell: A2/fs_wrapper/random_forest (20 features)
2026-08-01 18:30:01 | INFO     | co2_forecast | Creating walk-forward splits for 16 valid samples
2026-08-01 18:30:01 | INFO     | co2_forecast | Created 4 CV folds across horizons [1, 2, 4]
2026-08-01 18:30:01 | INFO     | co2_forecast | Built tuning CV plan: 4 folds from 16 rows before 2022-Q%q (evaluation cutoff) - isolation OK (max tuning date 2021-Q%q)
2026-08-01 18:30:01 | INFO     | co2_forecast | Optimizing random_forest...
2026-08-01 18:30:01 | INFO     | co2_forecast | Starting PSO: 5 particles, 8 iterations
2026-08-01 18:30:06 | INFO     | co2_forecast |   Iteration 0: Best fitness = 0.748791
2026-08-01 18:30:24 | INFO     | co2_forecast |   Iteration 5: Best fitness = 0.339534
2026-08-01 18:30:34 | INFO     | co2_forecast |   Iteration 7: Best fitness = 0.339534
2026-08-01 18:30:34 | INFO     | co2_forecast | PSO complete. Best fitness: 0.339534
2026-08-01 18:30:34 | INFO     | co2_forecast |   Best params: {'n_estimators': 148, 'max_depth': 3, 'min_samples_split': 2, 'min_samples_leaf': 1}
2026-08-01 18:30:34 | INFO     | co2_forecast |   Best fitness: 0.339534
2026-08-01 18:30:34 | INFO     | co2_forecast | [A2/panel2_common_period/fs_wrapper/random_forest] sweep tuning: best_params={'n_estimators': 148, 'max_depth': 3, 'min_samples_split': 2, 'min_samples_leaf': 1}
2026-08-01 18:30:36 | INFO     | co2_forecast |   -> weighted_mase=0.8385735722897405, runtime=34.4s
2026-08-01 18:30:36 | INFO     | co2_forecast | Stream B cell: A2/fs_wrapper/lightgbm (20 features)
2026-08-01 18:30:36 | INFO     | co2_forecast | Creating walk-forward splits for 16 valid samples
2026-08-01 18:30:36 | INFO     | co2_forecast | Created 4 CV folds across horizons [1, 2, 4]
2026-08-01 18:30:36 | INFO     | co2_forecast | Built tuning CV plan: 4 folds from 16 rows before 2022-Q%q (evaluation cutoff) - isolation OK (max tuning date 2021-Q%q)
2026-08-01 18:30:36 | INFO     | co2_forecast | Optimizing lightgbm...
2026-08-01 18:30:36 | INFO     | co2_forecast | Starting PSO: 5 particles, 8 iterations
2026-08-01 18:30:37 | INFO     | co2_forecast |   Iteration 0: Best fitness = 0.768990
2026-08-01 18:30:39 | INFO     | co2_forecast |   Iteration 5: Best fitness = 0.614501
2026-08-01 18:30:40 | INFO     | co2_forecast |   Iteration 7: Best fitness = 0.604708
2026-08-01 18:30:40 | INFO     | co2_forecast | PSO complete. Best fitness: 0.604708
2026-08-01 18:30:40 | INFO     | co2_forecast |   Best params: {'n_estimators': 295, 'learning_rate': 0.3, 'num_leaves': 127, 'max_depth': 9, 'min_child_samples': 5, 'reg_alpha': 0.001, 'reg_lambda': 0.001}
2026-08-01 18:30:40 | INFO     | co2_forecast |   Best fitness: 0.604708
2026-08-01 18:30:40 | INFO     | co2_forecast | [A2/panel2_common_period/fs_wrapper/lightgbm] sweep tuning: best_params={'n_estimators': 295, 'learning_rate': 0.3, 'num_leaves': 127, 'max_depth': 9, 'min_child_samples': 5, 'reg_alpha': 0.001, 'reg_lambda': 0.001}
2026-08-01 18:30:41 | INFO     | co2_forecast |   -> weighted_mase=0.8199400089152868, runtime=5.6s
2026-08-01 18:30:41 | INFO     | co2_forecast | Stream B cell: A2/fs_wrapper/catboost (20 features)
2026-08-01 18:30:41 | INFO     | co2_forecast | Creating walk-forward splits for 16 valid samples
2026-08-01 18:30:41 | INFO     | co2_forecast | Created 4 CV folds across horizons [1, 2, 4]
2026-08-01 18:30:41 | INFO     | co2_forecast | Built tuning CV plan: 4 folds from 16 rows before 2022-Q%q (evaluation cutoff) - isolation OK (max tuning date 2021-Q%q)
2026-08-01 18:30:41 | INFO     | co2_forecast | Optimizing catboost...
2026-08-01 18:30:41 | INFO     | co2_forecast | Starting PSO: 5 particles, 8 iterations
2026-08-01 18:31:38 | INFO     | co2_forecast |   Iteration 0: Best fitness = 0.315692
2026-08-01 18:56:55 | INFO     | co2_forecast |   Iteration 5: Best fitness = 0.290011
2026-08-01 19:09:05 | INFO     | co2_forecast |   Iteration 7: Best fitness = 0.290011
2026-08-01 19:09:05 | INFO     | co2_forecast | PSO complete. Best fitness: 0.290011
2026-08-01 19:09:05 | INFO     | co2_forecast |   Best params: {'iterations': 203, 'learning_rate': 0.20037401479902708, 'depth': 3, 'l2_leaf_reg': 9.475116272980241}
2026-08-01 19:09:05 | INFO     | co2_forecast |   Best fitness: 0.290011
2026-08-01 19:09:05 | INFO     | co2_forecast | [A2/panel2_common_period/fs_wrapper/catboost] sweep tuning: best_params={'iterations': 203, 'learning_rate': 0.20037401479902708, 'depth': 3, 'l2_leaf_reg': 9.475116272980241}
2026-08-01 19:11:36 | INFO     | co2_forecast |   -> weighted_mase=0.7346997953865027, runtime=2455.1s
2026-08-01 19:11:36 | INFO     | co2_forecast | Stream B cell: A2/fs_wrapper/lstm (20 features)
2026-08-01 19:11:36 | INFO     | co2_forecast | Creating walk-forward splits for 16 valid samples
2026-08-01 19:11:36 | INFO     | co2_forecast | Created 4 CV folds across horizons [1, 2, 4]
2026-08-01 19:11:36 | INFO     | co2_forecast | Built tuning CV plan: 4 folds from 16 rows before 2022-Q%q (evaluation cutoff) - isolation OK (max tuning date 2021-Q%q)
2026-08-01 19:11:36 | INFO     | co2_forecast | Optimizing lstm...
2026-08-01 19:11:36 | INFO     | co2_forecast | Starting PSO: 5 particles, 8 iterations
2026-08-01 19:11:36 | WARNING  | co2_forecast | Model training failed with params {'lookback': 7, 'hidden_size': 62, 'num_layers': 2, 'dropout': 0.3394633936788146, 'learning_rate': 0.0016445845403801217, 'batch_size': 8}: LSTM.fit: training data has 8 rows, giving only 1 sequence(s) with lookback=7; at least 2 are required (one is always reserved for validation). Reduce lookback or provide more training history.
2026-08-01 19:11:36 | WARNING  | co2_forecast | Model training failed with params {'lookback': 11, 'hidden_size': 26, 'num_layers': 1, 'dropout': 0.17336180394137352, 'learning_rate': 0.0031119982052994237, 'batch_size': 16}: LSTM.fit: training data has 8 rows, giving only 0 sequence(s) with lookback=11; at least 2 are required (one is always reserved for validation). Reduce lookback or provide more training history.
2026-08-01 19:11:36 | WARNING  | co2_forecast | Model training failed with params {'lookback': 8, 'hidden_size': 54, 'num_layers': 1, 'dropout': 0.3056937753654446, 'learning_rate': 0.005964904231734221, 'batch_size': 8}: LSTM.fit: training data has 8 rows, giving only 0 sequence(s) with lookback=8; at least 2 are required (one is always reserved for validation). Reduce lookback or provide more training history.
2026-08-01 19:11:36 | WARNING  | co2_forecast | Very few sequences (2), LSTM may not train well
2026-08-01 19:11:37 | WARNING  | co2_forecast | Very few sequences (6), LSTM may not train well
2026-08-01 19:11:37 | WARNING  | co2_forecast | Very few sequences (2), LSTM may not train well
2026-08-01 19:11:37 | WARNING  | co2_forecast | Very few sequences (2), LSTM may not train well
2026-08-01 19:11:37 | WARNING  | co2_forecast | Model training failed with params {'lookback': 8, 'hidden_size': 25, 'num_layers': 2, 'dropout': 0.4100531293444458, 'learning_rate': 0.009401039521485473, 'batch_size': 32}: LSTM.fit: training data has 8 rows, giving only 0 sequence(s) with lookback=8; at least 2 are required (one is always reserved for validation). Reduce lookback or provide more training history.
2026-08-01 19:11:37 | INFO     | co2_forecast |   Iteration 0: Best fitness = 0.962594
2026-08-01 19:11:37 | WARNING  | co2_forecast | Very few sequences (3), LSTM may not train well
2026-08-01 19:11:37 | WARNING  | co2_forecast | Very few sequences (7), LSTM may not train well
2026-08-01 19:11:38 | WARNING  | co2_forecast | Very few sequences (3), LSTM may not train well
2026-08-01 19:11:39 | WARNING  | co2_forecast | Very few sequences (3), LSTM may not train well
2026-08-01 19:11:39 | WARNING  | co2_forecast | Very few sequences (2), LSTM may not train well
2026-08-01 19:11:39 | WARNING  | co2_forecast | Very few sequences (6), LSTM may not train well
2026-08-01 19:11:39 | WARNING  | co2_forecast | Very few sequences (2), LSTM may not train well
2026-08-01 19:11:39 | WARNING  | co2_forecast | Very few sequences (2), LSTM may not train well
2026-08-01 19:11:39 | WARNING  | co2_forecast | Model training failed with params {'lookback': 8, 'hidden_size': 44, 'num_layers': 1, 'dropout': 0.3238975389966341, 'learning_rate': 0.005520634690128072, 'batch_size': 8}: LSTM.fit: training data has 8 rows, giving only 0 sequence(s) with lookback=8; at least 2 are required (one is always reserved for validation). Reduce lookback or provide more training history.
2026-08-01 19:11:39 | WARNING  | co2_forecast | Very few sequences (3), LSTM may not train well
2026-08-01 19:11:40 | WARNING  | co2_forecast | Very few sequences (7), LSTM may not train well
2026-08-01 19:11:40 | WARNING  | co2_forecast | Very few sequences (3), LSTM may not train well
2026-08-01 19:11:40 | WARNING  | co2_forecast | Very few sequences (3), LSTM may not train well
2026-08-01 19:11:40 | WARNING  | co2_forecast | Very few sequences (2), LSTM may not train well
2026-08-01 19:11:40 | WARNING  | co2_forecast | Very few sequences (6), LSTM may not train well
2026-08-01 19:11:41 | WARNING  | co2_forecast | Very few sequences (2), LSTM may not train well
2026-08-01 19:11:42 | WARNING  | co2_forecast | Very few sequences (2), LSTM may not train well
2026-08-01 19:11:43 | WARNING  | co2_forecast | Very few sequences (3), LSTM may not train well
2026-08-01 19:11:43 | WARNING  | co2_forecast | Very few sequences (7), LSTM may not train well
2026-08-01 19:11:44 | WARNING  | co2_forecast | Very few sequences (3), LSTM may not train well
2026-08-01 19:11:45 | WARNING  | co2_forecast | Very few sequences (3), LSTM may not train well
2026-08-01 19:11:45 | WARNING  | co2_forecast | Very few sequences (4), LSTM may not train well
2026-08-01 19:11:45 | WARNING  | co2_forecast | Very few sequences (8), LSTM may not train well
2026-08-01 19:11:46 | WARNING  | co2_forecast | Very few sequences (4), LSTM may not train well
2026-08-01 19:11:47 | WARNING  | co2_forecast | Very few sequences (4), LSTM may not train well
2026-08-01 19:11:47 | WARNING  | co2_forecast | Model training failed with params {'lookback': 7, 'hidden_size': 35, 'num_layers': 1, 'dropout': 0.31512819649180424, 'learning_rate': 0.004065945490368326, 'batch_size': 8}: LSTM.fit: training data has 8 rows, giving only 1 sequence(s) with lookback=7; at least 2 are required (one is always reserved for validation). Reduce lookback or provide more training history.
2026-08-01 19:11:47 | WARNING  | co2_forecast | Very few sequences (2), LSTM may not train well
2026-08-01 19:11:47 | WARNING  | co2_forecast | Very few sequences (6), LSTM may not train well
2026-08-01 19:11:48 | WARNING  | co2_forecast | Very few sequences (2), LSTM may not train well
2026-08-01 19:11:49 | WARNING  | co2_forecast | Very few sequences (2), LSTM may not train well
2026-08-01 19:11:50 | WARNING  | co2_forecast | Very few sequences (3), LSTM may not train well
2026-08-01 19:11:50 | WARNING  | co2_forecast | Very few sequences (7), LSTM may not train well
2026-08-01 19:11:51 | WARNING  | co2_forecast | Very few sequences (3), LSTM may not train well
2026-08-01 19:11:51 | WARNING  | co2_forecast | Very few sequences (3), LSTM may not train well
2026-08-01 19:11:51 | WARNING  | co2_forecast | Very few sequences (2), LSTM may not train well
2026-08-01 19:11:52 | WARNING  | co2_forecast | Very few sequences (6), LSTM may not train well
2026-08-01 19:11:52 | WARNING  | co2_forecast | Very few sequences (2), LSTM may not train well
2026-08-01 19:11:53 | WARNING  | co2_forecast | Very few sequences (2), LSTM may not train well
2026-08-01 19:11:54 | WARNING  | co2_forecast | Very few sequences (4), LSTM may not train well
2026-08-01 19:11:54 | WARNING  | co2_forecast | Very few sequences (8), LSTM may not train well
2026-08-01 19:11:54 | WARNING  | co2_forecast | Very few sequences (4), LSTM may not train well
2026-08-01 19:11:55 | WARNING  | co2_forecast | Very few sequences (4), LSTM may not train well
2026-08-01 19:11:55 | WARNING  | co2_forecast | Model training failed with params {'lookback': 7, 'hidden_size': 31, 'num_layers': 1, 'dropout': 0.29089505775305136, 'learning_rate': 0.0025843376660411397, 'batch_size': 16}: LSTM.fit: training data has 8 rows, giving only 1 sequence(s) with lookback=7; at least 2 are required (one is always reserved for validation). Reduce lookback or provide more training history.
2026-08-01 19:11:55 | WARNING  | co2_forecast | Model training failed with params {'lookback': 7, 'hidden_size': 27, 'num_layers': 2, 'dropout': 0.2203323683724181, 'learning_rate': 0.0001, 'batch_size': 16}: LSTM.fit: training data has 8 rows, giving only 1 sequence(s) with lookback=7; at least 2 are required (one is always reserved for validation). Reduce lookback or provide more training history.
2026-08-01 19:11:55 | WARNING  | co2_forecast | Very few sequences (3), LSTM may not train well
2026-08-01 19:11:55 | WARNING  | co2_forecast | Very few sequences (7), LSTM may not train well
2026-08-01 19:11:56 | WARNING  | co2_forecast | Very few sequences (3), LSTM may not train well
2026-08-01 19:11:56 | WARNING  | co2_forecast | Very few sequences (3), LSTM may not train well
2026-08-01 19:11:56 | WARNING  | co2_forecast | Very few sequences (4), LSTM may not train well
2026-08-01 19:11:57 | WARNING  | co2_forecast | Very few sequences (8), LSTM may not train well
2026-08-01 19:11:57 | WARNING  | co2_forecast | Very few sequences (4), LSTM may not train well
2026-08-01 19:11:58 | WARNING  | co2_forecast | Very few sequences (4), LSTM may not train well
2026-08-01 19:11:58 | WARNING  | co2_forecast | Very few sequences (4), LSTM may not train well
2026-08-01 19:11:58 | WARNING  | co2_forecast | Very few sequences (8), LSTM may not train well
2026-08-01 19:11:59 | WARNING  | co2_forecast | Very few sequences (4), LSTM may not train well
2026-08-01 19:12:00 | WARNING  | co2_forecast | Very few sequences (4), LSTM may not train well
2026-08-01 19:12:00 | WARNING  | co2_forecast | Very few sequences (2), LSTM may not train well
2026-08-01 19:12:00 | WARNING  | co2_forecast | Very few sequences (6), LSTM may not train well
2026-08-01 19:12:00 | WARNING  | co2_forecast | Very few sequences (2), LSTM may not train well
2026-08-01 19:12:00 | WARNING  | co2_forecast | Very few sequences (2), LSTM may not train well
2026-08-01 19:12:01 | WARNING  | co2_forecast | Very few sequences (4), LSTM may not train well
2026-08-01 19:12:01 | WARNING  | co2_forecast | Very few sequences (8), LSTM may not train well
2026-08-01 19:12:01 | WARNING  | co2_forecast | Very few sequences (4), LSTM may not train well
2026-08-01 19:12:01 | WARNING  | co2_forecast | Very few sequences (4), LSTM may not train well
2026-08-01 19:12:01 | WARNING  | co2_forecast | Very few sequences (4), LSTM may not train well
2026-08-01 19:12:01 | WARNING  | co2_forecast | Very few sequences (8), LSTM may not train well
2026-08-01 19:12:02 | WARNING  | co2_forecast | Very few sequences (4), LSTM may not train well
2026-08-01 19:12:03 | WARNING  | co2_forecast | Very few sequences (4), LSTM may not train well
2026-08-01 19:12:03 | WARNING  | co2_forecast | Very few sequences (4), LSTM may not train well
2026-08-01 19:12:03 | WARNING  | co2_forecast | Very few sequences (8), LSTM may not train well
2026-08-01 19:12:04 | WARNING  | co2_forecast | Very few sequences (4), LSTM may not train well
2026-08-01 19:12:05 | WARNING  | co2_forecast | Very few sequences (4), LSTM may not train well
2026-08-01 19:12:05 | WARNING  | co2_forecast | Very few sequences (4), LSTM may not train well
2026-08-01 19:12:05 | WARNING  | co2_forecast | Very few sequences (8), LSTM may not train well
2026-08-01 19:12:06 | WARNING  | co2_forecast | Very few sequences (4), LSTM may not train well
2026-08-01 19:12:07 | WARNING  | co2_forecast | Very few sequences (4), LSTM may not train well
2026-08-01 19:12:07 | WARNING  | co2_forecast | Very few sequences (3), LSTM may not train well
2026-08-01 19:12:07 | WARNING  | co2_forecast | Very few sequences (7), LSTM may not train well
2026-08-01 19:12:07 | WARNING  | co2_forecast | Very few sequences (3), LSTM may not train well
2026-08-01 19:12:08 | WARNING  | co2_forecast | Very few sequences (3), LSTM may not train well
2026-08-01 19:12:08 | WARNING  | co2_forecast | Very few sequences (4), LSTM may not train well
2026-08-01 19:12:08 | WARNING  | co2_forecast | Very few sequences (8), LSTM may not train well
2026-08-01 19:12:09 | WARNING  | co2_forecast | Very few sequences (4), LSTM may not train well
2026-08-01 19:12:09 | WARNING  | co2_forecast | Very few sequences (4), LSTM may not train well
2026-08-01 19:12:09 | WARNING  | co2_forecast | Very few sequences (4), LSTM may not train well
2026-08-01 19:12:09 | WARNING  | co2_forecast | Very few sequences (8), LSTM may not train well
2026-08-01 19:12:10 | WARNING  | co2_forecast | Very few sequences (4), LSTM may not train well
2026-08-01 19:12:11 | WARNING  | co2_forecast | Very few sequences (4), LSTM may not train well
2026-08-01 19:12:11 | INFO     | co2_forecast |   Iteration 5: Best fitness = 0.748254
2026-08-01 19:12:11 | WARNING  | co2_forecast | Very few sequences (4), LSTM may not train well
2026-08-01 19:12:11 | WARNING  | co2_forecast | Very few sequences (8), LSTM may not train well
2026-08-01 19:12:12 | WARNING  | co2_forecast | Very few sequences (4), LSTM may not train well
2026-08-01 19:12:13 | WARNING  | co2_forecast | Very few sequences (4), LSTM may not train well
2026-08-01 19:12:13 | WARNING  | co2_forecast | Very few sequences (4), LSTM may not train well
2026-08-01 19:12:13 | WARNING  | co2_forecast | Very few sequences (8), LSTM may not train well
2026-08-01 19:12:14 | WARNING  | co2_forecast | Very few sequences (4), LSTM may not train well
2026-08-01 19:12:15 | WARNING  | co2_forecast | Very few sequences (4), LSTM may not train well
2026-08-01 19:12:15 | WARNING  | co2_forecast | Very few sequences (4), LSTM may not train well
2026-08-01 19:12:15 | WARNING  | co2_forecast | Very few sequences (8), LSTM may not train well
2026-08-01 19:12:16 | WARNING  | co2_forecast | Very few sequences (4), LSTM may not train well
2026-08-01 19:12:17 | WARNING  | co2_forecast | Very few sequences (4), LSTM may not train well
2026-08-01 19:12:17 | WARNING  | co2_forecast | Very few sequences (4), LSTM may not train well
2026-08-01 19:12:17 | WARNING  | co2_forecast | Very few sequences (8), LSTM may not train well
2026-08-01 19:12:18 | WARNING  | co2_forecast | Very few sequences (4), LSTM may not train well
2026-08-01 19:12:18 | WARNING  | co2_forecast | Very few sequences (4), LSTM may not train well
2026-08-01 19:12:18 | WARNING  | co2_forecast | Very few sequences (4), LSTM may not train well
2026-08-01 19:12:18 | WARNING  | co2_forecast | Very few sequences (8), LSTM may not train well
2026-08-01 19:12:19 | WARNING  | co2_forecast | Very few sequences (4), LSTM may not train well
2026-08-01 19:12:20 | WARNING  | co2_forecast | Very few sequences (4), LSTM may not train well
2026-08-01 19:12:20 | WARNING  | co2_forecast | Very few sequences (4), LSTM may not train well
2026-08-01 19:12:20 | WARNING  | co2_forecast | Very few sequences (8), LSTM may not train well
2026-08-01 19:12:21 | WARNING  | co2_forecast | Very few sequences (4), LSTM may not train well
2026-08-01 19:12:22 | WARNING  | co2_forecast | Very few sequences (4), LSTM may not train well
2026-08-01 19:12:22 | WARNING  | co2_forecast | Very few sequences (4), LSTM may not train well
2026-08-01 19:12:22 | WARNING  | co2_forecast | Very few sequences (8), LSTM may not train well
2026-08-01 19:12:23 | WARNING  | co2_forecast | Very few sequences (4), LSTM may not train well
2026-08-01 19:12:24 | WARNING  | co2_forecast | Very few sequences (4), LSTM may not train well
2026-08-01 19:12:24 | WARNING  | co2_forecast | Very few sequences (4), LSTM may not train well
2026-08-01 19:12:24 | WARNING  | co2_forecast | Very few sequences (8), LSTM may not train well
2026-08-01 19:12:25 | WARNING  | co2_forecast | Very few sequences (4), LSTM may not train well
2026-08-01 19:12:26 | WARNING  | co2_forecast | Very few sequences (4), LSTM may not train well
2026-08-01 19:12:26 | WARNING  | co2_forecast | Very few sequences (4), LSTM may not train well
2026-08-01 19:12:26 | WARNING  | co2_forecast | Very few sequences (8), LSTM may not train well
2026-08-01 19:12:27 | WARNING  | co2_forecast | Very few sequences (4), LSTM may not train well
2026-08-01 19:12:27 | WARNING  | co2_forecast | Very few sequences (4), LSTM may not train well
2026-08-01 19:12:28 | WARNING  | co2_forecast | Very few sequences (4), LSTM may not train well
2026-08-01 19:12:28 | WARNING  | co2_forecast | Very few sequences (8), LSTM may not train well
2026-08-01 19:12:29 | WARNING  | co2_forecast | Very few sequences (4), LSTM may not train well
2026-08-01 19:12:29 | WARNING  | co2_forecast | Very few sequences (4), LSTM may not train well
2026-08-01 19:12:29 | INFO     | co2_forecast |   Iteration 7: Best fitness = 0.748254
2026-08-01 19:12:29 | INFO     | co2_forecast | PSO complete. Best fitness: 0.748254
2026-08-01 19:12:29 | INFO     | co2_forecast |   Best params: {'lookback': 4, 'hidden_size': 31, 'num_layers': 2, 'dropout': 0.34252513546501034, 'learning_rate': 0.0001, 'batch_size': 32}
2026-08-01 19:12:29 | INFO     | co2_forecast |   Best fitness: 0.748254
2026-08-01 19:12:29 | INFO     | co2_forecast | [A2/panel2_common_period/fs_wrapper/lstm] sweep tuning: best_params={'lookback': 4, 'hidden_size': 31, 'num_layers': 2, 'dropout': 0.34252513546501034, 'learning_rate': 0.0001, 'batch_size': 32}
2026-08-01 19:12:35 | INFO     | co2_forecast |   -> weighted_mase=0.993460293687899, runtime=58.6s
2026-08-01 19:12:35 | INFO     | co2_forecast | Stream B cell: A2/fs_xgboost_shap/ridge (5 features)
2026-08-01 19:12:35 | INFO     | co2_forecast | Creating walk-forward splits for 16 valid samples
2026-08-01 19:12:35 | INFO     | co2_forecast | Created 4 CV folds across horizons [1, 2, 4]
2026-08-01 19:12:35 | INFO     | co2_forecast | Built tuning CV plan: 4 folds from 16 rows before 2022-Q%q (evaluation cutoff) - isolation OK (max tuning date 2021-Q%q)
2026-08-01 19:12:35 | INFO     | co2_forecast | Optimizing ridge...
2026-08-01 19:12:35 | INFO     | co2_forecast | Starting PSO: 5 particles, 8 iterations
2026-08-01 19:12:35 | INFO     | co2_forecast |   Iteration 0: Best fitness = 0.596751
2026-08-01 19:12:35 | INFO     | co2_forecast |   Iteration 5: Best fitness = 0.567232
2026-08-01 19:12:35 | INFO     | co2_forecast |   Iteration 7: Best fitness = 0.566347
2026-08-01 19:12:35 | INFO     | co2_forecast | PSO complete. Best fitness: 0.566347
2026-08-01 19:12:35 | INFO     | co2_forecast |   Best params: {'alpha': 94.07663680167249}
2026-08-01 19:12:35 | INFO     | co2_forecast |   Best fitness: 0.566347
2026-08-01 19:12:35 | INFO     | co2_forecast | [A2/panel2_common_period/fs_xgboost_shap/ridge] sweep tuning: best_params={'alpha': 94.07663680167249}
2026-08-01 19:12:35 | INFO     | co2_forecast |   -> weighted_mase=0.8631033673313251, runtime=0.2s
2026-08-01 19:12:35 | INFO     | co2_forecast | Stream B cell: A2/fs_xgboost_shap/random_forest (5 features)
2026-08-01 19:12:35 | INFO     | co2_forecast | Creating walk-forward splits for 16 valid samples
2026-08-01 19:12:35 | INFO     | co2_forecast | Created 4 CV folds across horizons [1, 2, 4]
2026-08-01 19:12:35 | INFO     | co2_forecast | Built tuning CV plan: 4 folds from 16 rows before 2022-Q%q (evaluation cutoff) - isolation OK (max tuning date 2021-Q%q)
2026-08-01 19:12:35 | INFO     | co2_forecast | Optimizing random_forest...
2026-08-01 19:12:35 | INFO     | co2_forecast | Starting PSO: 5 particles, 8 iterations
2026-08-01 19:12:39 | INFO     | co2_forecast |   Iteration 0: Best fitness = 0.748939
2026-08-01 19:12:59 | INFO     | co2_forecast |   Iteration 5: Best fitness = 0.306885
2026-08-01 19:13:10 | INFO     | co2_forecast |   Iteration 7: Best fitness = 0.296484
2026-08-01 19:13:10 | INFO     | co2_forecast | PSO complete. Best fitness: 0.296484
2026-08-01 19:13:10 | INFO     | co2_forecast |   Best params: {'n_estimators': 223, 'max_depth': 3, 'min_samples_split': 2, 'min_samples_leaf': 1}
2026-08-01 19:13:10 | INFO     | co2_forecast |   Best fitness: 0.296484
2026-08-01 19:13:10 | INFO     | co2_forecast | [A2/panel2_common_period/fs_xgboost_shap/random_forest] sweep tuning: best_params={'n_estimators': 223, 'max_depth': 3, 'min_samples_split': 2, 'min_samples_leaf': 1}
2026-08-01 19:13:13 | INFO     | co2_forecast |   -> weighted_mase=0.7285041110310574, runtime=37.4s
2026-08-01 19:13:13 | INFO     | co2_forecast | Stream B cell: A2/fs_xgboost_shap/lightgbm (5 features)
2026-08-01 19:13:13 | INFO     | co2_forecast | Creating walk-forward splits for 16 valid samples
2026-08-01 19:13:13 | INFO     | co2_forecast | Created 4 CV folds across horizons [1, 2, 4]
2026-08-01 19:13:13 | INFO     | co2_forecast | Built tuning CV plan: 4 folds from 16 rows before 2022-Q%q (evaluation cutoff) - isolation OK (max tuning date 2021-Q%q)
2026-08-01 19:13:13 | INFO     | co2_forecast | Optimizing lightgbm...
2026-08-01 19:13:13 | INFO     | co2_forecast | Starting PSO: 5 particles, 8 iterations
2026-08-01 19:13:13 | INFO     | co2_forecast |   Iteration 0: Best fitness = 0.768990
2026-08-01 19:13:13 | INFO     | co2_forecast |   Iteration 5: Best fitness = 0.658066
2026-08-01 19:13:14 | INFO     | co2_forecast |   Iteration 7: Best fitness = 0.657566
2026-08-01 19:13:14 | INFO     | co2_forecast | PSO complete. Best fitness: 0.657566
2026-08-01 19:13:14 | INFO     | co2_forecast |   Best params: {'n_estimators': 293, 'learning_rate': 0.3, 'num_leaves': 127, 'max_depth': 15, 'min_child_samples': 5, 'reg_alpha': 0.001, 'reg_lambda': 0.001}
2026-08-01 19:13:14 | INFO     | co2_forecast |   Best fitness: 0.657566
2026-08-01 19:13:14 | INFO     | co2_forecast | [A2/panel2_common_period/fs_xgboost_shap/lightgbm] sweep tuning: best_params={'n_estimators': 293, 'learning_rate': 0.3, 'num_leaves': 127, 'max_depth': 15, 'min_child_samples': 5, 'reg_alpha': 0.001, 'reg_lambda': 0.001}
2026-08-01 19:13:15 | INFO     | co2_forecast |   -> weighted_mase=0.9228912129954261, runtime=2.3s
2026-08-01 19:13:15 | INFO     | co2_forecast | Stream B cell: A2/fs_xgboost_shap/catboost (5 features)
2026-08-01 19:13:15 | INFO     | co2_forecast | Creating walk-forward splits for 16 valid samples
2026-08-01 19:13:15 | INFO     | co2_forecast | Created 4 CV folds across horizons [1, 2, 4]
2026-08-01 19:13:15 | INFO     | co2_forecast | Built tuning CV plan: 4 folds from 16 rows before 2022-Q%q (evaluation cutoff) - isolation OK (max tuning date 2021-Q%q)
2026-08-01 19:13:15 | INFO     | co2_forecast | Optimizing catboost...
2026-08-01 19:13:15 | INFO     | co2_forecast | Starting PSO: 5 particles, 8 iterations
2026-08-01 19:13:52 | INFO     | co2_forecast |   Iteration 0: Best fitness = 0.281169
2026-08-01 19:27:05 | INFO     | co2_forecast |   Iteration 5: Best fitness = 0.256249
2026-08-01 19:38:39 | INFO     | co2_forecast |   Iteration 7: Best fitness = 0.256249
2026-08-01 19:38:39 | INFO     | co2_forecast | PSO complete. Best fitness: 0.256249
2026-08-01 19:38:39 | INFO     | co2_forecast |   Best params: {'iterations': 300, 'learning_rate': 0.2130113552784947, 'depth': 3, 'l2_leaf_reg': 10.0}
2026-08-01 19:38:39 | INFO     | co2_forecast |   Best fitness: 0.256249
2026-08-01 19:38:39 | INFO     | co2_forecast | [A2/panel2_common_period/fs_xgboost_shap/catboost] sweep tuning: best_params={'iterations': 300, 'learning_rate': 0.2130113552784947, 'depth': 3, 'l2_leaf_reg': 10.0}
2026-08-01 19:40:53 | INFO     | co2_forecast |   -> weighted_mase=0.6884008264264843, runtime=1658.3s
2026-08-01 19:40:53 | INFO     | co2_forecast | Stream B cell: A2/fs_xgboost_shap/lstm (5 features)
2026-08-01 19:40:53 | INFO     | co2_forecast | Creating walk-forward splits for 16 valid samples
2026-08-01 19:40:53 | INFO     | co2_forecast | Created 4 CV folds across horizons [1, 2, 4]
2026-08-01 19:40:53 | INFO     | co2_forecast | Built tuning CV plan: 4 folds from 16 rows before 2022-Q%q (evaluation cutoff) - isolation OK (max tuning date 2021-Q%q)
2026-08-01 19:40:53 | INFO     | co2_forecast | Optimizing lstm...
2026-08-01 19:40:53 | INFO     | co2_forecast | Starting PSO: 5 particles, 8 iterations
2026-08-01 19:40:53 | WARNING  | co2_forecast | Model training failed with params {'lookback': 7, 'hidden_size': 62, 'num_layers': 2, 'dropout': 0.3394633936788146, 'learning_rate': 0.0016445845403801217, 'batch_size': 8}: LSTM.fit: training data has 8 rows, giving only 1 sequence(s) with lookback=7; at least 2 are required (one is always reserved for validation). Reduce lookback or provide more training history.
2026-08-01 19:40:53 | WARNING  | co2_forecast | Model training failed with params {'lookback': 11, 'hidden_size': 26, 'num_layers': 1, 'dropout': 0.17336180394137352, 'learning_rate': 0.0031119982052994237, 'batch_size': 16}: LSTM.fit: training data has 8 rows, giving only 0 sequence(s) with lookback=11; at least 2 are required (one is always reserved for validation). Reduce lookback or provide more training history.
2026-08-01 19:40:53 | WARNING  | co2_forecast | Model training failed with params {'lookback': 8, 'hidden_size': 54, 'num_layers': 1, 'dropout': 0.3056937753654446, 'learning_rate': 0.005964904231734221, 'batch_size': 8}: LSTM.fit: training data has 8 rows, giving only 0 sequence(s) with lookback=8; at least 2 are required (one is always reserved for validation). Reduce lookback or provide more training history.
2026-08-01 19:40:53 | WARNING  | co2_forecast | Very few sequences (2), LSTM may not train well
2026-08-01 19:40:53 | WARNING  | co2_forecast | Very few sequences (6), LSTM may not train well
2026-08-01 19:40:54 | WARNING  | co2_forecast | Very few sequences (2), LSTM may not train well
2026-08-01 19:40:54 | WARNING  | co2_forecast | Very few sequences (2), LSTM may not train well
2026-08-01 19:40:54 | WARNING  | co2_forecast | Model training failed with params {'lookback': 8, 'hidden_size': 25, 'num_layers': 2, 'dropout': 0.4100531293444458, 'learning_rate': 0.009401039521485473, 'batch_size': 32}: LSTM.fit: training data has 8 rows, giving only 0 sequence(s) with lookback=8; at least 2 are required (one is always reserved for validation). Reduce lookback or provide more training history.
2026-08-01 19:40:54 | INFO     | co2_forecast |   Iteration 0: Best fitness = 0.978171
2026-08-01 19:40:54 | WARNING  | co2_forecast | Very few sequences (3), LSTM may not train well
2026-08-01 19:40:54 | WARNING  | co2_forecast | Very few sequences (7), LSTM may not train well
2026-08-01 19:40:54 | WARNING  | co2_forecast | Very few sequences (3), LSTM may not train well
2026-08-01 19:40:55 | WARNING  | co2_forecast | Very few sequences (3), LSTM may not train well
2026-08-01 19:40:55 | WARNING  | co2_forecast | Very few sequences (2), LSTM may not train well
2026-08-01 19:40:55 | WARNING  | co2_forecast | Very few sequences (6), LSTM may not train well
2026-08-01 19:40:56 | WARNING  | co2_forecast | Very few sequences (2), LSTM may not train well
2026-08-01 19:40:56 | WARNING  | co2_forecast | Very few sequences (2), LSTM may not train well
2026-08-01 19:40:56 | WARNING  | co2_forecast | Model training failed with params {'lookback': 8, 'hidden_size': 44, 'num_layers': 1, 'dropout': 0.3238975389966341, 'learning_rate': 0.005520634690128072, 'batch_size': 8}: LSTM.fit: training data has 8 rows, giving only 0 sequence(s) with lookback=8; at least 2 are required (one is always reserved for validation). Reduce lookback or provide more training history.
2026-08-01 19:40:56 | WARNING  | co2_forecast | Very few sequences (3), LSTM may not train well
2026-08-01 19:40:56 | WARNING  | co2_forecast | Very few sequences (7), LSTM may not train well
2026-08-01 19:40:57 | WARNING  | co2_forecast | Very few sequences (3), LSTM may not train well
2026-08-01 19:40:57 | WARNING  | co2_forecast | Very few sequences (3), LSTM may not train well
2026-08-01 19:40:57 | WARNING  | co2_forecast | Very few sequences (2), LSTM may not train well
2026-08-01 19:40:57 | WARNING  | co2_forecast | Very few sequences (6), LSTM may not train well
2026-08-01 19:40:58 | WARNING  | co2_forecast | Very few sequences (2), LSTM may not train well
2026-08-01 19:40:59 | WARNING  | co2_forecast | Very few sequences (2), LSTM may not train well
2026-08-01 19:41:00 | WARNING  | co2_forecast | Very few sequences (3), LSTM may not train well
2026-08-01 19:41:00 | WARNING  | co2_forecast | Very few sequences (7), LSTM may not train well
2026-08-01 19:41:01 | WARNING  | co2_forecast | Very few sequences (3), LSTM may not train well
2026-08-01 19:41:01 | WARNING  | co2_forecast | Very few sequences (3), LSTM may not train well
2026-08-01 19:41:02 | WARNING  | co2_forecast | Very few sequences (4), LSTM may not train well
2026-08-01 19:41:02 | WARNING  | co2_forecast | Very few sequences (8), LSTM may not train well
2026-08-01 19:41:03 | WARNING  | co2_forecast | Very few sequences (4), LSTM may not train well
2026-08-01 19:41:04 | WARNING  | co2_forecast | Very few sequences (4), LSTM may not train well
2026-08-01 19:41:04 | WARNING  | co2_forecast | Model training failed with params {'lookback': 7, 'hidden_size': 35, 'num_layers': 1, 'dropout': 0.31512819649180424, 'learning_rate': 0.004065945490368326, 'batch_size': 8}: LSTM.fit: training data has 8 rows, giving only 1 sequence(s) with lookback=7; at least 2 are required (one is always reserved for validation). Reduce lookback or provide more training history.
2026-08-01 19:41:04 | WARNING  | co2_forecast | Very few sequences (2), LSTM may not train well
2026-08-01 19:41:04 | WARNING  | co2_forecast | Very few sequences (6), LSTM may not train well
2026-08-01 19:41:05 | WARNING  | co2_forecast | Very few sequences (2), LSTM may not train well
2026-08-01 19:41:06 | WARNING  | co2_forecast | Very few sequences (2), LSTM may not train well
2026-08-01 19:41:06 | WARNING  | co2_forecast | Very few sequences (3), LSTM may not train well
2026-08-01 19:41:06 | WARNING  | co2_forecast | Very few sequences (7), LSTM may not train well
2026-08-01 19:41:07 | WARNING  | co2_forecast | Very few sequences (3), LSTM may not train well
2026-08-01 19:41:08 | WARNING  | co2_forecast | Very few sequences (3), LSTM may not train well
2026-08-01 19:41:08 | WARNING  | co2_forecast | Very few sequences (3), LSTM may not train well
2026-08-01 19:41:08 | WARNING  | co2_forecast | Very few sequences (7), LSTM may not train well
2026-08-01 19:41:08 | WARNING  | co2_forecast | Very few sequences (3), LSTM may not train well
2026-08-01 19:41:09 | WARNING  | co2_forecast | Very few sequences (3), LSTM may not train well
2026-08-01 19:41:09 | WARNING  | co2_forecast | Very few sequences (4), LSTM may not train well
2026-08-01 19:41:09 | WARNING  | co2_forecast | Very few sequences (8), LSTM may not train well
2026-08-01 19:41:10 | WARNING  | co2_forecast | Very few sequences (4), LSTM may not train well
2026-08-01 19:41:10 | WARNING  | co2_forecast | Very few sequences (4), LSTM may not train well
2026-08-01 19:41:10 | WARNING  | co2_forecast | Very few sequences (2), LSTM may not train well
2026-08-01 19:41:10 | WARNING  | co2_forecast | Very few sequences (6), LSTM may not train well
2026-08-01 19:41:10 | WARNING  | co2_forecast | Very few sequences (2), LSTM may not train well
2026-08-01 19:41:10 | WARNING  | co2_forecast | Very few sequences (2), LSTM may not train well
2026-08-01 19:41:10 | WARNING  | co2_forecast | Very few sequences (3), LSTM may not train well
2026-08-01 19:41:10 | WARNING  | co2_forecast | Very few sequences (7), LSTM may not train well
2026-08-01 19:41:11 | WARNING  | co2_forecast | Very few sequences (3), LSTM may not train well
2026-08-01 19:41:11 | WARNING  | co2_forecast | Very few sequences (3), LSTM may not train well
2026-08-01 19:41:11 | WARNING  | co2_forecast | Very few sequences (4), LSTM may not train well
2026-08-01 19:41:12 | WARNING  | co2_forecast | Very few sequences (8), LSTM may not train well
2026-08-01 19:41:12 | WARNING  | co2_forecast | Very few sequences (4), LSTM may not train well
2026-08-01 19:41:12 | WARNING  | co2_forecast | Very few sequences (4), LSTM may not train well
2026-08-01 19:41:12 | WARNING  | co2_forecast | Very few sequences (4), LSTM may not train well
2026-08-01 19:41:12 | WARNING  | co2_forecast | Very few sequences (8), LSTM may not train well
2026-08-01 19:41:12 | WARNING  | co2_forecast | Very few sequences (4), LSTM may not train well
2026-08-01 19:41:12 | WARNING  | co2_forecast | Very few sequences (4), LSTM may not train well
2026-08-01 19:41:12 | WARNING  | co2_forecast | Very few sequences (4), LSTM may not train well
2026-08-01 19:41:12 | WARNING  | co2_forecast | Very few sequences (8), LSTM may not train well
2026-08-01 19:41:12 | WARNING  | co2_forecast | Very few sequences (4), LSTM may not train well
2026-08-01 19:41:12 | WARNING  | co2_forecast | Very few sequences (4), LSTM may not train well
2026-08-01 19:41:13 | WARNING  | co2_forecast | Very few sequences (3), LSTM may not train well
2026-08-01 19:41:13 | WARNING  | co2_forecast | Very few sequences (7), LSTM may not train well
2026-08-01 19:41:13 | WARNING  | co2_forecast | Very few sequences (3), LSTM may not train well
2026-08-01 19:41:14 | WARNING  | co2_forecast | Very few sequences (3), LSTM may not train well
2026-08-01 19:41:14 | WARNING  | co2_forecast | Very few sequences (4), LSTM may not train well
2026-08-01 19:41:14 | WARNING  | co2_forecast | Very few sequences (8), LSTM may not train well
2026-08-01 19:41:14 | WARNING  | co2_forecast | Very few sequences (4), LSTM may not train well
2026-08-01 19:41:14 | WARNING  | co2_forecast | Very few sequences (4), LSTM may not train well
2026-08-01 19:41:14 | WARNING  | co2_forecast | Very few sequences (4), LSTM may not train well
2026-08-01 19:41:14 | WARNING  | co2_forecast | Very few sequences (8), LSTM may not train well
2026-08-01 19:41:14 | WARNING  | co2_forecast | Very few sequences (4), LSTM may not train well
2026-08-01 19:41:14 | WARNING  | co2_forecast | Very few sequences (4), LSTM may not train well
2026-08-01 19:41:15 | WARNING  | co2_forecast | Very few sequences (4), LSTM may not train well
2026-08-01 19:41:15 | WARNING  | co2_forecast | Very few sequences (8), LSTM may not train well
2026-08-01 19:41:15 | WARNING  | co2_forecast | Very few sequences (4), LSTM may not train well
2026-08-01 19:41:15 | WARNING  | co2_forecast | Very few sequences (4), LSTM may not train well
2026-08-01 19:41:15 | WARNING  | co2_forecast | Very few sequences (4), LSTM may not train well
2026-08-01 19:41:15 | WARNING  | co2_forecast | Very few sequences (8), LSTM may not train well
2026-08-01 19:41:15 | WARNING  | co2_forecast | Very few sequences (4), LSTM may not train well
2026-08-01 19:41:15 | WARNING  | co2_forecast | Very few sequences (4), LSTM may not train well
2026-08-01 19:41:15 | WARNING  | co2_forecast | Very few sequences (4), LSTM may not train well
2026-08-01 19:41:15 | WARNING  | co2_forecast | Very few sequences (8), LSTM may not train well
2026-08-01 19:41:16 | WARNING  | co2_forecast | Very few sequences (4), LSTM may not train well
2026-08-01 19:41:17 | WARNING  | co2_forecast | Very few sequences (4), LSTM may not train well
2026-08-01 19:41:17 | WARNING  | co2_forecast | Very few sequences (4), LSTM may not train well
2026-08-01 19:41:17 | WARNING  | co2_forecast | Very few sequences (8), LSTM may not train well
2026-08-01 19:41:17 | WARNING  | co2_forecast | Very few sequences (4), LSTM may not train well
2026-08-01 19:41:17 | WARNING  | co2_forecast | Very few sequences (4), LSTM may not train well
2026-08-01 19:41:17 | WARNING  | co2_forecast | Very few sequences (4), LSTM may not train well
2026-08-01 19:41:18 | WARNING  | co2_forecast | Very few sequences (8), LSTM may not train well
2026-08-01 19:41:18 | WARNING  | co2_forecast | Very few sequences (4), LSTM may not train well
2026-08-01 19:41:18 | WARNING  | co2_forecast | Very few sequences (4), LSTM may not train well
2026-08-01 19:41:18 | INFO     | co2_forecast |   Iteration 5: Best fitness = 0.763837
2026-08-01 19:41:18 | WARNING  | co2_forecast | Very few sequences (4), LSTM may not train well
2026-08-01 19:41:18 | WARNING  | co2_forecast | Very few sequences (8), LSTM may not train well
2026-08-01 19:41:18 | WARNING  | co2_forecast | Very few sequences (4), LSTM may not train well
2026-08-01 19:41:18 | WARNING  | co2_forecast | Very few sequences (4), LSTM may not train well
2026-08-01 19:41:18 | WARNING  | co2_forecast | Very few sequences (4), LSTM may not train well
2026-08-01 19:41:18 | WARNING  | co2_forecast | Very few sequences (8), LSTM may not train well
2026-08-01 19:41:18 | WARNING  | co2_forecast | Very few sequences (4), LSTM may not train well
2026-08-01 19:41:18 | WARNING  | co2_forecast | Very few sequences (4), LSTM may not train well
2026-08-01 19:41:18 | WARNING  | co2_forecast | Very few sequences (4), LSTM may not train well
2026-08-01 19:41:19 | WARNING  | co2_forecast | Very few sequences (8), LSTM may not train well
2026-08-01 19:41:19 | WARNING  | co2_forecast | Very few sequences (4), LSTM may not train well
2026-08-01 19:41:19 | WARNING  | co2_forecast | Very few sequences (4), LSTM may not train well
2026-08-01 19:41:19 | WARNING  | co2_forecast | Very few sequences (4), LSTM may not train well
2026-08-01 19:41:19 | WARNING  | co2_forecast | Very few sequences (8), LSTM may not train well
2026-08-01 19:41:19 | WARNING  | co2_forecast | Very few sequences (4), LSTM may not train well
2026-08-01 19:41:19 | WARNING  | co2_forecast | Very few sequences (4), LSTM may not train well
2026-08-01 19:41:19 | WARNING  | co2_forecast | Very few sequences (4), LSTM may not train well
2026-08-01 19:41:19 | WARNING  | co2_forecast | Very few sequences (8), LSTM may not train well
2026-08-01 19:41:19 | WARNING  | co2_forecast | Very few sequences (4), LSTM may not train well
2026-08-01 19:41:19 | WARNING  | co2_forecast | Very few sequences (4), LSTM may not train well
2026-08-01 19:41:20 | WARNING  | co2_forecast | Very few sequences (4), LSTM may not train well
2026-08-01 19:41:20 | WARNING  | co2_forecast | Very few sequences (8), LSTM may not train well
2026-08-01 19:41:20 | WARNING  | co2_forecast | Very few sequences (4), LSTM may not train well
2026-08-01 19:41:20 | WARNING  | co2_forecast | Very few sequences (4), LSTM may not train well
2026-08-01 19:41:20 | WARNING  | co2_forecast | Very few sequences (4), LSTM may not train well
2026-08-01 19:41:20 | WARNING  | co2_forecast | Very few sequences (8), LSTM may not train well
2026-08-01 19:41:20 | WARNING  | co2_forecast | Very few sequences (4), LSTM may not train well
2026-08-01 19:41:20 | WARNING  | co2_forecast | Very few sequences (4), LSTM may not train well
2026-08-01 19:41:20 | WARNING  | co2_forecast | Very few sequences (4), LSTM may not train well
2026-08-01 19:41:20 | WARNING  | co2_forecast | Very few sequences (8), LSTM may not train well
2026-08-01 19:41:20 | WARNING  | co2_forecast | Very few sequences (4), LSTM may not train well
2026-08-01 19:41:20 | WARNING  | co2_forecast | Very few sequences (4), LSTM may not train well
2026-08-01 19:41:21 | WARNING  | co2_forecast | Very few sequences (4), LSTM may not train well
2026-08-01 19:41:21 | WARNING  | co2_forecast | Very few sequences (8), LSTM may not train well
2026-08-01 19:41:21 | WARNING  | co2_forecast | Very few sequences (4), LSTM may not train well
2026-08-01 19:41:21 | WARNING  | co2_forecast | Very few sequences (4), LSTM may not train well
2026-08-01 19:41:21 | WARNING  | co2_forecast | Very few sequences (4), LSTM may not train well
2026-08-01 19:41:21 | WARNING  | co2_forecast | Very few sequences (8), LSTM may not train well
2026-08-01 19:41:21 | WARNING  | co2_forecast | Very few sequences (4), LSTM may not train well
2026-08-01 19:41:21 | WARNING  | co2_forecast | Very few sequences (4), LSTM may not train well
2026-08-01 19:41:21 | INFO     | co2_forecast |   Iteration 7: Best fitness = 0.763837
2026-08-01 19:41:21 | INFO     | co2_forecast | PSO complete. Best fitness: 0.763837
2026-08-01 19:41:21 | INFO     | co2_forecast |   Best params: {'lookback': 4, 'hidden_size': 16, 'num_layers': 2, 'dropout': 0.10298425639473938, 'learning_rate': 0.0001, 'batch_size': 32}
2026-08-01 19:41:21 | INFO     | co2_forecast |   Best fitness: 0.763837
2026-08-01 19:41:21 | INFO     | co2_forecast | [A2/panel2_common_period/fs_xgboost_shap/lstm] sweep tuning: best_params={'lookback': 4, 'hidden_size': 16, 'num_layers': 2, 'dropout': 0.10298425639473938, 'learning_rate': 0.0001, 'batch_size': 32}
2026-08-01 19:41:24 | INFO     | co2_forecast |   -> weighted_mase=1.0276447609145547, runtime=31.3s
2026-08-01 19:41:24 | INFO     | co2_forecast | Stream B cell: A2/fs_permutation_stability/ridge (5 features)
2026-08-01 19:41:24 | INFO     | co2_forecast | Creating walk-forward splits for 16 valid samples
2026-08-01 19:41:24 | INFO     | co2_forecast | Created 4 CV folds across horizons [1, 2, 4]
2026-08-01 19:41:24 | INFO     | co2_forecast | Built tuning CV plan: 4 folds from 16 rows before 2022-Q%q (evaluation cutoff) - isolation OK (max tuning date 2021-Q%q)
2026-08-01 19:41:24 | INFO     | co2_forecast | Optimizing ridge...
2026-08-01 19:41:24 | INFO     | co2_forecast | Starting PSO: 5 particles, 8 iterations
2026-08-01 19:41:24 | INFO     | co2_forecast |   Iteration 0: Best fitness = 0.738720
2026-08-01 19:41:25 | INFO     | co2_forecast |   Iteration 5: Best fitness = 0.729100
2026-08-01 19:41:25 | INFO     | co2_forecast |   Iteration 7: Best fitness = 0.729100
2026-08-01 19:41:25 | INFO     | co2_forecast | PSO complete. Best fitness: 0.729100
2026-08-01 19:41:25 | INFO     | co2_forecast |   Best params: {'alpha': 3.535316417294956}
2026-08-01 19:41:25 | INFO     | co2_forecast |   Best fitness: 0.729100
2026-08-01 19:41:25 | INFO     | co2_forecast | [A2/panel2_common_period/fs_permutation_stability/ridge] sweep tuning: best_params={'alpha': 3.535316417294956}
2026-08-01 19:41:25 | INFO     | co2_forecast |   -> weighted_mase=1.1155946709737063, runtime=0.2s
2026-08-01 19:41:25 | INFO     | co2_forecast | Stream B cell: A2/fs_permutation_stability/random_forest (5 features)
2026-08-01 19:41:25 | INFO     | co2_forecast | Creating walk-forward splits for 16 valid samples
2026-08-01 19:41:25 | INFO     | co2_forecast | Created 4 CV folds across horizons [1, 2, 4]
2026-08-01 19:41:25 | INFO     | co2_forecast | Built tuning CV plan: 4 folds from 16 rows before 2022-Q%q (evaluation cutoff) - isolation OK (max tuning date 2021-Q%q)
2026-08-01 19:41:25 | INFO     | co2_forecast | Optimizing random_forest...
2026-08-01 19:41:25 | INFO     | co2_forecast | Starting PSO: 5 particles, 8 iterations
2026-08-01 19:41:29 | INFO     | co2_forecast |   Iteration 0: Best fitness = 0.771606
2026-08-01 19:41:44 | INFO     | co2_forecast |   Iteration 5: Best fitness = 0.769627
2026-08-01 19:41:48 | INFO     | co2_forecast |   Iteration 7: Best fitness = 0.768515
2026-08-01 19:41:48 | INFO     | co2_forecast | PSO complete. Best fitness: 0.768515
2026-08-01 19:41:48 | INFO     | co2_forecast |   Best params: {'n_estimators': 75, 'max_depth': 17, 'min_samples_split': 16, 'min_samples_leaf': 7}
2026-08-01 19:41:48 | INFO     | co2_forecast |   Best fitness: 0.768515
2026-08-01 19:41:48 | INFO     | co2_forecast | [A2/panel2_common_period/fs_permutation_stability/random_forest] sweep tuning: best_params={'n_estimators': 75, 'max_depth': 17, 'min_samples_split': 16, 'min_samples_leaf': 7}
2026-08-01 19:41:49 | INFO     | co2_forecast |   -> weighted_mase=1.0322615658338572, runtime=24.8s
2026-08-01 19:41:49 | INFO     | co2_forecast | Stream B cell: A2/fs_permutation_stability/lightgbm (5 features)
2026-08-01 19:41:49 | INFO     | co2_forecast | Creating walk-forward splits for 16 valid samples
2026-08-01 19:41:49 | INFO     | co2_forecast | Created 4 CV folds across horizons [1, 2, 4]
2026-08-01 19:41:49 | INFO     | co2_forecast | Built tuning CV plan: 4 folds from 16 rows before 2022-Q%q (evaluation cutoff) - isolation OK (max tuning date 2021-Q%q)
2026-08-01 19:41:49 | INFO     | co2_forecast | Optimizing lightgbm...
2026-08-01 19:41:49 | INFO     | co2_forecast | Starting PSO: 5 particles, 8 iterations
2026-08-01 19:41:50 | INFO     | co2_forecast |   Iteration 0: Best fitness = 0.768990
2026-08-01 19:41:50 | INFO     | co2_forecast |   Iteration 5: Best fitness = 0.768990
2026-08-01 19:41:51 | INFO     | co2_forecast |   Iteration 7: Best fitness = 0.768990
2026-08-01 19:41:51 | INFO     | co2_forecast | PSO complete. Best fitness: 0.768990
2026-08-01 19:41:51 | INFO     | co2_forecast |   Best params: {'n_estimators': 144, 'learning_rate': 0.28570714885887566, 'num_leaves': 97, 'max_depth': 10, 'min_child_samples': 12, 'reg_alpha': 1.5607892088416901, 'reg_lambda': 0.5817780380698264}
2026-08-01 19:41:51 | INFO     | co2_forecast |   Best fitness: 0.768990
2026-08-01 19:41:51 | INFO     | co2_forecast | [A2/panel2_common_period/fs_permutation_stability/lightgbm] sweep tuning: best_params={'n_estimators': 144, 'learning_rate': 0.28570714885887566, 'num_leaves': 97, 'max_depth': 10, 'min_child_samples': 12, 'reg_alpha': 1.5607892088416901, 'reg_lambda': 0.5817780380698264}
2026-08-01 19:41:51 | INFO     | co2_forecast |   -> weighted_mase=1.0410666416960128, runtime=1.3s
2026-08-01 19:41:51 | INFO     | co2_forecast | Stream B cell: A2/fs_permutation_stability/catboost (5 features)
2026-08-01 19:41:51 | INFO     | co2_forecast | Creating walk-forward splits for 16 valid samples
2026-08-01 19:41:51 | INFO     | co2_forecast | Created 4 CV folds across horizons [1, 2, 4]
2026-08-01 19:41:51 | INFO     | co2_forecast | Built tuning CV plan: 4 folds from 16 rows before 2022-Q%q (evaluation cutoff) - isolation OK (max tuning date 2021-Q%q)
2026-08-01 19:41:51 | INFO     | co2_forecast | Optimizing catboost...
2026-08-01 19:41:51 | INFO     | co2_forecast | Starting PSO: 5 particles, 8 iterations
2026-08-01 19:42:11 | WARNING  | co2_forecast | Model training failed with params {'iterations': 144, 'learning_rate': 0.28570714885887566, 'depth': 8, 'l2_leaf_reg': 6.026718993550662}: catboost/libs/data/quantization.cpp:2420: All features are either constant or ignored.
2026-08-01 19:42:25 | WARNING  | co2_forecast | Model training failed with params {'iterations': 200, 'learning_rate': 0.21534104756085318, 'depth': 3, 'l2_leaf_reg': 9.702107536403744}: catboost/libs/data/quantization.cpp:2420: All features are either constant or ignored.
2026-08-01 19:42:40 | WARNING  | co2_forecast | Model training failed with params {'iterations': 126, 'learning_rate': 0.16217936517334897, 'depth': 6, 'l2_leaf_reg': 2.983168487960615}: catboost/libs/data/quantization.cpp:2420: All features are either constant or ignored.
2026-08-01 19:42:43 | WARNING  | co2_forecast | Model training failed with params {'iterations': 164, 'learning_rate': 0.23770102880397392, 'depth': 4, 'l2_leaf_reg': 5.190920940294755}: catboost/libs/data/quantization.cpp:2420: All features are either constant or ignored.
2026-08-01 19:42:57 | WARNING  | co2_forecast | Model training failed with params {'iterations': 66, 'learning_rate': 0.2851768058034666, 'depth': 10, 'l2_leaf_reg': 8.103133746352965}: catboost/libs/data/quantization.cpp:2420: All features are either constant or ignored.
2026-08-01 19:42:57 | INFO     | co2_forecast |   Iteration 0: Best fitness = inf
2026-08-01 19:43:14 | WARNING  | co2_forecast | Model training failed with params {'iterations': 132, 'learning_rate': 0.2717405263845255, 'depth': 8, 'l2_leaf_reg': 6.534239131594722}: catboost/libs/data/quantization.cpp:2420: All features are either constant or ignored.
2026-08-01 19:43:34 | WARNING  | co2_forecast | Model training failed with params {'iterations': 135, 'learning_rate': 0.29964001274194235, 'depth': 10, 'l2_leaf_reg': 4.250147505686233}: catboost/libs/data/quantization.cpp:2420: All features are either constant or ignored.
2026-08-01 19:43:58 | WARNING  | co2_forecast | Model training failed with params {'iterations': 148, 'learning_rate': 0.2703026800586014, 'depth': 8, 'l2_leaf_reg': 5.822576053031024}: catboost/libs/data/quantization.cpp:2420: All features are either constant or ignored.
2026-08-01 19:44:15 | WARNING  | co2_forecast | Model training failed with params {'iterations': 152, 'learning_rate': 0.25673658735247157, 'depth': 7, 'l2_leaf_reg': 5.38627513521694}: catboost/libs/data/quantization.cpp:2420: All features are either constant or ignored.
2026-08-01 19:44:36 | WARNING  | co2_forecast | Model training failed with params {'iterations': 81, 'learning_rate': 0.2689893480472499, 'depth': 10, 'l2_leaf_reg': 7.44443332481439}: catboost/libs/data/quantization.cpp:2420: All features are either constant or ignored.
2026-08-01 19:44:52 | WARNING  | co2_forecast | Model training failed with params {'iterations': 155, 'learning_rate': 0.29861337195622495, 'depth': 8, 'l2_leaf_reg': 5.557731724794483}: catboost/libs/data/quantization.cpp:2420: All features are either constant or ignored.
2026-08-01 19:45:12 | WARNING  | co2_forecast | Model training failed with params {'iterations': 194, 'learning_rate': 0.2205597512600221, 'depth': 3, 'l2_leaf_reg': 10.0}: catboost/libs/data/quantization.cpp:2420: All features are either constant or ignored.
2026-08-01 19:45:35 | WARNING  | co2_forecast | Model training failed with params {'iterations': 138, 'learning_rate': 0.2695632200925517, 'depth': 7, 'l2_leaf_reg': 5.526054086827735}: catboost/libs/data/quantization.cpp:2420: All features are either constant or ignored.
2026-08-01 19:45:55 | WARNING  | co2_forecast | Model training failed with params {'iterations': 143, 'learning_rate': 0.2759180734755844, 'depth': 9, 'l2_leaf_reg': 5.683998550918017}: catboost/libs/data/quantization.cpp:2420: All features are either constant or ignored.
2026-08-01 19:46:04 | WARNING  | co2_forecast | Model training failed with params {'iterations': 121, 'learning_rate': 0.2670278235667139, 'depth': 9, 'l2_leaf_reg': 6.340802575617012}: catboost/libs/data/quantization.cpp:2420: All features are either constant or ignored.
2026-08-01 19:46:26 | WARNING  | co2_forecast | Model training failed with params {'iterations': 160, 'learning_rate': 0.3, 'depth': 8, 'l2_leaf_reg': 5.352095200926489}: catboost/libs/data/quantization.cpp:2420: All features are either constant or ignored.
2026-08-01 19:46:41 | WARNING  | co2_forecast | Model training failed with params {'iterations': 215, 'learning_rate': 0.1946800792363757, 'depth': 3, 'l2_leaf_reg': 10.0}: catboost/libs/data/quantization.cpp:2420: All features are either constant or ignored.
2026-08-01 19:46:44 | WARNING  | co2_forecast | Model training failed with params {'iterations': 131, 'learning_rate': 0.23694602321094804, 'depth': 7, 'l2_leaf_reg': 4.658606108891374}: catboost/libs/data/quantization.cpp:2420: All features are either constant or ignored.
2026-08-01 19:47:08 | WARNING  | co2_forecast | Model training failed with params {'iterations': 142, 'learning_rate': 0.29277850463358446, 'depth': 8, 'l2_leaf_reg': 6.196421741017712}: catboost/libs/data/quantization.cpp:2420: All features are either constant or ignored.
2026-08-01 19:47:28 | WARNING  | co2_forecast | Model training failed with params {'iterations': 176, 'learning_rate': 0.29536318110119564, 'depth': 7, 'l2_leaf_reg': 5.315761536035135}: catboost/libs/data/quantization.cpp:2420: All features are either constant or ignored.
2026-08-01 19:47:46 | WARNING  | co2_forecast | Model training failed with params {'iterations': 140, 'learning_rate': 0.283026943916598, 'depth': 8, 'l2_leaf_reg': 6.194974494237032}: catboost/libs/data/quantization.cpp:2420: All features are either constant or ignored.
2026-08-01 19:48:07 | WARNING  | co2_forecast | Model training failed with params {'iterations': 142, 'learning_rate': 0.2886171000810596, 'depth': 7, 'l2_leaf_reg': 6.372611753877718}: catboost/libs/data/quantization.cpp:2420: All features are either constant or ignored.
2026-08-01 19:48:13 | WARNING  | co2_forecast | Model training failed with params {'iterations': 135, 'learning_rate': 0.18883889296443102, 'depth': 7, 'l2_leaf_reg': 3.7890304446493532}: catboost/libs/data/quantization.cpp:2420: All features are either constant or ignored.
2026-08-01 19:48:32 | WARNING  | co2_forecast | Model training failed with params {'iterations': 167, 'learning_rate': 0.23972543634813284, 'depth': 3, 'l2_leaf_reg': 5.362346539267432}: catboost/libs/data/quantization.cpp:2420: All features are either constant or ignored.
2026-08-01 19:48:51 | WARNING  | co2_forecast | Model training failed with params {'iterations': 149, 'learning_rate': 0.3, 'depth': 7, 'l2_leaf_reg': 6.241877202159969}: catboost/libs/data/quantization.cpp:2420: All features are either constant or ignored.
2026-08-01 19:48:57 | WARNING  | co2_forecast | Model training failed with params {'iterations': 136, 'learning_rate': 0.27758976013238873, 'depth': 8, 'l2_leaf_reg': 6.386598178276442}: catboost/libs/data/quantization.cpp:2420: All features are either constant or ignored.
2026-08-01 19:49:04 | WARNING  | co2_forecast | Model training failed with params {'iterations': 122, 'learning_rate': 0.3, 'depth': 8, 'l2_leaf_reg': 5.553102288171776}: catboost/libs/data/quantization.cpp:2420: All features are either constant or ignored.
2026-08-01 19:49:22 | WARNING  | co2_forecast | Model training failed with params {'iterations': 138, 'learning_rate': 0.19130477991085074, 'depth': 7, 'l2_leaf_reg': 3.919888065803886}: catboost/libs/data/quantization.cpp:2420: All features are either constant or ignored.
2026-08-01 19:49:42 | WARNING  | co2_forecast | Model training failed with params {'iterations': 159, 'learning_rate': 0.24581008650670771, 'depth': 5, 'l2_leaf_reg': 5.249253690461204}: catboost/libs/data/quantization.cpp:2420: All features are either constant or ignored.
2026-08-01 19:50:02 | WARNING  | co2_forecast | Model training failed with params {'iterations': 50, 'learning_rate': 0.2782787122407423, 'depth': 10, 'l2_leaf_reg': 9.189207720487346}: catboost/libs/data/quantization.cpp:2420: All features are either constant or ignored.
2026-08-01 19:50:02 | INFO     | co2_forecast |   Iteration 5: Best fitness = inf
2026-08-01 19:50:07 | WARNING  | co2_forecast | Model training failed with params {'iterations': 143, 'learning_rate': 0.28411098202574897, 'depth': 8, 'l2_leaf_reg': 6.064578581676263}: catboost/libs/data/quantization.cpp:2420: All features are either constant or ignored.
2026-08-01 19:50:26 | WARNING  | co2_forecast | Model training failed with params {'iterations': 216, 'learning_rate': 0.20900796714447578, 'depth': 3, 'l2_leaf_reg': 10.0}: catboost/libs/data/quantization.cpp:2420: All features are either constant or ignored.
2026-08-01 19:50:32 | WARNING  | co2_forecast | Model training failed with params {'iterations': 131, 'learning_rate': 0.22918740648759084, 'depth': 7, 'l2_leaf_reg': 4.48424474737538}: catboost/libs/data/quantization.cpp:2420: All features are either constant or ignored.
2026-08-01 19:50:46 | WARNING  | co2_forecast | Model training failed with params {'iterations': 148, 'learning_rate': 0.26908873572373954, 'depth': 8, 'l2_leaf_reg': 5.626827364532254}: catboost/libs/data/quantization.cpp:2420: All features are either constant or ignored.
2026-08-01 19:50:47 | WARNING  | co2_forecast | Model training failed with params {'iterations': 50, 'learning_rate': 0.2652842144821291, 'depth': 10, 'l2_leaf_reg': 10.0}: catboost/libs/data/quantization.cpp:2420: All features are either constant or ignored.
2026-08-01 19:51:13 | WARNING  | co2_forecast | Model training failed with params {'iterations': 149, 'learning_rate': 0.2900076778212071, 'depth': 8, 'l2_leaf_reg': 5.814429843022461}: catboost/libs/data/quantization.cpp:2420: All features are either constant or ignored.
2026-08-01 19:51:34 | WARNING  | co2_forecast | Model training failed with params {'iterations': 216, 'learning_rate': 0.21053762860916964, 'depth': 3, 'l2_leaf_reg': 9.852120424696395}: catboost/libs/data/quantization.cpp:2420: All features are either constant or ignored.
2026-08-01 19:51:48 | WARNING  | co2_forecast | Model training failed with params {'iterations': 124, 'learning_rate': 0.1840669463176068, 'depth': 6, 'l2_leaf_reg': 3.3894767094661566}: catboost/libs/data/quantization.cpp:2420: All features are either constant or ignored.
2026-08-01 19:51:54 | WARNING  | co2_forecast | Model training failed with params {'iterations': 146, 'learning_rate': 0.2839428291015004, 'depth': 7, 'l2_leaf_reg': 6.060537082459409}: catboost/libs/data/quantization.cpp:2420: All features are either constant or ignored.
2026-08-01 19:52:12 | WARNING  | co2_forecast | Model training failed with params {'iterations': 50, 'learning_rate': 0.26590568737024683, 'depth': 10, 'l2_leaf_reg': 9.818655700079226}: catboost/libs/data/quantization.cpp:2420: All features are either constant or ignored.
2026-08-01 19:52:12 | INFO     | co2_forecast |   Iteration 7: Best fitness = inf
2026-08-01 19:52:12 | INFO     | co2_forecast | PSO complete. Best fitness: inf
2026-08-01 19:52:12 | INFO     | co2_forecast |   Best params: {'iterations': 144, 'learning_rate': 0.28570714885887566, 'depth': 8, 'l2_leaf_reg': 6.026718993550662}
2026-08-01 19:52:12 | INFO     | co2_forecast |   Best fitness: inf
2026-08-01 19:52:12 | INFO     | co2_forecast | [A2/panel2_common_period/fs_permutation_stability/catboost] sweep tuning: best_params={'iterations': 144, 'learning_rate': 0.28570714885887566, 'depth': 8, 'l2_leaf_reg': 6.026718993550662}
2026-08-01 19:54:38 | INFO     | co2_forecast |   -> weighted_mase=1.1752559814861314, runtime=767.6s
2026-08-01 19:54:38 | INFO     | co2_forecast | Stream B cell: A2/fs_permutation_stability/lstm (5 features)
2026-08-01 19:54:38 | INFO     | co2_forecast | Creating walk-forward splits for 16 valid samples
2026-08-01 19:54:38 | INFO     | co2_forecast | Created 4 CV folds across horizons [1, 2, 4]
2026-08-01 19:54:38 | INFO     | co2_forecast | Built tuning CV plan: 4 folds from 16 rows before 2022-Q%q (evaluation cutoff) - isolation OK (max tuning date 2021-Q%q)
2026-08-01 19:54:38 | INFO     | co2_forecast | Optimizing lstm...
2026-08-01 19:54:38 | INFO     | co2_forecast | Starting PSO: 5 particles, 8 iterations
2026-08-01 19:54:38 | WARNING  | co2_forecast | Model training failed with params {'lookback': 7, 'hidden_size': 62, 'num_layers': 2, 'dropout': 0.3394633936788146, 'learning_rate': 0.0016445845403801217, 'batch_size': 8}: LSTM.fit: training data has 8 rows, giving only 1 sequence(s) with lookback=7; at least 2 are required (one is always reserved for validation). Reduce lookback or provide more training history.
2026-08-01 19:54:38 | WARNING  | co2_forecast | Model training failed with params {'lookback': 11, 'hidden_size': 26, 'num_layers': 1, 'dropout': 0.17336180394137352, 'learning_rate': 0.0031119982052994237, 'batch_size': 16}: LSTM.fit: training data has 8 rows, giving only 0 sequence(s) with lookback=11; at least 2 are required (one is always reserved for validation). Reduce lookback or provide more training history.
2026-08-01 19:54:38 | WARNING  | co2_forecast | Model training failed with params {'lookback': 8, 'hidden_size': 54, 'num_layers': 1, 'dropout': 0.3056937753654446, 'learning_rate': 0.005964904231734221, 'batch_size': 8}: LSTM.fit: training data has 8 rows, giving only 0 sequence(s) with lookback=8; at least 2 are required (one is always reserved for validation). Reduce lookback or provide more training history.
2026-08-01 19:54:38 | WARNING  | co2_forecast | Very few sequences (2), LSTM may not train well
2026-08-01 19:54:38 | WARNING  | co2_forecast | Very few sequences (6), LSTM may not train well
2026-08-01 19:54:39 | WARNING  | co2_forecast | Very few sequences (2), LSTM may not train well
2026-08-01 19:54:39 | WARNING  | co2_forecast | Very few sequences (2), LSTM may not train well
2026-08-01 19:54:39 | WARNING  | co2_forecast | Model training failed with params {'lookback': 8, 'hidden_size': 25, 'num_layers': 2, 'dropout': 0.4100531293444458, 'learning_rate': 0.009401039521485473, 'batch_size': 32}: LSTM.fit: training data has 8 rows, giving only 0 sequence(s) with lookback=8; at least 2 are required (one is always reserved for validation). Reduce lookback or provide more training history.
2026-08-01 19:54:39 | INFO     | co2_forecast |   Iteration 0: Best fitness = 1.060178
2026-08-01 19:54:39 | WARNING  | co2_forecast | Very few sequences (3), LSTM may not train well
2026-08-01 19:54:39 | WARNING  | co2_forecast | Very few sequences (7), LSTM may not train well
2026-08-01 19:54:39 | WARNING  | co2_forecast | Very few sequences (3), LSTM may not train well
2026-08-01 19:54:40 | WARNING  | co2_forecast | Very few sequences (3), LSTM may not train well
2026-08-01 19:54:40 | WARNING  | co2_forecast | Very few sequences (2), LSTM may not train well
2026-08-01 19:54:40 | WARNING  | co2_forecast | Very few sequences (6), LSTM may not train well
2026-08-01 19:54:41 | WARNING  | co2_forecast | Very few sequences (2), LSTM may not train well
2026-08-01 19:54:41 | WARNING  | co2_forecast | Very few sequences (2), LSTM may not train well
2026-08-01 19:54:41 | WARNING  | co2_forecast | Model training failed with params {'lookback': 8, 'hidden_size': 44, 'num_layers': 1, 'dropout': 0.3238975389966341, 'learning_rate': 0.005520634690128072, 'batch_size': 8}: LSTM.fit: training data has 8 rows, giving only 0 sequence(s) with lookback=8; at least 2 are required (one is always reserved for validation). Reduce lookback or provide more training history.
2026-08-01 19:54:41 | WARNING  | co2_forecast | Very few sequences (3), LSTM may not train well
2026-08-01 19:54:41 | WARNING  | co2_forecast | Very few sequences (7), LSTM may not train well
2026-08-01 19:54:42 | WARNING  | co2_forecast | Very few sequences (3), LSTM may not train well
2026-08-01 19:54:42 | WARNING  | co2_forecast | Very few sequences (3), LSTM may not train well
2026-08-01 19:54:42 | WARNING  | co2_forecast | Very few sequences (2), LSTM may not train well
2026-08-01 19:54:42 | WARNING  | co2_forecast | Very few sequences (6), LSTM may not train well
2026-08-01 19:54:43 | WARNING  | co2_forecast | Very few sequences (2), LSTM may not train well
2026-08-01 19:54:44 | WARNING  | co2_forecast | Very few sequences (2), LSTM may not train well
2026-08-01 19:54:45 | WARNING  | co2_forecast | Very few sequences (4), LSTM may not train well
2026-08-01 19:54:45 | WARNING  | co2_forecast | Very few sequences (8), LSTM may not train well
2026-08-01 19:54:45 | WARNING  | co2_forecast | Very few sequences (4), LSTM may not train well
2026-08-01 19:54:45 | WARNING  | co2_forecast | Very few sequences (4), LSTM may not train well
2026-08-01 19:54:45 | WARNING  | co2_forecast | Very few sequences (4), LSTM may not train well
2026-08-01 19:54:46 | WARNING  | co2_forecast | Very few sequences (8), LSTM may not train well
2026-08-01 19:54:46 | WARNING  | co2_forecast | Very few sequences (4), LSTM may not train well
2026-08-01 19:54:46 | WARNING  | co2_forecast | Very few sequences (4), LSTM may not train well
2026-08-01 19:54:46 | WARNING  | co2_forecast | Model training failed with params {'lookback': 7, 'hidden_size': 33, 'num_layers': 1, 'dropout': 0.3174646446740698, 'learning_rate': 0.004142028037008457, 'batch_size': 16}: LSTM.fit: training data has 8 rows, giving only 1 sequence(s) with lookback=7; at least 2 are required (one is always reserved for validation). Reduce lookback or provide more training history.
2026-08-01 19:54:46 | WARNING  | co2_forecast | Very few sequences (3), LSTM may not train well
2026-08-01 19:54:46 | WARNING  | co2_forecast | Very few sequences (7), LSTM may not train well
2026-08-01 19:54:46 | WARNING  | co2_forecast | Very few sequences (3), LSTM may not train well
2026-08-01 19:54:47 | WARNING  | co2_forecast | Very few sequences (3), LSTM may not train well
2026-08-01 19:54:47 | WARNING  | co2_forecast | Very few sequences (4), LSTM may not train well
2026-08-01 19:54:47 | WARNING  | co2_forecast | Very few sequences (8), LSTM may not train well
2026-08-01 19:54:47 | WARNING  | co2_forecast | Very few sequences (4), LSTM may not train well
2026-08-01 19:54:47 | WARNING  | co2_forecast | Very few sequences (4), LSTM may not train well
2026-08-01 19:54:47 | WARNING  | co2_forecast | Very few sequences (4), LSTM may not train well
2026-08-01 19:54:47 | WARNING  | co2_forecast | Very few sequences (8), LSTM may not train well
2026-08-01 19:54:47 | WARNING  | co2_forecast | Very few sequences (4), LSTM may not train well
2026-08-01 19:54:48 | WARNING  | co2_forecast | Very few sequences (4), LSTM may not train well
2026-08-01 19:54:48 | WARNING  | co2_forecast | Very few sequences (4), LSTM may not train well
2026-08-01 19:54:48 | WARNING  | co2_forecast | Very few sequences (8), LSTM may not train well
2026-08-01 19:54:48 | WARNING  | co2_forecast | Very few sequences (4), LSTM may not train well
2026-08-01 19:54:48 | WARNING  | co2_forecast | Very few sequences (4), LSTM may not train well
2026-08-01 19:54:48 | WARNING  | co2_forecast | Very few sequences (2), LSTM may not train well
2026-08-01 19:54:48 | WARNING  | co2_forecast | Very few sequences (6), LSTM may not train well
2026-08-01 19:54:48 | WARNING  | co2_forecast | Very few sequences (2), LSTM may not train well
2026-08-01 19:54:48 | WARNING  | co2_forecast | Very few sequences (2), LSTM may not train well
2026-08-01 19:54:48 | WARNING  | co2_forecast | Very few sequences (4), LSTM may not train well
2026-08-01 19:54:49 | WARNING  | co2_forecast | Very few sequences (8), LSTM may not train well
2026-08-01 19:54:49 | WARNING  | co2_forecast | Very few sequences (4), LSTM may not train well
2026-08-01 19:54:49 | WARNING  | co2_forecast | Very few sequences (4), LSTM may not train well
2026-08-01 19:54:49 | WARNING  | co2_forecast | Very few sequences (4), LSTM may not train well
2026-08-01 19:54:49 | WARNING  | co2_forecast | Very few sequences (8), LSTM may not train well
2026-08-01 19:54:49 | WARNING  | co2_forecast | Very few sequences (4), LSTM may not train well
2026-08-01 19:54:49 | WARNING  | co2_forecast | Very few sequences (4), LSTM may not train well
2026-08-01 19:54:49 | WARNING  | co2_forecast | Very few sequences (4), LSTM may not train well
2026-08-01 19:54:49 | WARNING  | co2_forecast | Very few sequences (8), LSTM may not train well
2026-08-01 19:54:49 | WARNING  | co2_forecast | Very few sequences (4), LSTM may not train well
2026-08-01 19:54:49 | WARNING  | co2_forecast | Very few sequences (4), LSTM may not train well
2026-08-01 19:54:50 | WARNING  | co2_forecast | Very few sequences (4), LSTM may not train well
2026-08-01 19:54:50 | WARNING  | co2_forecast | Very few sequences (8), LSTM may not train well
2026-08-01 19:54:50 | WARNING  | co2_forecast | Very few sequences (4), LSTM may not train well
2026-08-01 19:54:50 | WARNING  | co2_forecast | Very few sequences (4), LSTM may not train well
2026-08-01 19:54:50 | WARNING  | co2_forecast | Very few sequences (3), LSTM may not train well
2026-08-01 19:54:50 | WARNING  | co2_forecast | Very few sequences (7), LSTM may not train well
2026-08-01 19:54:50 | WARNING  | co2_forecast | Very few sequences (3), LSTM may not train well
2026-08-01 19:54:51 | WARNING  | co2_forecast | Very few sequences (3), LSTM may not train well
2026-08-01 19:54:51 | WARNING  | co2_forecast | Very few sequences (4), LSTM may not train well
2026-08-01 19:54:51 | WARNING  | co2_forecast | Very few sequences (8), LSTM may not train well
2026-08-01 19:54:51 | WARNING  | co2_forecast | Very few sequences (4), LSTM may not train well
2026-08-01 19:54:51 | WARNING  | co2_forecast | Very few sequences (4), LSTM may not train well
2026-08-01 19:54:51 | WARNING  | co2_forecast | Very few sequences (4), LSTM may not train well
2026-08-01 19:54:51 | WARNING  | co2_forecast | Very few sequences (8), LSTM may not train well
2026-08-01 19:54:51 | WARNING  | co2_forecast | Very few sequences (4), LSTM may not train well
2026-08-01 19:54:51 | WARNING  | co2_forecast | Very few sequences (4), LSTM may not train well
2026-08-01 19:54:52 | WARNING  | co2_forecast | Very few sequences (4), LSTM may not train well
2026-08-01 19:54:52 | WARNING  | co2_forecast | Very few sequences (8), LSTM may not train well
2026-08-01 19:54:52 | WARNING  | co2_forecast | Very few sequences (4), LSTM may not train well
2026-08-01 19:54:52 | WARNING  | co2_forecast | Very few sequences (4), LSTM may not train well
2026-08-01 19:54:52 | WARNING  | co2_forecast | Very few sequences (4), LSTM may not train well
2026-08-01 19:54:52 | WARNING  | co2_forecast | Very few sequences (8), LSTM may not train well
2026-08-01 19:54:52 | WARNING  | co2_forecast | Very few sequences (4), LSTM may not train well
2026-08-01 19:54:52 | WARNING  | co2_forecast | Very few sequences (4), LSTM may not train well
2026-08-01 19:54:52 | WARNING  | co2_forecast | Very few sequences (4), LSTM may not train well
2026-08-01 19:54:52 | WARNING  | co2_forecast | Very few sequences (8), LSTM may not train well
2026-08-01 19:54:52 | WARNING  | co2_forecast | Very few sequences (4), LSTM may not train well
2026-08-01 19:54:53 | WARNING  | co2_forecast | Very few sequences (4), LSTM may not train well
2026-08-01 19:54:53 | WARNING  | co2_forecast | Very few sequences (4), LSTM may not train well
2026-08-01 19:54:53 | WARNING  | co2_forecast | Very few sequences (8), LSTM may not train well
2026-08-01 19:54:53 | WARNING  | co2_forecast | Very few sequences (4), LSTM may not train well
2026-08-01 19:54:53 | WARNING  | co2_forecast | Very few sequences (4), LSTM may not train well
2026-08-01 19:54:53 | WARNING  | co2_forecast | Very few sequences (4), LSTM may not train well
2026-08-01 19:54:53 | WARNING  | co2_forecast | Very few sequences (8), LSTM may not train well
2026-08-01 19:54:53 | WARNING  | co2_forecast | Very few sequences (4), LSTM may not train well
2026-08-01 19:54:53 | WARNING  | co2_forecast | Very few sequences (4), LSTM may not train well
2026-08-01 19:54:53 | INFO     | co2_forecast |   Iteration 5: Best fitness = 0.764108
2026-08-01 19:54:53 | WARNING  | co2_forecast | Very few sequences (4), LSTM may not train well
2026-08-01 19:54:54 | WARNING  | co2_forecast | Very few sequences (8), LSTM may not train well
2026-08-01 19:54:54 | WARNING  | co2_forecast | Very few sequences (4), LSTM may not train well
2026-08-01 19:54:54 | WARNING  | co2_forecast | Very few sequences (4), LSTM may not train well
2026-08-01 19:54:54 | WARNING  | co2_forecast | Very few sequences (4), LSTM may not train well
2026-08-01 19:54:54 | WARNING  | co2_forecast | Very few sequences (8), LSTM may not train well
2026-08-01 19:54:54 | WARNING  | co2_forecast | Very few sequences (4), LSTM may not train well
2026-08-01 19:54:54 | WARNING  | co2_forecast | Very few sequences (4), LSTM may not train well
2026-08-01 19:54:54 | WARNING  | co2_forecast | Very few sequences (4), LSTM may not train well
2026-08-01 19:54:54 | WARNING  | co2_forecast | Very few sequences (8), LSTM may not train well
2026-08-01 19:54:55 | WARNING  | co2_forecast | Very few sequences (4), LSTM may not train well
2026-08-01 19:54:55 | WARNING  | co2_forecast | Very few sequences (4), LSTM may not train well
2026-08-01 19:54:55 | WARNING  | co2_forecast | Very few sequences (4), LSTM may not train well
2026-08-01 19:54:55 | WARNING  | co2_forecast | Very few sequences (8), LSTM may not train well
2026-08-01 19:54:55 | WARNING  | co2_forecast | Very few sequences (4), LSTM may not train well
2026-08-01 19:54:55 | WARNING  | co2_forecast | Very few sequences (4), LSTM may not train well
2026-08-01 19:54:55 | WARNING  | co2_forecast | Very few sequences (4), LSTM may not train well
2026-08-01 19:54:55 | WARNING  | co2_forecast | Very few sequences (8), LSTM may not train well
2026-08-01 19:54:55 | WARNING  | co2_forecast | Very few sequences (4), LSTM may not train well
2026-08-01 19:54:55 | WARNING  | co2_forecast | Very few sequences (4), LSTM may not train well
2026-08-01 19:54:55 | WARNING  | co2_forecast | Very few sequences (4), LSTM may not train well
2026-08-01 19:54:56 | WARNING  | co2_forecast | Very few sequences (8), LSTM may not train well
2026-08-01 19:54:56 | WARNING  | co2_forecast | Very few sequences (4), LSTM may not train well
2026-08-01 19:54:56 | WARNING  | co2_forecast | Very few sequences (4), LSTM may not train well
2026-08-01 19:54:56 | WARNING  | co2_forecast | Very few sequences (4), LSTM may not train well
2026-08-01 19:54:56 | WARNING  | co2_forecast | Very few sequences (8), LSTM may not train well
2026-08-01 19:54:56 | WARNING  | co2_forecast | Very few sequences (4), LSTM may not train well
2026-08-01 19:54:56 | WARNING  | co2_forecast | Very few sequences (4), LSTM may not train well
2026-08-01 19:54:56 | WARNING  | co2_forecast | Very few sequences (4), LSTM may not train well
2026-08-01 19:54:56 | WARNING  | co2_forecast | Very few sequences (8), LSTM may not train well
2026-08-01 19:54:56 | WARNING  | co2_forecast | Very few sequences (4), LSTM may not train well
2026-08-01 19:54:57 | WARNING  | co2_forecast | Very few sequences (4), LSTM may not train well
2026-08-01 19:54:57 | WARNING  | co2_forecast | Very few sequences (4), LSTM may not train well
2026-08-01 19:54:57 | WARNING  | co2_forecast | Very few sequences (8), LSTM may not train well
2026-08-01 19:54:57 | WARNING  | co2_forecast | Very few sequences (4), LSTM may not train well
2026-08-01 19:54:57 | WARNING  | co2_forecast | Very few sequences (4), LSTM may not train well
2026-08-01 19:54:57 | WARNING  | co2_forecast | Very few sequences (4), LSTM may not train well
2026-08-01 19:54:57 | WARNING  | co2_forecast | Very few sequences (8), LSTM may not train well
2026-08-01 19:54:57 | WARNING  | co2_forecast | Very few sequences (4), LSTM may not train well
2026-08-01 19:54:57 | WARNING  | co2_forecast | Very few sequences (4), LSTM may not train well
2026-08-01 19:54:57 | INFO     | co2_forecast |   Iteration 7: Best fitness = 0.764108
2026-08-01 19:54:57 | INFO     | co2_forecast | PSO complete. Best fitness: 0.764108
2026-08-01 19:54:57 | INFO     | co2_forecast |   Best params: {'lookback': 4, 'hidden_size': 16, 'num_layers': 2, 'dropout': 0.10086188385038589, 'learning_rate': 0.0001, 'batch_size': 32}
2026-08-01 19:54:57 | INFO     | co2_forecast |   Best fitness: 0.764108
2026-08-01 19:54:57 | INFO     | co2_forecast | [A2/panel2_common_period/fs_permutation_stability/lstm] sweep tuning: best_params={'lookback': 4, 'hidden_size': 16, 'num_layers': 2, 'dropout': 0.10086188385038589, 'learning_rate': 0.0001, 'batch_size': 32}
2026-08-01 19:54:59 | INFO     | co2_forecast |   -> weighted_mase=1.029665927569141, runtime=20.7s
2026-08-01 19:54:59 | INFO     | co2_forecast | Stream B cell: A2/fs_consensus/ridge (17 features)
2026-08-01 19:54:59 | INFO     | co2_forecast | Creating walk-forward splits for 16 valid samples
2026-08-01 19:54:59 | INFO     | co2_forecast | Created 4 CV folds across horizons [1, 2, 4]
2026-08-01 19:54:59 | INFO     | co2_forecast | Built tuning CV plan: 4 folds from 16 rows before 2022-Q%q (evaluation cutoff) - isolation OK (max tuning date 2021-Q%q)
2026-08-01 19:54:59 | INFO     | co2_forecast | Optimizing ridge...
2026-08-01 19:54:59 | INFO     | co2_forecast | Starting PSO: 5 particles, 8 iterations
2026-08-01 19:54:59 | INFO     | co2_forecast |   Iteration 0: Best fitness = 2.341717
2026-08-01 19:54:59 | INFO     | co2_forecast |   Iteration 5: Best fitness = 1.901847
2026-08-01 19:54:59 | INFO     | co2_forecast |   Iteration 7: Best fitness = 1.901847
2026-08-01 19:54:59 | INFO     | co2_forecast | PSO complete. Best fitness: 1.901847
2026-08-01 19:54:59 | INFO     | co2_forecast |   Best params: {'alpha': 100.0}
2026-08-01 19:54:59 | INFO     | co2_forecast |   Best fitness: 1.901847
2026-08-01 19:54:59 | INFO     | co2_forecast | [A2/panel2_common_period/fs_consensus/ridge] sweep tuning: best_params={'alpha': 100.0}
2026-08-01 19:54:59 | INFO     | co2_forecast |   -> weighted_mase=0.8059702974425205, runtime=0.2s
2026-08-01 19:54:59 | INFO     | co2_forecast | Stream B cell: A2/fs_consensus/random_forest (17 features)
2026-08-01 19:54:59 | INFO     | co2_forecast | Creating walk-forward splits for 16 valid samples
2026-08-01 19:54:59 | INFO     | co2_forecast | Created 4 CV folds across horizons [1, 2, 4]
2026-08-01 19:54:59 | INFO     | co2_forecast | Built tuning CV plan: 4 folds from 16 rows before 2022-Q%q (evaluation cutoff) - isolation OK (max tuning date 2021-Q%q)
2026-08-01 19:54:59 | INFO     | co2_forecast | Optimizing random_forest...
2026-08-01 19:54:59 | INFO     | co2_forecast | Starting PSO: 5 particles, 8 iterations
2026-08-01 19:55:03 | INFO     | co2_forecast |   Iteration 0: Best fitness = 0.748939
2026-08-01 19:55:22 | INFO     | co2_forecast |   Iteration 5: Best fitness = 0.322597
2026-08-01 19:55:31 | INFO     | co2_forecast |   Iteration 7: Best fitness = 0.322597
2026-08-01 19:55:31 | INFO     | co2_forecast | PSO complete. Best fitness: 0.322597
2026-08-01 19:55:31 | INFO     | co2_forecast |   Best params: {'n_estimators': 137, 'max_depth': 3, 'min_samples_split': 2, 'min_samples_leaf': 1}
2026-08-01 19:55:31 | INFO     | co2_forecast |   Best fitness: 0.322597
2026-08-01 19:55:31 | INFO     | co2_forecast | [A2/panel2_common_period/fs_consensus/random_forest] sweep tuning: best_params={'n_estimators': 137, 'max_depth': 3, 'min_samples_split': 2, 'min_samples_leaf': 1}
2026-08-01 19:55:32 | INFO     | co2_forecast |   -> weighted_mase=0.8191979199181054, runtime=32.9s
2026-08-01 19:55:32 | INFO     | co2_forecast | Stream B cell: A2/fs_consensus/lightgbm (17 features)
2026-08-01 19:55:32 | INFO     | co2_forecast | Creating walk-forward splits for 16 valid samples
2026-08-01 19:55:32 | INFO     | co2_forecast | Created 4 CV folds across horizons [1, 2, 4]
2026-08-01 19:55:32 | INFO     | co2_forecast | Built tuning CV plan: 4 folds from 16 rows before 2022-Q%q (evaluation cutoff) - isolation OK (max tuning date 2021-Q%q)
2026-08-01 19:55:32 | INFO     | co2_forecast | Optimizing lightgbm...
2026-08-01 19:55:32 | INFO     | co2_forecast | Starting PSO: 5 particles, 8 iterations
2026-08-01 19:55:32 | INFO     | co2_forecast |   Iteration 0: Best fitness = 0.768990
2026-08-01 19:55:33 | INFO     | co2_forecast |   Iteration 5: Best fitness = 0.614501
2026-08-01 19:55:34 | INFO     | co2_forecast |   Iteration 7: Best fitness = 0.614501
2026-08-01 19:55:34 | INFO     | co2_forecast | PSO complete. Best fitness: 0.614501
2026-08-01 19:55:34 | INFO     | co2_forecast |   Best params: {'n_estimators': 164, 'learning_rate': 0.3, 'num_leaves': 127, 'max_depth': 10, 'min_child_samples': 6, 'reg_alpha': 0.001, 'reg_lambda': 0.001}
2026-08-01 19:55:34 | INFO     | co2_forecast |   Best fitness: 0.614501
2026-08-01 19:55:34 | INFO     | co2_forecast | [A2/panel2_common_period/fs_consensus/lightgbm] sweep tuning: best_params={'n_estimators': 164, 'learning_rate': 0.3, 'num_leaves': 127, 'max_depth': 10, 'min_child_samples': 6, 'reg_alpha': 0.001, 'reg_lambda': 0.001}
2026-08-01 19:55:34 | INFO     | co2_forecast |   -> weighted_mase=1.0161857730765944, runtime=2.1s
2026-08-01 19:55:34 | INFO     | co2_forecast | Stream B cell: A2/fs_consensus/catboost (17 features)
2026-08-01 19:55:34 | INFO     | co2_forecast | Creating walk-forward splits for 16 valid samples
2026-08-01 19:55:34 | INFO     | co2_forecast | Created 4 CV folds across horizons [1, 2, 4]
2026-08-01 19:55:34 | INFO     | co2_forecast | Built tuning CV plan: 4 folds from 16 rows before 2022-Q%q (evaluation cutoff) - isolation OK (max tuning date 2021-Q%q)
2026-08-01 19:55:34 | INFO     | co2_forecast | Optimizing catboost...
2026-08-01 19:55:34 | INFO     | co2_forecast | Starting PSO: 5 particles, 8 iterations
2026-08-01 19:56:15 | INFO     | co2_forecast |   Iteration 0: Best fitness = 0.323602
2026-08-01 20:27:47 | INFO     | co2_forecast |   Iteration 5: Best fitness = 0.313211
2026-08-01 20:41:16 | INFO     | co2_forecast |   Iteration 7: Best fitness = 0.313211
2026-08-01 20:41:16 | INFO     | co2_forecast | PSO complete. Best fitness: 0.313211
2026-08-01 20:41:16 | INFO     | co2_forecast |   Best params: {'iterations': 276, 'learning_rate': 0.24674829698188946, 'depth': 3, 'l2_leaf_reg': 10.0}
2026-08-01 20:41:16 | INFO     | co2_forecast |   Best fitness: 0.313211
2026-08-01 20:41:16 | INFO     | co2_forecast | [A2/panel2_common_period/fs_consensus/catboost] sweep tuning: best_params={'iterations': 276, 'learning_rate': 0.24674829698188946, 'depth': 3, 'l2_leaf_reg': 10.0}
2026-08-01 20:44:03 | INFO     | co2_forecast |   -> weighted_mase=0.7270928872124289, runtime=2908.9s
2026-08-01 20:44:03 | INFO     | co2_forecast | Stream B cell: A2/fs_consensus/lstm (17 features)
2026-08-01 20:44:03 | INFO     | co2_forecast | Creating walk-forward splits for 16 valid samples
2026-08-01 20:44:03 | INFO     | co2_forecast | Created 4 CV folds across horizons [1, 2, 4]
2026-08-01 20:44:03 | INFO     | co2_forecast | Built tuning CV plan: 4 folds from 16 rows before 2022-Q%q (evaluation cutoff) - isolation OK (max tuning date 2021-Q%q)
2026-08-01 20:44:03 | INFO     | co2_forecast | Optimizing lstm...
2026-08-01 20:44:03 | INFO     | co2_forecast | Starting PSO: 5 particles, 8 iterations
2026-08-01 20:44:03 | WARNING  | co2_forecast | Model training failed with params {'lookback': 7, 'hidden_size': 62, 'num_layers': 2, 'dropout': 0.3394633936788146, 'learning_rate': 0.0016445845403801217, 'batch_size': 8}: LSTM.fit: training data has 8 rows, giving only 1 sequence(s) with lookback=7; at least 2 are required (one is always reserved for validation). Reduce lookback or provide more training history.
2026-08-01 20:44:03 | WARNING  | co2_forecast | Model training failed with params {'lookback': 11, 'hidden_size': 26, 'num_layers': 1, 'dropout': 0.17336180394137352, 'learning_rate': 0.0031119982052994237, 'batch_size': 16}: LSTM.fit: training data has 8 rows, giving only 0 sequence(s) with lookback=11; at least 2 are required (one is always reserved for validation). Reduce lookback or provide more training history.
2026-08-01 20:44:03 | WARNING  | co2_forecast | Model training failed with params {'lookback': 8, 'hidden_size': 54, 'num_layers': 1, 'dropout': 0.3056937753654446, 'learning_rate': 0.005964904231734221, 'batch_size': 8}: LSTM.fit: training data has 8 rows, giving only 0 sequence(s) with lookback=8; at least 2 are required (one is always reserved for validation). Reduce lookback or provide more training history.
2026-08-01 20:44:03 | WARNING  | co2_forecast | Very few sequences (2), LSTM may not train well
2026-08-01 20:44:03 | WARNING  | co2_forecast | Very few sequences (6), LSTM may not train well
2026-08-01 20:44:03 | WARNING  | co2_forecast | Very few sequences (2), LSTM may not train well
2026-08-01 20:44:04 | WARNING  | co2_forecast | Very few sequences (2), LSTM may not train well
2026-08-01 20:44:04 | WARNING  | co2_forecast | Model training failed with params {'lookback': 8, 'hidden_size': 25, 'num_layers': 2, 'dropout': 0.4100531293444458, 'learning_rate': 0.009401039521485473, 'batch_size': 32}: LSTM.fit: training data has 8 rows, giving only 0 sequence(s) with lookback=8; at least 2 are required (one is always reserved for validation). Reduce lookback or provide more training history.
2026-08-01 20:44:04 | INFO     | co2_forecast |   Iteration 0: Best fitness = 1.033276
2026-08-01 20:44:04 | WARNING  | co2_forecast | Very few sequences (3), LSTM may not train well
2026-08-01 20:44:04 | WARNING  | co2_forecast | Very few sequences (7), LSTM may not train well
2026-08-01 20:44:04 | WARNING  | co2_forecast | Very few sequences (3), LSTM may not train well
2026-08-01 20:44:05 | WARNING  | co2_forecast | Very few sequences (3), LSTM may not train well
2026-08-01 20:44:05 | WARNING  | co2_forecast | Very few sequences (2), LSTM may not train well
2026-08-01 20:44:05 | WARNING  | co2_forecast | Very few sequences (6), LSTM may not train well
2026-08-01 20:44:06 | WARNING  | co2_forecast | Very few sequences (2), LSTM may not train well
2026-08-01 20:44:06 | WARNING  | co2_forecast | Very few sequences (2), LSTM may not train well
2026-08-01 20:44:06 | WARNING  | co2_forecast | Model training failed with params {'lookback': 8, 'hidden_size': 44, 'num_layers': 1, 'dropout': 0.3238975389966341, 'learning_rate': 0.005520634690128072, 'batch_size': 8}: LSTM.fit: training data has 8 rows, giving only 0 sequence(s) with lookback=8; at least 2 are required (one is always reserved for validation). Reduce lookback or provide more training history.
2026-08-01 20:44:06 | WARNING  | co2_forecast | Very few sequences (3), LSTM may not train well
2026-08-01 20:44:06 | WARNING  | co2_forecast | Very few sequences (7), LSTM may not train well
2026-08-01 20:44:06 | WARNING  | co2_forecast | Very few sequences (3), LSTM may not train well
2026-08-01 20:44:07 | WARNING  | co2_forecast | Very few sequences (3), LSTM may not train well
2026-08-01 20:44:07 | WARNING  | co2_forecast | Very few sequences (2), LSTM may not train well
2026-08-01 20:44:07 | WARNING  | co2_forecast | Very few sequences (6), LSTM may not train well
2026-08-01 20:44:07 | WARNING  | co2_forecast | Very few sequences (2), LSTM may not train well
2026-08-01 20:44:08 | WARNING  | co2_forecast | Very few sequences (2), LSTM may not train well
2026-08-01 20:44:09 | WARNING  | co2_forecast | Very few sequences (3), LSTM may not train well
2026-08-01 20:44:09 | WARNING  | co2_forecast | Very few sequences (7), LSTM may not train well
2026-08-01 20:44:10 | WARNING  | co2_forecast | Very few sequences (3), LSTM may not train well
2026-08-01 20:44:10 | WARNING  | co2_forecast | Very few sequences (3), LSTM may not train well
2026-08-01 20:44:10 | WARNING  | co2_forecast | Very few sequences (4), LSTM may not train well
2026-08-01 20:44:11 | WARNING  | co2_forecast | Very few sequences (8), LSTM may not train well
2026-08-01 20:44:11 | WARNING  | co2_forecast | Very few sequences (4), LSTM may not train well
2026-08-01 20:44:11 | WARNING  | co2_forecast | Very few sequences (4), LSTM may not train well
2026-08-01 20:44:11 | WARNING  | co2_forecast | Model training failed with params {'lookback': 7, 'hidden_size': 35, 'num_layers': 1, 'dropout': 0.31512819649180424, 'learning_rate': 0.004065945490368326, 'batch_size': 8}: LSTM.fit: training data has 8 rows, giving only 1 sequence(s) with lookback=7; at least 2 are required (one is always reserved for validation). Reduce lookback or provide more training history.
2026-08-01 20:44:11 | WARNING  | co2_forecast | Very few sequences (2), LSTM may not train well
2026-08-01 20:44:11 | WARNING  | co2_forecast | Very few sequences (6), LSTM may not train well
2026-08-01 20:44:12 | WARNING  | co2_forecast | Very few sequences (2), LSTM may not train well
2026-08-01 20:44:13 | WARNING  | co2_forecast | Very few sequences (2), LSTM may not train well
2026-08-01 20:44:14 | WARNING  | co2_forecast | Very few sequences (3), LSTM may not train well
2026-08-01 20:44:14 | WARNING  | co2_forecast | Very few sequences (7), LSTM may not train well
2026-08-01 20:44:14 | WARNING  | co2_forecast | Very few sequences (3), LSTM may not train well
2026-08-01 20:44:15 | WARNING  | co2_forecast | Very few sequences (3), LSTM may not train well
2026-08-01 20:44:15 | WARNING  | co2_forecast | Very few sequences (4), LSTM may not train well
2026-08-01 20:44:16 | WARNING  | co2_forecast | Very few sequences (8), LSTM may not train well
2026-08-01 20:44:16 | WARNING  | co2_forecast | Very few sequences (4), LSTM may not train well
2026-08-01 20:44:16 | WARNING  | co2_forecast | Very few sequences (4), LSTM may not train well
2026-08-01 20:44:16 | WARNING  | co2_forecast | Very few sequences (4), LSTM may not train well
2026-08-01 20:44:16 | WARNING  | co2_forecast | Very few sequences (8), LSTM may not train well
2026-08-01 20:44:17 | WARNING  | co2_forecast | Very few sequences (4), LSTM may not train well
2026-08-01 20:44:17 | WARNING  | co2_forecast | Very few sequences (4), LSTM may not train well
2026-08-01 20:44:17 | WARNING  | co2_forecast | Very few sequences (2), LSTM may not train well
2026-08-01 20:44:17 | WARNING  | co2_forecast | Very few sequences (6), LSTM may not train well
2026-08-01 20:44:17 | WARNING  | co2_forecast | Very few sequences (2), LSTM may not train well
2026-08-01 20:44:18 | WARNING  | co2_forecast | Very few sequences (2), LSTM may not train well
2026-08-01 20:44:18 | WARNING  | co2_forecast | Very few sequences (4), LSTM may not train well
2026-08-01 20:44:18 | WARNING  | co2_forecast | Very few sequences (8), LSTM may not train well
2026-08-01 20:44:18 | WARNING  | co2_forecast | Very few sequences (4), LSTM may not train well
2026-08-01 20:44:18 | WARNING  | co2_forecast | Very few sequences (4), LSTM may not train well
2026-08-01 20:44:18 | WARNING  | co2_forecast | Very few sequences (4), LSTM may not train well
2026-08-01 20:44:19 | WARNING  | co2_forecast | Very few sequences (8), LSTM may not train well
2026-08-01 20:44:19 | WARNING  | co2_forecast | Very few sequences (4), LSTM may not train well
2026-08-01 20:44:19 | WARNING  | co2_forecast | Very few sequences (4), LSTM may not train well
2026-08-01 20:44:19 | WARNING  | co2_forecast | Very few sequences (4), LSTM may not train well
2026-08-01 20:44:19 | WARNING  | co2_forecast | Very few sequences (8), LSTM may not train well
2026-08-01 20:44:19 | WARNING  | co2_forecast | Very few sequences (4), LSTM may not train well
2026-08-01 20:44:19 | WARNING  | co2_forecast | Very few sequences (4), LSTM may not train well
2026-08-01 20:44:19 | WARNING  | co2_forecast | Very few sequences (4), LSTM may not train well
2026-08-01 20:44:19 | WARNING  | co2_forecast | Very few sequences (8), LSTM may not train well
2026-08-01 20:44:19 | WARNING  | co2_forecast | Very few sequences (4), LSTM may not train well
2026-08-01 20:44:19 | WARNING  | co2_forecast | Very few sequences (4), LSTM may not train well
2026-08-01 20:44:20 | WARNING  | co2_forecast | Very few sequences (3), LSTM may not train well
2026-08-01 20:44:20 | WARNING  | co2_forecast | Very few sequences (7), LSTM may not train well
2026-08-01 20:44:20 | WARNING  | co2_forecast | Very few sequences (3), LSTM may not train well
2026-08-01 20:44:20 | WARNING  | co2_forecast | Very few sequences (3), LSTM may not train well
2026-08-01 20:44:20 | WARNING  | co2_forecast | Very few sequences (4), LSTM may not train well
2026-08-01 20:44:20 | WARNING  | co2_forecast | Very few sequences (8), LSTM may not train well
2026-08-01 20:44:21 | WARNING  | co2_forecast | Very few sequences (4), LSTM may not train well
2026-08-01 20:44:21 | WARNING  | co2_forecast | Very few sequences (4), LSTM may not train well
2026-08-01 20:44:21 | WARNING  | co2_forecast | Very few sequences (4), LSTM may not train well
2026-08-01 20:44:21 | WARNING  | co2_forecast | Very few sequences (8), LSTM may not train well
2026-08-01 20:44:21 | WARNING  | co2_forecast | Very few sequences (4), LSTM may not train well
2026-08-01 20:44:22 | WARNING  | co2_forecast | Very few sequences (4), LSTM may not train well
2026-08-01 20:44:22 | WARNING  | co2_forecast | Very few sequences (4), LSTM may not train well
2026-08-01 20:44:22 | WARNING  | co2_forecast | Very few sequences (8), LSTM may not train well
2026-08-01 20:44:23 | WARNING  | co2_forecast | Very few sequences (4), LSTM may not train well
2026-08-01 20:44:24 | WARNING  | co2_forecast | Very few sequences (4), LSTM may not train well
2026-08-01 20:44:24 | WARNING  | co2_forecast | Very few sequences (4), LSTM may not train well
2026-08-01 20:44:24 | WARNING  | co2_forecast | Very few sequences (8), LSTM may not train well
2026-08-01 20:44:24 | WARNING  | co2_forecast | Very few sequences (4), LSTM may not train well
2026-08-01 20:44:24 | WARNING  | co2_forecast | Very few sequences (4), LSTM may not train well
2026-08-01 20:44:24 | WARNING  | co2_forecast | Very few sequences (4), LSTM may not train well
2026-08-01 20:44:24 | WARNING  | co2_forecast | Very few sequences (8), LSTM may not train well
2026-08-01 20:44:25 | WARNING  | co2_forecast | Very few sequences (4), LSTM may not train well
2026-08-01 20:44:25 | WARNING  | co2_forecast | Very few sequences (4), LSTM may not train well
2026-08-01 20:44:25 | WARNING  | co2_forecast | Very few sequences (4), LSTM may not train well
2026-08-01 20:44:25 | WARNING  | co2_forecast | Very few sequences (8), LSTM may not train well
2026-08-01 20:44:25 | WARNING  | co2_forecast | Very few sequences (4), LSTM may not train well
2026-08-01 20:44:25 | WARNING  | co2_forecast | Very few sequences (4), LSTM may not train well
2026-08-01 20:44:25 | WARNING  | co2_forecast | Very few sequences (4), LSTM may not train well
2026-08-01 20:44:25 | WARNING  | co2_forecast | Very few sequences (8), LSTM may not train well
2026-08-01 20:44:26 | WARNING  | co2_forecast | Very few sequences (4), LSTM may not train well
2026-08-01 20:44:26 | WARNING  | co2_forecast | Very few sequences (4), LSTM may not train well
2026-08-01 20:44:26 | INFO     | co2_forecast |   Iteration 5: Best fitness = 0.751881
2026-08-01 20:44:26 | WARNING  | co2_forecast | Very few sequences (3), LSTM may not train well
2026-08-01 20:44:26 | WARNING  | co2_forecast | Very few sequences (7), LSTM may not train well
2026-08-01 20:44:27 | WARNING  | co2_forecast | Very few sequences (3), LSTM may not train well
2026-08-01 20:44:28 | WARNING  | co2_forecast | Very few sequences (3), LSTM may not train well
2026-08-01 20:44:28 | WARNING  | co2_forecast | Very few sequences (4), LSTM may not train well
2026-08-01 20:44:28 | WARNING  | co2_forecast | Very few sequences (8), LSTM may not train well
2026-08-01 20:44:28 | WARNING  | co2_forecast | Very few sequences (4), LSTM may not train well
2026-08-01 20:44:28 | WARNING  | co2_forecast | Very few sequences (4), LSTM may not train well
2026-08-01 20:44:28 | WARNING  | co2_forecast | Very few sequences (4), LSTM may not train well
2026-08-01 20:44:28 | WARNING  | co2_forecast | Very few sequences (8), LSTM may not train well
2026-08-01 20:44:29 | WARNING  | co2_forecast | Very few sequences (4), LSTM may not train well
2026-08-01 20:44:30 | WARNING  | co2_forecast | Very few sequences (4), LSTM may not train well
2026-08-01 20:44:30 | WARNING  | co2_forecast | Very few sequences (4), LSTM may not train well
2026-08-01 20:44:30 | WARNING  | co2_forecast | Very few sequences (8), LSTM may not train well
2026-08-01 20:44:31 | WARNING  | co2_forecast | Very few sequences (4), LSTM may not train well
2026-08-01 20:44:32 | WARNING  | co2_forecast | Very few sequences (4), LSTM may not train well
2026-08-01 20:44:32 | WARNING  | co2_forecast | Very few sequences (4), LSTM may not train well
2026-08-01 20:44:32 | WARNING  | co2_forecast | Very few sequences (8), LSTM may not train well
2026-08-01 20:44:33 | WARNING  | co2_forecast | Very few sequences (4), LSTM may not train well
2026-08-01 20:44:33 | WARNING  | co2_forecast | Very few sequences (4), LSTM may not train well
2026-08-01 20:44:33 | WARNING  | co2_forecast | Very few sequences (4), LSTM may not train well
2026-08-01 20:44:34 | WARNING  | co2_forecast | Very few sequences (8), LSTM may not train well
2026-08-01 20:44:34 | WARNING  | co2_forecast | Very few sequences (4), LSTM may not train well
2026-08-01 20:44:35 | WARNING  | co2_forecast | Very few sequences (4), LSTM may not train well
2026-08-01 20:44:35 | WARNING  | co2_forecast | Very few sequences (4), LSTM may not train well
2026-08-01 20:44:36 | WARNING  | co2_forecast | Very few sequences (8), LSTM may not train well
2026-08-01 20:44:36 | WARNING  | co2_forecast | Very few sequences (4), LSTM may not train well
2026-08-01 20:44:36 | WARNING  | co2_forecast | Very few sequences (4), LSTM may not train well
2026-08-01 20:44:36 | WARNING  | co2_forecast | Very few sequences (4), LSTM may not train well
2026-08-01 20:44:36 | WARNING  | co2_forecast | Very few sequences (8), LSTM may not train well
2026-08-01 20:44:37 | WARNING  | co2_forecast | Very few sequences (4), LSTM may not train well
2026-08-01 20:44:37 | WARNING  | co2_forecast | Very few sequences (4), LSTM may not train well
2026-08-01 20:44:37 | WARNING  | co2_forecast | Very few sequences (4), LSTM may not train well
2026-08-01 20:44:37 | WARNING  | co2_forecast | Very few sequences (8), LSTM may not train well
2026-08-01 20:44:38 | WARNING  | co2_forecast | Very few sequences (4), LSTM may not train well
2026-08-01 20:44:39 | WARNING  | co2_forecast | Very few sequences (4), LSTM may not train well
2026-08-01 20:44:39 | WARNING  | co2_forecast | Very few sequences (4), LSTM may not train well
2026-08-01 20:44:39 | WARNING  | co2_forecast | Very few sequences (8), LSTM may not train well
2026-08-01 20:44:39 | WARNING  | co2_forecast | Very few sequences (4), LSTM may not train well
2026-08-01 20:44:39 | WARNING  | co2_forecast | Very few sequences (4), LSTM may not train well
2026-08-01 20:44:39 | INFO     | co2_forecast |   Iteration 7: Best fitness = 0.751873
2026-08-01 20:44:39 | INFO     | co2_forecast | PSO complete. Best fitness: 0.751873
2026-08-01 20:44:39 | INFO     | co2_forecast |   Best params: {'lookback': 4, 'hidden_size': 19, 'num_layers': 2, 'dropout': 0.25630066664214113, 'learning_rate': 0.0001, 'batch_size': 16}
2026-08-01 20:44:39 | INFO     | co2_forecast |   Best fitness: 0.751873
2026-08-01 20:44:39 | INFO     | co2_forecast | [A2/panel2_common_period/fs_consensus/lstm] sweep tuning: best_params={'lookback': 4, 'hidden_size': 19, 'num_layers': 2, 'dropout': 0.25630066664214113, 'learning_rate': 0.0001, 'batch_size': 16}
2026-08-01 20:44:41 | INFO     | co2_forecast |   -> weighted_mase=1.0249005792649073, runtime=37.5s
2026-08-01 20:44:41 | INFO     | co2_forecast | Running FS1-FS5 on A3 (23 candidate features)...
2026-08-01 20:44:41 | INFO     | co2_forecast | Creating walk-forward splits for 16 valid samples
2026-08-01 20:44:41 | INFO     | co2_forecast | Created 4 CV folds across horizons [1, 2, 4]
2026-08-01 20:44:41 | INFO     | co2_forecast | Built tuning CV plan: 4 folds from 16 rows before 2022-Q%q (evaluation cutoff) - isolation OK (max tuning date 2021-Q%q)
2026-08-01 20:44:41 | INFO     | co2_forecast | Running all feature selection options...
2026-08-01 20:44:41 | INFO     | co2_forecast | ==================================================
2026-08-01 20:44:41 | INFO     | co2_forecast | Running linear feature selection (FS_linear)...
2026-08-01 20:44:41 | INFO     | co2_forecast | Iteration 0: Removed 'Mobility_Residential' (VIF=4522.26)
2026-08-01 20:44:41 | INFO     | co2_forecast | Iteration 1: Removed 'OWID_RenewableShare_L1Y' (VIF=1287.92)
2026-08-01 20:44:41 | INFO     | co2_forecast | Iteration 2: Removed 'Mobility_Transit_Stations' (VIF=794.41)
2026-08-01 20:44:41 | INFO     | co2_forecast | Iteration 3: Removed 'Grid_fossil_share' (VIF=370.88)
2026-08-01 20:44:41 | INFO     | co2_forecast | Iteration 4: Removed 'Grid_CI_p90' (VIF=238.96)
2026-08-01 20:44:41 | INFO     | co2_forecast | Iteration 5: Removed 'Grid_renewable_share' (VIF=113.75)
2026-08-01 20:44:41 | INFO     | co2_forecast | Iteration 6: Removed 'Grid_CI_mean' (VIF=84.74)
2026-08-01 20:44:41 | INFO     | co2_forecast | Iteration 7: Removed 'Mobility_Retail_Recreation' (VIF=78.51)
2026-08-01 20:44:41 | INFO     | co2_forecast | Iteration 8: Removed 'Mobility_Workplaces' (VIF=27.43)
2026-08-01 20:44:41 | INFO     | co2_forecast | Iteration 9: Removed 'Grid_wind_share' (VIF=26.54)
2026-08-01 20:44:41 | INFO     | co2_forecast | Iteration 10: Removed 'Grid_CI_low_share' (VIF=19.31)
2026-08-01 20:44:41 | INFO     | co2_forecast | Iteration 11: Removed 'Mobility_Grocery_Pharmacy' (VIF=15.12)
2026-08-01 20:44:41 | INFO     | co2_forecast | VIF filter: 23 -> 11 features
2026-08-01 20:44:41 | INFO     | co2_forecast | Ridge stability: Selected 10 features (stability >= 0.5)
2026-08-01 20:44:41 | INFO     | co2_forecast | ElasticNet: Only 0 features passed threshold, adding top features to reach 3
2026-08-01 20:44:41 | INFO     | co2_forecast | ElasticNet stability: Selected 3 features (stability >= 0.5)
2026-08-01 20:44:41 | INFO     | co2_forecast | FS_linear final: 11 features selected
2026-08-01 20:44:41 | INFO     | co2_forecast | ==================================================
2026-08-01 20:44:41 | INFO     | co2_forecast | Running wrapper feature selection (FS_wrapper)...
2026-08-01 20:44:41 | INFO     | co2_forecast | ==================================================
2026-08-01 20:44:41 | INFO     | co2_forecast | Running ALL wrapper-based feature selection methods...
2026-08-01 20:44:41 | INFO     | co2_forecast | Running RFE feature selection (target: 5 features)...
2026-08-01 20:44:41 | INFO     | co2_forecast | RFE: Selected 7 features using ridge (stability >= 0.5 across 2 folds)
2026-08-01 20:44:41 | INFO     | co2_forecast | Running RFE feature selection (target: 5 features)...
2026-08-01 20:44:46 | INFO     | co2_forecast | RFE: Selected 7 features using random_forest (stability >= 0.5 across 2 folds)
2026-08-01 20:44:46 | INFO     | co2_forecast | Running Sequential Forward Selection (target: 5 features)...
2026-08-01 20:45:53 | INFO     | co2_forecast | SFS: Selected 5 features using ridge
2026-08-01 20:45:53 | INFO     | co2_forecast | Running Sequential Backward Selection (target: 5 features)...
2026-08-01 20:45:57 | INFO     | co2_forecast | SBS: Selected 5 features using ridge
2026-08-01 20:45:57 | INFO     | co2_forecast | Wrapper methods complete: 4 methods run
2026-08-01 20:45:57 | INFO     | co2_forecast | FS_wrapper final: 15 features selected
2026-08-01 20:45:57 | INFO     | co2_forecast | ==================================================
2026-08-01 20:45:57 | INFO     | co2_forecast | Running XGBoost-SHAP stability feature selection (FS_xgboost_shap)...
2026-08-01 20:45:57 | INFO     | co2_forecast | XGBoost-SHAP stability: Selected 6 features (stability >= 0.5)
2026-08-01 20:45:57 | INFO     | co2_forecast | FS_xgboost_shap final: 6 features selected
2026-08-01 20:45:57 | INFO     | co2_forecast | ==================================================
2026-08-01 20:45:57 | INFO     | co2_forecast | Running permutation stability feature selection (FS_permutation_stability)...
2026-08-01 20:46:00 | INFO     | co2_forecast | Permutation stability: Selected 5 features (stability >= 0.5)
2026-08-01 20:46:00 | INFO     | co2_forecast | FS_permutation_stability final: 5 features selected
2026-08-01 20:46:00 | INFO     | co2_forecast | ==================================================
2026-08-01 20:46:00 | INFO     | co2_forecast | Running consensus feature selection (FS_consensus)...
2026-08-01 20:46:00 | INFO     | co2_forecast | Vote-based selection: 11 features with >= 2 votes
2026-08-01 20:46:00 | INFO     | co2_forecast | FS_consensus final: 11 features selected
2026-08-01 20:46:00 | INFO     | co2_forecast | ==================================================
2026-08-01 20:46:00 | INFO     | co2_forecast | Total FS options: 5
2026-08-01 20:46:00 | INFO     | co2_forecast |   fs_linear: 11 features
2026-08-01 20:46:00 | INFO     | co2_forecast |   fs_wrapper: 15 features
2026-08-01 20:46:00 | INFO     | co2_forecast |   fs_xgboost_shap: 6 features
2026-08-01 20:46:00 | INFO     | co2_forecast |   fs_permutation_stability: 5 features
2026-08-01 20:46:00 | INFO     | co2_forecast |   fs_consensus: 11 features
2026-08-01 20:46:00 | INFO     | co2_forecast | Stream B cell: A3/fs_linear/ridge (11 features)
2026-08-01 20:46:00 | INFO     | co2_forecast | Creating walk-forward splits for 16 valid samples
2026-08-01 20:46:00 | INFO     | co2_forecast | Created 4 CV folds across horizons [1, 2, 4]
2026-08-01 20:46:00 | INFO     | co2_forecast | Built tuning CV plan: 4 folds from 16 rows before 2022-Q%q (evaluation cutoff) - isolation OK (max tuning date 2021-Q%q)
2026-08-01 20:46:00 | INFO     | co2_forecast | Optimizing ridge...
2026-08-01 20:46:00 | INFO     | co2_forecast | Starting PSO: 5 particles, 8 iterations
2026-08-01 20:46:00 | INFO     | co2_forecast |   Iteration 0: Best fitness = 2.530735
2026-08-01 20:46:00 | INFO     | co2_forecast |   Iteration 5: Best fitness = 2.011742
2026-08-01 20:46:00 | INFO     | co2_forecast |   Iteration 7: Best fitness = 2.011742
2026-08-01 20:46:00 | INFO     | co2_forecast | PSO complete. Best fitness: 2.011742
2026-08-01 20:46:00 | INFO     | co2_forecast |   Best params: {'alpha': 100.0}
2026-08-01 20:46:00 | INFO     | co2_forecast |   Best fitness: 2.011742
2026-08-01 20:46:00 | INFO     | co2_forecast | [A3/panel2_common_period/fs_linear/ridge] sweep tuning: best_params={'alpha': 100.0}
2026-08-01 20:46:00 | INFO     | co2_forecast |   -> weighted_mase=0.827740658154751, runtime=0.2s
2026-08-01 20:46:00 | INFO     | co2_forecast | Stream B cell: A3/fs_linear/random_forest (11 features)
2026-08-01 20:46:00 | INFO     | co2_forecast | Creating walk-forward splits for 16 valid samples
2026-08-01 20:46:00 | INFO     | co2_forecast | Created 4 CV folds across horizons [1, 2, 4]
2026-08-01 20:46:00 | INFO     | co2_forecast | Built tuning CV plan: 4 folds from 16 rows before 2022-Q%q (evaluation cutoff) - isolation OK (max tuning date 2021-Q%q)
2026-08-01 20:46:00 | INFO     | co2_forecast | Optimizing random_forest...
2026-08-01 20:46:00 | INFO     | co2_forecast | Starting PSO: 5 particles, 8 iterations
2026-08-01 20:46:05 | INFO     | co2_forecast |   Iteration 0: Best fitness = 0.748939
2026-08-01 20:46:23 | INFO     | co2_forecast |   Iteration 5: Best fitness = 0.381615
2026-08-01 20:46:30 | INFO     | co2_forecast |   Iteration 7: Best fitness = 0.377428
2026-08-01 20:46:30 | INFO     | co2_forecast | PSO complete. Best fitness: 0.377428
2026-08-01 20:46:30 | INFO     | co2_forecast |   Best params: {'n_estimators': 89, 'max_depth': 3, 'min_samples_split': 2, 'min_samples_leaf': 1}
2026-08-01 20:46:30 | INFO     | co2_forecast |   Best fitness: 0.377428
2026-08-01 20:46:30 | INFO     | co2_forecast | [A3/panel2_common_period/fs_linear/random_forest] sweep tuning: best_params={'n_estimators': 89, 'max_depth': 3, 'min_samples_split': 2, 'min_samples_leaf': 1}
2026-08-01 20:46:31 | INFO     | co2_forecast |   -> weighted_mase=0.7028928898981043, runtime=30.9s
2026-08-01 20:46:31 | INFO     | co2_forecast | Stream B cell: A3/fs_linear/lightgbm (11 features)
2026-08-01 20:46:31 | INFO     | co2_forecast | Creating walk-forward splits for 16 valid samples
2026-08-01 20:46:31 | INFO     | co2_forecast | Created 4 CV folds across horizons [1, 2, 4]
2026-08-01 20:46:31 | INFO     | co2_forecast | Built tuning CV plan: 4 folds from 16 rows before 2022-Q%q (evaluation cutoff) - isolation OK (max tuning date 2021-Q%q)
2026-08-01 20:46:31 | INFO     | co2_forecast | Optimizing lightgbm...
2026-08-01 20:46:31 | INFO     | co2_forecast | Starting PSO: 5 particles, 8 iterations
2026-08-01 20:46:31 | INFO     | co2_forecast |   Iteration 0: Best fitness = 0.768990
2026-08-01 20:46:32 | INFO     | co2_forecast |   Iteration 5: Best fitness = 0.649767
2026-08-01 20:46:33 | INFO     | co2_forecast |   Iteration 7: Best fitness = 0.649767
2026-08-01 20:46:33 | INFO     | co2_forecast | PSO complete. Best fitness: 0.649767
2026-08-01 20:46:33 | INFO     | co2_forecast |   Best params: {'n_estimators': 164, 'learning_rate': 0.3, 'num_leaves': 127, 'max_depth': 10, 'min_child_samples': 6, 'reg_alpha': 0.001, 'reg_lambda': 0.001}
2026-08-01 20:46:33 | INFO     | co2_forecast |   Best fitness: 0.649767
2026-08-01 20:46:33 | INFO     | co2_forecast | [A3/panel2_common_period/fs_linear/lightgbm] sweep tuning: best_params={'n_estimators': 164, 'learning_rate': 0.3, 'num_leaves': 127, 'max_depth': 10, 'min_child_samples': 6, 'reg_alpha': 0.001, 'reg_lambda': 0.001}
2026-08-01 20:46:33 | INFO     | co2_forecast |   -> weighted_mase=0.5182814515194354, runtime=1.9s
2026-08-01 20:46:33 | INFO     | co2_forecast | Stream B cell: A3/fs_linear/catboost (11 features)
2026-08-01 20:46:33 | INFO     | co2_forecast | Creating walk-forward splits for 16 valid samples
2026-08-01 20:46:33 | INFO     | co2_forecast | Created 4 CV folds across horizons [1, 2, 4]
2026-08-01 20:46:33 | INFO     | co2_forecast | Built tuning CV plan: 4 folds from 16 rows before 2022-Q%q (evaluation cutoff) - isolation OK (max tuning date 2021-Q%q)
2026-08-01 20:46:33 | INFO     | co2_forecast | Optimizing catboost...
2026-08-01 20:46:33 | INFO     | co2_forecast | Starting PSO: 5 particles, 8 iterations
2026-08-01 20:52:33 | INFO     | co2_forecast |   Iteration 0: Best fitness = 0.380517
2026-08-01 21:24:21 | INFO     | co2_forecast |   Iteration 5: Best fitness = 0.307131
2026-08-01 21:31:13 | INFO     | co2_forecast |   Iteration 7: Best fitness = 0.307131
2026-08-01 21:31:13 | INFO     | co2_forecast | PSO complete. Best fitness: 0.307131
2026-08-01 21:31:13 | INFO     | co2_forecast |   Best params: {'iterations': 284, 'learning_rate': 0.06916874330190055, 'depth': 3, 'l2_leaf_reg': 10.0}
2026-08-01 21:31:13 | INFO     | co2_forecast |   Best fitness: 0.307131
2026-08-01 21:31:13 | INFO     | co2_forecast | [A3/panel2_common_period/fs_linear/catboost] sweep tuning: best_params={'iterations': 284, 'learning_rate': 0.06916874330190055, 'depth': 3, 'l2_leaf_reg': 10.0}
2026-08-01 21:33:07 | INFO     | co2_forecast |   -> weighted_mase=0.6502309549259357, runtime=2794.3s
2026-08-01 21:33:07 | INFO     | co2_forecast | Stream B cell: A3/fs_linear/lstm (11 features)
2026-08-01 21:33:07 | INFO     | co2_forecast | Creating walk-forward splits for 16 valid samples
2026-08-01 21:33:07 | INFO     | co2_forecast | Created 4 CV folds across horizons [1, 2, 4]
2026-08-01 21:33:07 | INFO     | co2_forecast | Built tuning CV plan: 4 folds from 16 rows before 2022-Q%q (evaluation cutoff) - isolation OK (max tuning date 2021-Q%q)
2026-08-01 21:33:07 | INFO     | co2_forecast | Optimizing lstm...
2026-08-01 21:33:07 | INFO     | co2_forecast | Starting PSO: 5 particles, 8 iterations
2026-08-01 21:33:07 | WARNING  | co2_forecast | Model training failed with params {'lookback': 7, 'hidden_size': 62, 'num_layers': 2, 'dropout': 0.3394633936788146, 'learning_rate': 0.0016445845403801217, 'batch_size': 8}: LSTM.fit: training data has 8 rows, giving only 1 sequence(s) with lookback=7; at least 2 are required (one is always reserved for validation). Reduce lookback or provide more training history.
2026-08-01 21:33:07 | WARNING  | co2_forecast | Model training failed with params {'lookback': 11, 'hidden_size': 26, 'num_layers': 1, 'dropout': 0.17336180394137352, 'learning_rate': 0.0031119982052994237, 'batch_size': 16}: LSTM.fit: training data has 8 rows, giving only 0 sequence(s) with lookback=11; at least 2 are required (one is always reserved for validation). Reduce lookback or provide more training history.
2026-08-01 21:33:07 | WARNING  | co2_forecast | Model training failed with params {'lookback': 8, 'hidden_size': 54, 'num_layers': 1, 'dropout': 0.3056937753654446, 'learning_rate': 0.005964904231734221, 'batch_size': 8}: LSTM.fit: training data has 8 rows, giving only 0 sequence(s) with lookback=8; at least 2 are required (one is always reserved for validation). Reduce lookback or provide more training history.
2026-08-01 21:33:07 | WARNING  | co2_forecast | Very few sequences (2), LSTM may not train well
2026-08-01 21:33:07 | WARNING  | co2_forecast | Very few sequences (6), LSTM may not train well
2026-08-01 21:33:08 | WARNING  | co2_forecast | Very few sequences (2), LSTM may not train well
2026-08-01 21:33:08 | WARNING  | co2_forecast | Very few sequences (2), LSTM may not train well
2026-08-01 21:33:08 | WARNING  | co2_forecast | Model training failed with params {'lookback': 8, 'hidden_size': 25, 'num_layers': 2, 'dropout': 0.4100531293444458, 'learning_rate': 0.009401039521485473, 'batch_size': 32}: LSTM.fit: training data has 8 rows, giving only 0 sequence(s) with lookback=8; at least 2 are required (one is always reserved for validation). Reduce lookback or provide more training history.
2026-08-01 21:33:08 | INFO     | co2_forecast |   Iteration 0: Best fitness = 1.046700
2026-08-01 21:33:08 | WARNING  | co2_forecast | Very few sequences (3), LSTM may not train well
2026-08-01 21:33:08 | WARNING  | co2_forecast | Very few sequences (7), LSTM may not train well
2026-08-01 21:33:08 | WARNING  | co2_forecast | Very few sequences (3), LSTM may not train well
2026-08-01 21:33:09 | WARNING  | co2_forecast | Very few sequences (3), LSTM may not train well
2026-08-01 21:33:09 | WARNING  | co2_forecast | Very few sequences (2), LSTM may not train well
2026-08-01 21:33:09 | WARNING  | co2_forecast | Very few sequences (6), LSTM may not train well
2026-08-01 21:33:10 | WARNING  | co2_forecast | Very few sequences (2), LSTM may not train well
2026-08-01 21:33:10 | WARNING  | co2_forecast | Very few sequences (2), LSTM may not train well
2026-08-01 21:33:10 | WARNING  | co2_forecast | Model training failed with params {'lookback': 8, 'hidden_size': 44, 'num_layers': 1, 'dropout': 0.3238975389966341, 'learning_rate': 0.005520634690128072, 'batch_size': 8}: LSTM.fit: training data has 8 rows, giving only 0 sequence(s) with lookback=8; at least 2 are required (one is always reserved for validation). Reduce lookback or provide more training history.
2026-08-01 21:33:10 | WARNING  | co2_forecast | Very few sequences (3), LSTM may not train well
2026-08-01 21:33:10 | WARNING  | co2_forecast | Very few sequences (7), LSTM may not train well
2026-08-01 21:33:10 | WARNING  | co2_forecast | Very few sequences (3), LSTM may not train well
2026-08-01 21:33:11 | WARNING  | co2_forecast | Very few sequences (3), LSTM may not train well
2026-08-01 21:33:11 | WARNING  | co2_forecast | Very few sequences (2), LSTM may not train well
2026-08-01 21:33:11 | WARNING  | co2_forecast | Very few sequences (6), LSTM may not train well
2026-08-01 21:33:12 | WARNING  | co2_forecast | Very few sequences (2), LSTM may not train well
2026-08-01 21:33:13 | WARNING  | co2_forecast | Very few sequences (2), LSTM may not train well
2026-08-01 21:33:13 | WARNING  | co2_forecast | Very few sequences (3), LSTM may not train well
2026-08-01 21:33:14 | WARNING  | co2_forecast | Very few sequences (7), LSTM may not train well
2026-08-01 21:33:14 | WARNING  | co2_forecast | Very few sequences (3), LSTM may not train well
2026-08-01 21:33:15 | WARNING  | co2_forecast | Very few sequences (3), LSTM may not train well
2026-08-01 21:33:15 | WARNING  | co2_forecast | Very few sequences (4), LSTM may not train well
2026-08-01 21:33:15 | WARNING  | co2_forecast | Very few sequences (8), LSTM may not train well
2026-08-01 21:33:16 | WARNING  | co2_forecast | Very few sequences (4), LSTM may not train well
2026-08-01 21:33:17 | WARNING  | co2_forecast | Very few sequences (4), LSTM may not train well
2026-08-01 21:33:17 | WARNING  | co2_forecast | Model training failed with params {'lookback': 7, 'hidden_size': 35, 'num_layers': 1, 'dropout': 0.31512819649180424, 'learning_rate': 0.004065945490368326, 'batch_size': 8}: LSTM.fit: training data has 8 rows, giving only 1 sequence(s) with lookback=7; at least 2 are required (one is always reserved for validation). Reduce lookback or provide more training history.
2026-08-01 21:33:17 | WARNING  | co2_forecast | Very few sequences (2), LSTM may not train well
2026-08-01 21:33:17 | WARNING  | co2_forecast | Very few sequences (6), LSTM may not train well
2026-08-01 21:33:18 | WARNING  | co2_forecast | Very few sequences (2), LSTM may not train well
2026-08-01 21:33:19 | WARNING  | co2_forecast | Very few sequences (2), LSTM may not train well
2026-08-01 21:33:19 | WARNING  | co2_forecast | Very few sequences (3), LSTM may not train well
2026-08-01 21:33:19 | WARNING  | co2_forecast | Very few sequences (7), LSTM may not train well
2026-08-01 21:33:20 | WARNING  | co2_forecast | Very few sequences (3), LSTM may not train well
2026-08-01 21:33:21 | WARNING  | co2_forecast | Very few sequences (3), LSTM may not train well
2026-08-01 21:33:21 | WARNING  | co2_forecast | Very few sequences (3), LSTM may not train well
2026-08-01 21:33:21 | WARNING  | co2_forecast | Very few sequences (7), LSTM may not train well
2026-08-01 21:33:22 | WARNING  | co2_forecast | Very few sequences (3), LSTM may not train well
2026-08-01 21:33:23 | WARNING  | co2_forecast | Very few sequences (3), LSTM may not train well
2026-08-01 21:33:23 | WARNING  | co2_forecast | Very few sequences (4), LSTM may not train well
2026-08-01 21:33:23 | WARNING  | co2_forecast | Very few sequences (8), LSTM may not train well
2026-08-01 21:33:24 | WARNING  | co2_forecast | Very few sequences (4), LSTM may not train well
2026-08-01 21:33:24 | WARNING  | co2_forecast | Very few sequences (4), LSTM may not train well
2026-08-01 21:33:24 | WARNING  | co2_forecast | Very few sequences (2), LSTM may not train well
2026-08-01 21:33:24 | WARNING  | co2_forecast | Very few sequences (6), LSTM may not train well
2026-08-01 21:33:24 | WARNING  | co2_forecast | Very few sequences (2), LSTM may not train well
2026-08-01 21:33:24 | WARNING  | co2_forecast | Very few sequences (2), LSTM may not train well
2026-08-01 21:33:24 | WARNING  | co2_forecast | Very few sequences (3), LSTM may not train well
2026-08-01 21:33:25 | WARNING  | co2_forecast | Very few sequences (7), LSTM may not train well
2026-08-01 21:33:25 | WARNING  | co2_forecast | Very few sequences (3), LSTM may not train well
2026-08-01 21:33:26 | WARNING  | co2_forecast | Very few sequences (3), LSTM may not train well
2026-08-01 21:33:26 | WARNING  | co2_forecast | Very few sequences (4), LSTM may not train well
2026-08-01 21:33:26 | WARNING  | co2_forecast | Very few sequences (8), LSTM may not train well
2026-08-01 21:33:27 | WARNING  | co2_forecast | Very few sequences (4), LSTM may not train well
2026-08-01 21:33:28 | WARNING  | co2_forecast | Very few sequences (4), LSTM may not train well
2026-08-01 21:33:28 | WARNING  | co2_forecast | Very few sequences (4), LSTM may not train well
2026-08-01 21:33:28 | WARNING  | co2_forecast | Very few sequences (8), LSTM may not train well
2026-08-01 21:33:29 | WARNING  | co2_forecast | Very few sequences (4), LSTM may not train well
2026-08-01 21:33:30 | WARNING  | co2_forecast | Very few sequences (4), LSTM may not train well
2026-08-01 21:33:30 | WARNING  | co2_forecast | Very few sequences (4), LSTM may not train well
2026-08-01 21:33:30 | WARNING  | co2_forecast | Very few sequences (8), LSTM may not train well
2026-08-01 21:33:31 | WARNING  | co2_forecast | Very few sequences (4), LSTM may not train well
2026-08-01 21:33:32 | WARNING  | co2_forecast | Very few sequences (4), LSTM may not train well
2026-08-01 21:33:32 | WARNING  | co2_forecast | Very few sequences (3), LSTM may not train well
2026-08-01 21:33:32 | WARNING  | co2_forecast | Very few sequences (7), LSTM may not train well
2026-08-01 21:33:33 | WARNING  | co2_forecast | Very few sequences (3), LSTM may not train well
2026-08-01 21:33:33 | WARNING  | co2_forecast | Very few sequences (3), LSTM may not train well
2026-08-01 21:33:33 | WARNING  | co2_forecast | Very few sequences (4), LSTM may not train well
2026-08-01 21:33:33 | WARNING  | co2_forecast | Very few sequences (8), LSTM may not train well
2026-08-01 21:33:34 | WARNING  | co2_forecast | Very few sequences (4), LSTM may not train well
2026-08-01 21:33:35 | WARNING  | co2_forecast | Very few sequences (4), LSTM may not train well
2026-08-01 21:33:35 | WARNING  | co2_forecast | Very few sequences (4), LSTM may not train well
2026-08-01 21:33:35 | WARNING  | co2_forecast | Very few sequences (8), LSTM may not train well
2026-08-01 21:33:36 | WARNING  | co2_forecast | Very few sequences (4), LSTM may not train well
2026-08-01 21:33:36 | WARNING  | co2_forecast | Very few sequences (4), LSTM may not train well
2026-08-01 21:33:36 | WARNING  | co2_forecast | Very few sequences (4), LSTM may not train well
2026-08-01 21:33:37 | WARNING  | co2_forecast | Very few sequences (8), LSTM may not train well
2026-08-01 21:33:38 | WARNING  | co2_forecast | Very few sequences (4), LSTM may not train well
2026-08-01 21:33:38 | WARNING  | co2_forecast | Very few sequences (4), LSTM may not train well
2026-08-01 21:33:38 | WARNING  | co2_forecast | Very few sequences (4), LSTM may not train well
2026-08-01 21:33:38 | WARNING  | co2_forecast | Very few sequences (8), LSTM may not train well
2026-08-01 21:33:39 | WARNING  | co2_forecast | Very few sequences (4), LSTM may not train well
2026-08-01 21:33:39 | WARNING  | co2_forecast | Very few sequences (4), LSTM may not train well
2026-08-01 21:33:39 | WARNING  | co2_forecast | Very few sequences (4), LSTM may not train well
2026-08-01 21:33:39 | WARNING  | co2_forecast | Very few sequences (8), LSTM may not train well
2026-08-01 21:33:40 | WARNING  | co2_forecast | Very few sequences (4), LSTM may not train well
2026-08-01 21:33:41 | WARNING  | co2_forecast | Very few sequences (4), LSTM may not train well
2026-08-01 21:33:41 | WARNING  | co2_forecast | Very few sequences (4), LSTM may not train well
2026-08-01 21:33:41 | WARNING  | co2_forecast | Very few sequences (8), LSTM may not train well
2026-08-01 21:33:42 | WARNING  | co2_forecast | Very few sequences (4), LSTM may not train well
2026-08-01 21:33:42 | WARNING  | co2_forecast | Very few sequences (4), LSTM may not train well
2026-08-01 21:33:42 | WARNING  | co2_forecast | Very few sequences (4), LSTM may not train well
2026-08-01 21:33:42 | WARNING  | co2_forecast | Very few sequences (8), LSTM may not train well
2026-08-01 21:33:43 | WARNING  | co2_forecast | Very few sequences (4), LSTM may not train well
2026-08-01 21:33:43 | WARNING  | co2_forecast | Very few sequences (4), LSTM may not train well
2026-08-01 21:33:43 | INFO     | co2_forecast |   Iteration 5: Best fitness = 0.765797
2026-08-01 21:33:43 | WARNING  | co2_forecast | Very few sequences (4), LSTM may not train well
2026-08-01 21:33:43 | WARNING  | co2_forecast | Very few sequences (8), LSTM may not train well
2026-08-01 21:33:45 | WARNING  | co2_forecast | Very few sequences (4), LSTM may not train well
2026-08-01 21:33:45 | WARNING  | co2_forecast | Very few sequences (4), LSTM may not train well
2026-08-01 21:33:45 | WARNING  | co2_forecast | Very few sequences (4), LSTM may not train well
2026-08-01 21:33:45 | WARNING  | co2_forecast | Very few sequences (8), LSTM may not train well
2026-08-01 21:33:46 | WARNING  | co2_forecast | Very few sequences (4), LSTM may not train well
2026-08-01 21:33:46 | WARNING  | co2_forecast | Very few sequences (4), LSTM may not train well
2026-08-01 21:33:46 | WARNING  | co2_forecast | Very few sequences (4), LSTM may not train well
2026-08-01 21:33:46 | WARNING  | co2_forecast | Very few sequences (8), LSTM may not train well
2026-08-01 21:33:47 | WARNING  | co2_forecast | Very few sequences (4), LSTM may not train well
2026-08-01 21:33:47 | WARNING  | co2_forecast | Very few sequences (4), LSTM may not train well
2026-08-01 21:33:47 | WARNING  | co2_forecast | Very few sequences (4), LSTM may not train well
2026-08-01 21:33:47 | WARNING  | co2_forecast | Very few sequences (8), LSTM may not train well
2026-08-01 21:33:48 | WARNING  | co2_forecast | Very few sequences (4), LSTM may not train well
2026-08-01 21:33:48 | WARNING  | co2_forecast | Very few sequences (4), LSTM may not train well
2026-08-01 21:33:48 | WARNING  | co2_forecast | Very few sequences (4), LSTM may not train well
2026-08-01 21:33:49 | WARNING  | co2_forecast | Very few sequences (8), LSTM may not train well
2026-08-01 21:33:50 | WARNING  | co2_forecast | Very few sequences (4), LSTM may not train well
2026-08-01 21:33:50 | WARNING  | co2_forecast | Very few sequences (4), LSTM may not train well
2026-08-01 21:33:50 | WARNING  | co2_forecast | Very few sequences (4), LSTM may not train well
2026-08-01 21:33:50 | WARNING  | co2_forecast | Very few sequences (8), LSTM may not train well
2026-08-01 21:33:51 | WARNING  | co2_forecast | Very few sequences (4), LSTM may not train well
2026-08-01 21:33:51 | WARNING  | co2_forecast | Very few sequences (4), LSTM may not train well
2026-08-01 21:33:51 | WARNING  | co2_forecast | Very few sequences (4), LSTM may not train well
2026-08-01 21:33:51 | WARNING  | co2_forecast | Very few sequences (8), LSTM may not train well
2026-08-01 21:33:52 | WARNING  | co2_forecast | Very few sequences (4), LSTM may not train well
2026-08-01 21:33:52 | WARNING  | co2_forecast | Very few sequences (4), LSTM may not train well
2026-08-01 21:33:52 | WARNING  | co2_forecast | Very few sequences (4), LSTM may not train well
2026-08-01 21:33:52 | WARNING  | co2_forecast | Very few sequences (8), LSTM may not train well
2026-08-01 21:33:53 | WARNING  | co2_forecast | Very few sequences (4), LSTM may not train well
2026-08-01 21:33:53 | WARNING  | co2_forecast | Very few sequences (4), LSTM may not train well
2026-08-01 21:33:53 | WARNING  | co2_forecast | Very few sequences (4), LSTM may not train well
2026-08-01 21:33:53 | WARNING  | co2_forecast | Very few sequences (8), LSTM may not train well
2026-08-01 21:33:54 | WARNING  | co2_forecast | Very few sequences (4), LSTM may not train well
2026-08-01 21:33:54 | WARNING  | co2_forecast | Very few sequences (4), LSTM may not train well
2026-08-01 21:33:54 | WARNING  | co2_forecast | Very few sequences (4), LSTM may not train well
2026-08-01 21:33:54 | WARNING  | co2_forecast | Very few sequences (8), LSTM may not train well
2026-08-01 21:33:55 | WARNING  | co2_forecast | Very few sequences (4), LSTM may not train well
2026-08-01 21:33:55 | WARNING  | co2_forecast | Very few sequences (4), LSTM may not train well
2026-08-01 21:33:55 | INFO     | co2_forecast |   Iteration 7: Best fitness = 0.764549
2026-08-01 21:33:55 | INFO     | co2_forecast | PSO complete. Best fitness: 0.764549
2026-08-01 21:33:55 | INFO     | co2_forecast |   Best params: {'lookback': 4, 'hidden_size': 16, 'num_layers': 2, 'dropout': 0.5, 'learning_rate': 0.0001, 'batch_size': 32}
2026-08-01 21:33:55 | INFO     | co2_forecast |   Best fitness: 0.764549
2026-08-01 21:33:55 | INFO     | co2_forecast | [A3/panel2_common_period/fs_linear/lstm] sweep tuning: best_params={'lookback': 4, 'hidden_size': 16, 'num_layers': 2, 'dropout': 0.5, 'learning_rate': 0.0001, 'batch_size': 32}
2026-08-01 21:34:00 | INFO     | co2_forecast |   -> weighted_mase=1.0213624363644689, runtime=52.6s
2026-08-01 21:34:00 | INFO     | co2_forecast | Stream B cell: A3/fs_wrapper/ridge (15 features)
2026-08-01 21:34:00 | INFO     | co2_forecast | Creating walk-forward splits for 16 valid samples
2026-08-01 21:34:00 | INFO     | co2_forecast | Created 4 CV folds across horizons [1, 2, 4]
2026-08-01 21:34:00 | INFO     | co2_forecast | Built tuning CV plan: 4 folds from 16 rows before 2022-Q%q (evaluation cutoff) - isolation OK (max tuning date 2021-Q%q)
2026-08-01 21:34:00 | INFO     | co2_forecast | Optimizing ridge...
2026-08-01 21:34:00 | INFO     | co2_forecast | Starting PSO: 5 particles, 8 iterations
2026-08-01 21:34:00 | INFO     | co2_forecast |   Iteration 0: Best fitness = 0.628765
2026-08-01 21:34:00 | INFO     | co2_forecast |   Iteration 5: Best fitness = 0.592726
2026-08-01 21:34:00 | INFO     | co2_forecast |   Iteration 7: Best fitness = 0.592726
2026-08-01 21:34:00 | INFO     | co2_forecast | PSO complete. Best fitness: 0.592726
2026-08-01 21:34:00 | INFO     | co2_forecast |   Best params: {'alpha': 100.0}
2026-08-01 21:34:00 | INFO     | co2_forecast |   Best fitness: 0.592726
2026-08-01 21:34:00 | INFO     | co2_forecast | [A3/panel2_common_period/fs_wrapper/ridge] sweep tuning: best_params={'alpha': 100.0}
2026-08-01 21:34:00 | INFO     | co2_forecast |   -> weighted_mase=0.8132480168180651, runtime=0.2s
2026-08-01 21:34:00 | INFO     | co2_forecast | Stream B cell: A3/fs_wrapper/random_forest (15 features)
2026-08-01 21:34:00 | INFO     | co2_forecast | Creating walk-forward splits for 16 valid samples
2026-08-01 21:34:00 | INFO     | co2_forecast | Created 4 CV folds across horizons [1, 2, 4]
2026-08-01 21:34:00 | INFO     | co2_forecast | Built tuning CV plan: 4 folds from 16 rows before 2022-Q%q (evaluation cutoff) - isolation OK (max tuning date 2021-Q%q)
2026-08-01 21:34:00 | INFO     | co2_forecast | Optimizing random_forest...
2026-08-01 21:34:00 | INFO     | co2_forecast | Starting PSO: 5 particles, 8 iterations
2026-08-01 21:34:04 | INFO     | co2_forecast |   Iteration 0: Best fitness = 0.748939
2026-08-01 21:34:23 | INFO     | co2_forecast |   Iteration 5: Best fitness = 0.438390
2026-08-01 21:34:30 | INFO     | co2_forecast |   Iteration 7: Best fitness = 0.438390
2026-08-01 21:34:30 | INFO     | co2_forecast | PSO complete. Best fitness: 0.438390
2026-08-01 21:34:30 | INFO     | co2_forecast |   Best params: {'n_estimators': 116, 'max_depth': 3, 'min_samples_split': 2, 'min_samples_leaf': 1}
2026-08-01 21:34:30 | INFO     | co2_forecast |   Best fitness: 0.438390
2026-08-01 21:34:30 | INFO     | co2_forecast | [A3/panel2_common_period/fs_wrapper/random_forest] sweep tuning: best_params={'n_estimators': 116, 'max_depth': 3, 'min_samples_split': 2, 'min_samples_leaf': 1}
2026-08-01 21:34:31 | INFO     | co2_forecast |   -> weighted_mase=0.7191965190311581, runtime=30.8s
2026-08-01 21:34:31 | INFO     | co2_forecast | Stream B cell: A3/fs_wrapper/lightgbm (15 features)
2026-08-01 21:34:31 | INFO     | co2_forecast | Creating walk-forward splits for 16 valid samples
2026-08-01 21:34:31 | INFO     | co2_forecast | Created 4 CV folds across horizons [1, 2, 4]
2026-08-01 21:34:31 | INFO     | co2_forecast | Built tuning CV plan: 4 folds from 16 rows before 2022-Q%q (evaluation cutoff) - isolation OK (max tuning date 2021-Q%q)
2026-08-01 21:34:31 | INFO     | co2_forecast | Optimizing lightgbm...
2026-08-01 21:34:31 | INFO     | co2_forecast | Starting PSO: 5 particles, 8 iterations
2026-08-01 21:34:31 | INFO     | co2_forecast |   Iteration 0: Best fitness = 0.768990
2026-08-01 21:34:32 | INFO     | co2_forecast |   Iteration 5: Best fitness = 0.605409
2026-08-01 21:34:32 | INFO     | co2_forecast |   Iteration 7: Best fitness = 0.605409
2026-08-01 21:34:32 | INFO     | co2_forecast | PSO complete. Best fitness: 0.605409
2026-08-01 21:34:32 | INFO     | co2_forecast |   Best params: {'n_estimators': 164, 'learning_rate': 0.3, 'num_leaves': 127, 'max_depth': 10, 'min_child_samples': 6, 'reg_alpha': 0.001, 'reg_lambda': 0.001}
2026-08-01 21:34:32 | INFO     | co2_forecast |   Best fitness: 0.605409
2026-08-01 21:34:32 | INFO     | co2_forecast | [A3/panel2_common_period/fs_wrapper/lightgbm] sweep tuning: best_params={'n_estimators': 164, 'learning_rate': 0.3, 'num_leaves': 127, 'max_depth': 10, 'min_child_samples': 6, 'reg_alpha': 0.001, 'reg_lambda': 0.001}
2026-08-01 21:34:32 | INFO     | co2_forecast |   -> weighted_mase=0.5064382398753859, runtime=1.7s
2026-08-01 21:34:32 | INFO     | co2_forecast | Stream B cell: A3/fs_wrapper/catboost (15 features)
2026-08-01 21:34:32 | INFO     | co2_forecast | Creating walk-forward splits for 16 valid samples
2026-08-01 21:34:32 | INFO     | co2_forecast | Created 4 CV folds across horizons [1, 2, 4]
2026-08-01 21:34:32 | INFO     | co2_forecast | Built tuning CV plan: 4 folds from 16 rows before 2022-Q%q (evaluation cutoff) - isolation OK (max tuning date 2021-Q%q)
2026-08-01 21:34:32 | INFO     | co2_forecast | Optimizing catboost...
2026-08-01 21:34:32 | INFO     | co2_forecast | Starting PSO: 5 particles, 8 iterations
2026-08-01 21:38:56 | INFO     | co2_forecast |   Iteration 0: Best fitness = 0.363128
2026-08-01 22:09:51 | INFO     | co2_forecast |   Iteration 5: Best fitness = 0.322893
2026-08-01 22:23:11 | INFO     | co2_forecast |   Iteration 7: Best fitness = 0.322893
2026-08-01 22:23:11 | INFO     | co2_forecast | PSO complete. Best fitness: 0.322893
2026-08-01 22:23:11 | INFO     | co2_forecast |   Best params: {'iterations': 212, 'learning_rate': 0.2036620154543912, 'depth': 3, 'l2_leaf_reg': 9.263306187060603}
2026-08-01 22:23:11 | INFO     | co2_forecast |   Best fitness: 0.322893
2026-08-01 22:23:11 | INFO     | co2_forecast | [A3/panel2_common_period/fs_wrapper/catboost] sweep tuning: best_params={'iterations': 212, 'learning_rate': 0.2036620154543912, 'depth': 3, 'l2_leaf_reg': 9.263306187060603}
2026-08-01 22:25:06 | INFO     | co2_forecast |   -> weighted_mase=0.6459022481959835, runtime=3033.6s
2026-08-01 22:25:06 | INFO     | co2_forecast | Stream B cell: A3/fs_wrapper/lstm (15 features)
2026-08-01 22:25:06 | INFO     | co2_forecast | Creating walk-forward splits for 16 valid samples
2026-08-01 22:25:06 | INFO     | co2_forecast | Created 4 CV folds across horizons [1, 2, 4]
2026-08-01 22:25:06 | INFO     | co2_forecast | Built tuning CV plan: 4 folds from 16 rows before 2022-Q%q (evaluation cutoff) - isolation OK (max tuning date 2021-Q%q)
2026-08-01 22:25:06 | INFO     | co2_forecast | Optimizing lstm...
2026-08-01 22:25:06 | INFO     | co2_forecast | Starting PSO: 5 particles, 8 iterations
2026-08-01 22:25:06 | WARNING  | co2_forecast | Model training failed with params {'lookback': 7, 'hidden_size': 62, 'num_layers': 2, 'dropout': 0.3394633936788146, 'learning_rate': 0.0016445845403801217, 'batch_size': 8}: LSTM.fit: training data has 8 rows, giving only 1 sequence(s) with lookback=7; at least 2 are required (one is always reserved for validation). Reduce lookback or provide more training history.
2026-08-01 22:25:06 | WARNING  | co2_forecast | Model training failed with params {'lookback': 11, 'hidden_size': 26, 'num_layers': 1, 'dropout': 0.17336180394137352, 'learning_rate': 0.0031119982052994237, 'batch_size': 16}: LSTM.fit: training data has 8 rows, giving only 0 sequence(s) with lookback=11; at least 2 are required (one is always reserved for validation). Reduce lookback or provide more training history.
2026-08-01 22:25:06 | WARNING  | co2_forecast | Model training failed with params {'lookback': 8, 'hidden_size': 54, 'num_layers': 1, 'dropout': 0.3056937753654446, 'learning_rate': 0.005964904231734221, 'batch_size': 8}: LSTM.fit: training data has 8 rows, giving only 0 sequence(s) with lookback=8; at least 2 are required (one is always reserved for validation). Reduce lookback or provide more training history.
2026-08-01 22:25:06 | WARNING  | co2_forecast | Very few sequences (2), LSTM may not train well
2026-08-01 22:25:06 | WARNING  | co2_forecast | Very few sequences (6), LSTM may not train well
2026-08-01 22:25:06 | WARNING  | co2_forecast | Very few sequences (2), LSTM may not train well
2026-08-01 22:25:07 | WARNING  | co2_forecast | Very few sequences (2), LSTM may not train well
2026-08-01 22:25:07 | WARNING  | co2_forecast | Model training failed with params {'lookback': 8, 'hidden_size': 25, 'num_layers': 2, 'dropout': 0.4100531293444458, 'learning_rate': 0.009401039521485473, 'batch_size': 32}: LSTM.fit: training data has 8 rows, giving only 0 sequence(s) with lookback=8; at least 2 are required (one is always reserved for validation). Reduce lookback or provide more training history.
2026-08-01 22:25:07 | INFO     | co2_forecast |   Iteration 0: Best fitness = 1.023882
2026-08-01 22:25:07 | WARNING  | co2_forecast | Very few sequences (3), LSTM may not train well
2026-08-01 22:25:07 | WARNING  | co2_forecast | Very few sequences (7), LSTM may not train well
2026-08-01 22:25:07 | WARNING  | co2_forecast | Very few sequences (3), LSTM may not train well
2026-08-01 22:25:08 | WARNING  | co2_forecast | Very few sequences (3), LSTM may not train well
2026-08-01 22:25:08 | WARNING  | co2_forecast | Very few sequences (2), LSTM may not train well
2026-08-01 22:25:08 | WARNING  | co2_forecast | Very few sequences (6), LSTM may not train well
2026-08-01 22:25:09 | WARNING  | co2_forecast | Very few sequences (2), LSTM may not train well
2026-08-01 22:25:09 | WARNING  | co2_forecast | Very few sequences (2), LSTM may not train well
2026-08-01 22:25:09 | WARNING  | co2_forecast | Model training failed with params {'lookback': 8, 'hidden_size': 44, 'num_layers': 1, 'dropout': 0.3238975389966341, 'learning_rate': 0.005520634690128072, 'batch_size': 8}: LSTM.fit: training data has 8 rows, giving only 0 sequence(s) with lookback=8; at least 2 are required (one is always reserved for validation). Reduce lookback or provide more training history.
2026-08-01 22:25:09 | WARNING  | co2_forecast | Very few sequences (3), LSTM may not train well
2026-08-01 22:25:09 | WARNING  | co2_forecast | Very few sequences (7), LSTM may not train well
2026-08-01 22:25:09 | WARNING  | co2_forecast | Very few sequences (3), LSTM may not train well
2026-08-01 22:25:10 | WARNING  | co2_forecast | Very few sequences (3), LSTM may not train well
2026-08-01 22:25:10 | WARNING  | co2_forecast | Very few sequences (2), LSTM may not train well
2026-08-01 22:25:10 | WARNING  | co2_forecast | Very few sequences (6), LSTM may not train well
2026-08-01 22:25:11 | WARNING  | co2_forecast | Very few sequences (2), LSTM may not train well
2026-08-01 22:25:11 | WARNING  | co2_forecast | Very few sequences (2), LSTM may not train well
2026-08-01 22:25:12 | WARNING  | co2_forecast | Very few sequences (4), LSTM may not train well
2026-08-01 22:25:12 | WARNING  | co2_forecast | Very few sequences (8), LSTM may not train well
2026-08-01 22:25:12 | WARNING  | co2_forecast | Very few sequences (4), LSTM may not train well
2026-08-01 22:25:13 | WARNING  | co2_forecast | Very few sequences (4), LSTM may not train well
2026-08-01 22:25:13 | WARNING  | co2_forecast | Very few sequences (4), LSTM may not train well
2026-08-01 22:25:13 | WARNING  | co2_forecast | Very few sequences (8), LSTM may not train well
2026-08-01 22:25:14 | WARNING  | co2_forecast | Very few sequences (4), LSTM may not train well
2026-08-01 22:25:15 | WARNING  | co2_forecast | Very few sequences (4), LSTM may not train well
2026-08-01 22:25:15 | WARNING  | co2_forecast | Model training failed with params {'lookback': 7, 'hidden_size': 33, 'num_layers': 1, 'dropout': 0.3174646446740698, 'learning_rate': 0.004142028037008457, 'batch_size': 16}: LSTM.fit: training data has 8 rows, giving only 1 sequence(s) with lookback=7; at least 2 are required (one is always reserved for validation). Reduce lookback or provide more training history.
2026-08-01 22:25:15 | WARNING  | co2_forecast | Very few sequences (3), LSTM may not train well
2026-08-01 22:25:15 | WARNING  | co2_forecast | Very few sequences (7), LSTM may not train well
2026-08-01 22:25:16 | WARNING  | co2_forecast | Very few sequences (3), LSTM may not train well
2026-08-01 22:25:16 | WARNING  | co2_forecast | Very few sequences (3), LSTM may not train well
2026-08-01 22:25:17 | WARNING  | co2_forecast | Very few sequences (4), LSTM may not train well
2026-08-01 22:25:17 | WARNING  | co2_forecast | Very few sequences (8), LSTM may not train well
2026-08-01 22:25:17 | WARNING  | co2_forecast | Very few sequences (4), LSTM may not train well
2026-08-01 22:25:18 | WARNING  | co2_forecast | Very few sequences (4), LSTM may not train well
2026-08-01 22:25:18 | WARNING  | co2_forecast | Very few sequences (4), LSTM may not train well
2026-08-01 22:25:18 | WARNING  | co2_forecast | Very few sequences (8), LSTM may not train well
2026-08-01 22:25:19 | WARNING  | co2_forecast | Very few sequences (4), LSTM may not train well
2026-08-01 22:25:20 | WARNING  | co2_forecast | Very few sequences (4), LSTM may not train well
2026-08-01 22:25:20 | WARNING  | co2_forecast | Very few sequences (4), LSTM may not train well
2026-08-01 22:25:20 | WARNING  | co2_forecast | Very few sequences (8), LSTM may not train well
2026-08-01 22:25:20 | WARNING  | co2_forecast | Very few sequences (4), LSTM may not train well
2026-08-01 22:25:21 | WARNING  | co2_forecast | Very few sequences (4), LSTM may not train well
2026-08-01 22:25:21 | WARNING  | co2_forecast | Very few sequences (2), LSTM may not train well
2026-08-01 22:25:21 | WARNING  | co2_forecast | Very few sequences (6), LSTM may not train well
2026-08-01 22:25:21 | WARNING  | co2_forecast | Very few sequences (2), LSTM may not train well
2026-08-01 22:25:21 | WARNING  | co2_forecast | Very few sequences (2), LSTM may not train well
2026-08-01 22:25:22 | WARNING  | co2_forecast | Very few sequences (4), LSTM may not train well
2026-08-01 22:25:22 | WARNING  | co2_forecast | Very few sequences (8), LSTM may not train well
2026-08-01 22:25:22 | WARNING  | co2_forecast | Very few sequences (4), LSTM may not train well
2026-08-01 22:25:23 | WARNING  | co2_forecast | Very few sequences (4), LSTM may not train well
2026-08-01 22:25:23 | WARNING  | co2_forecast | Very few sequences (4), LSTM may not train well
2026-08-01 22:25:23 | WARNING  | co2_forecast | Very few sequences (8), LSTM may not train well
2026-08-01 22:25:24 | WARNING  | co2_forecast | Very few sequences (4), LSTM may not train well
2026-08-01 22:25:24 | WARNING  | co2_forecast | Very few sequences (4), LSTM may not train well
2026-08-01 22:25:24 | WARNING  | co2_forecast | Very few sequences (4), LSTM may not train well
2026-08-01 22:25:25 | WARNING  | co2_forecast | Very few sequences (8), LSTM may not train well
2026-08-01 22:25:25 | WARNING  | co2_forecast | Very few sequences (4), LSTM may not train well
2026-08-01 22:25:26 | WARNING  | co2_forecast | Very few sequences (4), LSTM may not train well
2026-08-01 22:25:26 | WARNING  | co2_forecast | Very few sequences (4), LSTM may not train well
2026-08-01 22:25:26 | WARNING  | co2_forecast | Very few sequences (8), LSTM may not train well
2026-08-01 22:25:27 | WARNING  | co2_forecast | Very few sequences (4), LSTM may not train well
2026-08-01 22:25:27 | WARNING  | co2_forecast | Very few sequences (4), LSTM may not train well
2026-08-01 22:25:27 | WARNING  | co2_forecast | Very few sequences (3), LSTM may not train well
2026-08-01 22:25:28 | WARNING  | co2_forecast | Very few sequences (7), LSTM may not train well
2026-08-01 22:25:28 | WARNING  | co2_forecast | Very few sequences (3), LSTM may not train well
2026-08-01 22:25:28 | WARNING  | co2_forecast | Very few sequences (3), LSTM may not train well
2026-08-01 22:25:28 | WARNING  | co2_forecast | Very few sequences (4), LSTM may not train well
2026-08-01 22:25:28 | WARNING  | co2_forecast | Very few sequences (8), LSTM may not train well
2026-08-01 22:25:29 | WARNING  | co2_forecast | Very few sequences (4), LSTM may not train well
2026-08-01 22:25:30 | WARNING  | co2_forecast | Very few sequences (4), LSTM may not train well
2026-08-01 22:25:30 | WARNING  | co2_forecast | Very few sequences (4), LSTM may not train well
2026-08-01 22:25:30 | WARNING  | co2_forecast | Very few sequences (8), LSTM may not train well
2026-08-01 22:25:30 | WARNING  | co2_forecast | Very few sequences (4), LSTM may not train well
2026-08-01 22:25:31 | WARNING  | co2_forecast | Very few sequences (4), LSTM may not train well
2026-08-01 22:25:31 | WARNING  | co2_forecast | Very few sequences (4), LSTM may not train well
2026-08-01 22:25:31 | WARNING  | co2_forecast | Very few sequences (8), LSTM may not train well
2026-08-01 22:25:32 | WARNING  | co2_forecast | Very few sequences (4), LSTM may not train well
2026-08-01 22:25:33 | WARNING  | co2_forecast | Very few sequences (4), LSTM may not train well
2026-08-01 22:25:33 | WARNING  | co2_forecast | Very few sequences (4), LSTM may not train well
2026-08-01 22:25:33 | WARNING  | co2_forecast | Very few sequences (8), LSTM may not train well
2026-08-01 22:25:34 | WARNING  | co2_forecast | Very few sequences (4), LSTM may not train well
2026-08-01 22:25:34 | WARNING  | co2_forecast | Very few sequences (4), LSTM may not train well
2026-08-01 22:25:35 | WARNING  | co2_forecast | Very few sequences (4), LSTM may not train well
2026-08-01 22:25:35 | WARNING  | co2_forecast | Very few sequences (8), LSTM may not train well
2026-08-01 22:25:35 | WARNING  | co2_forecast | Very few sequences (4), LSTM may not train well
2026-08-01 22:25:36 | WARNING  | co2_forecast | Very few sequences (4), LSTM may not train well
2026-08-01 22:25:36 | WARNING  | co2_forecast | Very few sequences (4), LSTM may not train well
2026-08-01 22:25:36 | WARNING  | co2_forecast | Very few sequences (8), LSTM may not train well
2026-08-01 22:25:37 | WARNING  | co2_forecast | Very few sequences (4), LSTM may not train well
2026-08-01 22:25:37 | WARNING  | co2_forecast | Very few sequences (4), LSTM may not train well
2026-08-01 22:25:38 | WARNING  | co2_forecast | Very few sequences (4), LSTM may not train well
2026-08-01 22:25:38 | WARNING  | co2_forecast | Very few sequences (8), LSTM may not train well
2026-08-01 22:25:38 | WARNING  | co2_forecast | Very few sequences (4), LSTM may not train well
2026-08-01 22:25:39 | WARNING  | co2_forecast | Very few sequences (4), LSTM may not train well
2026-08-01 22:25:39 | INFO     | co2_forecast |   Iteration 5: Best fitness = 0.775469
2026-08-01 22:25:39 | WARNING  | co2_forecast | Very few sequences (4), LSTM may not train well
2026-08-01 22:25:39 | WARNING  | co2_forecast | Very few sequences (8), LSTM may not train well
2026-08-01 22:25:40 | WARNING  | co2_forecast | Very few sequences (4), LSTM may not train well
2026-08-01 22:25:41 | WARNING  | co2_forecast | Very few sequences (4), LSTM may not train well
2026-08-01 22:25:41 | WARNING  | co2_forecast | Very few sequences (4), LSTM may not train well
2026-08-01 22:25:41 | WARNING  | co2_forecast | Very few sequences (8), LSTM may not train well
2026-08-01 22:25:41 | WARNING  | co2_forecast | Very few sequences (4), LSTM may not train well
2026-08-01 22:25:42 | WARNING  | co2_forecast | Very few sequences (4), LSTM may not train well
2026-08-01 22:25:42 | WARNING  | co2_forecast | Very few sequences (4), LSTM may not train well
2026-08-01 22:25:42 | WARNING  | co2_forecast | Very few sequences (8), LSTM may not train well
2026-08-01 22:25:43 | WARNING  | co2_forecast | Very few sequences (4), LSTM may not train well
2026-08-01 22:25:44 | WARNING  | co2_forecast | Very few sequences (4), LSTM may not train well
2026-08-01 22:25:44 | WARNING  | co2_forecast | Very few sequences (4), LSTM may not train well
2026-08-01 22:25:44 | WARNING  | co2_forecast | Very few sequences (8), LSTM may not train well
2026-08-01 22:25:45 | WARNING  | co2_forecast | Very few sequences (4), LSTM may not train well
2026-08-01 22:25:46 | WARNING  | co2_forecast | Very few sequences (4), LSTM may not train well
2026-08-01 22:25:46 | WARNING  | co2_forecast | Very few sequences (4), LSTM may not train well
2026-08-01 22:25:46 | WARNING  | co2_forecast | Very few sequences (8), LSTM may not train well
2026-08-01 22:25:46 | WARNING  | co2_forecast | Very few sequences (4), LSTM may not train well
2026-08-01 22:25:47 | WARNING  | co2_forecast | Very few sequences (4), LSTM may not train well
2026-08-01 22:25:47 | WARNING  | co2_forecast | Very few sequences (4), LSTM may not train well
2026-08-01 22:25:47 | WARNING  | co2_forecast | Very few sequences (8), LSTM may not train well
2026-08-01 22:25:48 | WARNING  | co2_forecast | Very few sequences (4), LSTM may not train well
2026-08-01 22:25:49 | WARNING  | co2_forecast | Very few sequences (4), LSTM may not train well
2026-08-01 22:25:49 | WARNING  | co2_forecast | Very few sequences (4), LSTM may not train well
2026-08-01 22:25:49 | WARNING  | co2_forecast | Very few sequences (8), LSTM may not train well
2026-08-01 22:25:49 | WARNING  | co2_forecast | Very few sequences (4), LSTM may not train well
2026-08-01 22:25:50 | WARNING  | co2_forecast | Very few sequences (4), LSTM may not train well
2026-08-01 22:25:50 | WARNING  | co2_forecast | Very few sequences (4), LSTM may not train well
2026-08-01 22:25:50 | WARNING  | co2_forecast | Very few sequences (8), LSTM may not train well
2026-08-01 22:25:51 | WARNING  | co2_forecast | Very few sequences (4), LSTM may not train well
2026-08-01 22:25:51 | WARNING  | co2_forecast | Very few sequences (4), LSTM may not train well
2026-08-01 22:25:52 | WARNING  | co2_forecast | Very few sequences (4), LSTM may not train well
2026-08-01 22:25:52 | WARNING  | co2_forecast | Very few sequences (8), LSTM may not train well
2026-08-01 22:25:52 | WARNING  | co2_forecast | Very few sequences (4), LSTM may not train well
2026-08-01 22:25:53 | WARNING  | co2_forecast | Very few sequences (4), LSTM may not train well
2026-08-01 22:25:53 | WARNING  | co2_forecast | Very few sequences (4), LSTM may not train well
2026-08-01 22:25:53 | WARNING  | co2_forecast | Very few sequences (8), LSTM may not train well
2026-08-01 22:25:54 | WARNING  | co2_forecast | Very few sequences (4), LSTM may not train well
2026-08-01 22:25:54 | WARNING  | co2_forecast | Very few sequences (4), LSTM may not train well
2026-08-01 22:25:54 | INFO     | co2_forecast |   Iteration 7: Best fitness = 0.775469
2026-08-01 22:25:54 | INFO     | co2_forecast | PSO complete. Best fitness: 0.775469
2026-08-01 22:25:54 | INFO     | co2_forecast |   Best params: {'lookback': 4, 'hidden_size': 16, 'num_layers': 2, 'dropout': 0.5, 'learning_rate': 0.0001, 'batch_size': 32}
2026-08-01 22:25:54 | INFO     | co2_forecast |   Best fitness: 0.775469
2026-08-01 22:25:54 | INFO     | co2_forecast | [A3/panel2_common_period/fs_wrapper/lstm] sweep tuning: best_params={'lookback': 4, 'hidden_size': 16, 'num_layers': 2, 'dropout': 0.5, 'learning_rate': 0.0001, 'batch_size': 32}
2026-08-01 22:25:59 | INFO     | co2_forecast |   -> weighted_mase=1.0223392532555875, runtime=52.6s
2026-08-01 22:25:59 | INFO     | co2_forecast | Stream B cell: A3/fs_xgboost_shap/ridge (6 features)
2026-08-01 22:25:59 | INFO     | co2_forecast | Creating walk-forward splits for 16 valid samples
2026-08-01 22:25:59 | INFO     | co2_forecast | Created 4 CV folds across horizons [1, 2, 4]
2026-08-01 22:25:59 | INFO     | co2_forecast | Built tuning CV plan: 4 folds from 16 rows before 2022-Q%q (evaluation cutoff) - isolation OK (max tuning date 2021-Q%q)
2026-08-01 22:25:59 | INFO     | co2_forecast | Optimizing ridge...
2026-08-01 22:25:59 | INFO     | co2_forecast | Starting PSO: 5 particles, 8 iterations
2026-08-01 22:25:59 | INFO     | co2_forecast |   Iteration 0: Best fitness = 0.616016
2026-08-01 22:25:59 | INFO     | co2_forecast |   Iteration 5: Best fitness = 0.585586
2026-08-01 22:25:59 | INFO     | co2_forecast |   Iteration 7: Best fitness = 0.583914
2026-08-01 22:25:59 | INFO     | co2_forecast | PSO complete. Best fitness: 0.583914
2026-08-01 22:25:59 | INFO     | co2_forecast |   Best params: {'alpha': 90.50960635546917}
2026-08-01 22:25:59 | INFO     | co2_forecast |   Best fitness: 0.583914
2026-08-01 22:25:59 | INFO     | co2_forecast | [A3/panel2_common_period/fs_xgboost_shap/ridge] sweep tuning: best_params={'alpha': 90.50960635546917}
2026-08-01 22:25:59 | INFO     | co2_forecast |   -> weighted_mase=0.8552300931336236, runtime=0.2s
2026-08-01 22:25:59 | INFO     | co2_forecast | Stream B cell: A3/fs_xgboost_shap/random_forest (6 features)
2026-08-01 22:25:59 | INFO     | co2_forecast | Creating walk-forward splits for 16 valid samples
2026-08-01 22:25:59 | INFO     | co2_forecast | Created 4 CV folds across horizons [1, 2, 4]
2026-08-01 22:25:59 | INFO     | co2_forecast | Built tuning CV plan: 4 folds from 16 rows before 2022-Q%q (evaluation cutoff) - isolation OK (max tuning date 2021-Q%q)
2026-08-01 22:25:59 | INFO     | co2_forecast | Optimizing random_forest...
2026-08-01 22:25:59 | INFO     | co2_forecast | Starting PSO: 5 particles, 8 iterations
2026-08-01 22:26:03 | INFO     | co2_forecast |   Iteration 0: Best fitness = 0.748939
2026-08-01 22:26:20 | INFO     | co2_forecast |   Iteration 5: Best fitness = 0.343283
2026-08-01 22:26:26 | INFO     | co2_forecast |   Iteration 7: Best fitness = 0.342950
2026-08-01 22:26:26 | INFO     | co2_forecast | PSO complete. Best fitness: 0.342950
2026-08-01 22:26:26 | INFO     | co2_forecast |   Best params: {'n_estimators': 100, 'max_depth': 3, 'min_samples_split': 2, 'min_samples_leaf': 1}
2026-08-01 22:26:26 | INFO     | co2_forecast |   Best fitness: 0.342950
2026-08-01 22:26:26 | INFO     | co2_forecast | [A3/panel2_common_period/fs_xgboost_shap/random_forest] sweep tuning: best_params={'n_estimators': 100, 'max_depth': 3, 'min_samples_split': 2, 'min_samples_leaf': 1}
2026-08-01 22:26:27 | INFO     | co2_forecast |   -> weighted_mase=0.6918208146213112, runtime=28.3s
2026-08-01 22:26:27 | INFO     | co2_forecast | Stream B cell: A3/fs_xgboost_shap/lightgbm (6 features)
2026-08-01 22:26:27 | INFO     | co2_forecast | Creating walk-forward splits for 16 valid samples
2026-08-01 22:26:27 | INFO     | co2_forecast | Created 4 CV folds across horizons [1, 2, 4]
2026-08-01 22:26:27 | INFO     | co2_forecast | Built tuning CV plan: 4 folds from 16 rows before 2022-Q%q (evaluation cutoff) - isolation OK (max tuning date 2021-Q%q)
2026-08-01 22:26:27 | INFO     | co2_forecast | Optimizing lightgbm...
2026-08-01 22:26:27 | INFO     | co2_forecast | Starting PSO: 5 particles, 8 iterations
2026-08-01 22:26:27 | INFO     | co2_forecast |   Iteration 0: Best fitness = 0.768990
2026-08-01 22:26:28 | INFO     | co2_forecast |   Iteration 5: Best fitness = 0.677587
2026-08-01 22:26:28 | INFO     | co2_forecast |   Iteration 7: Best fitness = 0.677587
2026-08-01 22:26:28 | INFO     | co2_forecast | PSO complete. Best fitness: 0.677587
2026-08-01 22:26:28 | INFO     | co2_forecast |   Best params: {'n_estimators': 164, 'learning_rate': 0.3, 'num_leaves': 127, 'max_depth': 10, 'min_child_samples': 6, 'reg_alpha': 0.001, 'reg_lambda': 0.001}
2026-08-01 22:26:28 | INFO     | co2_forecast |   Best fitness: 0.677587
2026-08-01 22:26:28 | INFO     | co2_forecast | [A3/panel2_common_period/fs_xgboost_shap/lightgbm] sweep tuning: best_params={'n_estimators': 164, 'learning_rate': 0.3, 'num_leaves': 127, 'max_depth': 10, 'min_child_samples': 6, 'reg_alpha': 0.001, 'reg_lambda': 0.001}
2026-08-01 22:26:28 | INFO     | co2_forecast |   -> weighted_mase=0.771323280394931, runtime=0.8s
2026-08-01 22:26:28 | INFO     | co2_forecast | Stream B cell: A3/fs_xgboost_shap/catboost (6 features)
2026-08-01 22:26:28 | INFO     | co2_forecast | Creating walk-forward splits for 16 valid samples
2026-08-01 22:26:28 | INFO     | co2_forecast | Created 4 CV folds across horizons [1, 2, 4]
2026-08-01 22:26:28 | INFO     | co2_forecast | Built tuning CV plan: 4 folds from 16 rows before 2022-Q%q (evaluation cutoff) - isolation OK (max tuning date 2021-Q%q)
2026-08-01 22:26:28 | INFO     | co2_forecast | Optimizing catboost...
2026-08-01 22:26:28 | INFO     | co2_forecast | Starting PSO: 5 particles, 8 iterations
2026-08-01 22:26:52 | INFO     | co2_forecast |   Iteration 0: Best fitness = 0.386676
2026-08-01 22:55:06 | INFO     | co2_forecast |   Iteration 5: Best fitness = 0.370947
2026-08-01 23:06:22 | INFO     | co2_forecast |   Iteration 7: Best fitness = 0.370947
2026-08-01 23:06:22 | INFO     | co2_forecast | PSO complete. Best fitness: 0.370947
2026-08-01 23:06:22 | INFO     | co2_forecast |   Best params: {'iterations': 270, 'learning_rate': 0.1669662813370261, 'depth': 3, 'l2_leaf_reg': 8.677720325940887}
2026-08-01 23:06:22 | INFO     | co2_forecast |   Best fitness: 0.370947
2026-08-01 23:06:22 | INFO     | co2_forecast | [A3/panel2_common_period/fs_xgboost_shap/catboost] sweep tuning: best_params={'iterations': 270, 'learning_rate': 0.1669662813370261, 'depth': 3, 'l2_leaf_reg': 8.677720325940887}
2026-08-01 23:08:49 | INFO     | co2_forecast |   -> weighted_mase=0.6561198610772855, runtime=2541.1s
2026-08-01 23:08:49 | INFO     | co2_forecast | Stream B cell: A3/fs_xgboost_shap/lstm (6 features)
2026-08-01 23:08:49 | INFO     | co2_forecast | Creating walk-forward splits for 16 valid samples
2026-08-01 23:08:49 | INFO     | co2_forecast | Created 4 CV folds across horizons [1, 2, 4]
2026-08-01 23:08:49 | INFO     | co2_forecast | Built tuning CV plan: 4 folds from 16 rows before 2022-Q%q (evaluation cutoff) - isolation OK (max tuning date 2021-Q%q)
2026-08-01 23:08:49 | INFO     | co2_forecast | Optimizing lstm...
2026-08-01 23:08:49 | INFO     | co2_forecast | Starting PSO: 5 particles, 8 iterations
2026-08-01 23:08:49 | WARNING  | co2_forecast | Model training failed with params {'lookback': 7, 'hidden_size': 62, 'num_layers': 2, 'dropout': 0.3394633936788146, 'learning_rate': 0.0016445845403801217, 'batch_size': 8}: LSTM.fit: training data has 8 rows, giving only 1 sequence(s) with lookback=7; at least 2 are required (one is always reserved for validation). Reduce lookback or provide more training history.
2026-08-01 23:08:49 | WARNING  | co2_forecast | Model training failed with params {'lookback': 11, 'hidden_size': 26, 'num_layers': 1, 'dropout': 0.17336180394137352, 'learning_rate': 0.0031119982052994237, 'batch_size': 16}: LSTM.fit: training data has 8 rows, giving only 0 sequence(s) with lookback=11; at least 2 are required (one is always reserved for validation). Reduce lookback or provide more training history.
2026-08-01 23:08:49 | WARNING  | co2_forecast | Model training failed with params {'lookback': 8, 'hidden_size': 54, 'num_layers': 1, 'dropout': 0.3056937753654446, 'learning_rate': 0.005964904231734221, 'batch_size': 8}: LSTM.fit: training data has 8 rows, giving only 0 sequence(s) with lookback=8; at least 2 are required (one is always reserved for validation). Reduce lookback or provide more training history.
2026-08-01 23:08:49 | WARNING  | co2_forecast | Very few sequences (2), LSTM may not train well
2026-08-01 23:08:49 | WARNING  | co2_forecast | Very few sequences (6), LSTM may not train well
2026-08-01 23:08:49 | WARNING  | co2_forecast | Very few sequences (2), LSTM may not train well
2026-08-01 23:08:50 | WARNING  | co2_forecast | Very few sequences (2), LSTM may not train well
2026-08-01 23:08:50 | WARNING  | co2_forecast | Model training failed with params {'lookback': 8, 'hidden_size': 25, 'num_layers': 2, 'dropout': 0.4100531293444458, 'learning_rate': 0.009401039521485473, 'batch_size': 32}: LSTM.fit: training data has 8 rows, giving only 0 sequence(s) with lookback=8; at least 2 are required (one is always reserved for validation). Reduce lookback or provide more training history.
2026-08-01 23:08:50 | INFO     | co2_forecast |   Iteration 0: Best fitness = 1.102015
2026-08-01 23:08:50 | WARNING  | co2_forecast | Very few sequences (3), LSTM may not train well
2026-08-01 23:08:50 | WARNING  | co2_forecast | Very few sequences (7), LSTM may not train well
2026-08-01 23:08:50 | WARNING  | co2_forecast | Very few sequences (3), LSTM may not train well
2026-08-01 23:08:51 | WARNING  | co2_forecast | Very few sequences (3), LSTM may not train well
2026-08-01 23:08:51 | WARNING  | co2_forecast | Very few sequences (2), LSTM may not train well
2026-08-01 23:08:51 | WARNING  | co2_forecast | Very few sequences (6), LSTM may not train well
2026-08-01 23:08:51 | WARNING  | co2_forecast | Very few sequences (2), LSTM may not train well
2026-08-01 23:08:51 | WARNING  | co2_forecast | Very few sequences (2), LSTM may not train well
2026-08-01 23:08:52 | WARNING  | co2_forecast | Model training failed with params {'lookback': 8, 'hidden_size': 44, 'num_layers': 1, 'dropout': 0.3238975389966341, 'learning_rate': 0.005520634690128072, 'batch_size': 8}: LSTM.fit: training data has 8 rows, giving only 0 sequence(s) with lookback=8; at least 2 are required (one is always reserved for validation). Reduce lookback or provide more training history.
2026-08-01 23:08:52 | WARNING  | co2_forecast | Very few sequences (3), LSTM may not train well
2026-08-01 23:08:52 | WARNING  | co2_forecast | Very few sequences (7), LSTM may not train well
2026-08-01 23:08:52 | WARNING  | co2_forecast | Very few sequences (3), LSTM may not train well
2026-08-01 23:08:52 | WARNING  | co2_forecast | Very few sequences (3), LSTM may not train well
2026-08-01 23:08:52 | WARNING  | co2_forecast | Very few sequences (2), LSTM may not train well
2026-08-01 23:08:52 | WARNING  | co2_forecast | Very few sequences (6), LSTM may not train well
2026-08-01 23:08:53 | WARNING  | co2_forecast | Very few sequences (2), LSTM may not train well
2026-08-01 23:08:54 | WARNING  | co2_forecast | Very few sequences (2), LSTM may not train well
2026-08-01 23:08:54 | WARNING  | co2_forecast | Very few sequences (4), LSTM may not train well
2026-08-01 23:08:54 | WARNING  | co2_forecast | Very few sequences (8), LSTM may not train well
2026-08-01 23:08:55 | WARNING  | co2_forecast | Very few sequences (4), LSTM may not train well
2026-08-01 23:08:55 | WARNING  | co2_forecast | Very few sequences (4), LSTM may not train well
2026-08-01 23:08:55 | WARNING  | co2_forecast | Very few sequences (4), LSTM may not train well
2026-08-01 23:08:55 | WARNING  | co2_forecast | Very few sequences (8), LSTM may not train well
2026-08-01 23:08:56 | WARNING  | co2_forecast | Very few sequences (4), LSTM may not train well
2026-08-01 23:08:56 | WARNING  | co2_forecast | Very few sequences (4), LSTM may not train well
2026-08-01 23:08:56 | WARNING  | co2_forecast | Model training failed with params {'lookback': 7, 'hidden_size': 33, 'num_layers': 1, 'dropout': 0.3174646446740698, 'learning_rate': 0.004142028037008457, 'batch_size': 16}: LSTM.fit: training data has 8 rows, giving only 1 sequence(s) with lookback=7; at least 2 are required (one is always reserved for validation). Reduce lookback or provide more training history.
2026-08-01 23:08:56 | WARNING  | co2_forecast | Very few sequences (3), LSTM may not train well
2026-08-01 23:08:56 | WARNING  | co2_forecast | Very few sequences (7), LSTM may not train well
2026-08-01 23:08:56 | WARNING  | co2_forecast | Very few sequences (3), LSTM may not train well
2026-08-01 23:08:57 | WARNING  | co2_forecast | Very few sequences (3), LSTM may not train well
2026-08-01 23:08:57 | WARNING  | co2_forecast | Very few sequences (4), LSTM may not train well
2026-08-01 23:08:57 | WARNING  | co2_forecast | Very few sequences (8), LSTM may not train well
2026-08-01 23:08:58 | WARNING  | co2_forecast | Very few sequences (4), LSTM may not train well
2026-08-01 23:08:58 | WARNING  | co2_forecast | Very few sequences (4), LSTM may not train well
2026-08-01 23:08:58 | WARNING  | co2_forecast | Very few sequences (3), LSTM may not train well
2026-08-01 23:08:58 | WARNING  | co2_forecast | Very few sequences (7), LSTM may not train well
2026-08-01 23:08:58 | WARNING  | co2_forecast | Very few sequences (3), LSTM may not train well
2026-08-01 23:08:59 | WARNING  | co2_forecast | Very few sequences (3), LSTM may not train well
2026-08-01 23:08:59 | WARNING  | co2_forecast | Very few sequences (4), LSTM may not train well
2026-08-01 23:08:59 | WARNING  | co2_forecast | Very few sequences (8), LSTM may not train well
2026-08-01 23:09:00 | WARNING  | co2_forecast | Very few sequences (4), LSTM may not train well
2026-08-01 23:09:00 | WARNING  | co2_forecast | Very few sequences (4), LSTM may not train well
2026-08-01 23:09:00 | WARNING  | co2_forecast | Very few sequences (2), LSTM may not train well
2026-08-01 23:09:00 | WARNING  | co2_forecast | Very few sequences (6), LSTM may not train well
2026-08-01 23:09:00 | WARNING  | co2_forecast | Very few sequences (2), LSTM may not train well
2026-08-01 23:09:00 | WARNING  | co2_forecast | Very few sequences (2), LSTM may not train well
2026-08-01 23:09:00 | WARNING  | co2_forecast | Very few sequences (3), LSTM may not train well
2026-08-01 23:09:01 | WARNING  | co2_forecast | Very few sequences (7), LSTM may not train well
2026-08-01 23:09:01 | WARNING  | co2_forecast | Very few sequences (3), LSTM may not train well
2026-08-01 23:09:01 | WARNING  | co2_forecast | Very few sequences (3), LSTM may not train well
2026-08-01 23:09:01 | WARNING  | co2_forecast | Very few sequences (4), LSTM may not train well
2026-08-01 23:09:02 | WARNING  | co2_forecast | Very few sequences (8), LSTM may not train well
2026-08-01 23:09:02 | WARNING  | co2_forecast | Very few sequences (4), LSTM may not train well
2026-08-01 23:09:02 | WARNING  | co2_forecast | Very few sequences (4), LSTM may not train well
2026-08-01 23:09:02 | WARNING  | co2_forecast | Very few sequences (3), LSTM may not train well
2026-08-01 23:09:03 | WARNING  | co2_forecast | Very few sequences (7), LSTM may not train well
2026-08-01 23:09:03 | WARNING  | co2_forecast | Very few sequences (3), LSTM may not train well
2026-08-01 23:09:03 | WARNING  | co2_forecast | Very few sequences (3), LSTM may not train well
2026-08-01 23:09:04 | WARNING  | co2_forecast | Very few sequences (4), LSTM may not train well
2026-08-01 23:09:04 | WARNING  | co2_forecast | Very few sequences (8), LSTM may not train well
2026-08-01 23:09:04 | WARNING  | co2_forecast | Very few sequences (4), LSTM may not train well
2026-08-01 23:09:04 | WARNING  | co2_forecast | Very few sequences (4), LSTM may not train well
2026-08-01 23:09:04 | WARNING  | co2_forecast | Very few sequences (3), LSTM may not train well
2026-08-01 23:09:05 | WARNING  | co2_forecast | Very few sequences (7), LSTM may not train well
2026-08-01 23:09:05 | WARNING  | co2_forecast | Very few sequences (3), LSTM may not train well
2026-08-01 23:09:05 | WARNING  | co2_forecast | Very few sequences (3), LSTM may not train well
2026-08-01 23:09:06 | WARNING  | co2_forecast | Very few sequences (3), LSTM may not train well
2026-08-01 23:09:06 | WARNING  | co2_forecast | Very few sequences (7), LSTM may not train well
2026-08-01 23:09:06 | WARNING  | co2_forecast | Very few sequences (3), LSTM may not train well
2026-08-01 23:09:06 | WARNING  | co2_forecast | Very few sequences (3), LSTM may not train well
2026-08-01 23:09:06 | WARNING  | co2_forecast | Very few sequences (3), LSTM may not train well
2026-08-01 23:09:07 | WARNING  | co2_forecast | Very few sequences (7), LSTM may not train well
2026-08-01 23:09:07 | WARNING  | co2_forecast | Very few sequences (3), LSTM may not train well
2026-08-01 23:09:07 | WARNING  | co2_forecast | Very few sequences (3), LSTM may not train well
2026-08-01 23:09:07 | WARNING  | co2_forecast | Very few sequences (3), LSTM may not train well
2026-08-01 23:09:07 | WARNING  | co2_forecast | Very few sequences (7), LSTM may not train well
2026-08-01 23:09:07 | WARNING  | co2_forecast | Very few sequences (3), LSTM may not train well
2026-08-01 23:09:08 | WARNING  | co2_forecast | Very few sequences (3), LSTM may not train well
2026-08-01 23:09:08 | WARNING  | co2_forecast | Very few sequences (3), LSTM may not train well
2026-08-01 23:09:08 | WARNING  | co2_forecast | Very few sequences (7), LSTM may not train well
2026-08-01 23:09:08 | WARNING  | co2_forecast | Very few sequences (3), LSTM may not train well
2026-08-01 23:09:09 | WARNING  | co2_forecast | Very few sequences (3), LSTM may not train well
2026-08-01 23:09:09 | WARNING  | co2_forecast | Very few sequences (3), LSTM may not train well
2026-08-01 23:09:09 | WARNING  | co2_forecast | Very few sequences (7), LSTM may not train well
2026-08-01 23:09:09 | WARNING  | co2_forecast | Very few sequences (3), LSTM may not train well
2026-08-01 23:09:10 | WARNING  | co2_forecast | Very few sequences (3), LSTM may not train well
2026-08-01 23:09:10 | WARNING  | co2_forecast | Very few sequences (3), LSTM may not train well
2026-08-01 23:09:10 | WARNING  | co2_forecast | Very few sequences (7), LSTM may not train well
2026-08-01 23:09:10 | WARNING  | co2_forecast | Very few sequences (3), LSTM may not train well
2026-08-01 23:09:11 | WARNING  | co2_forecast | Very few sequences (3), LSTM may not train well
2026-08-01 23:09:11 | WARNING  | co2_forecast | Very few sequences (3), LSTM may not train well
2026-08-01 23:09:11 | WARNING  | co2_forecast | Very few sequences (7), LSTM may not train well
2026-08-01 23:09:11 | WARNING  | co2_forecast | Very few sequences (3), LSTM may not train well
2026-08-01 23:09:12 | WARNING  | co2_forecast | Very few sequences (3), LSTM may not train well
2026-08-01 23:09:12 | INFO     | co2_forecast |   Iteration 5: Best fitness = 0.756707
2026-08-01 23:09:12 | WARNING  | co2_forecast | Very few sequences (3), LSTM may not train well
2026-08-01 23:09:12 | WARNING  | co2_forecast | Very few sequences (7), LSTM may not train well
2026-08-01 23:09:12 | WARNING  | co2_forecast | Very few sequences (3), LSTM may not train well
2026-08-01 23:09:13 | WARNING  | co2_forecast | Very few sequences (3), LSTM may not train well
2026-08-01 23:09:13 | WARNING  | co2_forecast | Very few sequences (3), LSTM may not train well
2026-08-01 23:09:13 | WARNING  | co2_forecast | Very few sequences (7), LSTM may not train well
2026-08-01 23:09:13 | WARNING  | co2_forecast | Very few sequences (3), LSTM may not train well
2026-08-01 23:09:14 | WARNING  | co2_forecast | Very few sequences (3), LSTM may not train well
2026-08-01 23:09:14 | WARNING  | co2_forecast | Very few sequences (3), LSTM may not train well
2026-08-01 23:09:14 | WARNING  | co2_forecast | Very few sequences (7), LSTM may not train well
2026-08-01 23:09:14 | WARNING  | co2_forecast | Very few sequences (3), LSTM may not train well
2026-08-01 23:09:14 | WARNING  | co2_forecast | Very few sequences (3), LSTM may not train well
2026-08-01 23:09:14 | WARNING  | co2_forecast | Very few sequences (3), LSTM may not train well
2026-08-01 23:09:15 | WARNING  | co2_forecast | Very few sequences (7), LSTM may not train well
2026-08-01 23:09:15 | WARNING  | co2_forecast | Very few sequences (3), LSTM may not train well
2026-08-01 23:09:15 | WARNING  | co2_forecast | Very few sequences (3), LSTM may not train well
2026-08-01 23:09:15 | WARNING  | co2_forecast | Very few sequences (3), LSTM may not train well
2026-08-01 23:09:15 | WARNING  | co2_forecast | Very few sequences (7), LSTM may not train well
2026-08-01 23:09:16 | WARNING  | co2_forecast | Very few sequences (3), LSTM may not train well
2026-08-01 23:09:16 | WARNING  | co2_forecast | Very few sequences (3), LSTM may not train well
2026-08-01 23:09:16 | WARNING  | co2_forecast | Very few sequences (3), LSTM may not train well
2026-08-01 23:09:16 | WARNING  | co2_forecast | Very few sequences (7), LSTM may not train well
2026-08-01 23:09:17 | WARNING  | co2_forecast | Very few sequences (3), LSTM may not train well
2026-08-01 23:09:17 | WARNING  | co2_forecast | Very few sequences (3), LSTM may not train well
2026-08-01 23:09:17 | WARNING  | co2_forecast | Very few sequences (3), LSTM may not train well
2026-08-01 23:09:17 | WARNING  | co2_forecast | Very few sequences (7), LSTM may not train well
2026-08-01 23:09:17 | WARNING  | co2_forecast | Very few sequences (3), LSTM may not train well
2026-08-01 23:09:18 | WARNING  | co2_forecast | Very few sequences (3), LSTM may not train well
2026-08-01 23:09:18 | WARNING  | co2_forecast | Very few sequences (3), LSTM may not train well
2026-08-01 23:09:18 | WARNING  | co2_forecast | Very few sequences (7), LSTM may not train well
2026-08-01 23:09:18 | WARNING  | co2_forecast | Very few sequences (3), LSTM may not train well
2026-08-01 23:09:19 | WARNING  | co2_forecast | Very few sequences (3), LSTM may not train well
2026-08-01 23:09:19 | WARNING  | co2_forecast | Very few sequences (3), LSTM may not train well
2026-08-01 23:09:19 | WARNING  | co2_forecast | Very few sequences (7), LSTM may not train well
2026-08-01 23:09:19 | WARNING  | co2_forecast | Very few sequences (3), LSTM may not train well
2026-08-01 23:09:20 | WARNING  | co2_forecast | Very few sequences (3), LSTM may not train well
2026-08-01 23:09:20 | WARNING  | co2_forecast | Very few sequences (3), LSTM may not train well
2026-08-01 23:09:20 | WARNING  | co2_forecast | Very few sequences (7), LSTM may not train well
2026-08-01 23:09:20 | WARNING  | co2_forecast | Very few sequences (3), LSTM may not train well
2026-08-01 23:09:21 | WARNING  | co2_forecast | Very few sequences (3), LSTM may not train well
2026-08-01 23:09:21 | INFO     | co2_forecast |   Iteration 7: Best fitness = 0.756680
2026-08-01 23:09:21 | INFO     | co2_forecast | PSO complete. Best fitness: 0.756680
2026-08-01 23:09:21 | INFO     | co2_forecast |   Best params: {'lookback': 5, 'hidden_size': 16, 'num_layers': 2, 'dropout': 0.35685850964720783, 'learning_rate': 0.0001, 'batch_size': 32}
2026-08-01 23:09:21 | INFO     | co2_forecast |   Best fitness: 0.756680
2026-08-01 23:09:21 | INFO     | co2_forecast | [A3/panel2_common_period/fs_xgboost_shap/lstm] sweep tuning: best_params={'lookback': 5, 'hidden_size': 16, 'num_layers': 2, 'dropout': 0.35685850964720783, 'learning_rate': 0.0001, 'batch_size': 32}
2026-08-01 23:09:25 | INFO     | co2_forecast |   -> weighted_mase=1.0246901429185267, runtime=35.8s
2026-08-01 23:09:25 | INFO     | co2_forecast | Stream B cell: A3/fs_permutation_stability/ridge (5 features)
2026-08-01 23:09:25 | INFO     | co2_forecast | Creating walk-forward splits for 16 valid samples
2026-08-01 23:09:25 | INFO     | co2_forecast | Created 4 CV folds across horizons [1, 2, 4]
2026-08-01 23:09:25 | INFO     | co2_forecast | Built tuning CV plan: 4 folds from 16 rows before 2022-Q%q (evaluation cutoff) - isolation OK (max tuning date 2021-Q%q)
2026-08-01 23:09:25 | INFO     | co2_forecast | Optimizing ridge...
2026-08-01 23:09:25 | INFO     | co2_forecast | Starting PSO: 5 particles, 8 iterations
2026-08-01 23:09:25 | INFO     | co2_forecast |   Iteration 0: Best fitness = 0.687774
2026-08-01 23:09:25 | INFO     | co2_forecast |   Iteration 5: Best fitness = 0.677851
2026-08-01 23:09:25 | INFO     | co2_forecast |   Iteration 7: Best fitness = 0.677851
2026-08-01 23:09:25 | INFO     | co2_forecast | PSO complete. Best fitness: 0.677851
2026-08-01 23:09:25 | INFO     | co2_forecast |   Best params: {'alpha': 27.34847947955912}
2026-08-01 23:09:25 | INFO     | co2_forecast |   Best fitness: 0.677851
2026-08-01 23:09:25 | INFO     | co2_forecast | [A3/panel2_common_period/fs_permutation_stability/ridge] sweep tuning: best_params={'alpha': 27.34847947955912}
2026-08-01 23:09:25 | INFO     | co2_forecast |   -> weighted_mase=0.9653088456422252, runtime=0.2s
2026-08-01 23:09:25 | INFO     | co2_forecast | Stream B cell: A3/fs_permutation_stability/random_forest (5 features)
2026-08-01 23:09:25 | INFO     | co2_forecast | Creating walk-forward splits for 16 valid samples
2026-08-01 23:09:25 | INFO     | co2_forecast | Created 4 CV folds across horizons [1, 2, 4]
2026-08-01 23:09:25 | INFO     | co2_forecast | Built tuning CV plan: 4 folds from 16 rows before 2022-Q%q (evaluation cutoff) - isolation OK (max tuning date 2021-Q%q)
2026-08-01 23:09:25 | INFO     | co2_forecast | Optimizing random_forest...
2026-08-01 23:09:25 | INFO     | co2_forecast | Starting PSO: 5 particles, 8 iterations
2026-08-01 23:09:30 | INFO     | co2_forecast |   Iteration 0: Best fitness = 0.771606
2026-08-01 23:09:43 | INFO     | co2_forecast |   Iteration 5: Best fitness = 0.769627
2026-08-01 23:09:48 | INFO     | co2_forecast |   Iteration 7: Best fitness = 0.768515
2026-08-01 23:09:48 | INFO     | co2_forecast | PSO complete. Best fitness: 0.768515
2026-08-01 23:09:48 | INFO     | co2_forecast |   Best params: {'n_estimators': 75, 'max_depth': 17, 'min_samples_split': 16, 'min_samples_leaf': 7}
2026-08-01 23:09:48 | INFO     | co2_forecast |   Best fitness: 0.768515
2026-08-01 23:09:48 | INFO     | co2_forecast | [A3/panel2_common_period/fs_permutation_stability/random_forest] sweep tuning: best_params={'n_estimators': 75, 'max_depth': 17, 'min_samples_split': 16, 'min_samples_leaf': 7}
2026-08-01 23:09:49 | INFO     | co2_forecast |   -> weighted_mase=1.0455294722103132, runtime=23.7s
2026-08-01 23:09:49 | INFO     | co2_forecast | Stream B cell: A3/fs_permutation_stability/lightgbm (5 features)
2026-08-01 23:09:49 | INFO     | co2_forecast | Creating walk-forward splits for 16 valid samples
2026-08-01 23:09:49 | INFO     | co2_forecast | Created 4 CV folds across horizons [1, 2, 4]
2026-08-01 23:09:49 | INFO     | co2_forecast | Built tuning CV plan: 4 folds from 16 rows before 2022-Q%q (evaluation cutoff) - isolation OK (max tuning date 2021-Q%q)
2026-08-01 23:09:49 | INFO     | co2_forecast | Optimizing lightgbm...
2026-08-01 23:09:49 | INFO     | co2_forecast | Starting PSO: 5 particles, 8 iterations
2026-08-01 23:09:49 | INFO     | co2_forecast |   Iteration 0: Best fitness = 0.768990
2026-08-01 23:09:49 | INFO     | co2_forecast |   Iteration 5: Best fitness = 0.768990
2026-08-01 23:09:49 | INFO     | co2_forecast |   Iteration 7: Best fitness = 0.768990
2026-08-01 23:09:49 | INFO     | co2_forecast | PSO complete. Best fitness: 0.768990
2026-08-01 23:09:49 | INFO     | co2_forecast |   Best params: {'n_estimators': 144, 'learning_rate': 0.28570714885887566, 'num_leaves': 97, 'max_depth': 10, 'min_child_samples': 12, 'reg_alpha': 1.5607892088416901, 'reg_lambda': 0.5817780380698264}
2026-08-01 23:09:49 | INFO     | co2_forecast |   Best fitness: 0.768990
2026-08-01 23:09:49 | INFO     | co2_forecast | [A3/panel2_common_period/fs_permutation_stability/lightgbm] sweep tuning: best_params={'n_estimators': 144, 'learning_rate': 0.28570714885887566, 'num_leaves': 97, 'max_depth': 10, 'min_child_samples': 12, 'reg_alpha': 1.5607892088416901, 'reg_lambda': 0.5817780380698264}
2026-08-01 23:09:49 | INFO     | co2_forecast |   -> weighted_mase=1.0410666416960128, runtime=0.8s
2026-08-01 23:09:49 | INFO     | co2_forecast | Stream B cell: A3/fs_permutation_stability/catboost (5 features)
2026-08-01 23:09:49 | INFO     | co2_forecast | Creating walk-forward splits for 16 valid samples
2026-08-01 23:09:49 | INFO     | co2_forecast | Created 4 CV folds across horizons [1, 2, 4]
2026-08-01 23:09:49 | INFO     | co2_forecast | Built tuning CV plan: 4 folds from 16 rows before 2022-Q%q (evaluation cutoff) - isolation OK (max tuning date 2021-Q%q)
2026-08-01 23:09:49 | INFO     | co2_forecast | Optimizing catboost...
2026-08-01 23:09:49 | INFO     | co2_forecast | Starting PSO: 5 particles, 8 iterations
2026-08-01 23:12:17 | INFO     | co2_forecast |   Iteration 0: Best fitness = 0.651913
2026-08-01 23:35:08 | INFO     | co2_forecast |   Iteration 5: Best fitness = 0.544334
2026-08-01 23:46:57 | INFO     | co2_forecast |   Iteration 7: Best fitness = 0.543045
2026-08-01 23:46:57 | INFO     | co2_forecast | PSO complete. Best fitness: 0.543045
2026-08-01 23:46:57 | INFO     | co2_forecast |   Best params: {'iterations': 91, 'learning_rate': 0.3, 'depth': 10, 'l2_leaf_reg': 1.796952963965336}
2026-08-01 23:46:57 | INFO     | co2_forecast |   Best fitness: 0.543045
2026-08-01 23:46:57 | INFO     | co2_forecast | [A3/panel2_common_period/fs_permutation_stability/catboost] sweep tuning: best_params={'iterations': 91, 'learning_rate': 0.3, 'depth': 10, 'l2_leaf_reg': 1.796952963965336}
2026-08-01 23:49:45 | INFO     | co2_forecast |   -> weighted_mase=1.1203442598789835, runtime=2395.7s
2026-08-01 23:49:45 | INFO     | co2_forecast | Stream B cell: A3/fs_permutation_stability/lstm (5 features)
2026-08-01 23:49:45 | INFO     | co2_forecast | Creating walk-forward splits for 16 valid samples
2026-08-01 23:49:45 | INFO     | co2_forecast | Created 4 CV folds across horizons [1, 2, 4]
2026-08-01 23:49:45 | INFO     | co2_forecast | Built tuning CV plan: 4 folds from 16 rows before 2022-Q%q (evaluation cutoff) - isolation OK (max tuning date 2021-Q%q)
2026-08-01 23:49:45 | INFO     | co2_forecast | Optimizing lstm...
2026-08-01 23:49:45 | INFO     | co2_forecast | Starting PSO: 5 particles, 8 iterations
2026-08-01 23:49:45 | WARNING  | co2_forecast | Model training failed with params {'lookback': 7, 'hidden_size': 62, 'num_layers': 2, 'dropout': 0.3394633936788146, 'learning_rate': 0.0016445845403801217, 'batch_size': 8}: LSTM.fit: training data has 8 rows, giving only 1 sequence(s) with lookback=7; at least 2 are required (one is always reserved for validation). Reduce lookback or provide more training history.
2026-08-01 23:49:45 | WARNING  | co2_forecast | Model training failed with params {'lookback': 11, 'hidden_size': 26, 'num_layers': 1, 'dropout': 0.17336180394137352, 'learning_rate': 0.0031119982052994237, 'batch_size': 16}: LSTM.fit: training data has 8 rows, giving only 0 sequence(s) with lookback=11; at least 2 are required (one is always reserved for validation). Reduce lookback or provide more training history.
2026-08-01 23:49:45 | WARNING  | co2_forecast | Model training failed with params {'lookback': 8, 'hidden_size': 54, 'num_layers': 1, 'dropout': 0.3056937753654446, 'learning_rate': 0.005964904231734221, 'batch_size': 8}: LSTM.fit: training data has 8 rows, giving only 0 sequence(s) with lookback=8; at least 2 are required (one is always reserved for validation). Reduce lookback or provide more training history.
2026-08-01 23:49:45 | WARNING  | co2_forecast | Very few sequences (2), LSTM may not train well
2026-08-01 23:49:45 | WARNING  | co2_forecast | Very few sequences (6), LSTM may not train well
2026-08-01 23:49:46 | WARNING  | co2_forecast | Very few sequences (2), LSTM may not train well
2026-08-01 23:49:46 | WARNING  | co2_forecast | Very few sequences (2), LSTM may not train well
2026-08-01 23:49:46 | WARNING  | co2_forecast | Model training failed with params {'lookback': 8, 'hidden_size': 25, 'num_layers': 2, 'dropout': 0.4100531293444458, 'learning_rate': 0.009401039521485473, 'batch_size': 32}: LSTM.fit: training data has 8 rows, giving only 0 sequence(s) with lookback=8; at least 2 are required (one is always reserved for validation). Reduce lookback or provide more training history.
2026-08-01 23:49:46 | INFO     | co2_forecast |   Iteration 0: Best fitness = 0.940479
2026-08-01 23:49:46 | WARNING  | co2_forecast | Very few sequences (3), LSTM may not train well
2026-08-01 23:49:46 | WARNING  | co2_forecast | Very few sequences (7), LSTM may not train well
2026-08-01 23:49:46 | WARNING  | co2_forecast | Very few sequences (3), LSTM may not train well
2026-08-01 23:49:47 | WARNING  | co2_forecast | Very few sequences (3), LSTM may not train well
2026-08-01 23:49:47 | WARNING  | co2_forecast | Very few sequences (2), LSTM may not train well
2026-08-01 23:49:47 | WARNING  | co2_forecast | Very few sequences (6), LSTM may not train well
2026-08-01 23:49:47 | WARNING  | co2_forecast | Very few sequences (2), LSTM may not train well
2026-08-01 23:49:48 | WARNING  | co2_forecast | Very few sequences (2), LSTM may not train well
2026-08-01 23:49:48 | WARNING  | co2_forecast | Model training failed with params {'lookback': 8, 'hidden_size': 44, 'num_layers': 1, 'dropout': 0.3238975389966341, 'learning_rate': 0.005520634690128072, 'batch_size': 8}: LSTM.fit: training data has 8 rows, giving only 0 sequence(s) with lookback=8; at least 2 are required (one is always reserved for validation). Reduce lookback or provide more training history.
2026-08-01 23:49:48 | WARNING  | co2_forecast | Very few sequences (3), LSTM may not train well
2026-08-01 23:49:48 | WARNING  | co2_forecast | Very few sequences (7), LSTM may not train well
2026-08-01 23:49:48 | WARNING  | co2_forecast | Very few sequences (3), LSTM may not train well
2026-08-01 23:49:49 | WARNING  | co2_forecast | Very few sequences (3), LSTM may not train well
2026-08-01 23:49:49 | WARNING  | co2_forecast | Very few sequences (2), LSTM may not train well
2026-08-01 23:49:49 | WARNING  | co2_forecast | Very few sequences (6), LSTM may not train well
2026-08-01 23:49:50 | WARNING  | co2_forecast | Very few sequences (2), LSTM may not train well
2026-08-01 23:49:50 | WARNING  | co2_forecast | Very few sequences (2), LSTM may not train well
2026-08-01 23:49:51 | WARNING  | co2_forecast | Very few sequences (3), LSTM may not train well
2026-08-01 23:49:51 | WARNING  | co2_forecast | Very few sequences (7), LSTM may not train well
2026-08-01 23:49:51 | WARNING  | co2_forecast | Very few sequences (3), LSTM may not train well
2026-08-01 23:49:52 | WARNING  | co2_forecast | Very few sequences (3), LSTM may not train well
2026-08-01 23:49:52 | WARNING  | co2_forecast | Very few sequences (4), LSTM may not train well
2026-08-01 23:49:52 | WARNING  | co2_forecast | Very few sequences (8), LSTM may not train well
2026-08-01 23:49:53 | WARNING  | co2_forecast | Very few sequences (4), LSTM may not train well
2026-08-01 23:49:54 | WARNING  | co2_forecast | Very few sequences (4), LSTM may not train well
2026-08-01 23:49:54 | WARNING  | co2_forecast | Model training failed with params {'lookback': 7, 'hidden_size': 35, 'num_layers': 1, 'dropout': 0.31512819649180424, 'learning_rate': 0.004065945490368326, 'batch_size': 8}: LSTM.fit: training data has 8 rows, giving only 1 sequence(s) with lookback=7; at least 2 are required (one is always reserved for validation). Reduce lookback or provide more training history.
2026-08-01 23:49:54 | WARNING  | co2_forecast | Very few sequences (2), LSTM may not train well
2026-08-01 23:49:54 | WARNING  | co2_forecast | Very few sequences (6), LSTM may not train well
2026-08-01 23:49:55 | WARNING  | co2_forecast | Very few sequences (2), LSTM may not train well
2026-08-01 23:49:56 | WARNING  | co2_forecast | Very few sequences (2), LSTM may not train well
2026-08-01 23:49:56 | WARNING  | co2_forecast | Very few sequences (3), LSTM may not train well
2026-08-01 23:49:57 | WARNING  | co2_forecast | Very few sequences (7), LSTM may not train well
2026-08-01 23:49:57 | WARNING  | co2_forecast | Very few sequences (3), LSTM may not train well
2026-08-01 23:49:58 | WARNING  | co2_forecast | Very few sequences (3), LSTM may not train well
2026-08-01 23:49:58 | WARNING  | co2_forecast | Very few sequences (3), LSTM may not train well
2026-08-01 23:49:58 | WARNING  | co2_forecast | Very few sequences (7), LSTM may not train well
2026-08-01 23:49:58 | WARNING  | co2_forecast | Very few sequences (3), LSTM may not train well
2026-08-01 23:49:59 | WARNING  | co2_forecast | Very few sequences (3), LSTM may not train well
2026-08-01 23:49:59 | WARNING  | co2_forecast | Very few sequences (4), LSTM may not train well
2026-08-01 23:49:59 | WARNING  | co2_forecast | Very few sequences (8), LSTM may not train well
2026-08-01 23:50:00 | WARNING  | co2_forecast | Very few sequences (4), LSTM may not train well
2026-08-01 23:50:00 | WARNING  | co2_forecast | Very few sequences (4), LSTM may not train well
2026-08-01 23:50:00 | WARNING  | co2_forecast | Very few sequences (2), LSTM may not train well
2026-08-01 23:50:00 | WARNING  | co2_forecast | Very few sequences (6), LSTM may not train well
2026-08-01 23:50:00 | WARNING  | co2_forecast | Very few sequences (2), LSTM may not train well
2026-08-01 23:50:00 | WARNING  | co2_forecast | Very few sequences (2), LSTM may not train well
2026-08-01 23:50:00 | WARNING  | co2_forecast | Very few sequences (3), LSTM may not train well
2026-08-01 23:50:00 | WARNING  | co2_forecast | Very few sequences (7), LSTM may not train well
2026-08-01 23:50:00 | WARNING  | co2_forecast | Very few sequences (3), LSTM may not train well
2026-08-01 23:50:01 | WARNING  | co2_forecast | Very few sequences (3), LSTM may not train well
2026-08-01 23:50:01 | WARNING  | co2_forecast | Very few sequences (4), LSTM may not train well
2026-08-01 23:50:01 | WARNING  | co2_forecast | Very few sequences (8), LSTM may not train well
2026-08-01 23:50:02 | WARNING  | co2_forecast | Very few sequences (4), LSTM may not train well
2026-08-01 23:50:02 | WARNING  | co2_forecast | Very few sequences (4), LSTM may not train well
2026-08-01 23:50:02 | WARNING  | co2_forecast | Very few sequences (3), LSTM may not train well
2026-08-01 23:50:02 | WARNING  | co2_forecast | Very few sequences (7), LSTM may not train well
2026-08-01 23:50:02 | WARNING  | co2_forecast | Very few sequences (3), LSTM may not train well
2026-08-01 23:50:03 | WARNING  | co2_forecast | Very few sequences (3), LSTM may not train well
2026-08-01 23:50:03 | WARNING  | co2_forecast | Very few sequences (4), LSTM may not train well
2026-08-01 23:50:03 | WARNING  | co2_forecast | Very few sequences (8), LSTM may not train well
2026-08-01 23:50:03 | WARNING  | co2_forecast | Very few sequences (4), LSTM may not train well
2026-08-01 23:50:03 | WARNING  | co2_forecast | Very few sequences (4), LSTM may not train well
2026-08-01 23:50:03 | WARNING  | co2_forecast | Very few sequences (3), LSTM may not train well
2026-08-01 23:50:03 | WARNING  | co2_forecast | Very few sequences (7), LSTM may not train well
2026-08-01 23:50:04 | WARNING  | co2_forecast | Very few sequences (3), LSTM may not train well
2026-08-01 23:50:04 | WARNING  | co2_forecast | Very few sequences (3), LSTM may not train well
2026-08-01 23:50:04 | WARNING  | co2_forecast | Very few sequences (3), LSTM may not train well
2026-08-01 23:50:04 | WARNING  | co2_forecast | Very few sequences (7), LSTM may not train well
2026-08-01 23:50:04 | WARNING  | co2_forecast | Very few sequences (3), LSTM may not train well
2026-08-01 23:50:05 | WARNING  | co2_forecast | Very few sequences (3), LSTM may not train well
2026-08-01 23:50:05 | WARNING  | co2_forecast | Very few sequences (4), LSTM may not train well
2026-08-01 23:50:05 | WARNING  | co2_forecast | Very few sequences (8), LSTM may not train well
2026-08-01 23:50:05 | WARNING  | co2_forecast | Very few sequences (4), LSTM may not train well
2026-08-01 23:50:06 | WARNING  | co2_forecast | Very few sequences (4), LSTM may not train well
2026-08-01 23:50:06 | WARNING  | co2_forecast | Very few sequences (3), LSTM may not train well
2026-08-01 23:50:06 | WARNING  | co2_forecast | Very few sequences (7), LSTM may not train well
2026-08-01 23:50:06 | WARNING  | co2_forecast | Very few sequences (3), LSTM may not train well
2026-08-01 23:50:07 | WARNING  | co2_forecast | Very few sequences (3), LSTM may not train well
2026-08-01 23:50:07 | WARNING  | co2_forecast | Very few sequences (3), LSTM may not train well
2026-08-01 23:50:07 | WARNING  | co2_forecast | Very few sequences (7), LSTM may not train well
2026-08-01 23:50:07 | WARNING  | co2_forecast | Very few sequences (3), LSTM may not train well
2026-08-01 23:50:08 | WARNING  | co2_forecast | Very few sequences (3), LSTM may not train well
2026-08-01 23:50:08 | WARNING  | co2_forecast | Very few sequences (3), LSTM may not train well
2026-08-01 23:50:08 | WARNING  | co2_forecast | Very few sequences (7), LSTM may not train well
2026-08-01 23:50:09 | WARNING  | co2_forecast | Very few sequences (3), LSTM may not train well
2026-08-01 23:50:10 | WARNING  | co2_forecast | Very few sequences (3), LSTM may not train well
2026-08-01 23:50:10 | WARNING  | co2_forecast | Very few sequences (3), LSTM may not train well
2026-08-01 23:50:10 | WARNING  | co2_forecast | Very few sequences (7), LSTM may not train well
2026-08-01 23:50:10 | WARNING  | co2_forecast | Very few sequences (3), LSTM may not train well
2026-08-01 23:50:11 | WARNING  | co2_forecast | Very few sequences (3), LSTM may not train well
2026-08-01 23:50:11 | WARNING  | co2_forecast | Very few sequences (3), LSTM may not train well
2026-08-01 23:50:11 | WARNING  | co2_forecast | Very few sequences (7), LSTM may not train well
2026-08-01 23:50:11 | WARNING  | co2_forecast | Very few sequences (3), LSTM may not train well
2026-08-01 23:50:12 | WARNING  | co2_forecast | Very few sequences (3), LSTM may not train well
2026-08-01 23:50:12 | INFO     | co2_forecast |   Iteration 5: Best fitness = 0.763558
2026-08-01 23:50:12 | WARNING  | co2_forecast | Very few sequences (3), LSTM may not train well
2026-08-01 23:50:12 | WARNING  | co2_forecast | Very few sequences (7), LSTM may not train well
2026-08-01 23:50:12 | WARNING  | co2_forecast | Very few sequences (3), LSTM may not train well
2026-08-01 23:50:13 | WARNING  | co2_forecast | Very few sequences (3), LSTM may not train well
2026-08-01 23:50:13 | WARNING  | co2_forecast | Very few sequences (2), LSTM may not train well
2026-08-01 23:50:13 | WARNING  | co2_forecast | Very few sequences (6), LSTM may not train well
2026-08-01 23:50:14 | WARNING  | co2_forecast | Very few sequences (2), LSTM may not train well
2026-08-01 23:50:15 | WARNING  | co2_forecast | Very few sequences (2), LSTM may not train well
2026-08-01 23:50:16 | WARNING  | co2_forecast | Very few sequences (3), LSTM may not train well
2026-08-01 23:50:16 | WARNING  | co2_forecast | Very few sequences (7), LSTM may not train well
2026-08-01 23:50:16 | WARNING  | co2_forecast | Very few sequences (3), LSTM may not train well
2026-08-01 23:50:17 | WARNING  | co2_forecast | Very few sequences (3), LSTM may not train well
2026-08-01 23:50:17 | WARNING  | co2_forecast | Very few sequences (3), LSTM may not train well
2026-08-01 23:50:17 | WARNING  | co2_forecast | Very few sequences (7), LSTM may not train well
2026-08-01 23:50:17 | WARNING  | co2_forecast | Very few sequences (3), LSTM may not train well
2026-08-01 23:50:18 | WARNING  | co2_forecast | Very few sequences (3), LSTM may not train well
2026-08-01 23:50:18 | WARNING  | co2_forecast | Very few sequences (2), LSTM may not train well
2026-08-01 23:50:18 | WARNING  | co2_forecast | Very few sequences (6), LSTM may not train well
2026-08-01 23:50:19 | WARNING  | co2_forecast | Very few sequences (2), LSTM may not train well
2026-08-01 23:50:20 | WARNING  | co2_forecast | Very few sequences (2), LSTM may not train well
2026-08-01 23:50:21 | WARNING  | co2_forecast | Very few sequences (3), LSTM may not train well
2026-08-01 23:50:21 | WARNING  | co2_forecast | Very few sequences (7), LSTM may not train well
2026-08-01 23:50:21 | WARNING  | co2_forecast | Very few sequences (3), LSTM may not train well
2026-08-01 23:50:22 | WARNING  | co2_forecast | Very few sequences (3), LSTM may not train well
2026-08-01 23:50:22 | WARNING  | co2_forecast | Very few sequences (4), LSTM may not train well
2026-08-01 23:50:22 | WARNING  | co2_forecast | Very few sequences (8), LSTM may not train well
2026-08-01 23:50:22 | WARNING  | co2_forecast | Very few sequences (4), LSTM may not train well
2026-08-01 23:50:22 | WARNING  | co2_forecast | Very few sequences (4), LSTM may not train well
2026-08-01 23:50:22 | WARNING  | co2_forecast | Very few sequences (3), LSTM may not train well
2026-08-01 23:50:22 | WARNING  | co2_forecast | Very few sequences (7), LSTM may not train well
2026-08-01 23:50:22 | WARNING  | co2_forecast | Very few sequences (3), LSTM may not train well
2026-08-01 23:50:23 | WARNING  | co2_forecast | Very few sequences (3), LSTM may not train well
2026-08-01 23:50:23 | WARNING  | co2_forecast | Very few sequences (3), LSTM may not train well
2026-08-01 23:50:23 | WARNING  | co2_forecast | Very few sequences (7), LSTM may not train well
2026-08-01 23:50:23 | WARNING  | co2_forecast | Very few sequences (3), LSTM may not train well
2026-08-01 23:50:24 | WARNING  | co2_forecast | Very few sequences (3), LSTM may not train well
2026-08-01 23:50:24 | WARNING  | co2_forecast | Very few sequences (3), LSTM may not train well
2026-08-01 23:50:24 | WARNING  | co2_forecast | Very few sequences (7), LSTM may not train well
2026-08-01 23:50:24 | WARNING  | co2_forecast | Very few sequences (3), LSTM may not train well
2026-08-01 23:50:25 | WARNING  | co2_forecast | Very few sequences (3), LSTM may not train well
2026-08-01 23:50:25 | INFO     | co2_forecast |   Iteration 7: Best fitness = 0.763558
2026-08-01 23:50:25 | INFO     | co2_forecast | PSO complete. Best fitness: 0.763558
2026-08-01 23:50:25 | INFO     | co2_forecast |   Best params: {'lookback': 5, 'hidden_size': 16, 'num_layers': 2, 'dropout': 0.1, 'learning_rate': 0.0001, 'batch_size': 32}
2026-08-01 23:50:25 | INFO     | co2_forecast |   Best fitness: 0.763558
2026-08-01 23:50:25 | INFO     | co2_forecast | [A3/panel2_common_period/fs_permutation_stability/lstm] sweep tuning: best_params={'lookback': 5, 'hidden_size': 16, 'num_layers': 2, 'dropout': 0.1, 'learning_rate': 0.0001, 'batch_size': 32}
2026-08-01 23:50:29 | INFO     | co2_forecast |   -> weighted_mase=1.0311644477063728, runtime=43.8s
2026-08-01 23:50:29 | INFO     | co2_forecast | Stream B cell: A3/fs_consensus/ridge (11 features)
2026-08-01 23:50:29 | INFO     | co2_forecast | Creating walk-forward splits for 16 valid samples
2026-08-01 23:50:29 | INFO     | co2_forecast | Created 4 CV folds across horizons [1, 2, 4]
2026-08-01 23:50:29 | INFO     | co2_forecast | Built tuning CV plan: 4 folds from 16 rows before 2022-Q%q (evaluation cutoff) - isolation OK (max tuning date 2021-Q%q)
2026-08-01 23:50:29 | INFO     | co2_forecast | Optimizing ridge...
2026-08-01 23:50:29 | INFO     | co2_forecast | Starting PSO: 5 particles, 8 iterations
2026-08-01 23:50:29 | INFO     | co2_forecast |   Iteration 0: Best fitness = 0.614861
2026-08-01 23:50:29 | INFO     | co2_forecast |   Iteration 5: Best fitness = 0.582797
2026-08-01 23:50:29 | INFO     | co2_forecast |   Iteration 7: Best fitness = 0.582797
2026-08-01 23:50:29 | INFO     | co2_forecast | PSO complete. Best fitness: 0.582797
2026-08-01 23:50:29 | INFO     | co2_forecast |   Best params: {'alpha': 95.7687521752456}
2026-08-01 23:50:29 | INFO     | co2_forecast |   Best fitness: 0.582797
2026-08-01 23:50:29 | INFO     | co2_forecast | [A3/panel2_common_period/fs_consensus/ridge] sweep tuning: best_params={'alpha': 95.7687521752456}
2026-08-01 23:50:29 | INFO     | co2_forecast |   -> weighted_mase=0.8112297997001512, runtime=0.2s
2026-08-01 23:50:29 | INFO     | co2_forecast | Stream B cell: A3/fs_consensus/random_forest (11 features)
2026-08-01 23:50:29 | INFO     | co2_forecast | Creating walk-forward splits for 16 valid samples
2026-08-01 23:50:29 | INFO     | co2_forecast | Created 4 CV folds across horizons [1, 2, 4]
2026-08-01 23:50:29 | INFO     | co2_forecast | Built tuning CV plan: 4 folds from 16 rows before 2022-Q%q (evaluation cutoff) - isolation OK (max tuning date 2021-Q%q)
2026-08-01 23:50:29 | INFO     | co2_forecast | Optimizing random_forest...
2026-08-01 23:50:29 | INFO     | co2_forecast | Starting PSO: 5 particles, 8 iterations
2026-08-01 23:50:34 | INFO     | co2_forecast |   Iteration 0: Best fitness = 0.748939
2026-08-01 23:50:52 | INFO     | co2_forecast |   Iteration 5: Best fitness = 0.423789
2026-08-01 23:50:58 | INFO     | co2_forecast |   Iteration 7: Best fitness = 0.406156
2026-08-01 23:50:58 | INFO     | co2_forecast | PSO complete. Best fitness: 0.406156
2026-08-01 23:50:58 | INFO     | co2_forecast |   Best params: {'n_estimators': 59, 'max_depth': 3, 'min_samples_split': 2, 'min_samples_leaf': 1}
2026-08-01 23:50:58 | INFO     | co2_forecast |   Best fitness: 0.406156
2026-08-01 23:50:58 | INFO     | co2_forecast | [A3/panel2_common_period/fs_consensus/random_forest] sweep tuning: best_params={'n_estimators': 59, 'max_depth': 3, 'min_samples_split': 2, 'min_samples_leaf': 1}
2026-08-01 23:50:59 | INFO     | co2_forecast |   -> weighted_mase=0.7745586053936806, runtime=29.5s
2026-08-01 23:50:59 | INFO     | co2_forecast | Stream B cell: A3/fs_consensus/lightgbm (11 features)
2026-08-01 23:50:59 | INFO     | co2_forecast | Creating walk-forward splits for 16 valid samples
2026-08-01 23:50:59 | INFO     | co2_forecast | Created 4 CV folds across horizons [1, 2, 4]
2026-08-01 23:50:59 | INFO     | co2_forecast | Built tuning CV plan: 4 folds from 16 rows before 2022-Q%q (evaluation cutoff) - isolation OK (max tuning date 2021-Q%q)
2026-08-01 23:50:59 | INFO     | co2_forecast | Optimizing lightgbm...
2026-08-01 23:50:59 | INFO     | co2_forecast | Starting PSO: 5 particles, 8 iterations
2026-08-01 23:50:59 | INFO     | co2_forecast |   Iteration 0: Best fitness = 0.768990
2026-08-01 23:51:00 | INFO     | co2_forecast |   Iteration 5: Best fitness = 0.601385
2026-08-01 23:51:00 | INFO     | co2_forecast |   Iteration 7: Best fitness = 0.601385
2026-08-01 23:51:00 | INFO     | co2_forecast | PSO complete. Best fitness: 0.601385
2026-08-01 23:51:00 | INFO     | co2_forecast |   Best params: {'n_estimators': 164, 'learning_rate': 0.3, 'num_leaves': 127, 'max_depth': 10, 'min_child_samples': 6, 'reg_alpha': 0.001, 'reg_lambda': 0.001}
2026-08-01 23:51:00 | INFO     | co2_forecast |   Best fitness: 0.601385
2026-08-01 23:51:00 | INFO     | co2_forecast | [A3/panel2_common_period/fs_consensus/lightgbm] sweep tuning: best_params={'n_estimators': 164, 'learning_rate': 0.3, 'num_leaves': 127, 'max_depth': 10, 'min_child_samples': 6, 'reg_alpha': 0.001, 'reg_lambda': 0.001}
2026-08-01 23:51:01 | INFO     | co2_forecast |   -> weighted_mase=0.5864649596156172, runtime=1.9s
2026-08-01 23:51:01 | INFO     | co2_forecast | Stream B cell: A3/fs_consensus/catboost (11 features)
2026-08-01 23:51:01 | INFO     | co2_forecast | Creating walk-forward splits for 16 valid samples
2026-08-01 23:51:01 | INFO     | co2_forecast | Created 4 CV folds across horizons [1, 2, 4]
2026-08-01 23:51:01 | INFO     | co2_forecast | Built tuning CV plan: 4 folds from 16 rows before 2022-Q%q (evaluation cutoff) - isolation OK (max tuning date 2021-Q%q)
2026-08-01 23:51:01 | INFO     | co2_forecast | Optimizing catboost...
2026-08-01 23:51:01 | INFO     | co2_forecast | Starting PSO: 5 particles, 8 iterations
