2026-08-23 20:29:57 | INFO     | co2_forecast | Logging to: outputs/runs/final_rerun_2026_mobility/logs/final_rerun_2026_mobility.log
2026-08-23 20:29:57 | INFO     | co2_forecast | ============================================================
2026-08-23 20:29:57 | INFO     | co2_forecast | Script 18: mobility-treatment robustness (M0-M3)
2026-08-23 20:29:57 | INFO     | co2_forecast | ============================================================
2026-08-23 20:29:57 | INFO     | co2_forecast | Slicing all configurations to the primary common period [2018-04-01 00:00:00 - 2025-01-01 00:00:00] (reference: A3)
2026-08-23 20:29:57 | INFO     | co2_forecast | Models: ['ridge', 'random_forest', 'catboost', 'lightgbm', 'lstm'], base eval_plan folds: 7
2026-08-23 20:29:57 | INFO     | co2_forecast | M3 restricted eval plan: 3/7 outer folds retained
2026-08-23 20:29:57 | INFO     | co2_forecast | M0: reused 22 rows from outputs/runs/my_run/metrics/stream_A/metrics.csv
2026-08-23 20:29:57 | INFO     | co2_forecast | --- Scenario M1: 7 outer folds, 17 features in A3 ---
2026-08-23 20:29:57 | INFO     | co2_forecast | ============================================================
2026-08-23 20:29:57 | INFO     | co2_forecast | Stream A: 4 configurations x 5 models, NO feature selection (20 candidates)
2026-08-23 20:29:57 | INFO     | co2_forecast | ============================================================
2026-08-23 20:29:57 | INFO     | co2_forecast | Stream A cell: A1/ridge (5 features, 28 rows)
2026-08-23 20:29:57 | INFO     | co2_forecast | Creating walk-forward splits for 16 valid samples
2026-08-23 20:29:57 | INFO     | co2_forecast | Created 4 CV folds across horizons [1, 2, 4]
2026-08-23 20:29:57 | INFO     | co2_forecast | Built tuning CV plan: 4 folds from 16 rows before 2022-Q%q (evaluation cutoff) - isolation OK (max tuning date 2021-Q%q)
2026-08-23 20:29:57 | INFO     | co2_forecast | Optimizing ridge...
2026-08-23 20:29:57 | INFO     | co2_forecast | Starting PSO: 20 particles, 30 iterations
2026-08-23 20:29:57 | INFO     | co2_forecast |   Iteration 0: Best fitness = 2.207856
2026-08-23 20:29:58 | INFO     | co2_forecast |   Iteration 5: Best fitness = 2.142411
2026-08-23 20:29:58 | INFO     | co2_forecast |   Iteration 10: Best fitness = 2.142411
2026-08-23 20:29:59 | INFO     | co2_forecast |   Iteration 15: Best fitness = 2.142411
2026-08-23 20:29:59 | INFO     | co2_forecast |   Iteration 20: Best fitness = 2.142411
2026-08-23 20:29:59 | INFO     | co2_forecast |   Iteration 25: Best fitness = 2.142411
2026-08-23 20:30:00 | INFO     | co2_forecast |   Iteration 29: Best fitness = 2.142411
2026-08-23 20:30:00 | INFO     | co2_forecast | PSO complete. Best fitness: 2.142411
2026-08-23 20:30:00 | INFO     | co2_forecast |   Best params: {'alpha': 100.0}
2026-08-23 20:30:00 | INFO     | co2_forecast |   Best fitness: 2.142411
2026-08-23 20:30:00 | INFO     | co2_forecast | [A1/panel2_common_period/all_features/ridge] sweep tuning: best_params={'alpha': 100.0}
2026-08-23 20:30:00 | INFO     | co2_forecast |   -> weighted_mase=0.8868730159181462, runtime=2.5s
2026-08-23 20:30:00 | INFO     | co2_forecast | Stream A cell: A1/random_forest (5 features, 28 rows)
2026-08-23 20:30:00 | INFO     | co2_forecast | Creating walk-forward splits for 16 valid samples
2026-08-23 20:30:00 | INFO     | co2_forecast | Created 4 CV folds across horizons [1, 2, 4]
2026-08-23 20:30:00 | INFO     | co2_forecast | Built tuning CV plan: 4 folds from 16 rows before 2022-Q%q (evaluation cutoff) - isolation OK (max tuning date 2021-Q%q)
2026-08-23 20:30:00 | INFO     | co2_forecast | Optimizing random_forest...
2026-08-23 20:30:00 | INFO     | co2_forecast | Starting PSO: 20 particles, 30 iterations
2026-08-23 20:30:17 | INFO     | co2_forecast |   Iteration 0: Best fitness = 0.501999
2026-08-23 20:32:14 | INFO     | co2_forecast |   Iteration 5: Best fitness = 0.337422
2026-08-23 20:34:16 | INFO     | co2_forecast |   Iteration 10: Best fitness = 0.337422
2026-08-23 20:36:15 | INFO     | co2_forecast |   Iteration 15: Best fitness = 0.336662
2026-08-23 20:38:17 | INFO     | co2_forecast |   Iteration 20: Best fitness = 0.336662
2026-08-23 20:40:11 | INFO     | co2_forecast |   Iteration 25: Best fitness = 0.336662
2026-08-23 20:41:37 | INFO     | co2_forecast |   Iteration 29: Best fitness = 0.336662
2026-08-23 20:41:37 | INFO     | co2_forecast | PSO complete. Best fitness: 0.336662
2026-08-23 20:41:37 | INFO     | co2_forecast |   Best params: {'n_estimators': 250, 'max_depth': 3, 'min_samples_split': 2, 'min_samples_leaf': 1}
2026-08-23 20:41:37 | INFO     | co2_forecast |   Best fitness: 0.336662
2026-08-23 20:41:37 | INFO     | co2_forecast | [A1/panel2_common_period/all_features/random_forest] sweep tuning: best_params={'n_estimators': 250, 'max_depth': 3, 'min_samples_split': 2, 'min_samples_leaf': 1}
2026-08-23 20:41:39 | INFO     | co2_forecast |   -> weighted_mase=0.6774458747129041, runtime=699.6s
2026-08-23 20:41:39 | INFO     | co2_forecast | Stream A cell: A1/catboost (5 features, 28 rows)
2026-08-23 20:41:39 | INFO     | co2_forecast | Creating walk-forward splits for 16 valid samples
2026-08-23 20:41:39 | INFO     | co2_forecast | Created 4 CV folds across horizons [1, 2, 4]
2026-08-23 20:41:39 | INFO     | co2_forecast | Built tuning CV plan: 4 folds from 16 rows before 2022-Q%q (evaluation cutoff) - isolation OK (max tuning date 2021-Q%q)
2026-08-23 20:41:39 | INFO     | co2_forecast | Optimizing catboost...
2026-08-23 20:41:39 | INFO     | co2_forecast | Starting PSO: 20 particles, 30 iterations
2026-08-23 20:43:13 | INFO     | co2_forecast |   Iteration 0: Best fitness = 0.285983
2026-08-23 20:51:01 | INFO     | co2_forecast |   Iteration 5: Best fitness = 0.271063
2026-08-23 20:58:33 | INFO     | co2_forecast |   Iteration 10: Best fitness = 0.261862
2026-08-23 21:01:04 | INFO     | co2_forecast | Logging to: outputs/runs/final_rerun_2026_mobility/logs/final_rerun_2026_mobility.log
2026-08-23 21:01:04 | INFO     | co2_forecast | ============================================================
2026-08-23 21:01:04 | INFO     | co2_forecast | Script 18: mobility-treatment robustness (M0-M3)
2026-08-23 21:01:04 | INFO     | co2_forecast | ============================================================
2026-08-23 21:01:04 | INFO     | co2_forecast | Slicing all configurations to the primary common period [2018-04-01 00:00:00 - 2025-01-01 00:00:00] (reference: A3)
2026-08-23 21:01:04 | INFO     | co2_forecast | Models: ['ridge', 'random_forest', 'catboost', 'lightgbm', 'lstm'], base eval_plan folds: 7
2026-08-23 21:01:04 | INFO     | co2_forecast | M3 restricted eval plan: 3/7 outer folds retained
2026-08-23 21:01:04 | INFO     | co2_forecast | M0: reused 22 rows from outputs/runs/my_run/metrics/stream_A/metrics.csv
2026-08-23 21:01:04 | INFO     | co2_forecast | --- Scenario M1: 7 outer folds, 17 features in A3 ---
2026-08-23 21:01:04 | INFO     | co2_forecast | ============================================================
2026-08-23 21:01:04 | INFO     | co2_forecast | Stream A: 4 configurations x 5 models, NO feature selection (20 candidates)
2026-08-23 21:01:04 | INFO     | co2_forecast | ============================================================
2026-08-23 21:01:04 | INFO     | co2_forecast | Stream A cell: A1/ridge (5 features, 28 rows)
2026-08-23 21:01:04 | INFO     | co2_forecast | Creating walk-forward splits for 16 valid samples
2026-08-23 21:01:04 | INFO     | co2_forecast | Created 4 CV folds across horizons [1, 2, 4]
2026-08-23 21:01:04 | INFO     | co2_forecast | Built tuning CV plan: 4 folds from 16 rows before 2022-Q%q (evaluation cutoff) - isolation OK (max tuning date 2021-Q%q)
2026-08-23 21:01:04 | INFO     | co2_forecast | Optimizing ridge...
2026-08-23 21:01:04 | INFO     | co2_forecast | Starting PSO: 8 particles, 10 iterations
2026-08-23 21:01:04 | INFO     | co2_forecast |   Iteration 0: Best fitness = 2.500217
2026-08-23 21:01:04 | INFO     | co2_forecast |   Iteration 5: Best fitness = 2.142411
2026-08-23 21:01:04 | INFO     | co2_forecast |   Iteration 9: Best fitness = 2.142411
2026-08-23 21:01:04 | INFO     | co2_forecast | PSO complete. Best fitness: 2.142411
2026-08-23 21:01:04 | INFO     | co2_forecast |   Best params: {'alpha': 100.0}
2026-08-23 21:01:04 | INFO     | co2_forecast |   Best fitness: 2.142411
2026-08-23 21:01:04 | INFO     | co2_forecast | [A1/panel2_common_period/all_features/ridge] sweep tuning: best_params={'alpha': 100.0}
2026-08-23 21:01:04 | INFO     | co2_forecast |   -> weighted_mase=0.8868730159181462, runtime=0.3s
2026-08-23 21:01:04 | INFO     | co2_forecast | Stream A cell: A1/random_forest (5 features, 28 rows)
2026-08-23 21:01:04 | INFO     | co2_forecast | Creating walk-forward splits for 16 valid samples
2026-08-23 21:01:04 | INFO     | co2_forecast | Created 4 CV folds across horizons [1, 2, 4]
2026-08-23 21:01:04 | INFO     | co2_forecast | Built tuning CV plan: 4 folds from 16 rows before 2022-Q%q (evaluation cutoff) - isolation OK (max tuning date 2021-Q%q)
2026-08-23 21:01:04 | INFO     | co2_forecast | Optimizing random_forest...
2026-08-23 21:01:04 | INFO     | co2_forecast | Starting PSO: 8 particles, 10 iterations
2026-08-23 21:01:09 | INFO     | co2_forecast |   Iteration 0: Best fitness = 0.668151
2026-08-23 21:01:25 | INFO     | co2_forecast |   Iteration 5: Best fitness = 0.375716
2026-08-23 21:01:37 | INFO     | co2_forecast |   Iteration 9: Best fitness = 0.371169
2026-08-23 21:01:37 | INFO     | co2_forecast | PSO complete. Best fitness: 0.371169
2026-08-23 21:01:37 | INFO     | co2_forecast |   Best params: {'n_estimators': 55, 'max_depth': 3, 'min_samples_split': 2, 'min_samples_leaf': 1}
2026-08-23 21:01:37 | INFO     | co2_forecast |   Best fitness: 0.371169
2026-08-23 21:01:37 | INFO     | co2_forecast | [A1/panel2_common_period/all_features/random_forest] sweep tuning: best_params={'n_estimators': 55, 'max_depth': 3, 'min_samples_split': 2, 'min_samples_leaf': 1}
2026-08-23 21:01:37 | INFO     | co2_forecast |   -> weighted_mase=0.6674802736436459, runtime=33.4s
2026-08-23 21:01:37 | INFO     | co2_forecast | Stream A cell: A1/catboost (5 features, 28 rows)
2026-08-23 21:01:37 | INFO     | co2_forecast | Creating walk-forward splits for 16 valid samples
2026-08-23 21:01:37 | INFO     | co2_forecast | Created 4 CV folds across horizons [1, 2, 4]
2026-08-23 21:01:37 | INFO     | co2_forecast | Built tuning CV plan: 4 folds from 16 rows before 2022-Q%q (evaluation cutoff) - isolation OK (max tuning date 2021-Q%q)
2026-08-23 21:01:37 | INFO     | co2_forecast | Optimizing catboost...
2026-08-23 21:01:37 | INFO     | co2_forecast | Starting PSO: 8 particles, 10 iterations
2026-08-23 21:02:13 | INFO     | co2_forecast |   Iteration 0: Best fitness = 0.285983
2026-08-23 21:05:29 | INFO     | co2_forecast |   Iteration 5: Best fitness = 0.271025
2026-08-23 21:07:54 | INFO     | co2_forecast |   Iteration 9: Best fitness = 0.269635
2026-08-23 21:07:54 | INFO     | co2_forecast | PSO complete. Best fitness: 0.269635
2026-08-23 21:07:54 | INFO     | co2_forecast |   Best params: {'iterations': 209, 'learning_rate': 0.18532845715998747, 'depth': 3, 'l2_leaf_reg': 10.0}
2026-08-23 21:07:54 | INFO     | co2_forecast |   Best fitness: 0.269635
2026-08-23 21:07:54 | INFO     | co2_forecast | [A1/panel2_common_period/all_features/catboost] sweep tuning: best_params={'iterations': 209, 'learning_rate': 0.18532845715998747, 'depth': 3, 'l2_leaf_reg': 10.0}
2026-08-23 21:08:02 | INFO     | co2_forecast |   -> weighted_mase=0.5635493014196867, runtime=384.7s
2026-08-23 21:08:02 | INFO     | co2_forecast | Stream A cell: A1/lightgbm (5 features, 28 rows)
2026-08-23 21:08:02 | INFO     | co2_forecast | Creating walk-forward splits for 16 valid samples
2026-08-23 21:08:02 | INFO     | co2_forecast | Created 4 CV folds across horizons [1, 2, 4]
2026-08-23 21:08:02 | INFO     | co2_forecast | Built tuning CV plan: 4 folds from 16 rows before 2022-Q%q (evaluation cutoff) - isolation OK (max tuning date 2021-Q%q)
2026-08-23 21:08:02 | INFO     | co2_forecast | Optimizing lightgbm...
2026-08-23 21:08:02 | INFO     | co2_forecast | Starting PSO: 8 particles, 10 iterations
2026-08-23 21:08:02 | WARNING  | co2_forecast | LightGBM has no GPU-enabled build installed; using CPU. The pip wheel ships CPU-only - install a CUDA/OpenCL build (e.g. build from source with -DUSE_CUDA=1, or a conda-forge lightgbm=*=cuda* package) to enable GPU training.
2026-08-23 21:08:02 | INFO     | co2_forecast |   Iteration 0: Best fitness = 0.768990
2026-08-23 21:08:03 | INFO     | co2_forecast |   Iteration 5: Best fitness = 0.655353
2026-08-23 21:08:03 | INFO     | co2_forecast |   Iteration 9: Best fitness = 0.644572
2026-08-23 21:08:03 | INFO     | co2_forecast | PSO complete. Best fitness: 0.644572
2026-08-23 21:08:03 | INFO     | co2_forecast |   Best params: {'n_estimators': 50, 'learning_rate': 0.24875557248327107, 'num_leaves': 127, 'max_depth': 3, 'min_child_samples': 5, 'reg_alpha': 0.09419715994303156, 'reg_lambda': 1.6116769810147058}
2026-08-23 21:08:03 | INFO     | co2_forecast |   Best fitness: 0.644572
2026-08-23 21:08:03 | INFO     | co2_forecast | [A1/panel2_common_period/all_features/lightgbm] sweep tuning: best_params={'n_estimators': 50, 'learning_rate': 0.24875557248327107, 'num_leaves': 127, 'max_depth': 3, 'min_child_samples': 5, 'reg_alpha': 0.09419715994303156, 'reg_lambda': 1.6116769810147058}
2026-08-23 21:08:03 | INFO     | co2_forecast |   -> weighted_mase=0.6215013381316965, runtime=1.1s
2026-08-23 21:08:03 | INFO     | co2_forecast | Stream A cell: A1/lstm (5 features, 28 rows)
2026-08-23 21:08:03 | INFO     | co2_forecast | Creating walk-forward splits for 16 valid samples
2026-08-23 21:08:03 | INFO     | co2_forecast | Created 4 CV folds across horizons [1, 2, 4]
2026-08-23 21:08:03 | INFO     | co2_forecast | Built tuning CV plan: 4 folds from 16 rows before 2022-Q%q (evaluation cutoff) - isolation OK (max tuning date 2021-Q%q)
2026-08-23 21:08:03 | INFO     | co2_forecast | Optimizing lstm...
2026-08-23 21:08:03 | INFO     | co2_forecast | Starting PSO: 8 particles, 10 iterations
2026-08-23 21:08:03 | WARNING  | co2_forecast | Model training failed with params {'lookback': 7, 'hidden_size': 62, 'num_layers': 2, 'dropout': 0.3394633936788146, 'learning_rate': 0.0016445845403801217, 'batch_size': 8}: LSTM.fit: training data has 8 rows, giving only 1 sequence(s) with lookback=7; at least 2 are required (one is always reserved for validation). Reduce lookback or provide more training history.
2026-08-23 21:08:03 | WARNING  | co2_forecast | Model training failed with params {'lookback': 11, 'hidden_size': 26, 'num_layers': 1, 'dropout': 0.17336180394137352, 'learning_rate': 0.0031119982052994237, 'batch_size': 16}: LSTM.fit: training data has 8 rows, giving only 0 sequence(s) with lookback=11; at least 2 are required (one is always reserved for validation). Reduce lookback or provide more training history.
2026-08-23 21:08:03 | WARNING  | co2_forecast | Model training failed with params {'lookback': 8, 'hidden_size': 54, 'num_layers': 1, 'dropout': 0.3056937753654446, 'learning_rate': 0.005964904231734221, 'batch_size': 8}: LSTM.fit: training data has 8 rows, giving only 0 sequence(s) with lookback=8; at least 2 are required (one is always reserved for validation). Reduce lookback or provide more training history.
2026-08-23 21:08:03 | WARNING  | co2_forecast | Very few sequences (2), LSTM may not train well
2026-08-23 21:08:05 | WARNING  | co2_forecast | Very few sequences (6), LSTM may not train well
2026-08-23 21:08:05 | WARNING  | co2_forecast | Very few sequences (2), LSTM may not train well
2026-08-23 21:08:05 | WARNING  | co2_forecast | Very few sequences (2), LSTM may not train well
2026-08-23 21:08:05 | WARNING  | co2_forecast | Model training failed with params {'lookback': 8, 'hidden_size': 25, 'num_layers': 2, 'dropout': 0.4100531293444458, 'learning_rate': 0.009401039521485473, 'batch_size': 32}: LSTM.fit: training data has 8 rows, giving only 0 sequence(s) with lookback=8; at least 2 are required (one is always reserved for validation). Reduce lookback or provide more training history.
2026-08-23 21:08:05 | WARNING  | co2_forecast | Model training failed with params {'lookback': 7, 'hidden_size': 29, 'num_layers': 2, 'dropout': 0.2427013306774357, 'learning_rate': 0.0028812516459050695, 'batch_size': 16}: LSTM.fit: training data has 8 rows, giving only 1 sequence(s) with lookback=7; at least 2 are required (one is always reserved for validation). Reduce lookback or provide more training history.
2026-08-23 21:08:05 | WARNING  | co2_forecast | Very few sequences (4), LSTM may not train well
2026-08-23 21:08:05 | WARNING  | co2_forecast | Very few sequences (8), LSTM may not train well
2026-08-23 21:08:05 | WARNING  | co2_forecast | Very few sequences (4), LSTM may not train well
2026-08-23 21:08:06 | WARNING  | co2_forecast | Very few sequences (4), LSTM may not train well
2026-08-23 21:08:06 | WARNING  | co2_forecast | Very few sequences (2), LSTM may not train well
2026-08-23 21:08:06 | WARNING  | co2_forecast | Very few sequences (6), LSTM may not train well
2026-08-23 21:08:06 | WARNING  | co2_forecast | Very few sequences (2), LSTM may not train well
2026-08-23 21:08:06 | WARNING  | co2_forecast | Very few sequences (2), LSTM may not train well
2026-08-23 21:08:06 | INFO     | co2_forecast |   Iteration 0: Best fitness = 0.978976
2026-08-23 21:08:06 | WARNING  | co2_forecast | Very few sequences (3), LSTM may not train well
2026-08-23 21:08:06 | WARNING  | co2_forecast | Very few sequences (7), LSTM may not train well
2026-08-23 21:08:06 | WARNING  | co2_forecast | Very few sequences (3), LSTM may not train well
2026-08-23 21:08:07 | WARNING  | co2_forecast | Very few sequences (3), LSTM may not train well
2026-08-23 21:08:07 | WARNING  | co2_forecast | Very few sequences (2), LSTM may not train well
2026-08-23 21:08:07 | WARNING  | co2_forecast | Very few sequences (6), LSTM may not train well
2026-08-23 21:08:07 | WARNING  | co2_forecast | Very few sequences (2), LSTM may not train well
2026-08-23 21:08:07 | WARNING  | co2_forecast | Very few sequences (2), LSTM may not train well
2026-08-23 21:08:07 | WARNING  | co2_forecast | Model training failed with params {'lookback': 8, 'hidden_size': 44, 'num_layers': 1, 'dropout': 0.3238975389966341, 'learning_rate': 0.005520634690128072, 'batch_size': 8}: LSTM.fit: training data has 8 rows, giving only 0 sequence(s) with lookback=8; at least 2 are required (one is always reserved for validation). Reduce lookback or provide more training history.
2026-08-23 21:08:07 | WARNING  | co2_forecast | Very few sequences (3), LSTM may not train well
2026-08-23 21:08:07 | WARNING  | co2_forecast | Very few sequences (7), LSTM may not train well
2026-08-23 21:08:08 | WARNING  | co2_forecast | Very few sequences (3), LSTM may not train well
2026-08-23 21:08:08 | WARNING  | co2_forecast | Very few sequences (3), LSTM may not train well
2026-08-23 21:08:08 | WARNING  | co2_forecast | Very few sequences (2), LSTM may not train well
2026-08-23 21:08:08 | WARNING  | co2_forecast | Very few sequences (6), LSTM may not train well
2026-08-23 21:08:09 | WARNING  | co2_forecast | Very few sequences (2), LSTM may not train well
2026-08-23 21:08:09 | WARNING  | co2_forecast | Very few sequences (2), LSTM may not train well
2026-08-23 21:08:10 | WARNING  | co2_forecast | Very few sequences (3), LSTM may not train well
2026-08-23 21:08:10 | WARNING  | co2_forecast | Very few sequences (7), LSTM may not train well
2026-08-23 21:08:10 | WARNING  | co2_forecast | Very few sequences (3), LSTM may not train well
2026-08-23 21:08:10 | WARNING  | co2_forecast | Very few sequences (3), LSTM may not train well
2026-08-23 21:08:10 | WARNING  | co2_forecast | Very few sequences (4), LSTM may not train well
2026-08-23 21:08:10 | WARNING  | co2_forecast | Very few sequences (8), LSTM may not train well
2026-08-23 21:08:11 | WARNING  | co2_forecast | Very few sequences (4), LSTM may not train well
2026-08-23 21:08:11 | WARNING  | co2_forecast | Very few sequences (4), LSTM may not train well
2026-08-23 21:08:11 | WARNING  | co2_forecast | Very few sequences (2), LSTM may not train well
2026-08-23 21:08:11 | WARNING  | co2_forecast | Very few sequences (6), LSTM may not train well
2026-08-23 21:08:11 | WARNING  | co2_forecast | Very few sequences (2), LSTM may not train well
2026-08-23 21:08:11 | WARNING  | co2_forecast | Very few sequences (2), LSTM may not train well
2026-08-23 21:08:11 | WARNING  | co2_forecast | Very few sequences (4), LSTM may not train well
2026-08-23 21:08:11 | WARNING  | co2_forecast | Very few sequences (8), LSTM may not train well
2026-08-23 21:08:11 | WARNING  | co2_forecast | Very few sequences (4), LSTM may not train well
2026-08-23 21:08:11 | WARNING  | co2_forecast | Very few sequences (4), LSTM may not train well
2026-08-23 21:08:11 | WARNING  | co2_forecast | Very few sequences (4), LSTM may not train well
2026-08-23 21:08:11 | WARNING  | co2_forecast | Very few sequences (8), LSTM may not train well
2026-08-23 21:08:11 | WARNING  | co2_forecast | Very few sequences (4), LSTM may not train well
2026-08-23 21:08:11 | WARNING  | co2_forecast | Very few sequences (4), LSTM may not train well
2026-08-23 21:08:12 | WARNING  | co2_forecast | Model training failed with params {'lookback': 7, 'hidden_size': 33, 'num_layers': 1, 'dropout': 0.3174646446740698, 'learning_rate': 0.004142028037008457, 'batch_size': 16}: LSTM.fit: training data has 8 rows, giving only 1 sequence(s) with lookback=7; at least 2 are required (one is always reserved for validation). Reduce lookback or provide more training history.
2026-08-23 21:08:12 | WARNING  | co2_forecast | Very few sequences (3), LSTM may not train well
2026-08-23 21:08:12 | WARNING  | co2_forecast | Very few sequences (7), LSTM may not train well
2026-08-23 21:08:12 | WARNING  | co2_forecast | Very few sequences (3), LSTM may not train well
2026-08-23 21:08:12 | WARNING  | co2_forecast | Very few sequences (3), LSTM may not train well
2026-08-23 21:08:12 | WARNING  | co2_forecast | Very few sequences (4), LSTM may not train well
2026-08-23 21:08:12 | WARNING  | co2_forecast | Very few sequences (8), LSTM may not train well
2026-08-23 21:08:12 | WARNING  | co2_forecast | Very few sequences (4), LSTM may not train well
2026-08-23 21:08:12 | WARNING  | co2_forecast | Very few sequences (4), LSTM may not train well
2026-08-23 21:08:13 | WARNING  | co2_forecast | Very few sequences (4), LSTM may not train well
2026-08-23 21:08:13 | WARNING  | co2_forecast | Very few sequences (8), LSTM may not train well
2026-08-23 21:08:13 | WARNING  | co2_forecast | Very few sequences (4), LSTM may not train well
2026-08-23 21:08:13 | WARNING  | co2_forecast | Very few sequences (4), LSTM may not train well
2026-08-23 21:08:13 | WARNING  | co2_forecast | Very few sequences (3), LSTM may not train well
2026-08-23 21:08:13 | WARNING  | co2_forecast | Very few sequences (7), LSTM may not train well
2026-08-23 21:08:13 | WARNING  | co2_forecast | Very few sequences (3), LSTM may not train well
2026-08-23 21:08:13 | WARNING  | co2_forecast | Very few sequences (3), LSTM may not train well
2026-08-23 21:08:13 | WARNING  | co2_forecast | Very few sequences (3), LSTM may not train well
2026-08-23 21:08:13 | WARNING  | co2_forecast | Very few sequences (7), LSTM may not train well
2026-08-23 21:08:13 | WARNING  | co2_forecast | Very few sequences (3), LSTM may not train well
2026-08-23 21:08:13 | WARNING  | co2_forecast | Very few sequences (3), LSTM may not train well
2026-08-23 21:08:13 | WARNING  | co2_forecast | Very few sequences (4), LSTM may not train well
2026-08-23 21:08:14 | WARNING  | co2_forecast | Very few sequences (8), LSTM may not train well
2026-08-23 21:08:14 | WARNING  | co2_forecast | Very few sequences (4), LSTM may not train well
2026-08-23 21:08:14 | WARNING  | co2_forecast | Very few sequences (4), LSTM may not train well
2026-08-23 21:08:14 | WARNING  | co2_forecast | Very few sequences (4), LSTM may not train well
2026-08-23 21:08:14 | WARNING  | co2_forecast | Very few sequences (8), LSTM may not train well
2026-08-23 21:08:14 | WARNING  | co2_forecast | Very few sequences (4), LSTM may not train well
2026-08-23 21:08:14 | WARNING  | co2_forecast | Very few sequences (4), LSTM may not train well
2026-08-23 21:08:14 | WARNING  | co2_forecast | Very few sequences (2), LSTM may not train well
2026-08-23 21:08:14 | WARNING  | co2_forecast | Very few sequences (6), LSTM may not train well
2026-08-23 21:08:14 | WARNING  | co2_forecast | Very few sequences (2), LSTM may not train well
2026-08-23 21:08:14 | WARNING  | co2_forecast | Very few sequences (2), LSTM may not train well
2026-08-23 21:08:14 | WARNING  | co2_forecast | Very few sequences (4), LSTM may not train well
2026-08-23 21:08:14 | WARNING  | co2_forecast | Very few sequences (8), LSTM may not train well
2026-08-23 21:08:14 | WARNING  | co2_forecast | Very few sequences (4), LSTM may not train well
2026-08-23 21:08:14 | WARNING  | co2_forecast | Very few sequences (4), LSTM may not train well
2026-08-23 21:08:15 | WARNING  | co2_forecast | Very few sequences (4), LSTM may not train well
2026-08-23 21:08:15 | WARNING  | co2_forecast | Very few sequences (8), LSTM may not train well
2026-08-23 21:08:15 | WARNING  | co2_forecast | Very few sequences (4), LSTM may not train well
2026-08-23 21:08:15 | WARNING  | co2_forecast | Very few sequences (4), LSTM may not train well
2026-08-23 21:08:15 | WARNING  | co2_forecast | Very few sequences (4), LSTM may not train well
2026-08-23 21:08:15 | WARNING  | co2_forecast | Very few sequences (8), LSTM may not train well
2026-08-23 21:08:15 | WARNING  | co2_forecast | Very few sequences (4), LSTM may not train well
2026-08-23 21:08:15 | WARNING  | co2_forecast | Very few sequences (4), LSTM may not train well
2026-08-23 21:08:15 | WARNING  | co2_forecast | Very few sequences (4), LSTM may not train well
2026-08-23 21:08:15 | WARNING  | co2_forecast | Very few sequences (8), LSTM may not train well
2026-08-23 21:08:15 | WARNING  | co2_forecast | Very few sequences (4), LSTM may not train well
2026-08-23 21:08:16 | WARNING  | co2_forecast | Very few sequences (4), LSTM may not train well
2026-08-23 21:08:16 | WARNING  | co2_forecast | Very few sequences (3), LSTM may not train well
2026-08-23 21:08:16 | WARNING  | co2_forecast | Very few sequences (7), LSTM may not train well
2026-08-23 21:08:16 | WARNING  | co2_forecast | Very few sequences (3), LSTM may not train well
2026-08-23 21:08:16 | WARNING  | co2_forecast | Very few sequences (3), LSTM may not train well
2026-08-23 21:08:16 | WARNING  | co2_forecast | Very few sequences (4), LSTM may not train well
2026-08-23 21:08:16 | WARNING  | co2_forecast | Very few sequences (8), LSTM may not train well
2026-08-23 21:08:16 | WARNING  | co2_forecast | Very few sequences (4), LSTM may not train well
2026-08-23 21:08:16 | WARNING  | co2_forecast | Very few sequences (4), LSTM may not train well
2026-08-23 21:08:17 | WARNING  | co2_forecast | Very few sequences (4), LSTM may not train well
2026-08-23 21:08:17 | WARNING  | co2_forecast | Very few sequences (8), LSTM may not train well
2026-08-23 21:08:17 | WARNING  | co2_forecast | Very few sequences (4), LSTM may not train well
2026-08-23 21:08:17 | WARNING  | co2_forecast | Very few sequences (4), LSTM may not train well
2026-08-23 21:08:17 | WARNING  | co2_forecast | Very few sequences (3), LSTM may not train well
2026-08-23 21:08:17 | WARNING  | co2_forecast | Very few sequences (7), LSTM may not train well
2026-08-23 21:08:17 | WARNING  | co2_forecast | Very few sequences (3), LSTM may not train well
2026-08-23 21:08:17 | WARNING  | co2_forecast | Very few sequences (3), LSTM may not train well
2026-08-23 21:08:17 | WARNING  | co2_forecast | Very few sequences (4), LSTM may not train well
2026-08-23 21:08:17 | WARNING  | co2_forecast | Very few sequences (8), LSTM may not train well
2026-08-23 21:08:18 | WARNING  | co2_forecast | Very few sequences (4), LSTM may not train well
2026-08-23 21:08:18 | WARNING  | co2_forecast | Very few sequences (4), LSTM may not train well
2026-08-23 21:08:18 | WARNING  | co2_forecast | Very few sequences (4), LSTM may not train well
2026-08-23 21:08:18 | WARNING  | co2_forecast | Very few sequences (8), LSTM may not train well
2026-08-23 21:08:18 | WARNING  | co2_forecast | Very few sequences (4), LSTM may not train well
2026-08-23 21:08:18 | WARNING  | co2_forecast | Very few sequences (4), LSTM may not train well
2026-08-23 21:08:18 | WARNING  | co2_forecast | Very few sequences (4), LSTM may not train well
2026-08-23 21:08:18 | WARNING  | co2_forecast | Very few sequences (8), LSTM may not train well
2026-08-23 21:08:18 | WARNING  | co2_forecast | Very few sequences (4), LSTM may not train well
2026-08-23 21:08:18 | WARNING  | co2_forecast | Very few sequences (4), LSTM may not train well
2026-08-23 21:08:18 | WARNING  | co2_forecast | Very few sequences (4), LSTM may not train well
2026-08-23 21:08:18 | WARNING  | co2_forecast | Very few sequences (8), LSTM may not train well
2026-08-23 21:08:18 | WARNING  | co2_forecast | Very few sequences (4), LSTM may not train well
2026-08-23 21:08:18 | WARNING  | co2_forecast | Very few sequences (4), LSTM may not train well
2026-08-23 21:08:19 | WARNING  | co2_forecast | Very few sequences (3), LSTM may not train well
2026-08-23 21:08:19 | WARNING  | co2_forecast | Very few sequences (7), LSTM may not train well
2026-08-23 21:08:19 | WARNING  | co2_forecast | Very few sequences (3), LSTM may not train well
2026-08-23 21:08:19 | WARNING  | co2_forecast | Very few sequences (3), LSTM may not train well
2026-08-23 21:08:19 | WARNING  | co2_forecast | Very few sequences (4), LSTM may not train well
2026-08-23 21:08:19 | WARNING  | co2_forecast | Very few sequences (8), LSTM may not train well
2026-08-23 21:08:19 | WARNING  | co2_forecast | Very few sequences (4), LSTM may not train well
2026-08-23 21:08:19 | WARNING  | co2_forecast | Very few sequences (4), LSTM may not train well
2026-08-23 21:08:19 | WARNING  | co2_forecast | Very few sequences (4), LSTM may not train well
2026-08-23 21:08:20 | WARNING  | co2_forecast | Very few sequences (8), LSTM may not train well
2026-08-23 21:08:20 | WARNING  | co2_forecast | Very few sequences (4), LSTM may not train well
2026-08-23 21:08:20 | WARNING  | co2_forecast | Very few sequences (4), LSTM may not train well
2026-08-23 21:08:20 | WARNING  | co2_forecast | Very few sequences (4), LSTM may not train well
2026-08-23 21:08:20 | WARNING  | co2_forecast | Very few sequences (8), LSTM may not train well
2026-08-23 21:08:20 | WARNING  | co2_forecast | Very few sequences (4), LSTM may not train well
2026-08-23 21:08:20 | WARNING  | co2_forecast | Very few sequences (4), LSTM may not train well
2026-08-23 21:08:20 | WARNING  | co2_forecast | Very few sequences (4), LSTM may not train well
2026-08-23 21:08:20 | WARNING  | co2_forecast | Very few sequences (8), LSTM may not train well
2026-08-23 21:08:20 | WARNING  | co2_forecast | Very few sequences (4), LSTM may not train well
2026-08-23 21:08:20 | WARNING  | co2_forecast | Very few sequences (4), LSTM may not train well
2026-08-23 21:08:20 | WARNING  | co2_forecast | Very few sequences (4), LSTM may not train well
2026-08-23 21:08:20 | WARNING  | co2_forecast | Very few sequences (8), LSTM may not train well
2026-08-23 21:08:20 | WARNING  | co2_forecast | Very few sequences (4), LSTM may not train well
2026-08-23 21:08:20 | WARNING  | co2_forecast | Very few sequences (4), LSTM may not train well
2026-08-23 21:08:20 | WARNING  | co2_forecast | Very few sequences (4), LSTM may not train well
2026-08-23 21:08:20 | WARNING  | co2_forecast | Very few sequences (8), LSTM may not train well
2026-08-23 21:08:21 | WARNING  | co2_forecast | Very few sequences (4), LSTM may not train well
2026-08-23 21:08:21 | WARNING  | co2_forecast | Very few sequences (4), LSTM may not train well
2026-08-23 21:08:21 | WARNING  | co2_forecast | Very few sequences (4), LSTM may not train well
2026-08-23 21:08:21 | WARNING  | co2_forecast | Very few sequences (8), LSTM may not train well
2026-08-23 21:08:21 | WARNING  | co2_forecast | Very few sequences (4), LSTM may not train well
2026-08-23 21:08:21 | WARNING  | co2_forecast | Very few sequences (4), LSTM may not train well
2026-08-23 21:08:21 | WARNING  | co2_forecast | Very few sequences (3), LSTM may not train well
2026-08-23 21:08:21 | WARNING  | co2_forecast | Very few sequences (7), LSTM may not train well
2026-08-23 21:08:21 | WARNING  | co2_forecast | Very few sequences (3), LSTM may not train well
2026-08-23 21:08:22 | WARNING  | co2_forecast | Very few sequences (3), LSTM may not train well
2026-08-23 21:08:22 | INFO     | co2_forecast |   Iteration 5: Best fitness = 0.765960
2026-08-23 21:08:22 | WARNING  | co2_forecast | Very few sequences (4), LSTM may not train well
2026-08-23 21:08:22 | WARNING  | co2_forecast | Very few sequences (8), LSTM may not train well
2026-08-23 21:08:22 | WARNING  | co2_forecast | Very few sequences (4), LSTM may not train well
2026-08-23 21:08:22 | WARNING  | co2_forecast | Very few sequences (4), LSTM may not train well
2026-08-23 21:08:22 | WARNING  | co2_forecast | Very few sequences (4), LSTM may not train well
2026-08-23 21:08:22 | WARNING  | co2_forecast | Very few sequences (8), LSTM may not train well
2026-08-23 21:08:22 | WARNING  | co2_forecast | Very few sequences (4), LSTM may not train well
2026-08-23 21:08:22 | WARNING  | co2_forecast | Very few sequences (4), LSTM may not train well
2026-08-23 21:08:22 | WARNING  | co2_forecast | Very few sequences (4), LSTM may not train well
2026-08-23 21:08:22 | WARNING  | co2_forecast | Very few sequences (8), LSTM may not train well
2026-08-23 21:08:22 | WARNING  | co2_forecast | Very few sequences (4), LSTM may not train well
2026-08-23 21:08:22 | WARNING  | co2_forecast | Very few sequences (4), LSTM may not train well
2026-08-23 21:08:22 | WARNING  | co2_forecast | Very few sequences (4), LSTM may not train well
2026-08-23 21:08:23 | WARNING  | co2_forecast | Very few sequences (8), LSTM may not train well
2026-08-23 21:08:23 | WARNING  | co2_forecast | Very few sequences (4), LSTM may not train well
2026-08-23 21:08:23 | WARNING  | co2_forecast | Very few sequences (4), LSTM may not train well
2026-08-23 21:08:23 | WARNING  | co2_forecast | Very few sequences (4), LSTM may not train well
2026-08-23 21:08:23 | WARNING  | co2_forecast | Very few sequences (8), LSTM may not train well
2026-08-23 21:08:23 | WARNING  | co2_forecast | Very few sequences (4), LSTM may not train well
2026-08-23 21:08:23 | WARNING  | co2_forecast | Very few sequences (4), LSTM may not train well
2026-08-23 21:08:23 | WARNING  | co2_forecast | Very few sequences (4), LSTM may not train well
2026-08-23 21:08:23 | WARNING  | co2_forecast | Very few sequences (8), LSTM may not train well
2026-08-23 21:08:23 | WARNING  | co2_forecast | Very few sequences (4), LSTM may not train well
2026-08-23 21:08:23 | WARNING  | co2_forecast | Very few sequences (4), LSTM may not train well
2026-08-23 21:08:23 | WARNING  | co2_forecast | Very few sequences (4), LSTM may not train well
2026-08-23 21:08:23 | WARNING  | co2_forecast | Very few sequences (8), LSTM may not train well
2026-08-23 21:08:23 | WARNING  | co2_forecast | Very few sequences (4), LSTM may not train well
2026-08-23 21:08:23 | WARNING  | co2_forecast | Very few sequences (4), LSTM may not train well
2026-08-23 21:08:24 | WARNING  | co2_forecast | Very few sequences (3), LSTM may not train well
2026-08-23 21:08:24 | WARNING  | co2_forecast | Very few sequences (7), LSTM may not train well
2026-08-23 21:08:24 | WARNING  | co2_forecast | Very few sequences (3), LSTM may not train well
2026-08-23 21:08:24 | WARNING  | co2_forecast | Very few sequences (3), LSTM may not train well
2026-08-23 21:08:24 | WARNING  | co2_forecast | Very few sequences (4), LSTM may not train well
2026-08-23 21:08:24 | WARNING  | co2_forecast | Very few sequences (8), LSTM may not train well
2026-08-23 21:08:24 | WARNING  | co2_forecast | Very few sequences (4), LSTM may not train well
2026-08-23 21:08:24 | WARNING  | co2_forecast | Very few sequences (4), LSTM may not train well
2026-08-23 21:08:24 | WARNING  | co2_forecast | Very few sequences (4), LSTM may not train well
2026-08-23 21:08:24 | WARNING  | co2_forecast | Very few sequences (8), LSTM may not train well
2026-08-23 21:08:24 | WARNING  | co2_forecast | Very few sequences (4), LSTM may not train well
2026-08-23 21:08:24 | WARNING  | co2_forecast | Very few sequences (4), LSTM may not train well
2026-08-23 21:08:25 | WARNING  | co2_forecast | Very few sequences (4), LSTM may not train well
2026-08-23 21:08:25 | WARNING  | co2_forecast | Very few sequences (8), LSTM may not train well
2026-08-23 21:08:25 | WARNING  | co2_forecast | Very few sequences (4), LSTM may not train well
2026-08-23 21:08:25 | WARNING  | co2_forecast | Very few sequences (4), LSTM may not train well
2026-08-23 21:08:25 | WARNING  | co2_forecast | Very few sequences (4), LSTM may not train well
2026-08-23 21:08:25 | WARNING  | co2_forecast | Very few sequences (8), LSTM may not train well
2026-08-23 21:08:25 | WARNING  | co2_forecast | Very few sequences (4), LSTM may not train well
2026-08-23 21:08:25 | WARNING  | co2_forecast | Very few sequences (4), LSTM may not train well
2026-08-23 21:08:25 | WARNING  | co2_forecast | Very few sequences (4), LSTM may not train well
2026-08-23 21:08:25 | WARNING  | co2_forecast | Very few sequences (8), LSTM may not train well
2026-08-23 21:08:25 | WARNING  | co2_forecast | Very few sequences (4), LSTM may not train well
2026-08-23 21:08:25 | WARNING  | co2_forecast | Very few sequences (4), LSTM may not train well
2026-08-23 21:08:25 | WARNING  | co2_forecast | Very few sequences (4), LSTM may not train well
2026-08-23 21:08:25 | WARNING  | co2_forecast | Very few sequences (8), LSTM may not train well
2026-08-23 21:08:25 | WARNING  | co2_forecast | Very few sequences (4), LSTM may not train well
2026-08-23 21:08:26 | WARNING  | co2_forecast | Very few sequences (4), LSTM may not train well
2026-08-23 21:08:26 | WARNING  | co2_forecast | Very few sequences (4), LSTM may not train well
2026-08-23 21:08:26 | WARNING  | co2_forecast | Very few sequences (8), LSTM may not train well
2026-08-23 21:08:26 | WARNING  | co2_forecast | Very few sequences (4), LSTM may not train well
2026-08-23 21:08:26 | WARNING  | co2_forecast | Very few sequences (4), LSTM may not train well
2026-08-23 21:08:26 | WARNING  | co2_forecast | Very few sequences (3), LSTM may not train well
2026-08-23 21:08:26 | WARNING  | co2_forecast | Very few sequences (7), LSTM may not train well
2026-08-23 21:08:26 | WARNING  | co2_forecast | Very few sequences (3), LSTM may not train well
2026-08-23 21:08:26 | WARNING  | co2_forecast | Very few sequences (3), LSTM may not train well
2026-08-23 21:08:26 | WARNING  | co2_forecast | Very few sequences (4), LSTM may not train well
2026-08-23 21:08:26 | WARNING  | co2_forecast | Very few sequences (8), LSTM may not train well
2026-08-23 21:08:27 | WARNING  | co2_forecast | Very few sequences (4), LSTM may not train well
2026-08-23 21:08:27 | WARNING  | co2_forecast | Very few sequences (4), LSTM may not train well
2026-08-23 21:08:27 | WARNING  | co2_forecast | Very few sequences (4), LSTM may not train well
2026-08-23 21:08:27 | WARNING  | co2_forecast | Very few sequences (8), LSTM may not train well
2026-08-23 21:08:27 | WARNING  | co2_forecast | Very few sequences (4), LSTM may not train well
2026-08-23 21:08:27 | WARNING  | co2_forecast | Very few sequences (4), LSTM may not train well
2026-08-23 21:08:27 | WARNING  | co2_forecast | Very few sequences (4), LSTM may not train well
2026-08-23 21:08:27 | WARNING  | co2_forecast | Very few sequences (8), LSTM may not train well
2026-08-23 21:08:27 | WARNING  | co2_forecast | Very few sequences (4), LSTM may not train well
2026-08-23 21:08:27 | WARNING  | co2_forecast | Very few sequences (4), LSTM may not train well
2026-08-23 21:08:27 | WARNING  | co2_forecast | Very few sequences (4), LSTM may not train well
2026-08-23 21:08:27 | WARNING  | co2_forecast | Very few sequences (8), LSTM may not train well
2026-08-23 21:08:27 | WARNING  | co2_forecast | Very few sequences (4), LSTM may not train well
2026-08-23 21:08:27 | WARNING  | co2_forecast | Very few sequences (4), LSTM may not train well
2026-08-23 21:08:27 | WARNING  | co2_forecast | Very few sequences (4), LSTM may not train well
2026-08-23 21:08:28 | WARNING  | co2_forecast | Very few sequences (8), LSTM may not train well
2026-08-23 21:08:28 | WARNING  | co2_forecast | Very few sequences (4), LSTM may not train well
2026-08-23 21:08:28 | WARNING  | co2_forecast | Very few sequences (4), LSTM may not train well
2026-08-23 21:08:28 | WARNING  | co2_forecast | Very few sequences (4), LSTM may not train well
2026-08-23 21:08:28 | WARNING  | co2_forecast | Very few sequences (8), LSTM may not train well
2026-08-23 21:08:28 | WARNING  | co2_forecast | Very few sequences (4), LSTM may not train well
2026-08-23 21:08:28 | WARNING  | co2_forecast | Very few sequences (4), LSTM may not train well
2026-08-23 21:08:28 | WARNING  | co2_forecast | Very few sequences (4), LSTM may not train well
2026-08-23 21:08:28 | WARNING  | co2_forecast | Very few sequences (8), LSTM may not train well
2026-08-23 21:08:28 | WARNING  | co2_forecast | Very few sequences (4), LSTM may not train well
2026-08-23 21:08:28 | WARNING  | co2_forecast | Very few sequences (4), LSTM may not train well
2026-08-23 21:08:28 | WARNING  | co2_forecast | Very few sequences (3), LSTM may not train well
2026-08-23 21:08:28 | WARNING  | co2_forecast | Very few sequences (7), LSTM may not train well
2026-08-23 21:08:29 | WARNING  | co2_forecast | Very few sequences (3), LSTM may not train well
2026-08-23 21:08:29 | WARNING  | co2_forecast | Very few sequences (3), LSTM may not train well
2026-08-23 21:08:29 | WARNING  | co2_forecast | Very few sequences (4), LSTM may not train well
2026-08-23 21:08:29 | WARNING  | co2_forecast | Very few sequences (8), LSTM may not train well
2026-08-23 21:08:29 | WARNING  | co2_forecast | Very few sequences (4), LSTM may not train well
2026-08-23 21:08:29 | WARNING  | co2_forecast | Very few sequences (4), LSTM may not train well
2026-08-23 21:08:29 | WARNING  | co2_forecast | Very few sequences (4), LSTM may not train well
2026-08-23 21:08:29 | WARNING  | co2_forecast | Very few sequences (8), LSTM may not train well
2026-08-23 21:08:29 | WARNING  | co2_forecast | Very few sequences (4), LSTM may not train well
2026-08-23 21:08:29 | WARNING  | co2_forecast | Very few sequences (4), LSTM may not train well
2026-08-23 21:08:29 | WARNING  | co2_forecast | Very few sequences (4), LSTM may not train well
2026-08-23 21:08:29 | WARNING  | co2_forecast | Very few sequences (8), LSTM may not train well
2026-08-23 21:08:29 | WARNING  | co2_forecast | Very few sequences (4), LSTM may not train well
2026-08-23 21:08:30 | WARNING  | co2_forecast | Very few sequences (4), LSTM may not train well
2026-08-23 21:08:30 | WARNING  | co2_forecast | Very few sequences (4), LSTM may not train well
2026-08-23 21:08:30 | WARNING  | co2_forecast | Very few sequences (8), LSTM may not train well
2026-08-23 21:08:30 | WARNING  | co2_forecast | Very few sequences (4), LSTM may not train well
2026-08-23 21:08:30 | WARNING  | co2_forecast | Very few sequences (4), LSTM may not train well
2026-08-23 21:08:30 | WARNING  | co2_forecast | Very few sequences (4), LSTM may not train well
2026-08-23 21:08:30 | WARNING  | co2_forecast | Very few sequences (8), LSTM may not train well
2026-08-23 21:08:30 | WARNING  | co2_forecast | Very few sequences (4), LSTM may not train well
2026-08-23 21:08:30 | WARNING  | co2_forecast | Very few sequences (4), LSTM may not train well
2026-08-23 21:08:30 | WARNING  | co2_forecast | Very few sequences (4), LSTM may not train well
2026-08-23 21:08:30 | WARNING  | co2_forecast | Very few sequences (8), LSTM may not train well
2026-08-23 21:08:30 | WARNING  | co2_forecast | Very few sequences (4), LSTM may not train well
2026-08-23 21:08:30 | WARNING  | co2_forecast | Very few sequences (4), LSTM may not train well
2026-08-23 21:08:30 | WARNING  | co2_forecast | Very few sequences (4), LSTM may not train well
2026-08-23 21:08:30 | WARNING  | co2_forecast | Very few sequences (8), LSTM may not train well
2026-08-23 21:08:30 | WARNING  | co2_forecast | Very few sequences (4), LSTM may not train well
2026-08-23 21:08:31 | WARNING  | co2_forecast | Very few sequences (4), LSTM may not train well
2026-08-23 21:08:31 | WARNING  | co2_forecast | Very few sequences (3), LSTM may not train well
2026-08-23 21:08:31 | WARNING  | co2_forecast | Very few sequences (7), LSTM may not train well
2026-08-23 21:08:31 | WARNING  | co2_forecast | Very few sequences (3), LSTM may not train well
2026-08-23 21:08:31 | WARNING  | co2_forecast | Very few sequences (3), LSTM may not train well
2026-08-23 21:08:31 | INFO     | co2_forecast |   Iteration 9: Best fitness = 0.765511
2026-08-23 21:08:31 | INFO     | co2_forecast | PSO complete. Best fitness: 0.765511
2026-08-23 21:08:31 | INFO     | co2_forecast |   Best params: {'lookback': 4, 'hidden_size': 16, 'num_layers': 2, 'dropout': 0.1004735704260035, 'learning_rate': 0.00020655742677468114, 'batch_size': 32}
2026-08-23 21:08:31 | INFO     | co2_forecast |   Best fitness: 0.765511
2026-08-23 21:08:31 | INFO     | co2_forecast | [A1/panel2_common_period/all_features/lstm] sweep tuning: best_params={'lookback': 4, 'hidden_size': 16, 'num_layers': 2, 'dropout': 0.1004735704260035, 'learning_rate': 0.00020655742677468114, 'batch_size': 32}
2026-08-23 21:08:33 | INFO     | co2_forecast |   -> weighted_mase=1.0232933600118486, runtime=29.8s
2026-08-23 21:08:33 | INFO     | co2_forecast | Stream A cell: A2/ridge (19 features, 28 rows)
2026-08-23 21:08:33 | INFO     | co2_forecast | Creating walk-forward splits for 16 valid samples
2026-08-23 21:08:33 | INFO     | co2_forecast | Created 4 CV folds across horizons [1, 2, 4]
2026-08-23 21:08:33 | INFO     | co2_forecast | Built tuning CV plan: 4 folds from 16 rows before 2022-Q%q (evaluation cutoff) - isolation OK (max tuning date 2021-Q%q)
2026-08-23 21:08:33 | INFO     | co2_forecast | Optimizing ridge...
2026-08-23 21:08:33 | INFO     | co2_forecast | Starting PSO: 8 particles, 10 iterations
2026-08-23 21:08:33 | INFO     | co2_forecast |   Iteration 0: Best fitness = 2.081342
2026-08-23 21:08:33 | INFO     | co2_forecast |   Iteration 5: Best fitness = 1.842993
2026-08-23 21:08:33 | INFO     | co2_forecast |   Iteration 9: Best fitness = 1.842993
2026-08-23 21:08:33 | INFO     | co2_forecast | PSO complete. Best fitness: 1.842993
2026-08-23 21:08:33 | INFO     | co2_forecast |   Best params: {'alpha': 100.0}
2026-08-23 21:08:33 | INFO     | co2_forecast |   Best fitness: 1.842993
2026-08-23 21:08:33 | INFO     | co2_forecast | [A2/panel2_common_period/all_features/ridge] sweep tuning: best_params={'alpha': 100.0}
2026-08-23 21:08:33 | INFO     | co2_forecast |   -> weighted_mase=0.693615661374707, runtime=0.3s
2026-08-23 21:08:33 | INFO     | co2_forecast | Stream A cell: A2/random_forest (19 features, 28 rows)
2026-08-23 21:08:33 | INFO     | co2_forecast | Creating walk-forward splits for 16 valid samples
2026-08-23 21:08:33 | INFO     | co2_forecast | Created 4 CV folds across horizons [1, 2, 4]
2026-08-23 21:08:33 | INFO     | co2_forecast | Built tuning CV plan: 4 folds from 16 rows before 2022-Q%q (evaluation cutoff) - isolation OK (max tuning date 2021-Q%q)
2026-08-23 21:08:33 | INFO     | co2_forecast | Optimizing random_forest...
2026-08-23 21:08:33 | INFO     | co2_forecast | Starting PSO: 8 particles, 10 iterations
2026-08-23 21:08:39 | INFO     | co2_forecast |   Iteration 0: Best fitness = 0.667519
2026-08-23 21:08:55 | INFO     | co2_forecast |   Iteration 5: Best fitness = 0.332790
2026-08-23 21:09:09 | INFO     | co2_forecast |   Iteration 9: Best fitness = 0.327510
2026-08-23 21:09:09 | INFO     | co2_forecast | PSO complete. Best fitness: 0.327510
2026-08-23 21:09:09 | INFO     | co2_forecast |   Best params: {'n_estimators': 68, 'max_depth': 3, 'min_samples_split': 2, 'min_samples_leaf': 1}
2026-08-23 21:09:09 | INFO     | co2_forecast |   Best fitness: 0.327510
2026-08-23 21:09:09 | INFO     | co2_forecast | [A2/panel2_common_period/all_features/random_forest] sweep tuning: best_params={'n_estimators': 68, 'max_depth': 3, 'min_samples_split': 2, 'min_samples_leaf': 1}
2026-08-23 21:09:10 | INFO     | co2_forecast |   -> weighted_mase=0.7587734067531224, runtime=36.7s
2026-08-23 21:09:10 | INFO     | co2_forecast | Stream A cell: A2/catboost (19 features, 28 rows)
2026-08-23 21:09:10 | INFO     | co2_forecast | Creating walk-forward splits for 16 valid samples
2026-08-23 21:09:10 | INFO     | co2_forecast | Created 4 CV folds across horizons [1, 2, 4]
2026-08-23 21:09:10 | INFO     | co2_forecast | Built tuning CV plan: 4 folds from 16 rows before 2022-Q%q (evaluation cutoff) - isolation OK (max tuning date 2021-Q%q)
2026-08-23 21:09:10 | INFO     | co2_forecast | Optimizing catboost...
2026-08-23 21:09:10 | INFO     | co2_forecast | Starting PSO: 8 particles, 10 iterations
2026-08-23 21:09:47 | INFO     | co2_forecast |   Iteration 0: Best fitness = 0.280512
2026-08-23 21:13:02 | INFO     | co2_forecast |   Iteration 5: Best fitness = 0.190346
2026-08-23 21:15:48 | INFO     | co2_forecast |   Iteration 9: Best fitness = 0.179683
2026-08-23 21:15:48 | INFO     | co2_forecast | PSO complete. Best fitness: 0.179683
2026-08-23 21:15:48 | INFO     | co2_forecast |   Best params: {'iterations': 260, 'learning_rate': 0.16749989075559502, 'depth': 3, 'l2_leaf_reg': 1.4573231139779779}
2026-08-23 21:15:48 | INFO     | co2_forecast |   Best fitness: 0.179683
2026-08-23 21:15:48 | INFO     | co2_forecast | [A2/panel2_common_period/all_features/catboost] sweep tuning: best_params={'iterations': 260, 'learning_rate': 0.16749989075559502, 'depth': 3, 'l2_leaf_reg': 1.4573231139779779}
2026-08-23 21:15:58 | INFO     | co2_forecast |   -> weighted_mase=0.73104154783291, runtime=407.8s
2026-08-23 21:15:58 | INFO     | co2_forecast | Stream A cell: A2/lightgbm (19 features, 28 rows)
2026-08-23 21:15:58 | INFO     | co2_forecast | Creating walk-forward splits for 16 valid samples
2026-08-23 21:15:58 | INFO     | co2_forecast | Created 4 CV folds across horizons [1, 2, 4]
2026-08-23 21:15:58 | INFO     | co2_forecast | Built tuning CV plan: 4 folds from 16 rows before 2022-Q%q (evaluation cutoff) - isolation OK (max tuning date 2021-Q%q)
2026-08-23 21:15:58 | INFO     | co2_forecast | Optimizing lightgbm...
2026-08-23 21:15:58 | INFO     | co2_forecast | Starting PSO: 8 particles, 10 iterations
2026-08-23 21:15:58 | INFO     | co2_forecast |   Iteration 0: Best fitness = 0.768990
2026-08-23 21:15:58 | INFO     | co2_forecast |   Iteration 5: Best fitness = 0.605532
2026-08-23 21:15:59 | INFO     | co2_forecast |   Iteration 9: Best fitness = 0.605532
2026-08-23 21:15:59 | INFO     | co2_forecast | PSO complete. Best fitness: 0.605532
2026-08-23 21:15:59 | INFO     | co2_forecast |   Best params: {'n_estimators': 103, 'learning_rate': 0.2971560289648719, 'num_leaves': 124, 'max_depth': 9, 'min_child_samples': 5, 'reg_alpha': 0.001, 'reg_lambda': 0.24577535119141014}
2026-08-23 21:15:59 | INFO     | co2_forecast |   Best fitness: 0.605532
2026-08-23 21:15:59 | INFO     | co2_forecast | [A2/panel2_common_period/all_features/lightgbm] sweep tuning: best_params={'n_estimators': 103, 'learning_rate': 0.2971560289648719, 'num_leaves': 124, 'max_depth': 9, 'min_child_samples': 5, 'reg_alpha': 0.001, 'reg_lambda': 0.24577535119141014}
2026-08-23 21:15:59 | INFO     | co2_forecast |   -> weighted_mase=1.0061935042533556, runtime=1.4s
2026-08-23 21:15:59 | INFO     | co2_forecast | Stream A cell: A2/lstm (19 features, 28 rows)
2026-08-23 21:15:59 | INFO     | co2_forecast | Creating walk-forward splits for 16 valid samples
2026-08-23 21:15:59 | INFO     | co2_forecast | Created 4 CV folds across horizons [1, 2, 4]
2026-08-23 21:15:59 | INFO     | co2_forecast | Built tuning CV plan: 4 folds from 16 rows before 2022-Q%q (evaluation cutoff) - isolation OK (max tuning date 2021-Q%q)
2026-08-23 21:15:59 | INFO     | co2_forecast | Optimizing lstm...
2026-08-23 21:15:59 | INFO     | co2_forecast | Starting PSO: 8 particles, 10 iterations
2026-08-23 21:15:59 | WARNING  | co2_forecast | Model training failed with params {'lookback': 7, 'hidden_size': 62, 'num_layers': 2, 'dropout': 0.3394633936788146, 'learning_rate': 0.0016445845403801217, 'batch_size': 8}: LSTM.fit: training data has 8 rows, giving only 1 sequence(s) with lookback=7; at least 2 are required (one is always reserved for validation). Reduce lookback or provide more training history.
2026-08-23 21:15:59 | WARNING  | co2_forecast | Model training failed with params {'lookback': 11, 'hidden_size': 26, 'num_layers': 1, 'dropout': 0.17336180394137352, 'learning_rate': 0.0031119982052994237, 'batch_size': 16}: LSTM.fit: training data has 8 rows, giving only 0 sequence(s) with lookback=11; at least 2 are required (one is always reserved for validation). Reduce lookback or provide more training history.
2026-08-23 21:15:59 | WARNING  | co2_forecast | Model training failed with params {'lookback': 8, 'hidden_size': 54, 'num_layers': 1, 'dropout': 0.3056937753654446, 'learning_rate': 0.005964904231734221, 'batch_size': 8}: LSTM.fit: training data has 8 rows, giving only 0 sequence(s) with lookback=8; at least 2 are required (one is always reserved for validation). Reduce lookback or provide more training history.
2026-08-23 21:15:59 | WARNING  | co2_forecast | Very few sequences (2), LSTM may not train well
2026-08-23 21:15:59 | WARNING  | co2_forecast | Very few sequences (6), LSTM may not train well
2026-08-23 21:16:00 | WARNING  | co2_forecast | Very few sequences (2), LSTM may not train well
2026-08-23 21:16:00 | WARNING  | co2_forecast | Very few sequences (2), LSTM may not train well
2026-08-23 21:16:00 | WARNING  | co2_forecast | Model training failed with params {'lookback': 8, 'hidden_size': 25, 'num_layers': 2, 'dropout': 0.4100531293444458, 'learning_rate': 0.009401039521485473, 'batch_size': 32}: LSTM.fit: training data has 8 rows, giving only 0 sequence(s) with lookback=8; at least 2 are required (one is always reserved for validation). Reduce lookback or provide more training history.
2026-08-23 21:16:00 | WARNING  | co2_forecast | Model training failed with params {'lookback': 7, 'hidden_size': 29, 'num_layers': 2, 'dropout': 0.2427013306774357, 'learning_rate': 0.0028812516459050695, 'batch_size': 16}: LSTM.fit: training data has 8 rows, giving only 1 sequence(s) with lookback=7; at least 2 are required (one is always reserved for validation). Reduce lookback or provide more training history.
2026-08-23 21:16:00 | WARNING  | co2_forecast | Very few sequences (4), LSTM may not train well
2026-08-23 21:16:00 | WARNING  | co2_forecast | Very few sequences (8), LSTM may not train well
2026-08-23 21:16:00 | WARNING  | co2_forecast | Very few sequences (4), LSTM may not train well
2026-08-23 21:16:00 | WARNING  | co2_forecast | Very few sequences (4), LSTM may not train well
2026-08-23 21:16:01 | WARNING  | co2_forecast | Very few sequences (2), LSTM may not train well
2026-08-23 21:16:01 | WARNING  | co2_forecast | Very few sequences (6), LSTM may not train well
2026-08-23 21:16:01 | WARNING  | co2_forecast | Very few sequences (2), LSTM may not train well
2026-08-23 21:16:01 | WARNING  | co2_forecast | Very few sequences (2), LSTM may not train well
2026-08-23 21:16:01 | INFO     | co2_forecast |   Iteration 0: Best fitness = 0.864712
2026-08-23 21:16:01 | WARNING  | co2_forecast | Very few sequences (4), LSTM may not train well
2026-08-23 21:16:01 | WARNING  | co2_forecast | Very few sequences (8), LSTM may not train well
2026-08-23 21:16:01 | WARNING  | co2_forecast | Very few sequences (4), LSTM may not train well
2026-08-23 21:16:01 | WARNING  | co2_forecast | Very few sequences (4), LSTM may not train well
2026-08-23 21:16:01 | WARNING  | co2_forecast | Very few sequences (3), LSTM may not train well
2026-08-23 21:16:02 | WARNING  | co2_forecast | Very few sequences (7), LSTM may not train well
2026-08-23 21:16:02 | WARNING  | co2_forecast | Very few sequences (3), LSTM may not train well
2026-08-23 21:16:02 | WARNING  | co2_forecast | Very few sequences (3), LSTM may not train well
2026-08-23 21:16:02 | WARNING  | co2_forecast | Model training failed with params {'lookback': 7, 'hidden_size': 52, 'num_layers': 1, 'dropout': 0.3509333868153429, 'learning_rate': 0.007024592970449884, 'batch_size': 8}: LSTM.fit: training data has 8 rows, giving only 1 sequence(s) with lookback=7; at least 2 are required (one is always reserved for validation). Reduce lookback or provide more training history.
2026-08-23 21:16:02 | WARNING  | co2_forecast | Very few sequences (4), LSTM may not train well
2026-08-23 21:16:02 | WARNING  | co2_forecast | Very few sequences (8), LSTM may not train well
2026-08-23 21:16:02 | WARNING  | co2_forecast | Very few sequences (4), LSTM may not train well
2026-08-23 21:16:02 | WARNING  | co2_forecast | Very few sequences (4), LSTM may not train well
2026-08-23 21:16:03 | WARNING  | co2_forecast | Very few sequences (4), LSTM may not train well
2026-08-23 21:16:03 | WARNING  | co2_forecast | Very few sequences (8), LSTM may not train well
2026-08-23 21:16:03 | WARNING  | co2_forecast | Very few sequences (4), LSTM may not train well
2026-08-23 21:16:03 | WARNING  | co2_forecast | Very few sequences (4), LSTM may not train well
2026-08-23 21:16:03 | WARNING  | co2_forecast | Very few sequences (4), LSTM may not train well
2026-08-23 21:16:03 | WARNING  | co2_forecast | Very few sequences (8), LSTM may not train well
2026-08-23 21:16:03 | WARNING  | co2_forecast | Very few sequences (4), LSTM may not train well
2026-08-23 21:16:03 | WARNING  | co2_forecast | Very few sequences (4), LSTM may not train well
2026-08-23 21:16:03 | WARNING  | co2_forecast | Very few sequences (4), LSTM may not train well
2026-08-23 21:16:04 | WARNING  | co2_forecast | Very few sequences (8), LSTM may not train well
2026-08-23 21:16:04 | WARNING  | co2_forecast | Very few sequences (4), LSTM may not train well
2026-08-23 21:16:04 | WARNING  | co2_forecast | Very few sequences (4), LSTM may not train well
2026-08-23 21:16:04 | WARNING  | co2_forecast | Very few sequences (3), LSTM may not train well
2026-08-23 21:16:04 | WARNING  | co2_forecast | Very few sequences (7), LSTM may not train well
2026-08-23 21:16:04 | WARNING  | co2_forecast | Very few sequences (3), LSTM may not train well
2026-08-23 21:16:04 | WARNING  | co2_forecast | Very few sequences (3), LSTM may not train well
2026-08-23 21:16:04 | WARNING  | co2_forecast | Very few sequences (4), LSTM may not train well
2026-08-23 21:16:04 | WARNING  | co2_forecast | Very few sequences (8), LSTM may not train well
2026-08-23 21:16:05 | WARNING  | co2_forecast | Very few sequences (4), LSTM may not train well
2026-08-23 21:16:05 | WARNING  | co2_forecast | Very few sequences (4), LSTM may not train well
2026-08-23 21:16:05 | WARNING  | co2_forecast | Very few sequences (4), LSTM may not train well
2026-08-23 21:16:05 | WARNING  | co2_forecast | Very few sequences (8), LSTM may not train well
2026-08-23 21:16:05 | WARNING  | co2_forecast | Very few sequences (4), LSTM may not train well
2026-08-23 21:16:05 | WARNING  | co2_forecast | Very few sequences (4), LSTM may not train well
2026-08-23 21:16:05 | WARNING  | co2_forecast | Very few sequences (2), LSTM may not train well
2026-08-23 21:16:05 | WARNING  | co2_forecast | Very few sequences (6), LSTM may not train well
2026-08-23 21:16:05 | WARNING  | co2_forecast | Very few sequences (2), LSTM may not train well
2026-08-23 21:16:05 | WARNING  | co2_forecast | Very few sequences (2), LSTM may not train well
2026-08-23 21:16:06 | WARNING  | co2_forecast | Very few sequences (4), LSTM may not train well
2026-08-23 21:16:06 | WARNING  | co2_forecast | Very few sequences (8), LSTM may not train well
2026-08-23 21:16:06 | WARNING  | co2_forecast | Very few sequences (4), LSTM may not train well
2026-08-23 21:16:06 | WARNING  | co2_forecast | Very few sequences (4), LSTM may not train well
2026-08-23 21:16:06 | WARNING  | co2_forecast | Very few sequences (4), LSTM may not train well
2026-08-23 21:16:06 | WARNING  | co2_forecast | Very few sequences (8), LSTM may not train well
2026-08-23 21:16:06 | WARNING  | co2_forecast | Very few sequences (4), LSTM may not train well
2026-08-23 21:16:06 | WARNING  | co2_forecast | Very few sequences (4), LSTM may not train well
2026-08-23 21:16:07 | WARNING  | co2_forecast | Very few sequences (4), LSTM may not train well
2026-08-23 21:16:07 | WARNING  | co2_forecast | Very few sequences (8), LSTM may not train well
2026-08-23 21:16:07 | WARNING  | co2_forecast | Very few sequences (4), LSTM may not train well
2026-08-23 21:16:07 | WARNING  | co2_forecast | Very few sequences (4), LSTM may not train well
2026-08-23 21:16:07 | WARNING  | co2_forecast | Very few sequences (4), LSTM may not train well
2026-08-23 21:16:07 | WARNING  | co2_forecast | Very few sequences (8), LSTM may not train well
2026-08-23 21:16:07 | WARNING  | co2_forecast | Very few sequences (4), LSTM may not train well
2026-08-23 21:16:07 | WARNING  | co2_forecast | Very few sequences (4), LSTM may not train well
2026-08-23 21:16:07 | WARNING  | co2_forecast | Very few sequences (4), LSTM may not train well
2026-08-23 21:16:08 | WARNING  | co2_forecast | Very few sequences (8), LSTM may not train well
2026-08-23 21:16:08 | WARNING  | co2_forecast | Very few sequences (4), LSTM may not train well
2026-08-23 21:16:08 | WARNING  | co2_forecast | Very few sequences (4), LSTM may not train well
2026-08-23 21:16:08 | WARNING  | co2_forecast | Very few sequences (3), LSTM may not train well
2026-08-23 21:16:08 | WARNING  | co2_forecast | Very few sequences (7), LSTM may not train well
2026-08-23 21:16:08 | WARNING  | co2_forecast | Very few sequences (3), LSTM may not train well
2026-08-23 21:16:08 | WARNING  | co2_forecast | Very few sequences (3), LSTM may not train well
2026-08-23 21:16:08 | WARNING  | co2_forecast | Very few sequences (4), LSTM may not train well
2026-08-23 21:16:08 | WARNING  | co2_forecast | Very few sequences (8), LSTM may not train well
2026-08-23 21:16:08 | WARNING  | co2_forecast | Very few sequences (4), LSTM may not train well
2026-08-23 21:16:09 | WARNING  | co2_forecast | Very few sequences (4), LSTM may not train well
2026-08-23 21:16:09 | WARNING  | co2_forecast | Very few sequences (3), LSTM may not train well
2026-08-23 21:16:09 | WARNING  | co2_forecast | Very few sequences (7), LSTM may not train well
2026-08-23 21:16:09 | WARNING  | co2_forecast | Very few sequences (3), LSTM may not train well
2026-08-23 21:16:09 | WARNING  | co2_forecast | Very few sequences (3), LSTM may not train well
2026-08-23 21:16:09 | WARNING  | co2_forecast | Very few sequences (3), LSTM may not train well
2026-08-23 21:16:09 | WARNING  | co2_forecast | Very few sequences (7), LSTM may not train well
2026-08-23 21:16:09 | WARNING  | co2_forecast | Very few sequences (3), LSTM may not train well
2026-08-23 21:16:09 | WARNING  | co2_forecast | Very few sequences (3), LSTM may not train well
2026-08-23 21:16:09 | WARNING  | co2_forecast | Very few sequences (4), LSTM may not train well
2026-08-23 21:16:09 | WARNING  | co2_forecast | Very few sequences (8), LSTM may not train well
2026-08-23 21:16:09 | WARNING  | co2_forecast | Very few sequences (4), LSTM may not train well
2026-08-23 21:16:09 | WARNING  | co2_forecast | Very few sequences (4), LSTM may not train well
2026-08-23 21:16:10 | WARNING  | co2_forecast | Very few sequences (3), LSTM may not train well
2026-08-23 21:16:10 | WARNING  | co2_forecast | Very few sequences (7), LSTM may not train well
2026-08-23 21:16:10 | WARNING  | co2_forecast | Very few sequences (3), LSTM may not train well
2026-08-23 21:16:10 | WARNING  | co2_forecast | Very few sequences (3), LSTM may not train well
2026-08-23 21:16:10 | WARNING  | co2_forecast | Very few sequences (3), LSTM may not train well
2026-08-23 21:16:10 | WARNING  | co2_forecast | Very few sequences (7), LSTM may not train well
2026-08-23 21:16:10 | WARNING  | co2_forecast | Very few sequences (3), LSTM may not train well
2026-08-23 21:16:10 | WARNING  | co2_forecast | Very few sequences (3), LSTM may not train well
2026-08-23 21:16:10 | WARNING  | co2_forecast | Very few sequences (4), LSTM may not train well
2026-08-23 21:16:10 | WARNING  | co2_forecast | Very few sequences (8), LSTM may not train well
2026-08-23 21:16:11 | WARNING  | co2_forecast | Very few sequences (4), LSTM may not train well
2026-08-23 21:16:11 | WARNING  | co2_forecast | Very few sequences (4), LSTM may not train well
2026-08-23 21:16:11 | WARNING  | co2_forecast | Very few sequences (4), LSTM may not train well
2026-08-23 21:16:11 | WARNING  | co2_forecast | Very few sequences (8), LSTM may not train well
2026-08-23 21:16:11 | WARNING  | co2_forecast | Very few sequences (4), LSTM may not train well
2026-08-23 21:16:11 | WARNING  | co2_forecast | Very few sequences (4), LSTM may not train well
2026-08-23 21:16:11 | WARNING  | co2_forecast | Very few sequences (4), LSTM may not train well
2026-08-23 21:16:11 | WARNING  | co2_forecast | Very few sequences (8), LSTM may not train well
2026-08-23 21:16:11 | WARNING  | co2_forecast | Very few sequences (4), LSTM may not train well
2026-08-23 21:16:12 | WARNING  | co2_forecast | Very few sequences (4), LSTM may not train well
2026-08-23 21:16:12 | WARNING  | co2_forecast | Very few sequences (4), LSTM may not train well
2026-08-23 21:16:12 | WARNING  | co2_forecast | Very few sequences (8), LSTM may not train well
2026-08-23 21:16:12 | WARNING  | co2_forecast | Very few sequences (4), LSTM may not train well
2026-08-23 21:16:12 | WARNING  | co2_forecast | Very few sequences (4), LSTM may not train well
2026-08-23 21:16:12 | WARNING  | co2_forecast | Very few sequences (4), LSTM may not train well
2026-08-23 21:16:12 | WARNING  | co2_forecast | Very few sequences (8), LSTM may not train well
2026-08-23 21:16:12 | WARNING  | co2_forecast | Very few sequences (4), LSTM may not train well
2026-08-23 21:16:12 | WARNING  | co2_forecast | Very few sequences (4), LSTM may not train well
2026-08-23 21:16:12 | WARNING  | co2_forecast | Very few sequences (4), LSTM may not train well
2026-08-23 21:16:12 | WARNING  | co2_forecast | Very few sequences (8), LSTM may not train well
2026-08-23 21:16:12 | WARNING  | co2_forecast | Very few sequences (4), LSTM may not train well
2026-08-23 21:16:13 | WARNING  | co2_forecast | Very few sequences (4), LSTM may not train well
2026-08-23 21:16:13 | WARNING  | co2_forecast | Very few sequences (4), LSTM may not train well
2026-08-23 21:16:13 | WARNING  | co2_forecast | Very few sequences (8), LSTM may not train well
2026-08-23 21:16:13 | WARNING  | co2_forecast | Very few sequences (4), LSTM may not train well
2026-08-23 21:16:13 | WARNING  | co2_forecast | Very few sequences (4), LSTM may not train well
2026-08-23 21:16:13 | WARNING  | co2_forecast | Very few sequences (4), LSTM may not train well
2026-08-23 21:16:13 | WARNING  | co2_forecast | Very few sequences (8), LSTM may not train well
2026-08-23 21:16:13 | WARNING  | co2_forecast | Very few sequences (4), LSTM may not train well
2026-08-23 21:16:13 | WARNING  | co2_forecast | Very few sequences (4), LSTM may not train well
2026-08-23 21:16:13 | WARNING  | co2_forecast | Very few sequences (4), LSTM may not train well
2026-08-23 21:16:13 | WARNING  | co2_forecast | Very few sequences (8), LSTM may not train well
2026-08-23 21:16:14 | WARNING  | co2_forecast | Very few sequences (4), LSTM may not train well
2026-08-23 21:16:14 | WARNING  | co2_forecast | Very few sequences (4), LSTM may not train well
2026-08-23 21:16:14 | WARNING  | co2_forecast | Very few sequences (4), LSTM may not train well
2026-08-23 21:16:14 | WARNING  | co2_forecast | Very few sequences (8), LSTM may not train well
2026-08-23 21:16:14 | WARNING  | co2_forecast | Very few sequences (4), LSTM may not train well
2026-08-23 21:16:14 | WARNING  | co2_forecast | Very few sequences (4), LSTM may not train well
2026-08-23 21:16:14 | WARNING  | co2_forecast | Very few sequences (4), LSTM may not train well
2026-08-23 21:16:14 | WARNING  | co2_forecast | Very few sequences (8), LSTM may not train well
2026-08-23 21:16:14 | WARNING  | co2_forecast | Very few sequences (4), LSTM may not train well
2026-08-23 21:16:14 | WARNING  | co2_forecast | Very few sequences (4), LSTM may not train well
2026-08-23 21:16:14 | WARNING  | co2_forecast | Very few sequences (4), LSTM may not train well
2026-08-23 21:16:14 | WARNING  | co2_forecast | Very few sequences (8), LSTM may not train well
2026-08-23 21:16:15 | WARNING  | co2_forecast | Very few sequences (4), LSTM may not train well
2026-08-23 21:16:15 | WARNING  | co2_forecast | Very few sequences (4), LSTM may not train well
2026-08-23 21:16:15 | WARNING  | co2_forecast | Very few sequences (4), LSTM may not train well
2026-08-23 21:16:15 | WARNING  | co2_forecast | Very few sequences (8), LSTM may not train well
2026-08-23 21:16:15 | WARNING  | co2_forecast | Very few sequences (4), LSTM may not train well
2026-08-23 21:16:15 | WARNING  | co2_forecast | Very few sequences (4), LSTM may not train well
2026-08-23 21:16:15 | WARNING  | co2_forecast | Very few sequences (4), LSTM may not train well
2026-08-23 21:16:15 | WARNING  | co2_forecast | Very few sequences (8), LSTM may not train well
2026-08-23 21:16:15 | WARNING  | co2_forecast | Very few sequences (4), LSTM may not train well
2026-08-23 21:16:15 | WARNING  | co2_forecast | Very few sequences (4), LSTM may not train well
2026-08-23 21:16:15 | WARNING  | co2_forecast | Very few sequences (4), LSTM may not train well
2026-08-23 21:16:15 | WARNING  | co2_forecast | Very few sequences (8), LSTM may not train well
2026-08-23 21:16:16 | WARNING  | co2_forecast | Very few sequences (4), LSTM may not train well
2026-08-23 21:16:16 | WARNING  | co2_forecast | Very few sequences (4), LSTM may not train well
2026-08-23 21:16:16 | WARNING  | co2_forecast | Very few sequences (4), LSTM may not train well
2026-08-23 21:16:16 | WARNING  | co2_forecast | Very few sequences (8), LSTM may not train well
2026-08-23 21:16:16 | WARNING  | co2_forecast | Very few sequences (4), LSTM may not train well
2026-08-23 21:16:16 | WARNING  | co2_forecast | Very few sequences (4), LSTM may not train well
2026-08-23 21:16:16 | WARNING  | co2_forecast | Very few sequences (4), LSTM may not train well
2026-08-23 21:16:16 | WARNING  | co2_forecast | Very few sequences (8), LSTM may not train well
2026-08-23 21:16:16 | WARNING  | co2_forecast | Very few sequences (4), LSTM may not train well
2026-08-23 21:16:16 | WARNING  | co2_forecast | Very few sequences (4), LSTM may not train well
2026-08-23 21:16:16 | INFO     | co2_forecast |   Iteration 5: Best fitness = 0.424032
2026-08-23 21:16:16 | WARNING  | co2_forecast | Very few sequences (4), LSTM may not train well
2026-08-23 21:16:17 | WARNING  | co2_forecast | Very few sequences (8), LSTM may not train well
2026-08-23 21:16:17 | WARNING  | co2_forecast | Very few sequences (4), LSTM may not train well
2026-08-23 21:16:17 | WARNING  | co2_forecast | Very few sequences (4), LSTM may not train well
2026-08-23 21:16:17 | WARNING  | co2_forecast | Very few sequences (4), LSTM may not train well
2026-08-23 21:16:17 | WARNING  | co2_forecast | Very few sequences (8), LSTM may not train well
2026-08-23 21:16:17 | WARNING  | co2_forecast | Very few sequences (4), LSTM may not train well
2026-08-23 21:16:17 | WARNING  | co2_forecast | Very few sequences (4), LSTM may not train well
2026-08-23 21:16:17 | WARNING  | co2_forecast | Very few sequences (4), LSTM may not train well
2026-08-23 21:16:17 | WARNING  | co2_forecast | Very few sequences (8), LSTM may not train well
2026-08-23 21:16:17 | WARNING  | co2_forecast | Very few sequences (4), LSTM may not train well
2026-08-23 21:16:18 | WARNING  | co2_forecast | Very few sequences (4), LSTM may not train well
2026-08-23 21:16:18 | WARNING  | co2_forecast | Very few sequences (4), LSTM may not train well
2026-08-23 21:16:18 | WARNING  | co2_forecast | Very few sequences (8), LSTM may not train well
2026-08-23 21:16:18 | WARNING  | co2_forecast | Very few sequences (4), LSTM may not train well
2026-08-23 21:16:18 | WARNING  | co2_forecast | Very few sequences (4), LSTM may not train well
2026-08-23 21:16:18 | WARNING  | co2_forecast | Very few sequences (4), LSTM may not train well
2026-08-23 21:16:18 | WARNING  | co2_forecast | Very few sequences (8), LSTM may not train well
2026-08-23 21:16:18 | WARNING  | co2_forecast | Very few sequences (4), LSTM may not train well
2026-08-23 21:16:18 | WARNING  | co2_forecast | Very few sequences (4), LSTM may not train well
2026-08-23 21:16:18 | WARNING  | co2_forecast | Very few sequences (4), LSTM may not train well
2026-08-23 21:16:18 | WARNING  | co2_forecast | Very few sequences (8), LSTM may not train well
2026-08-23 21:16:19 | WARNING  | co2_forecast | Very few sequences (4), LSTM may not train well
2026-08-23 21:16:19 | WARNING  | co2_forecast | Very few sequences (4), LSTM may not train well
2026-08-23 21:16:19 | WARNING  | co2_forecast | Very few sequences (4), LSTM may not train well
2026-08-23 21:16:19 | WARNING  | co2_forecast | Very few sequences (8), LSTM may not train well
2026-08-23 21:16:19 | WARNING  | co2_forecast | Very few sequences (4), LSTM may not train well
2026-08-23 21:16:19 | WARNING  | co2_forecast | Very few sequences (4), LSTM may not train well
2026-08-23 21:16:19 | WARNING  | co2_forecast | Very few sequences (4), LSTM may not train well
2026-08-23 21:16:19 | WARNING  | co2_forecast | Very few sequences (8), LSTM may not train well
2026-08-23 21:16:19 | WARNING  | co2_forecast | Very few sequences (4), LSTM may not train well
2026-08-23 21:16:19 | WARNING  | co2_forecast | Very few sequences (4), LSTM may not train well
2026-08-23 21:16:19 | WARNING  | co2_forecast | Very few sequences (4), LSTM may not train well
2026-08-23 21:16:19 | WARNING  | co2_forecast | Very few sequences (8), LSTM may not train well
2026-08-23 21:16:20 | WARNING  | co2_forecast | Very few sequences (4), LSTM may not train well
2026-08-23 21:16:20 | WARNING  | co2_forecast | Very few sequences (4), LSTM may not train well
2026-08-23 21:16:20 | WARNING  | co2_forecast | Very few sequences (4), LSTM may not train well
2026-08-23 21:16:20 | WARNING  | co2_forecast | Very few sequences (8), LSTM may not train well
2026-08-23 21:16:20 | WARNING  | co2_forecast | Very few sequences (4), LSTM may not train well
2026-08-23 21:16:20 | WARNING  | co2_forecast | Very few sequences (4), LSTM may not train well
2026-08-23 21:16:20 | WARNING  | co2_forecast | Very few sequences (4), LSTM may not train well
2026-08-23 21:16:20 | WARNING  | co2_forecast | Very few sequences (8), LSTM may not train well
2026-08-23 21:16:20 | WARNING  | co2_forecast | Very few sequences (4), LSTM may not train well
2026-08-23 21:16:20 | WARNING  | co2_forecast | Very few sequences (4), LSTM may not train well
2026-08-23 21:16:20 | WARNING  | co2_forecast | Very few sequences (4), LSTM may not train well
2026-08-23 21:16:21 | WARNING  | co2_forecast | Very few sequences (8), LSTM may not train well
2026-08-23 21:16:21 | WARNING  | co2_forecast | Very few sequences (4), LSTM may not train well
2026-08-23 21:16:21 | WARNING  | co2_forecast | Very few sequences (4), LSTM may not train well
2026-08-23 21:16:21 | WARNING  | co2_forecast | Very few sequences (4), LSTM may not train well
2026-08-23 21:16:21 | WARNING  | co2_forecast | Very few sequences (8), LSTM may not train well
2026-08-23 21:16:21 | WARNING  | co2_forecast | Very few sequences (4), LSTM may not train well
2026-08-23 21:16:21 | WARNING  | co2_forecast | Very few sequences (4), LSTM may not train well
2026-08-23 21:16:21 | WARNING  | co2_forecast | Very few sequences (4), LSTM may not train well
2026-08-23 21:16:21 | WARNING  | co2_forecast | Very few sequences (8), LSTM may not train well
2026-08-23 21:16:21 | WARNING  | co2_forecast | Very few sequences (4), LSTM may not train well
2026-08-23 21:16:21 | WARNING  | co2_forecast | Very few sequences (4), LSTM may not train well
2026-08-23 21:16:21 | WARNING  | co2_forecast | Very few sequences (4), LSTM may not train well
2026-08-23 21:16:22 | WARNING  | co2_forecast | Very few sequences (8), LSTM may not train well
2026-08-23 21:16:22 | WARNING  | co2_forecast | Very few sequences (4), LSTM may not train well
2026-08-23 21:16:22 | WARNING  | co2_forecast | Very few sequences (4), LSTM may not train well
2026-08-23 21:16:22 | WARNING  | co2_forecast | Very few sequences (4), LSTM may not train well
2026-08-23 21:16:22 | WARNING  | co2_forecast | Very few sequences (8), LSTM may not train well
2026-08-23 21:16:22 | WARNING  | co2_forecast | Very few sequences (4), LSTM may not train well
2026-08-23 21:16:22 | WARNING  | co2_forecast | Very few sequences (4), LSTM may not train well
2026-08-23 21:16:22 | WARNING  | co2_forecast | Very few sequences (4), LSTM may not train well
2026-08-23 21:16:22 | WARNING  | co2_forecast | Very few sequences (8), LSTM may not train well
2026-08-23 21:16:22 | WARNING  | co2_forecast | Very few sequences (4), LSTM may not train well
2026-08-23 21:16:23 | WARNING  | co2_forecast | Very few sequences (4), LSTM may not train well
2026-08-23 21:16:23 | WARNING  | co2_forecast | Very few sequences (4), LSTM may not train well
2026-08-23 21:16:23 | WARNING  | co2_forecast | Very few sequences (8), LSTM may not train well
2026-08-23 21:16:23 | WARNING  | co2_forecast | Very few sequences (4), LSTM may not train well
2026-08-23 21:16:23 | WARNING  | co2_forecast | Very few sequences (4), LSTM may not train well
2026-08-23 21:16:23 | WARNING  | co2_forecast | Very few sequences (4), LSTM may not train well
2026-08-23 21:16:23 | WARNING  | co2_forecast | Very few sequences (8), LSTM may not train well
2026-08-23 21:16:23 | WARNING  | co2_forecast | Very few sequences (4), LSTM may not train well
2026-08-23 21:16:23 | WARNING  | co2_forecast | Very few sequences (4), LSTM may not train well
2026-08-23 21:16:23 | WARNING  | co2_forecast | Very few sequences (4), LSTM may not train well
2026-08-23 21:16:24 | WARNING  | co2_forecast | Very few sequences (8), LSTM may not train well
2026-08-23 21:16:24 | WARNING  | co2_forecast | Very few sequences (4), LSTM may not train well
2026-08-23 21:16:24 | WARNING  | co2_forecast | Very few sequences (4), LSTM may not train well
2026-08-23 21:16:24 | WARNING  | co2_forecast | Very few sequences (4), LSTM may not train well
2026-08-23 21:16:24 | WARNING  | co2_forecast | Very few sequences (8), LSTM may not train well
2026-08-23 21:16:24 | WARNING  | co2_forecast | Very few sequences (4), LSTM may not train well
2026-08-23 21:16:24 | WARNING  | co2_forecast | Very few sequences (4), LSTM may not train well
2026-08-23 21:16:24 | WARNING  | co2_forecast | Very few sequences (4), LSTM may not train well
2026-08-23 21:16:24 | WARNING  | co2_forecast | Very few sequences (8), LSTM may not train well
2026-08-23 21:16:24 | WARNING  | co2_forecast | Very few sequences (4), LSTM may not train well
2026-08-23 21:16:24 | WARNING  | co2_forecast | Very few sequences (4), LSTM may not train well
2026-08-23 21:16:24 | WARNING  | co2_forecast | Very few sequences (4), LSTM may not train well
2026-08-23 21:16:25 | WARNING  | co2_forecast | Very few sequences (8), LSTM may not train well
2026-08-23 21:16:25 | WARNING  | co2_forecast | Very few sequences (4), LSTM may not train well
2026-08-23 21:16:25 | WARNING  | co2_forecast | Very few sequences (4), LSTM may not train well
2026-08-23 21:16:25 | WARNING  | co2_forecast | Very few sequences (4), LSTM may not train well
2026-08-23 21:16:25 | WARNING  | co2_forecast | Very few sequences (8), LSTM may not train well
2026-08-23 21:16:25 | WARNING  | co2_forecast | Very few sequences (4), LSTM may not train well
2026-08-23 21:16:25 | WARNING  | co2_forecast | Very few sequences (4), LSTM may not train well
2026-08-23 21:16:25 | WARNING  | co2_forecast | Very few sequences (4), LSTM may not train well
2026-08-23 21:16:25 | WARNING  | co2_forecast | Very few sequences (8), LSTM may not train well
2026-08-23 21:16:25 | WARNING  | co2_forecast | Very few sequences (4), LSTM may not train well
2026-08-23 21:16:26 | WARNING  | co2_forecast | Very few sequences (4), LSTM may not train well
2026-08-23 21:16:26 | WARNING  | co2_forecast | Very few sequences (4), LSTM may not train well
2026-08-23 21:16:26 | WARNING  | co2_forecast | Very few sequences (8), LSTM may not train well
2026-08-23 21:16:26 | WARNING  | co2_forecast | Very few sequences (4), LSTM may not train well
2026-08-23 21:16:26 | WARNING  | co2_forecast | Very few sequences (4), LSTM may not train well
2026-08-23 21:16:26 | WARNING  | co2_forecast | Very few sequences (4), LSTM may not train well
2026-08-23 21:16:26 | WARNING  | co2_forecast | Very few sequences (8), LSTM may not train well
2026-08-23 21:16:26 | WARNING  | co2_forecast | Very few sequences (4), LSTM may not train well
2026-08-23 21:16:26 | WARNING  | co2_forecast | Very few sequences (4), LSTM may not train well
2026-08-23 21:16:26 | WARNING  | co2_forecast | Very few sequences (4), LSTM may not train well
2026-08-23 21:16:26 | WARNING  | co2_forecast | Very few sequences (8), LSTM may not train well
2026-08-23 21:16:27 | WARNING  | co2_forecast | Very few sequences (4), LSTM may not train well
2026-08-23 21:16:27 | WARNING  | co2_forecast | Very few sequences (4), LSTM may not train well
2026-08-23 21:16:27 | WARNING  | co2_forecast | Very few sequences (4), LSTM may not train well
2026-08-23 21:16:27 | WARNING  | co2_forecast | Very few sequences (8), LSTM may not train well
2026-08-23 21:16:27 | WARNING  | co2_forecast | Very few sequences (4), LSTM may not train well
2026-08-23 21:16:27 | WARNING  | co2_forecast | Very few sequences (4), LSTM may not train well
2026-08-23 21:16:27 | WARNING  | co2_forecast | Very few sequences (4), LSTM may not train well
2026-08-23 21:16:27 | WARNING  | co2_forecast | Very few sequences (8), LSTM may not train well
2026-08-23 21:16:27 | WARNING  | co2_forecast | Very few sequences (4), LSTM may not train well
2026-08-23 21:16:27 | WARNING  | co2_forecast | Very few sequences (4), LSTM may not train well
2026-08-23 21:16:27 | WARNING  | co2_forecast | Very few sequences (4), LSTM may not train well
2026-08-23 21:16:27 | WARNING  | co2_forecast | Very few sequences (8), LSTM may not train well
2026-08-23 21:16:27 | WARNING  | co2_forecast | Very few sequences (4), LSTM may not train well
2026-08-23 21:16:28 | WARNING  | co2_forecast | Very few sequences (4), LSTM may not train well
2026-08-23 21:16:28 | WARNING  | co2_forecast | Very few sequences (4), LSTM may not train well
2026-08-23 21:16:28 | WARNING  | co2_forecast | Very few sequences (8), LSTM may not train well
2026-08-23 21:16:28 | WARNING  | co2_forecast | Very few sequences (4), LSTM may not train well
2026-08-23 21:16:28 | WARNING  | co2_forecast | Very few sequences (4), LSTM may not train well
2026-08-23 21:16:28 | INFO     | co2_forecast |   Iteration 9: Best fitness = 0.416285
2026-08-23 21:16:28 | INFO     | co2_forecast | PSO complete. Best fitness: 0.416285
2026-08-23 21:16:28 | INFO     | co2_forecast |   Best params: {'lookback': 4, 'hidden_size': 58, 'num_layers': 1, 'dropout': 0.40238790249878786, 'learning_rate': 0.008435166829287362, 'batch_size': 8}
2026-08-23 21:16:28 | INFO     | co2_forecast |   Best fitness: 0.416285
2026-08-23 21:16:28 | INFO     | co2_forecast | [A2/panel2_common_period/all_features/lstm] sweep tuning: best_params={'lookback': 4, 'hidden_size': 58, 'num_layers': 1, 'dropout': 0.40238790249878786, 'learning_rate': 0.008435166829287362, 'batch_size': 8}
2026-08-23 21:16:29 | INFO     | co2_forecast |   -> weighted_mase=0.5406113401031603, runtime=29.8s
2026-08-23 21:16:29 | INFO     | co2_forecast | Stream A cell: A3/ridge (17 features, 28 rows)
2026-08-23 21:16:29 | INFO     | co2_forecast | Creating walk-forward splits for 16 valid samples
2026-08-23 21:16:29 | INFO     | co2_forecast | Created 4 CV folds across horizons [1, 2, 4]
2026-08-23 21:16:29 | INFO     | co2_forecast | Built tuning CV plan: 4 folds from 16 rows before 2022-Q%q (evaluation cutoff) - isolation OK (max tuning date 2021-Q%q)
2026-08-23 21:16:29 | INFO     | co2_forecast | Optimizing ridge...
2026-08-23 21:16:29 | INFO     | co2_forecast | Starting PSO: 8 particles, 10 iterations
2026-08-23 21:16:29 | INFO     | co2_forecast |   Iteration 0: Best fitness = 2.089257
2026-08-23 21:16:29 | INFO     | co2_forecast |   Iteration 5: Best fitness = 1.854528
2026-08-23 21:16:29 | INFO     | co2_forecast |   Iteration 9: Best fitness = 1.854528
2026-08-23 21:16:29 | INFO     | co2_forecast | PSO complete. Best fitness: 1.854528
2026-08-23 21:16:29 | INFO     | co2_forecast |   Best params: {'alpha': 100.0}
2026-08-23 21:16:29 | INFO     | co2_forecast |   Best fitness: 1.854528
2026-08-23 21:16:29 | INFO     | co2_forecast | [A3/panel2_common_period/all_features/ridge] sweep tuning: best_params={'alpha': 100.0}
2026-08-23 21:16:29 | INFO     | co2_forecast |   -> weighted_mase=0.8365189532774181, runtime=0.4s
2026-08-23 21:16:29 | INFO     | co2_forecast | Stream A cell: A3/random_forest (17 features, 28 rows)
2026-08-23 21:16:29 | INFO     | co2_forecast | Creating walk-forward splits for 16 valid samples
2026-08-23 21:16:29 | INFO     | co2_forecast | Created 4 CV folds across horizons [1, 2, 4]
2026-08-23 21:16:29 | INFO     | co2_forecast | Built tuning CV plan: 4 folds from 16 rows before 2022-Q%q (evaluation cutoff) - isolation OK (max tuning date 2021-Q%q)
2026-08-23 21:16:29 | INFO     | co2_forecast | Optimizing random_forest...
2026-08-23 21:16:29 | INFO     | co2_forecast | Starting PSO: 8 particles, 10 iterations
2026-08-23 21:16:35 | INFO     | co2_forecast |   Iteration 0: Best fitness = 0.680339
2026-08-23 21:16:51 | INFO     | co2_forecast |   Iteration 5: Best fitness = 0.435355
2026-08-23 21:17:06 | INFO     | co2_forecast |   Iteration 9: Best fitness = 0.418859
2026-08-23 21:17:06 | INFO     | co2_forecast | PSO complete. Best fitness: 0.418859
2026-08-23 21:17:06 | INFO     | co2_forecast |   Best params: {'n_estimators': 90, 'max_depth': 3, 'min_samples_split': 2, 'min_samples_leaf': 1}
2026-08-23 21:17:06 | INFO     | co2_forecast |   Best fitness: 0.418859
2026-08-23 21:17:06 | INFO     | co2_forecast | [A3/panel2_common_period/all_features/random_forest] sweep tuning: best_params={'n_estimators': 90, 'max_depth': 3, 'min_samples_split': 2, 'min_samples_leaf': 1}
2026-08-23 21:17:07 | INFO     | co2_forecast |   -> weighted_mase=0.6951848534283934, runtime=37.3s
2026-08-23 21:17:07 | INFO     | co2_forecast | Stream A cell: A3/catboost (17 features, 28 rows)
2026-08-23 21:17:07 | INFO     | co2_forecast | Creating walk-forward splits for 16 valid samples
2026-08-23 21:17:07 | INFO     | co2_forecast | Created 4 CV folds across horizons [1, 2, 4]
2026-08-23 21:17:07 | INFO     | co2_forecast | Built tuning CV plan: 4 folds from 16 rows before 2022-Q%q (evaluation cutoff) - isolation OK (max tuning date 2021-Q%q)
2026-08-23 21:17:07 | INFO     | co2_forecast | Optimizing catboost...
2026-08-23 21:17:07 | INFO     | co2_forecast | Starting PSO: 8 particles, 10 iterations
2026-08-23 21:17:40 | INFO     | co2_forecast |   Iteration 0: Best fitness = 0.351441
2026-08-23 21:20:45 | INFO     | co2_forecast |   Iteration 5: Best fitness = 0.330208
2026-08-23 21:23:06 | INFO     | co2_forecast |   Iteration 9: Best fitness = 0.330208
2026-08-23 21:23:06 | INFO     | co2_forecast | PSO complete. Best fitness: 0.330208
2026-08-23 21:23:06 | INFO     | co2_forecast |   Best params: {'iterations': 190, 'learning_rate': 0.24687918842488976, 'depth': 3, 'l2_leaf_reg': 10.0}
2026-08-23 21:23:06 | INFO     | co2_forecast |   Best fitness: 0.330208
2026-08-23 21:23:06 | INFO     | co2_forecast | [A3/panel2_common_period/all_features/catboost] sweep tuning: best_params={'iterations': 190, 'learning_rate': 0.24687918842488976, 'depth': 3, 'l2_leaf_reg': 10.0}
2026-08-23 21:23:13 | INFO     | co2_forecast |   -> weighted_mase=0.6710260720848831, runtime=366.7s
2026-08-23 21:23:13 | INFO     | co2_forecast | Stream A cell: A3/lightgbm (17 features, 28 rows)
2026-08-23 21:23:13 | INFO     | co2_forecast | Creating walk-forward splits for 16 valid samples
2026-08-23 21:23:13 | INFO     | co2_forecast | Created 4 CV folds across horizons [1, 2, 4]
2026-08-23 21:23:13 | INFO     | co2_forecast | Built tuning CV plan: 4 folds from 16 rows before 2022-Q%q (evaluation cutoff) - isolation OK (max tuning date 2021-Q%q)
2026-08-23 21:23:13 | INFO     | co2_forecast | Optimizing lightgbm...
2026-08-23 21:23:13 | INFO     | co2_forecast | Starting PSO: 8 particles, 10 iterations
2026-08-23 21:23:13 | INFO     | co2_forecast |   Iteration 0: Best fitness = 0.768990
2026-08-23 21:23:14 | INFO     | co2_forecast |   Iteration 5: Best fitness = 0.614696
2026-08-23 21:23:14 | INFO     | co2_forecast |   Iteration 9: Best fitness = 0.614696
2026-08-23 21:23:14 | INFO     | co2_forecast | PSO complete. Best fitness: 0.614696
2026-08-23 21:23:14 | INFO     | co2_forecast |   Best params: {'n_estimators': 129, 'learning_rate': 0.3, 'num_leaves': 127, 'max_depth': 8, 'min_child_samples': 6, 'reg_alpha': 0.001, 'reg_lambda': 0.001}
2026-08-23 21:23:14 | INFO     | co2_forecast |   Best fitness: 0.614696
2026-08-23 21:23:14 | INFO     | co2_forecast | [A3/panel2_common_period/all_features/lightgbm] sweep tuning: best_params={'n_estimators': 129, 'learning_rate': 0.3, 'num_leaves': 127, 'max_depth': 8, 'min_child_samples': 6, 'reg_alpha': 0.001, 'reg_lambda': 0.001}
2026-08-23 21:23:15 | INFO     | co2_forecast |   -> weighted_mase=0.4735881637664676, runtime=1.3s
2026-08-23 21:23:15 | INFO     | co2_forecast | Stream A cell: A3/lstm (17 features, 28 rows)
2026-08-23 21:23:15 | INFO     | co2_forecast | Creating walk-forward splits for 16 valid samples
2026-08-23 21:23:15 | INFO     | co2_forecast | Created 4 CV folds across horizons [1, 2, 4]
2026-08-23 21:23:15 | INFO     | co2_forecast | Built tuning CV plan: 4 folds from 16 rows before 2022-Q%q (evaluation cutoff) - isolation OK (max tuning date 2021-Q%q)
2026-08-23 21:23:15 | INFO     | co2_forecast | Optimizing lstm...
2026-08-23 21:23:15 | INFO     | co2_forecast | Starting PSO: 8 particles, 10 iterations
2026-08-23 21:23:15 | WARNING  | co2_forecast | Model training failed with params {'lookback': 7, 'hidden_size': 62, 'num_layers': 2, 'dropout': 0.3394633936788146, 'learning_rate': 0.0016445845403801217, 'batch_size': 8}: LSTM.fit: training data has 8 rows, giving only 1 sequence(s) with lookback=7; at least 2 are required (one is always reserved for validation). Reduce lookback or provide more training history.
2026-08-23 21:23:15 | WARNING  | co2_forecast | Model training failed with params {'lookback': 11, 'hidden_size': 26, 'num_layers': 1, 'dropout': 0.17336180394137352, 'learning_rate': 0.0031119982052994237, 'batch_size': 16}: LSTM.fit: training data has 8 rows, giving only 0 sequence(s) with lookback=11; at least 2 are required (one is always reserved for validation). Reduce lookback or provide more training history.
2026-08-23 21:23:15 | WARNING  | co2_forecast | Model training failed with params {'lookback': 8, 'hidden_size': 54, 'num_layers': 1, 'dropout': 0.3056937753654446, 'learning_rate': 0.005964904231734221, 'batch_size': 8}: LSTM.fit: training data has 8 rows, giving only 0 sequence(s) with lookback=8; at least 2 are required (one is always reserved for validation). Reduce lookback or provide more training history.
2026-08-23 21:23:15 | WARNING  | co2_forecast | Very few sequences (2), LSTM may not train well
2026-08-23 21:23:15 | WARNING  | co2_forecast | Very few sequences (6), LSTM may not train well
2026-08-23 21:23:15 | WARNING  | co2_forecast | Very few sequences (2), LSTM may not train well
2026-08-23 21:23:15 | WARNING  | co2_forecast | Very few sequences (2), LSTM may not train well
2026-08-23 21:23:15 | WARNING  | co2_forecast | Model training failed with params {'lookback': 8, 'hidden_size': 25, 'num_layers': 2, 'dropout': 0.4100531293444458, 'learning_rate': 0.009401039521485473, 'batch_size': 32}: LSTM.fit: training data has 8 rows, giving only 0 sequence(s) with lookback=8; at least 2 are required (one is always reserved for validation). Reduce lookback or provide more training history.
2026-08-23 21:23:15 | WARNING  | co2_forecast | Model training failed with params {'lookback': 7, 'hidden_size': 29, 'num_layers': 2, 'dropout': 0.2427013306774357, 'learning_rate': 0.0028812516459050695, 'batch_size': 16}: LSTM.fit: training data has 8 rows, giving only 1 sequence(s) with lookback=7; at least 2 are required (one is always reserved for validation). Reduce lookback or provide more training history.
2026-08-23 21:23:15 | WARNING  | co2_forecast | Very few sequences (4), LSTM may not train well
2026-08-23 21:23:15 | WARNING  | co2_forecast | Very few sequences (8), LSTM may not train well
2026-08-23 21:23:15 | WARNING  | co2_forecast | Very few sequences (4), LSTM may not train well
2026-08-23 21:23:15 | WARNING  | co2_forecast | Very few sequences (4), LSTM may not train well
2026-08-23 21:23:15 | WARNING  | co2_forecast | Very few sequences (2), LSTM may not train well
2026-08-23 21:23:16 | WARNING  | co2_forecast | Very few sequences (6), LSTM may not train well
2026-08-23 21:23:16 | WARNING  | co2_forecast | Very few sequences (2), LSTM may not train well
2026-08-23 21:23:16 | WARNING  | co2_forecast | Very few sequences (2), LSTM may not train well
2026-08-23 21:23:16 | INFO     | co2_forecast |   Iteration 0: Best fitness = 0.976933
2026-08-23 21:23:16 | WARNING  | co2_forecast | Very few sequences (3), LSTM may not train well
2026-08-23 21:23:16 | WARNING  | co2_forecast | Very few sequences (7), LSTM may not train well
2026-08-23 21:23:16 | WARNING  | co2_forecast | Very few sequences (3), LSTM may not train well
2026-08-23 21:23:17 | WARNING  | co2_forecast | Very few sequences (3), LSTM may not train well
2026-08-23 21:23:17 | WARNING  | co2_forecast | Very few sequences (2), LSTM may not train well
2026-08-23 21:23:17 | WARNING  | co2_forecast | Very few sequences (6), LSTM may not train well
2026-08-23 21:23:17 | WARNING  | co2_forecast | Very few sequences (2), LSTM may not train well
2026-08-23 21:23:17 | WARNING  | co2_forecast | Very few sequences (2), LSTM may not train well
2026-08-23 21:23:17 | WARNING  | co2_forecast | Model training failed with params {'lookback': 8, 'hidden_size': 44, 'num_layers': 1, 'dropout': 0.3238975389966341, 'learning_rate': 0.005520634690128072, 'batch_size': 8}: LSTM.fit: training data has 8 rows, giving only 0 sequence(s) with lookback=8; at least 2 are required (one is always reserved for validation). Reduce lookback or provide more training history.
2026-08-23 21:23:17 | WARNING  | co2_forecast | Very few sequences (3), LSTM may not train well
2026-08-23 21:23:17 | WARNING  | co2_forecast | Very few sequences (7), LSTM may not train well
2026-08-23 21:23:17 | WARNING  | co2_forecast | Very few sequences (3), LSTM may not train well
2026-08-23 21:23:18 | WARNING  | co2_forecast | Very few sequences (3), LSTM may not train well
2026-08-23 21:23:18 | WARNING  | co2_forecast | Very few sequences (2), LSTM may not train well
2026-08-23 21:23:18 | WARNING  | co2_forecast | Very few sequences (6), LSTM may not train well
2026-08-23 21:23:18 | WARNING  | co2_forecast | Very few sequences (2), LSTM may not train well
2026-08-23 21:23:19 | WARNING  | co2_forecast | Very few sequences (2), LSTM may not train well
2026-08-23 21:23:19 | WARNING  | co2_forecast | Very few sequences (3), LSTM may not train well
2026-08-23 21:23:19 | WARNING  | co2_forecast | Very few sequences (7), LSTM may not train well
2026-08-23 21:23:19 | WARNING  | co2_forecast | Very few sequences (3), LSTM may not train well
2026-08-23 21:23:20 | WARNING  | co2_forecast | Very few sequences (3), LSTM may not train well
2026-08-23 21:23:20 | WARNING  | co2_forecast | Very few sequences (4), LSTM may not train well
2026-08-23 21:23:20 | WARNING  | co2_forecast | Very few sequences (8), LSTM may not train well
2026-08-23 21:23:20 | WARNING  | co2_forecast | Very few sequences (4), LSTM may not train well
2026-08-23 21:23:20 | WARNING  | co2_forecast | Very few sequences (4), LSTM may not train well
2026-08-23 21:23:20 | WARNING  | co2_forecast | Very few sequences (2), LSTM may not train well
2026-08-23 21:23:20 | WARNING  | co2_forecast | Very few sequences (6), LSTM may not train well
2026-08-23 21:23:20 | WARNING  | co2_forecast | Very few sequences (2), LSTM may not train well
2026-08-23 21:23:20 | WARNING  | co2_forecast | Very few sequences (2), LSTM may not train well
2026-08-23 21:23:20 | WARNING  | co2_forecast | Very few sequences (3), LSTM may not train well
2026-08-23 21:23:20 | WARNING  | co2_forecast | Very few sequences (7), LSTM may not train well
2026-08-23 21:23:21 | WARNING  | co2_forecast | Very few sequences (3), LSTM may not train well
2026-08-23 21:23:21 | WARNING  | co2_forecast | Very few sequences (3), LSTM may not train well
2026-08-23 21:23:21 | WARNING  | co2_forecast | Very few sequences (4), LSTM may not train well
2026-08-23 21:23:21 | WARNING  | co2_forecast | Very few sequences (8), LSTM may not train well
2026-08-23 21:23:22 | WARNING  | co2_forecast | Very few sequences (4), LSTM may not train well
2026-08-23 21:23:23 | WARNING  | co2_forecast | Very few sequences (4), LSTM may not train well
2026-08-23 21:23:23 | WARNING  | co2_forecast | Model training failed with params {'lookback': 7, 'hidden_size': 35, 'num_layers': 1, 'dropout': 0.31512819649180424, 'learning_rate': 0.004065945490368326, 'batch_size': 8}: LSTM.fit: training data has 8 rows, giving only 1 sequence(s) with lookback=7; at least 2 are required (one is always reserved for validation). Reduce lookback or provide more training history.
2026-08-23 21:23:23 | WARNING  | co2_forecast | Very few sequences (2), LSTM may not train well
2026-08-23 21:23:23 | WARNING  | co2_forecast | Very few sequences (6), LSTM may not train well
2026-08-23 21:23:23 | WARNING  | co2_forecast | Very few sequences (2), LSTM may not train well
2026-08-23 21:23:24 | WARNING  | co2_forecast | Very few sequences (2), LSTM may not train well
2026-08-23 21:23:24 | WARNING  | co2_forecast | Very few sequences (3), LSTM may not train well
2026-08-23 21:23:24 | WARNING  | co2_forecast | Very few sequences (7), LSTM may not train well
2026-08-23 21:23:25 | WARNING  | co2_forecast | Very few sequences (3), LSTM may not train well
2026-08-23 21:23:25 | WARNING  | co2_forecast | Very few sequences (3), LSTM may not train well
2026-08-23 21:23:25 | WARNING  | co2_forecast | Very few sequences (3), LSTM may not train well
2026-08-23 21:23:25 | WARNING  | co2_forecast | Very few sequences (7), LSTM may not train well
2026-08-23 21:23:26 | WARNING  | co2_forecast | Very few sequences (3), LSTM may not train well
2026-08-23 21:23:27 | WARNING  | co2_forecast | Very few sequences (3), LSTM may not train well
2026-08-23 21:23:27 | WARNING  | co2_forecast | Very few sequences (3), LSTM may not train well
2026-08-23 21:23:27 | WARNING  | co2_forecast | Very few sequences (7), LSTM may not train well
2026-08-23 21:23:27 | WARNING  | co2_forecast | Very few sequences (3), LSTM may not train well
2026-08-23 21:23:27 | WARNING  | co2_forecast | Very few sequences (3), LSTM may not train well
2026-08-23 21:23:27 | WARNING  | co2_forecast | Very few sequences (2), LSTM may not train well
2026-08-23 21:23:27 | WARNING  | co2_forecast | Very few sequences (6), LSTM may not train well
2026-08-23 21:23:27 | WARNING  | co2_forecast | Very few sequences (2), LSTM may not train well
2026-08-23 21:23:27 | WARNING  | co2_forecast | Very few sequences (2), LSTM may not train well
2026-08-23 21:23:27 | WARNING  | co2_forecast | Very few sequences (4), LSTM may not train well
2026-08-23 21:23:27 | WARNING  | co2_forecast | Very few sequences (8), LSTM may not train well
2026-08-23 21:23:28 | WARNING  | co2_forecast | Very few sequences (4), LSTM may not train well
2026-08-23 21:23:29 | WARNING  | co2_forecast | Very few sequences (4), LSTM may not train well
2026-08-23 21:23:29 | WARNING  | co2_forecast | Very few sequences (4), LSTM may not train well
2026-08-23 21:23:29 | WARNING  | co2_forecast | Very few sequences (8), LSTM may not train well
2026-08-23 21:23:29 | WARNING  | co2_forecast | Very few sequences (4), LSTM may not train well
2026-08-23 21:23:30 | WARNING  | co2_forecast | Very few sequences (4), LSTM may not train well
2026-08-23 21:23:30 | WARNING  | co2_forecast | Very few sequences (2), LSTM may not train well
2026-08-23 21:23:30 | WARNING  | co2_forecast | Very few sequences (6), LSTM may not train well
2026-08-23 21:23:30 | WARNING  | co2_forecast | Very few sequences (2), LSTM may not train well
2026-08-23 21:23:30 | WARNING  | co2_forecast | Very few sequences (2), LSTM may not train well
2026-08-23 21:23:30 | WARNING  | co2_forecast | Very few sequences (4), LSTM may not train well
2026-08-23 21:23:30 | WARNING  | co2_forecast | Very few sequences (8), LSTM may not train well
2026-08-23 21:23:31 | WARNING  | co2_forecast | Very few sequences (4), LSTM may not train well
2026-08-23 21:23:31 | WARNING  | co2_forecast | Very few sequences (4), LSTM may not train well
2026-08-23 21:23:31 | WARNING  | co2_forecast | Very few sequences (4), LSTM may not train well
2026-08-23 21:23:32 | WARNING  | co2_forecast | Very few sequences (8), LSTM may not train well
2026-08-23 21:23:32 | WARNING  | co2_forecast | Very few sequences (4), LSTM may not train well
2026-08-23 21:23:32 | WARNING  | co2_forecast | Very few sequences (4), LSTM may not train well
2026-08-23 21:23:32 | WARNING  | co2_forecast | Very few sequences (4), LSTM may not train well
2026-08-23 21:23:32 | WARNING  | co2_forecast | Very few sequences (8), LSTM may not train well
2026-08-23 21:23:33 | WARNING  | co2_forecast | Very few sequences (4), LSTM may not train well
2026-08-23 21:23:33 | WARNING  | co2_forecast | Very few sequences (4), LSTM may not train well
2026-08-23 21:23:33 | WARNING  | co2_forecast | Very few sequences (4), LSTM may not train well
2026-08-23 21:23:33 | WARNING  | co2_forecast | Very few sequences (8), LSTM may not train well
2026-08-23 21:23:33 | WARNING  | co2_forecast | Very few sequences (4), LSTM may not train well
2026-08-23 21:23:34 | WARNING  | co2_forecast | Very few sequences (4), LSTM may not train well
2026-08-23 21:23:34 | WARNING  | co2_forecast | Very few sequences (3), LSTM may not train well
2026-08-23 21:23:34 | WARNING  | co2_forecast | Very few sequences (7), LSTM may not train well
2026-08-23 21:23:34 | WARNING  | co2_forecast | Very few sequences (3), LSTM may not train well
2026-08-23 21:23:34 | WARNING  | co2_forecast | Very few sequences (3), LSTM may not train well
2026-08-23 21:23:34 | WARNING  | co2_forecast | Very few sequences (4), LSTM may not train well
2026-08-23 21:23:34 | WARNING  | co2_forecast | Very few sequences (8), LSTM may not train well
2026-08-23 21:23:35 | WARNING  | co2_forecast | Very few sequences (4), LSTM may not train well
2026-08-23 21:23:35 | WARNING  | co2_forecast | Very few sequences (4), LSTM may not train well
2026-08-23 21:23:36 | WARNING  | co2_forecast | Very few sequences (4), LSTM may not train well
2026-08-23 21:23:36 | WARNING  | co2_forecast | Very few sequences (8), LSTM may not train well
2026-08-23 21:23:36 | WARNING  | co2_forecast | Very few sequences (4), LSTM may not train well
2026-08-23 21:23:36 | WARNING  | co2_forecast | Very few sequences (4), LSTM may not train well
2026-08-23 21:23:36 | WARNING  | co2_forecast | Very few sequences (3), LSTM may not train well
2026-08-23 21:23:36 | WARNING  | co2_forecast | Very few sequences (7), LSTM may not train well
2026-08-23 21:23:36 | WARNING  | co2_forecast | Very few sequences (3), LSTM may not train well
2026-08-23 21:23:36 | WARNING  | co2_forecast | Very few sequences (3), LSTM may not train well
2026-08-23 21:23:37 | WARNING  | co2_forecast | Very few sequences (4), LSTM may not train well
2026-08-23 21:23:37 | WARNING  | co2_forecast | Very few sequences (8), LSTM may not train well
2026-08-23 21:23:37 | WARNING  | co2_forecast | Very few sequences (4), LSTM may not train well
2026-08-23 21:23:38 | WARNING  | co2_forecast | Very few sequences (4), LSTM may not train well
2026-08-23 21:23:38 | WARNING  | co2_forecast | Very few sequences (4), LSTM may not train well
2026-08-23 21:23:38 | WARNING  | co2_forecast | Very few sequences (8), LSTM may not train well
2026-08-23 21:23:38 | WARNING  | co2_forecast | Very few sequences (4), LSTM may not train well
2026-08-23 21:23:39 | WARNING  | co2_forecast | Very few sequences (4), LSTM may not train well
2026-08-23 21:23:39 | WARNING  | co2_forecast | Very few sequences (4), LSTM may not train well
2026-08-23 21:23:39 | WARNING  | co2_forecast | Very few sequences (8), LSTM may not train well
2026-08-23 21:23:39 | WARNING  | co2_forecast | Very few sequences (4), LSTM may not train well
2026-08-23 21:23:40 | WARNING  | co2_forecast | Very few sequences (4), LSTM may not train well
2026-08-23 21:23:40 | WARNING  | co2_forecast | Very few sequences (4), LSTM may not train well
2026-08-23 21:23:40 | WARNING  | co2_forecast | Very few sequences (8), LSTM may not train well
2026-08-23 21:23:40 | WARNING  | co2_forecast | Very few sequences (4), LSTM may not train well
2026-08-23 21:23:40 | WARNING  | co2_forecast | Very few sequences (4), LSTM may not train well
2026-08-23 21:23:40 | WARNING  | co2_forecast | Very few sequences (4), LSTM may not train well
2026-08-23 21:23:40 | WARNING  | co2_forecast | Very few sequences (8), LSTM may not train well
2026-08-23 21:23:41 | WARNING  | co2_forecast | Very few sequences (4), LSTM may not train well
2026-08-23 21:23:41 | WARNING  | co2_forecast | Very few sequences (4), LSTM may not train well
2026-08-23 21:23:41 | WARNING  | co2_forecast | Very few sequences (4), LSTM may not train well
2026-08-23 21:23:41 | WARNING  | co2_forecast | Very few sequences (8), LSTM may not train well
2026-08-23 21:23:42 | WARNING  | co2_forecast | Very few sequences (4), LSTM may not train well
2026-08-23 21:23:42 | WARNING  | co2_forecast | Very few sequences (4), LSTM may not train well
2026-08-23 21:23:42 | WARNING  | co2_forecast | Very few sequences (4), LSTM may not train well
2026-08-23 21:23:42 | WARNING  | co2_forecast | Very few sequences (8), LSTM may not train well
2026-08-23 21:23:42 | WARNING  | co2_forecast | Very few sequences (4), LSTM may not train well
2026-08-23 21:23:43 | WARNING  | co2_forecast | Very few sequences (4), LSTM may not train well
2026-08-23 21:23:43 | WARNING  | co2_forecast | Very few sequences (4), LSTM may not train well
2026-08-23 21:23:43 | WARNING  | co2_forecast | Very few sequences (8), LSTM may not train well
2026-08-23 21:23:43 | WARNING  | co2_forecast | Very few sequences (4), LSTM may not train well
2026-08-23 21:23:43 | WARNING  | co2_forecast | Very few sequences (4), LSTM may not train well
2026-08-23 21:23:43 | WARNING  | co2_forecast | Very few sequences (4), LSTM may not train well
2026-08-23 21:23:44 | WARNING  | co2_forecast | Very few sequences (8), LSTM may not train well
2026-08-23 21:23:44 | WARNING  | co2_forecast | Very few sequences (4), LSTM may not train well
2026-08-23 21:23:45 | WARNING  | co2_forecast | Very few sequences (4), LSTM may not train well
2026-08-23 21:23:45 | WARNING  | co2_forecast | Very few sequences (4), LSTM may not train well
2026-08-23 21:23:45 | WARNING  | co2_forecast | Very few sequences (8), LSTM may not train well
2026-08-23 21:23:45 | WARNING  | co2_forecast | Very few sequences (4), LSTM may not train well
2026-08-23 21:23:46 | WARNING  | co2_forecast | Very few sequences (4), LSTM may not train well
2026-08-23 21:23:46 | WARNING  | co2_forecast | Very few sequences (4), LSTM may not train well
2026-08-23 21:23:46 | WARNING  | co2_forecast | Very few sequences (8), LSTM may not train well
2026-08-23 21:23:46 | WARNING  | co2_forecast | Very few sequences (4), LSTM may not train well
2026-08-23 21:23:46 | WARNING  | co2_forecast | Very few sequences (4), LSTM may not train well
2026-08-23 21:23:46 | WARNING  | co2_forecast | Very few sequences (4), LSTM may not train well
2026-08-23 21:23:46 | WARNING  | co2_forecast | Very few sequences (8), LSTM may not train well
2026-08-23 21:23:46 | WARNING  | co2_forecast | Very few sequences (4), LSTM may not train well
2026-08-23 21:23:46 | WARNING  | co2_forecast | Very few sequences (4), LSTM may not train well
2026-08-23 21:23:47 | WARNING  | co2_forecast | Very few sequences (4), LSTM may not train well
2026-08-23 21:23:47 | WARNING  | co2_forecast | Very few sequences (8), LSTM may not train well
2026-08-23 21:23:47 | WARNING  | co2_forecast | Very few sequences (4), LSTM may not train well
2026-08-23 21:23:47 | WARNING  | co2_forecast | Very few sequences (4), LSTM may not train well
2026-08-23 21:23:47 | INFO     | co2_forecast |   Iteration 5: Best fitness = 0.760266
2026-08-23 21:23:47 | WARNING  | co2_forecast | Very few sequences (3), LSTM may not train well
2026-08-23 21:23:47 | WARNING  | co2_forecast | Very few sequences (7), LSTM may not train well
2026-08-23 21:23:47 | WARNING  | co2_forecast | Very few sequences (3), LSTM may not train well
2026-08-23 21:23:48 | WARNING  | co2_forecast | Very few sequences (3), LSTM may not train well
2026-08-23 21:23:48 | WARNING  | co2_forecast | Very few sequences (4), LSTM may not train well
2026-08-23 21:23:48 | WARNING  | co2_forecast | Very few sequences (8), LSTM may not train well
2026-08-23 21:23:48 | WARNING  | co2_forecast | Very few sequences (4), LSTM may not train well
2026-08-23 21:23:49 | WARNING  | co2_forecast | Very few sequences (4), LSTM may not train well
2026-08-23 21:23:49 | WARNING  | co2_forecast | Very few sequences (4), LSTM may not train well
2026-08-23 21:23:49 | WARNING  | co2_forecast | Very few sequences (8), LSTM may not train well
2026-08-23 21:23:50 | WARNING  | co2_forecast | Very few sequences (4), LSTM may not train well
2026-08-23 21:23:50 | WARNING  | co2_forecast | Very few sequences (4), LSTM may not train well
2026-08-23 21:23:50 | WARNING  | co2_forecast | Very few sequences (4), LSTM may not train well
2026-08-23 21:23:50 | WARNING  | co2_forecast | Very few sequences (8), LSTM may not train well
2026-08-23 21:23:51 | WARNING  | co2_forecast | Very few sequences (4), LSTM may not train well
2026-08-23 21:23:51 | WARNING  | co2_forecast | Very few sequences (4), LSTM may not train well
2026-08-23 21:23:51 | WARNING  | co2_forecast | Very few sequences (4), LSTM may not train well
2026-08-23 21:23:51 | WARNING  | co2_forecast | Very few sequences (8), LSTM may not train well
2026-08-23 21:23:52 | WARNING  | co2_forecast | Very few sequences (4), LSTM may not train well
2026-08-23 21:23:52 | WARNING  | co2_forecast | Very few sequences (4), LSTM may not train well
2026-08-23 21:23:53 | WARNING  | co2_forecast | Very few sequences (4), LSTM may not train well
2026-08-23 21:23:53 | WARNING  | co2_forecast | Very few sequences (8), LSTM may not train well
2026-08-23 21:23:53 | WARNING  | co2_forecast | Very few sequences (4), LSTM may not train well
2026-08-23 21:23:53 | WARNING  | co2_forecast | Very few sequences (4), LSTM may not train well
2026-08-23 21:23:53 | WARNING  | co2_forecast | Very few sequences (4), LSTM may not train well
2026-08-23 21:23:53 | WARNING  | co2_forecast | Very few sequences (8), LSTM may not train well
2026-08-23 21:23:53 | WARNING  | co2_forecast | Very few sequences (4), LSTM may not train well
2026-08-23 21:23:53 | WARNING  | co2_forecast | Very few sequences (4), LSTM may not train well
2026-08-23 21:23:54 | WARNING  | co2_forecast | Very few sequences (4), LSTM may not train well
2026-08-23 21:23:54 | WARNING  | co2_forecast | Very few sequences (8), LSTM may not train well
2026-08-23 21:23:54 | WARNING  | co2_forecast | Very few sequences (4), LSTM may not train well
2026-08-23 21:23:55 | WARNING  | co2_forecast | Very few sequences (4), LSTM may not train well
2026-08-23 21:23:55 | WARNING  | co2_forecast | Very few sequences (4), LSTM may not train well
2026-08-23 21:23:55 | WARNING  | co2_forecast | Very few sequences (8), LSTM may not train well
2026-08-23 21:23:55 | WARNING  | co2_forecast | Very few sequences (4), LSTM may not train well
2026-08-23 21:23:55 | WARNING  | co2_forecast | Very few sequences (4), LSTM may not train well
2026-08-23 21:23:55 | WARNING  | co2_forecast | Very few sequences (4), LSTM may not train well
2026-08-23 21:23:55 | WARNING  | co2_forecast | Very few sequences (8), LSTM may not train well
2026-08-23 21:23:56 | WARNING  | co2_forecast | Very few sequences (4), LSTM may not train well
2026-08-23 21:23:56 | WARNING  | co2_forecast | Very few sequences (4), LSTM may not train well
2026-08-23 21:23:56 | WARNING  | co2_forecast | Very few sequences (4), LSTM may not train well
2026-08-23 21:23:56 | WARNING  | co2_forecast | Very few sequences (8), LSTM may not train well
2026-08-23 21:23:57 | WARNING  | co2_forecast | Very few sequences (4), LSTM may not train well
2026-08-23 21:23:57 | WARNING  | co2_forecast | Very few sequences (4), LSTM may not train well
2026-08-23 21:23:57 | WARNING  | co2_forecast | Very few sequences (4), LSTM may not train well
2026-08-23 21:23:57 | WARNING  | co2_forecast | Very few sequences (8), LSTM may not train well
2026-08-23 21:23:58 | WARNING  | co2_forecast | Very few sequences (4), LSTM may not train well
2026-08-23 21:23:59 | WARNING  | co2_forecast | Very few sequences (4), LSTM may not train well
2026-08-23 21:23:59 | WARNING  | co2_forecast | Very few sequences (4), LSTM may not train well
2026-08-23 21:23:59 | WARNING  | co2_forecast | Very few sequences (8), LSTM may not train well
2026-08-23 21:23:59 | WARNING  | co2_forecast | Very few sequences (4), LSTM may not train well
2026-08-23 21:23:59 | WARNING  | co2_forecast | Very few sequences (4), LSTM may not train well
2026-08-23 21:23:59 | WARNING  | co2_forecast | Very few sequences (4), LSTM may not train well
2026-08-23 21:23:59 | WARNING  | co2_forecast | Very few sequences (8), LSTM may not train well
2026-08-23 21:23:59 | WARNING  | co2_forecast | Very few sequences (4), LSTM may not train well
2026-08-23 21:24:00 | WARNING  | co2_forecast | Very few sequences (4), LSTM may not train well
2026-08-23 21:24:00 | WARNING  | co2_forecast | Very few sequences (4), LSTM may not train well
2026-08-23 21:24:00 | WARNING  | co2_forecast | Very few sequences (8), LSTM may not train well
2026-08-23 21:24:00 | WARNING  | co2_forecast | Very few sequences (4), LSTM may not train well
2026-08-23 21:24:00 | WARNING  | co2_forecast | Very few sequences (4), LSTM may not train well
2026-08-23 21:24:00 | WARNING  | co2_forecast | Very few sequences (4), LSTM may not train well
2026-08-23 21:24:00 | WARNING  | co2_forecast | Very few sequences (8), LSTM may not train well
2026-08-23 21:24:01 | WARNING  | co2_forecast | Very few sequences (4), LSTM may not train well
2026-08-23 21:24:02 | WARNING  | co2_forecast | Very few sequences (4), LSTM may not train well
2026-08-23 21:24:02 | WARNING  | co2_forecast | Very few sequences (4), LSTM may not train well
2026-08-23 21:24:02 | WARNING  | co2_forecast | Very few sequences (8), LSTM may not train well
2026-08-23 21:24:02 | WARNING  | co2_forecast | Very few sequences (4), LSTM may not train well
2026-08-23 21:24:02 | WARNING  | co2_forecast | Very few sequences (4), LSTM may not train well
2026-08-23 21:24:02 | WARNING  | co2_forecast | Very few sequences (4), LSTM may not train well
2026-08-23 21:24:02 | WARNING  | co2_forecast | Very few sequences (8), LSTM may not train well
2026-08-23 21:24:02 | WARNING  | co2_forecast | Very few sequences (4), LSTM may not train well
2026-08-23 21:24:03 | WARNING  | co2_forecast | Very few sequences (4), LSTM may not train well
2026-08-23 21:24:03 | WARNING  | co2_forecast | Very few sequences (4), LSTM may not train well
2026-08-23 21:24:03 | WARNING  | co2_forecast | Very few sequences (8), LSTM may not train well
2026-08-23 21:24:03 | WARNING  | co2_forecast | Very few sequences (4), LSTM may not train well
2026-08-23 21:24:04 | WARNING  | co2_forecast | Very few sequences (4), LSTM may not train well
2026-08-23 21:24:04 | WARNING  | co2_forecast | Very few sequences (4), LSTM may not train well
2026-08-23 21:24:04 | WARNING  | co2_forecast | Very few sequences (8), LSTM may not train well
2026-08-23 21:24:04 | WARNING  | co2_forecast | Very few sequences (4), LSTM may not train well
2026-08-23 21:24:05 | WARNING  | co2_forecast | Very few sequences (4), LSTM may not train well
2026-08-23 21:24:05 | WARNING  | co2_forecast | Very few sequences (4), LSTM may not train well
2026-08-23 21:24:05 | WARNING  | co2_forecast | Very few sequences (8), LSTM may not train well
2026-08-23 21:24:05 | WARNING  | co2_forecast | Very few sequences (4), LSTM may not train well
2026-08-23 21:24:05 | WARNING  | co2_forecast | Very few sequences (4), LSTM may not train well
2026-08-23 21:24:05 | WARNING  | co2_forecast | Very few sequences (4), LSTM may not train well
2026-08-23 21:24:05 | WARNING  | co2_forecast | Very few sequences (8), LSTM may not train well
2026-08-23 21:24:06 | WARNING  | co2_forecast | Very few sequences (4), LSTM may not train well
2026-08-23 21:24:06 | WARNING  | co2_forecast | Very few sequences (4), LSTM may not train well
2026-08-23 21:24:06 | WARNING  | co2_forecast | Very few sequences (4), LSTM may not train well
2026-08-23 21:24:06 | WARNING  | co2_forecast | Very few sequences (8), LSTM may not train well
2026-08-23 21:24:07 | WARNING  | co2_forecast | Very few sequences (4), LSTM may not train well
2026-08-23 21:24:07 | WARNING  | co2_forecast | Very few sequences (4), LSTM may not train well
2026-08-23 21:24:07 | WARNING  | co2_forecast | Very few sequences (4), LSTM may not train well
2026-08-23 21:24:07 | WARNING  | co2_forecast | Very few sequences (8), LSTM may not train well
2026-08-23 21:24:07 | WARNING  | co2_forecast | Very few sequences (4), LSTM may not train well
2026-08-23 21:24:07 | WARNING  | co2_forecast | Very few sequences (4), LSTM may not train well
2026-08-23 21:24:07 | WARNING  | co2_forecast | Very few sequences (4), LSTM may not train well
2026-08-23 21:24:07 | WARNING  | co2_forecast | Very few sequences (8), LSTM may not train well
2026-08-23 21:24:08 | WARNING  | co2_forecast | Very few sequences (4), LSTM may not train well
2026-08-23 21:24:08 | WARNING  | co2_forecast | Very few sequences (4), LSTM may not train well
2026-08-23 21:24:08 | WARNING  | co2_forecast | Very few sequences (4), LSTM may not train well
2026-08-23 21:24:08 | WARNING  | co2_forecast | Very few sequences (8), LSTM may not train well
2026-08-23 21:24:09 | WARNING  | co2_forecast | Very few sequences (4), LSTM may not train well
2026-08-23 21:24:09 | WARNING  | co2_forecast | Very few sequences (4), LSTM may not train well
2026-08-23 21:24:09 | WARNING  | co2_forecast | Very few sequences (4), LSTM may not train well
2026-08-23 21:24:09 | WARNING  | co2_forecast | Very few sequences (8), LSTM may not train well
2026-08-23 21:24:09 | WARNING  | co2_forecast | Very few sequences (4), LSTM may not train well
2026-08-23 21:24:09 | WARNING  | co2_forecast | Very few sequences (4), LSTM may not train well
2026-08-23 21:24:09 | WARNING  | co2_forecast | Very few sequences (4), LSTM may not train well
2026-08-23 21:24:09 | WARNING  | co2_forecast | Very few sequences (8), LSTM may not train well
2026-08-23 21:24:09 | WARNING  | co2_forecast | Very few sequences (4), LSTM may not train well
2026-08-23 21:24:10 | WARNING  | co2_forecast | Very few sequences (4), LSTM may not train well
2026-08-23 21:24:10 | WARNING  | co2_forecast | Very few sequences (4), LSTM may not train well
2026-08-23 21:24:10 | WARNING  | co2_forecast | Very few sequences (8), LSTM may not train well
2026-08-23 21:24:11 | WARNING  | co2_forecast | Very few sequences (4), LSTM may not train well
2026-08-23 21:24:11 | WARNING  | co2_forecast | Very few sequences (4), LSTM may not train well
2026-08-23 21:24:11 | WARNING  | co2_forecast | Very few sequences (4), LSTM may not train well
2026-08-23 21:24:11 | WARNING  | co2_forecast | Very few sequences (8), LSTM may not train well
2026-08-23 21:24:11 | WARNING  | co2_forecast | Very few sequences (4), LSTM may not train well
2026-08-23 21:24:11 | WARNING  | co2_forecast | Very few sequences (4), LSTM may not train well
2026-08-23 21:24:12 | WARNING  | co2_forecast | Very few sequences (4), LSTM may not train well
2026-08-23 21:24:12 | WARNING  | co2_forecast | Very few sequences (8), LSTM may not train well
2026-08-23 21:24:12 | WARNING  | co2_forecast | Very few sequences (4), LSTM may not train well
2026-08-23 21:24:12 | WARNING  | co2_forecast | Very few sequences (4), LSTM may not train well
2026-08-23 21:24:12 | WARNING  | co2_forecast | Very few sequences (4), LSTM may not train well
2026-08-23 21:24:12 | WARNING  | co2_forecast | Very few sequences (8), LSTM may not train well
2026-08-23 21:24:12 | WARNING  | co2_forecast | Very few sequences (4), LSTM may not train well
2026-08-23 21:24:13 | WARNING  | co2_forecast | Very few sequences (4), LSTM may not train well
2026-08-23 21:24:13 | INFO     | co2_forecast |   Iteration 9: Best fitness = 0.760266
2026-08-23 21:24:13 | INFO     | co2_forecast | PSO complete. Best fitness: 0.760266
2026-08-23 21:24:13 | INFO     | co2_forecast |   Best params: {'lookback': 4, 'hidden_size': 19, 'num_layers': 2, 'dropout': 0.2702896905199963, 'learning_rate': 0.0001, 'batch_size': 16}
2026-08-23 21:24:13 | INFO     | co2_forecast |   Best fitness: 0.760266
2026-08-23 21:24:13 | INFO     | co2_forecast | [A3/panel2_common_period/all_features/lstm] sweep tuning: best_params={'lookback': 4, 'hidden_size': 19, 'num_layers': 2, 'dropout': 0.2702896905199963, 'learning_rate': 0.0001, 'batch_size': 16}
2026-08-23 21:24:14 | INFO     | co2_forecast |   -> weighted_mase=1.0266021214971484, runtime=59.8s
2026-08-23 21:24:14 | INFO     | co2_forecast | Stream A cell: A4/ridge (31 features, 28 rows)
2026-08-23 21:24:14 | INFO     | co2_forecast | Creating walk-forward splits for 16 valid samples
2026-08-23 21:24:14 | INFO     | co2_forecast | Created 4 CV folds across horizons [1, 2, 4]
2026-08-23 21:24:14 | INFO     | co2_forecast | Built tuning CV plan: 4 folds from 16 rows before 2022-Q%q (evaluation cutoff) - isolation OK (max tuning date 2021-Q%q)
2026-08-23 21:24:14 | INFO     | co2_forecast | Optimizing ridge...
2026-08-23 21:24:14 | INFO     | co2_forecast | Starting PSO: 8 particles, 10 iterations
2026-08-23 21:24:14 | INFO     | co2_forecast |   Iteration 0: Best fitness = 1.752570
2026-08-23 21:24:15 | INFO     | co2_forecast |   Iteration 5: Best fitness = 1.596355
2026-08-23 21:24:15 | INFO     | co2_forecast |   Iteration 9: Best fitness = 1.596355
2026-08-23 21:24:15 | INFO     | co2_forecast | PSO complete. Best fitness: 1.596355
2026-08-23 21:24:15 | INFO     | co2_forecast |   Best params: {'alpha': 100.0}
2026-08-23 21:24:15 | INFO     | co2_forecast |   Best fitness: 1.596355
2026-08-23 21:24:15 | INFO     | co2_forecast | [A4/panel2_common_period/all_features/ridge] sweep tuning: best_params={'alpha': 100.0}
2026-08-23 21:24:15 | INFO     | co2_forecast |   -> weighted_mase=0.7002759110579904, runtime=0.3s
2026-08-23 21:24:15 | INFO     | co2_forecast | Stream A cell: A4/random_forest (31 features, 28 rows)
2026-08-23 21:24:15 | INFO     | co2_forecast | Creating walk-forward splits for 16 valid samples
2026-08-23 21:24:15 | INFO     | co2_forecast | Created 4 CV folds across horizons [1, 2, 4]
2026-08-23 21:24:15 | INFO     | co2_forecast | Built tuning CV plan: 4 folds from 16 rows before 2022-Q%q (evaluation cutoff) - isolation OK (max tuning date 2021-Q%q)
2026-08-23 21:24:15 | INFO     | co2_forecast | Optimizing random_forest...
2026-08-23 21:24:15 | INFO     | co2_forecast | Starting PSO: 8 particles, 10 iterations
2026-08-23 21:24:20 | INFO     | co2_forecast |   Iteration 0: Best fitness = 0.680943
2026-08-23 21:24:36 | INFO     | co2_forecast |   Iteration 5: Best fitness = 0.466116
2026-08-23 21:24:49 | INFO     | co2_forecast |   Iteration 9: Best fitness = 0.452487
2026-08-23 21:24:49 | INFO     | co2_forecast | PSO complete. Best fitness: 0.452487
2026-08-23 21:24:49 | INFO     | co2_forecast |   Best params: {'n_estimators': 69, 'max_depth': 3, 'min_samples_split': 2, 'min_samples_leaf': 1}
2026-08-23 21:24:49 | INFO     | co2_forecast |   Best fitness: 0.452487
2026-08-23 21:24:49 | INFO     | co2_forecast | [A4/panel2_common_period/all_features/random_forest] sweep tuning: best_params={'n_estimators': 69, 'max_depth': 3, 'min_samples_split': 2, 'min_samples_leaf': 1}
2026-08-23 21:24:50 | INFO     | co2_forecast |   -> weighted_mase=0.7133608912032987, runtime=34.8s
2026-08-23 21:24:50 | INFO     | co2_forecast | Stream A cell: A4/catboost (31 features, 28 rows)
2026-08-23 21:24:50 | INFO     | co2_forecast | Creating walk-forward splits for 16 valid samples
2026-08-23 21:24:50 | INFO     | co2_forecast | Created 4 CV folds across horizons [1, 2, 4]
2026-08-23 21:24:50 | INFO     | co2_forecast | Built tuning CV plan: 4 folds from 16 rows before 2022-Q%q (evaluation cutoff) - isolation OK (max tuning date 2021-Q%q)
2026-08-23 21:24:50 | INFO     | co2_forecast | Optimizing catboost...
2026-08-23 21:24:50 | INFO     | co2_forecast | Starting PSO: 8 particles, 10 iterations
2026-08-23 21:25:26 | INFO     | co2_forecast |   Iteration 0: Best fitness = 0.326508
2026-08-23 21:28:22 | INFO     | co2_forecast |   Iteration 5: Best fitness = 0.271331
2026-08-23 21:30:50 | INFO     | co2_forecast |   Iteration 9: Best fitness = 0.244337
2026-08-23 21:30:50 | INFO     | co2_forecast | PSO complete. Best fitness: 0.244337
2026-08-23 21:30:50 | INFO     | co2_forecast |   Best params: {'iterations': 184, 'learning_rate': 0.23731981101259092, 'depth': 3, 'l2_leaf_reg': 2.083106225873104}
2026-08-23 21:30:50 | INFO     | co2_forecast |   Best fitness: 0.244337
2026-08-23 21:30:50 | INFO     | co2_forecast | [A4/panel2_common_period/all_features/catboost] sweep tuning: best_params={'iterations': 184, 'learning_rate': 0.23731981101259092, 'depth': 3, 'l2_leaf_reg': 2.083106225873104}
2026-08-23 21:30:57 | INFO     | co2_forecast |   -> weighted_mase=0.600657618126648, runtime=368.0s
2026-08-23 21:30:57 | INFO     | co2_forecast | Stream A cell: A4/lightgbm (31 features, 28 rows)
2026-08-23 21:30:57 | INFO     | co2_forecast | Creating walk-forward splits for 16 valid samples
2026-08-23 21:30:57 | INFO     | co2_forecast | Created 4 CV folds across horizons [1, 2, 4]
2026-08-23 21:30:57 | INFO     | co2_forecast | Built tuning CV plan: 4 folds from 16 rows before 2022-Q%q (evaluation cutoff) - isolation OK (max tuning date 2021-Q%q)
2026-08-23 21:30:57 | INFO     | co2_forecast | Optimizing lightgbm...
2026-08-23 21:30:57 | INFO     | co2_forecast | Starting PSO: 8 particles, 10 iterations
2026-08-23 21:30:58 | INFO     | co2_forecast |   Iteration 0: Best fitness = 0.768990
2026-08-23 21:30:58 | INFO     | co2_forecast |   Iteration 5: Best fitness = 0.604404
2026-08-23 21:30:59 | INFO     | co2_forecast |   Iteration 9: Best fitness = 0.603759
2026-08-23 21:30:59 | INFO     | co2_forecast | PSO complete. Best fitness: 0.603759
2026-08-23 21:30:59 | INFO     | co2_forecast |   Best params: {'n_estimators': 83, 'learning_rate': 0.3, 'num_leaves': 127, 'max_depth': 8, 'min_child_samples': 5, 'reg_alpha': 0.001, 'reg_lambda': 0.001}
2026-08-23 21:30:59 | INFO     | co2_forecast |   Best fitness: 0.603759
2026-08-23 21:30:59 | INFO     | co2_forecast | [A4/panel2_common_period/all_features/lightgbm] sweep tuning: best_params={'n_estimators': 83, 'learning_rate': 0.3, 'num_leaves': 127, 'max_depth': 8, 'min_child_samples': 5, 'reg_alpha': 0.001, 'reg_lambda': 0.001}
2026-08-23 21:30:59 | INFO     | co2_forecast |   -> weighted_mase=0.7666706986376491, runtime=1.2s
2026-08-23 21:30:59 | INFO     | co2_forecast | Stream A cell: A4/lstm (31 features, 28 rows)
2026-08-23 21:30:59 | INFO     | co2_forecast | Creating walk-forward splits for 16 valid samples
2026-08-23 21:30:59 | INFO     | co2_forecast | Created 4 CV folds across horizons [1, 2, 4]
2026-08-23 21:30:59 | INFO     | co2_forecast | Built tuning CV plan: 4 folds from 16 rows before 2022-Q%q (evaluation cutoff) - isolation OK (max tuning date 2021-Q%q)
2026-08-23 21:30:59 | INFO     | co2_forecast | Optimizing lstm...
2026-08-23 21:30:59 | INFO     | co2_forecast | Starting PSO: 8 particles, 10 iterations
2026-08-23 21:30:59 | WARNING  | co2_forecast | Model training failed with params {'lookback': 7, 'hidden_size': 62, 'num_layers': 2, 'dropout': 0.3394633936788146, 'learning_rate': 0.0016445845403801217, 'batch_size': 8}: LSTM.fit: training data has 8 rows, giving only 1 sequence(s) with lookback=7; at least 2 are required (one is always reserved for validation). Reduce lookback or provide more training history.
2026-08-23 21:30:59 | WARNING  | co2_forecast | Model training failed with params {'lookback': 11, 'hidden_size': 26, 'num_layers': 1, 'dropout': 0.17336180394137352, 'learning_rate': 0.0031119982052994237, 'batch_size': 16}: LSTM.fit: training data has 8 rows, giving only 0 sequence(s) with lookback=11; at least 2 are required (one is always reserved for validation). Reduce lookback or provide more training history.
2026-08-23 21:30:59 | WARNING  | co2_forecast | Model training failed with params {'lookback': 8, 'hidden_size': 54, 'num_layers': 1, 'dropout': 0.3056937753654446, 'learning_rate': 0.005964904231734221, 'batch_size': 8}: LSTM.fit: training data has 8 rows, giving only 0 sequence(s) with lookback=8; at least 2 are required (one is always reserved for validation). Reduce lookback or provide more training history.
2026-08-23 21:30:59 | WARNING  | co2_forecast | Very few sequences (2), LSTM may not train well
2026-08-23 21:30:59 | WARNING  | co2_forecast | Very few sequences (6), LSTM may not train well
2026-08-23 21:30:59 | WARNING  | co2_forecast | Very few sequences (2), LSTM may not train well
2026-08-23 21:30:59 | WARNING  | co2_forecast | Very few sequences (2), LSTM may not train well
2026-08-23 21:30:59 | WARNING  | co2_forecast | Model training failed with params {'lookback': 8, 'hidden_size': 25, 'num_layers': 2, 'dropout': 0.4100531293444458, 'learning_rate': 0.009401039521485473, 'batch_size': 32}: LSTM.fit: training data has 8 rows, giving only 0 sequence(s) with lookback=8; at least 2 are required (one is always reserved for validation). Reduce lookback or provide more training history.
2026-08-23 21:30:59 | WARNING  | co2_forecast | Model training failed with params {'lookback': 7, 'hidden_size': 29, 'num_layers': 2, 'dropout': 0.2427013306774357, 'learning_rate': 0.0028812516459050695, 'batch_size': 16}: LSTM.fit: training data has 8 rows, giving only 1 sequence(s) with lookback=7; at least 2 are required (one is always reserved for validation). Reduce lookback or provide more training history.
2026-08-23 21:30:59 | WARNING  | co2_forecast | Very few sequences (4), LSTM may not train well
2026-08-23 21:30:59 | WARNING  | co2_forecast | Very few sequences (8), LSTM may not train well
2026-08-23 21:30:59 | WARNING  | co2_forecast | Very few sequences (4), LSTM may not train well
2026-08-23 21:30:59 | WARNING  | co2_forecast | Very few sequences (4), LSTM may not train well
2026-08-23 21:31:00 | WARNING  | co2_forecast | Very few sequences (2), LSTM may not train well
2026-08-23 21:31:00 | WARNING  | co2_forecast | Very few sequences (6), LSTM may not train well
2026-08-23 21:31:00 | WARNING  | co2_forecast | Very few sequences (2), LSTM may not train well
2026-08-23 21:31:00 | WARNING  | co2_forecast | Very few sequences (2), LSTM may not train well
2026-08-23 21:31:00 | INFO     | co2_forecast |   Iteration 0: Best fitness = 0.970398
2026-08-23 21:31:00 | WARNING  | co2_forecast | Very few sequences (3), LSTM may not train well
2026-08-23 21:31:00 | WARNING  | co2_forecast | Very few sequences (7), LSTM may not train well
2026-08-23 21:31:00 | WARNING  | co2_forecast | Very few sequences (3), LSTM may not train well
2026-08-23 21:31:01 | WARNING  | co2_forecast | Very few sequences (3), LSTM may not train well
2026-08-23 21:31:01 | WARNING  | co2_forecast | Very few sequences (2), LSTM may not train well
2026-08-23 21:31:01 | WARNING  | co2_forecast | Very few sequences (6), LSTM may not train well
2026-08-23 21:31:01 | WARNING  | co2_forecast | Very few sequences (2), LSTM may not train well
2026-08-23 21:31:01 | WARNING  | co2_forecast | Very few sequences (2), LSTM may not train well
2026-08-23 21:31:01 | WARNING  | co2_forecast | Model training failed with params {'lookback': 8, 'hidden_size': 44, 'num_layers': 1, 'dropout': 0.3238975389966341, 'learning_rate': 0.005520634690128072, 'batch_size': 8}: LSTM.fit: training data has 8 rows, giving only 0 sequence(s) with lookback=8; at least 2 are required (one is always reserved for validation). Reduce lookback or provide more training history.
2026-08-23 21:31:01 | WARNING  | co2_forecast | Very few sequences (3), LSTM may not train well
2026-08-23 21:31:01 | WARNING  | co2_forecast | Very few sequences (7), LSTM may not train well
2026-08-23 21:31:01 | WARNING  | co2_forecast | Very few sequences (3), LSTM may not train well
2026-08-23 21:31:02 | WARNING  | co2_forecast | Very few sequences (3), LSTM may not train well
2026-08-23 21:31:02 | WARNING  | co2_forecast | Very few sequences (2), LSTM may not train well
2026-08-23 21:31:02 | WARNING  | co2_forecast | Very few sequences (6), LSTM may not train well
2026-08-23 21:31:02 | WARNING  | co2_forecast | Very few sequences (2), LSTM may not train well
2026-08-23 21:31:03 | WARNING  | co2_forecast | Very few sequences (2), LSTM may not train well
2026-08-23 21:31:03 | WARNING  | co2_forecast | Very few sequences (3), LSTM may not train well
2026-08-23 21:31:03 | WARNING  | co2_forecast | Very few sequences (7), LSTM may not train well
2026-08-23 21:31:04 | WARNING  | co2_forecast | Very few sequences (3), LSTM may not train well
2026-08-23 21:31:04 | WARNING  | co2_forecast | Very few sequences (3), LSTM may not train well
2026-08-23 21:31:04 | WARNING  | co2_forecast | Very few sequences (4), LSTM may not train well
2026-08-23 21:31:04 | WARNING  | co2_forecast | Very few sequences (8), LSTM may not train well
2026-08-23 21:31:04 | WARNING  | co2_forecast | Very few sequences (4), LSTM may not train well
2026-08-23 21:31:04 | WARNING  | co2_forecast | Very few sequences (4), LSTM may not train well
2026-08-23 21:31:04 | WARNING  | co2_forecast | Very few sequences (2), LSTM may not train well
2026-08-23 21:31:04 | WARNING  | co2_forecast | Very few sequences (6), LSTM may not train well
2026-08-23 21:31:04 | WARNING  | co2_forecast | Very few sequences (2), LSTM may not train well
2026-08-23 21:31:05 | WARNING  | co2_forecast | Very few sequences (2), LSTM may not train well
2026-08-23 21:31:05 | WARNING  | co2_forecast | Very few sequences (4), LSTM may not train well
2026-08-23 21:31:05 | WARNING  | co2_forecast | Very few sequences (8), LSTM may not train well
2026-08-23 21:31:05 | WARNING  | co2_forecast | Very few sequences (4), LSTM may not train well
2026-08-23 21:31:06 | WARNING  | co2_forecast | Very few sequences (4), LSTM may not train well
2026-08-23 21:31:06 | WARNING  | co2_forecast | Very few sequences (4), LSTM may not train well
2026-08-23 21:31:06 | WARNING  | co2_forecast | Very few sequences (8), LSTM may not train well
2026-08-23 21:31:06 | WARNING  | co2_forecast | Very few sequences (4), LSTM may not train well
2026-08-23 21:31:07 | WARNING  | co2_forecast | Very few sequences (4), LSTM may not train well
2026-08-23 21:31:07 | WARNING  | co2_forecast | Model training failed with params {'lookback': 7, 'hidden_size': 33, 'num_layers': 1, 'dropout': 0.3174646446740698, 'learning_rate': 0.004142028037008457, 'batch_size': 16}: LSTM.fit: training data has 8 rows, giving only 1 sequence(s) with lookback=7; at least 2 are required (one is always reserved for validation). Reduce lookback or provide more training history.
2026-08-23 21:31:07 | WARNING  | co2_forecast | Very few sequences (3), LSTM may not train well
2026-08-23 21:31:07 | WARNING  | co2_forecast | Very few sequences (7), LSTM may not train well
2026-08-23 21:31:08 | WARNING  | co2_forecast | Very few sequences (3), LSTM may not train well
2026-08-23 21:31:08 | WARNING  | co2_forecast | Very few sequences (3), LSTM may not train well
2026-08-23 21:31:08 | WARNING  | co2_forecast | Very few sequences (4), LSTM may not train well
2026-08-23 21:31:08 | WARNING  | co2_forecast | Very few sequences (8), LSTM may not train well
2026-08-23 21:31:09 | WARNING  | co2_forecast | Very few sequences (4), LSTM may not train well
2026-08-23 21:31:09 | WARNING  | co2_forecast | Very few sequences (4), LSTM may not train well
2026-08-23 21:31:10 | WARNING  | co2_forecast | Very few sequences (4), LSTM may not train well
2026-08-23 21:31:10 | WARNING  | co2_forecast | Very few sequences (8), LSTM may not train well
2026-08-23 21:31:10 | WARNING  | co2_forecast | Very few sequences (4), LSTM may not train well
2026-08-23 21:31:11 | WARNING  | co2_forecast | Very few sequences (4), LSTM may not train well
2026-08-23 21:31:11 | WARNING  | co2_forecast | Very few sequences (3), LSTM may not train well
2026-08-23 21:31:11 | WARNING  | co2_forecast | Very few sequences (7), LSTM may not train well
2026-08-23 21:31:11 | WARNING  | co2_forecast | Very few sequences (3), LSTM may not train well
2026-08-23 21:31:11 | WARNING  | co2_forecast | Very few sequences (3), LSTM may not train well
2026-08-23 21:31:11 | WARNING  | co2_forecast | Very few sequences (3), LSTM may not train well
2026-08-23 21:31:11 | WARNING  | co2_forecast | Very few sequences (7), LSTM may not train well
2026-08-23 21:31:11 | WARNING  | co2_forecast | Very few sequences (3), LSTM may not train well
2026-08-23 21:31:11 | WARNING  | co2_forecast | Very few sequences (3), LSTM may not train well
2026-08-23 21:31:12 | WARNING  | co2_forecast | Very few sequences (4), LSTM may not train well
2026-08-23 21:31:12 | WARNING  | co2_forecast | Very few sequences (8), LSTM may not train well
2026-08-23 21:31:12 | WARNING  | co2_forecast | Very few sequences (4), LSTM may not train well
2026-08-23 21:31:13 | WARNING  | co2_forecast | Very few sequences (4), LSTM may not train well
2026-08-23 21:31:13 | WARNING  | co2_forecast | Very few sequences (4), LSTM may not train well
2026-08-23 21:31:13 | WARNING  | co2_forecast | Very few sequences (8), LSTM may not train well
2026-08-23 21:31:13 | WARNING  | co2_forecast | Very few sequences (4), LSTM may not train well
2026-08-23 21:31:14 | WARNING  | co2_forecast | Very few sequences (4), LSTM may not train well
2026-08-23 21:31:14 | WARNING  | co2_forecast | Very few sequences (2), LSTM may not train well
2026-08-23 21:31:14 | WARNING  | co2_forecast | Very few sequences (6), LSTM may not train well
2026-08-23 21:31:14 | WARNING  | co2_forecast | Very few sequences (2), LSTM may not train well
2026-08-23 21:31:15 | WARNING  | co2_forecast | Very few sequences (2), LSTM may not train well
2026-08-23 21:31:15 | WARNING  | co2_forecast | Very few sequences (4), LSTM may not train well
2026-08-23 21:31:15 | WARNING  | co2_forecast | Very few sequences (8), LSTM may not train well
2026-08-23 21:31:15 | WARNING  | co2_forecast | Very few sequences (4), LSTM may not train well
2026-08-23 21:31:16 | WARNING  | co2_forecast | Very few sequences (4), LSTM may not train well
2026-08-23 21:31:16 | WARNING  | co2_forecast | Very few sequences (4), LSTM may not train well
2026-08-23 21:31:16 | WARNING  | co2_forecast | Very few sequences (8), LSTM may not train well
2026-08-23 21:31:16 | WARNING  | co2_forecast | Very few sequences (4), LSTM may not train well
2026-08-23 21:31:17 | WARNING  | co2_forecast | Very few sequences (4), LSTM may not train well
2026-08-23 21:31:17 | WARNING  | co2_forecast | Very few sequences (4), LSTM may not train well
2026-08-23 21:31:17 | WARNING  | co2_forecast | Very few sequences (8), LSTM may not train well
2026-08-23 21:31:18 | WARNING  | co2_forecast | Very few sequences (4), LSTM may not train well
2026-08-23 21:31:18 | WARNING  | co2_forecast | Very few sequences (4), LSTM may not train well
2026-08-23 21:31:18 | WARNING  | co2_forecast | Very few sequences (4), LSTM may not train well
2026-08-23 21:31:18 | WARNING  | co2_forecast | Very few sequences (8), LSTM may not train well
2026-08-23 21:31:18 | WARNING  | co2_forecast | Very few sequences (4), LSTM may not train well
2026-08-23 21:31:19 | WARNING  | co2_forecast | Very few sequences (4), LSTM may not train well
2026-08-23 21:31:19 | WARNING  | co2_forecast | Very few sequences (3), LSTM may not train well
2026-08-23 21:31:19 | WARNING  | co2_forecast | Very few sequences (7), LSTM may not train well
2026-08-23 21:31:19 | WARNING  | co2_forecast | Very few sequences (3), LSTM may not train well
2026-08-23 21:31:19 | WARNING  | co2_forecast | Very few sequences (3), LSTM may not train well
2026-08-23 21:31:19 | WARNING  | co2_forecast | Very few sequences (2), LSTM may not train well
2026-08-23 21:31:19 | WARNING  | co2_forecast | Very few sequences (6), LSTM may not train well
2026-08-23 21:31:19 | WARNING  | co2_forecast | Very few sequences (2), LSTM may not train well
2026-08-23 21:31:19 | WARNING  | co2_forecast | Very few sequences (2), LSTM may not train well
2026-08-23 21:31:19 | WARNING  | co2_forecast | Very few sequences (4), LSTM may not train well
2026-08-23 21:31:19 | WARNING  | co2_forecast | Very few sequences (8), LSTM may not train well
2026-08-23 21:31:20 | WARNING  | co2_forecast | Very few sequences (4), LSTM may not train well
2026-08-23 21:31:20 | WARNING  | co2_forecast | Very few sequences (4), LSTM may not train well
2026-08-23 21:31:20 | WARNING  | co2_forecast | Very few sequences (3), LSTM may not train well
2026-08-23 21:31:20 | WARNING  | co2_forecast | Very few sequences (7), LSTM may not train well
2026-08-23 21:31:20 | WARNING  | co2_forecast | Very few sequences (3), LSTM may not train well
2026-08-23 21:31:21 | WARNING  | co2_forecast | Very few sequences (3), LSTM may not train well
2026-08-23 21:31:21 | WARNING  | co2_forecast | Very few sequences (2), LSTM may not train well
2026-08-23 21:31:21 | WARNING  | co2_forecast | Very few sequences (6), LSTM may not train well
2026-08-23 21:31:21 | WARNING  | co2_forecast | Very few sequences (2), LSTM may not train well
2026-08-23 21:31:21 | WARNING  | co2_forecast | Very few sequences (2), LSTM may not train well
2026-08-23 21:31:21 | WARNING  | co2_forecast | Very few sequences (3), LSTM may not train well
2026-08-23 21:31:21 | WARNING  | co2_forecast | Very few sequences (7), LSTM may not train well
2026-08-23 21:31:22 | WARNING  | co2_forecast | Very few sequences (3), LSTM may not train well
2026-08-23 21:31:22 | WARNING  | co2_forecast | Very few sequences (3), LSTM may not train well
2026-08-23 21:31:22 | WARNING  | co2_forecast | Very few sequences (2), LSTM may not train well
2026-08-23 21:31:22 | WARNING  | co2_forecast | Very few sequences (6), LSTM may not train well
2026-08-23 21:31:23 | WARNING  | co2_forecast | Very few sequences (2), LSTM may not train well
2026-08-23 21:31:23 | WARNING  | co2_forecast | Very few sequences (2), LSTM may not train well
2026-08-23 21:31:23 | WARNING  | co2_forecast | Very few sequences (4), LSTM may not train well
2026-08-23 21:31:23 | WARNING  | co2_forecast | Very few sequences (8), LSTM may not train well
2026-08-23 21:31:23 | WARNING  | co2_forecast | Very few sequences (4), LSTM may not train well
2026-08-23 21:31:23 | WARNING  | co2_forecast | Very few sequences (4), LSTM may not train well
2026-08-23 21:31:23 | WARNING  | co2_forecast | Very few sequences (3), LSTM may not train well
2026-08-23 21:31:23 | WARNING  | co2_forecast | Very few sequences (7), LSTM may not train well
2026-08-23 21:31:23 | WARNING  | co2_forecast | Very few sequences (3), LSTM may not train well
2026-08-23 21:31:24 | WARNING  | co2_forecast | Very few sequences (3), LSTM may not train well
2026-08-23 21:31:24 | WARNING  | co2_forecast | Very few sequences (3), LSTM may not train well
2026-08-23 21:31:24 | WARNING  | co2_forecast | Very few sequences (7), LSTM may not train well
2026-08-23 21:31:24 | WARNING  | co2_forecast | Very few sequences (3), LSTM may not train well
2026-08-23 21:31:24 | WARNING  | co2_forecast | Very few sequences (3), LSTM may not train well
2026-08-23 21:31:24 | WARNING  | co2_forecast | Very few sequences (3), LSTM may not train well
2026-08-23 21:31:24 | WARNING  | co2_forecast | Very few sequences (7), LSTM may not train well
2026-08-23 21:31:25 | WARNING  | co2_forecast | Very few sequences (3), LSTM may not train well
2026-08-23 21:31:25 | WARNING  | co2_forecast | Very few sequences (3), LSTM may not train well
2026-08-23 21:31:25 | WARNING  | co2_forecast | Very few sequences (4), LSTM may not train well
2026-08-23 21:31:25 | WARNING  | co2_forecast | Very few sequences (8), LSTM may not train well
2026-08-23 21:31:26 | WARNING  | co2_forecast | Very few sequences (4), LSTM may not train well
2026-08-23 21:31:26 | WARNING  | co2_forecast | Very few sequences (4), LSTM may not train well
2026-08-23 21:31:26 | WARNING  | co2_forecast | Very few sequences (2), LSTM may not train well
2026-08-23 21:31:26 | WARNING  | co2_forecast | Very few sequences (6), LSTM may not train well
2026-08-23 21:31:26 | WARNING  | co2_forecast | Very few sequences (2), LSTM may not train well
2026-08-23 21:31:26 | WARNING  | co2_forecast | Very few sequences (2), LSTM may not train well
2026-08-23 21:31:26 | WARNING  | co2_forecast | Very few sequences (3), LSTM may not train well
2026-08-23 21:31:26 | WARNING  | co2_forecast | Very few sequences (7), LSTM may not train well
2026-08-23 21:31:27 | WARNING  | co2_forecast | Very few sequences (3), LSTM may not train well
2026-08-23 21:31:27 | WARNING  | co2_forecast | Very few sequences (3), LSTM may not train well
2026-08-23 21:31:27 | WARNING  | co2_forecast | Very few sequences (2), LSTM may not train well
2026-08-23 21:31:27 | WARNING  | co2_forecast | Very few sequences (6), LSTM may not train well
2026-08-23 21:31:28 | WARNING  | co2_forecast | Very few sequences (2), LSTM may not train well
2026-08-23 21:31:28 | WARNING  | co2_forecast | Very few sequences (2), LSTM may not train well
2026-08-23 21:31:28 | WARNING  | co2_forecast | Very few sequences (4), LSTM may not train well
2026-08-23 21:31:28 | WARNING  | co2_forecast | Very few sequences (8), LSTM may not train well
2026-08-23 21:31:28 | WARNING  | co2_forecast | Very few sequences (4), LSTM may not train well
2026-08-23 21:31:28 | WARNING  | co2_forecast | Very few sequences (4), LSTM may not train well
2026-08-23 21:31:28 | WARNING  | co2_forecast | Very few sequences (3), LSTM may not train well
2026-08-23 21:31:28 | WARNING  | co2_forecast | Very few sequences (7), LSTM may not train well
2026-08-23 21:31:28 | WARNING  | co2_forecast | Very few sequences (3), LSTM may not train well
2026-08-23 21:31:28 | WARNING  | co2_forecast | Very few sequences (3), LSTM may not train well
2026-08-23 21:31:29 | INFO     | co2_forecast |   Iteration 5: Best fitness = 0.652989
2026-08-23 21:31:29 | WARNING  | co2_forecast | Very few sequences (4), LSTM may not train well
2026-08-23 21:31:29 | WARNING  | co2_forecast | Very few sequences (8), LSTM may not train well
2026-08-23 21:31:29 | WARNING  | co2_forecast | Very few sequences (4), LSTM may not train well
2026-08-23 21:31:29 | WARNING  | co2_forecast | Very few sequences (4), LSTM may not train well
2026-08-23 21:31:29 | WARNING  | co2_forecast | Very few sequences (4), LSTM may not train well
2026-08-23 21:31:29 | WARNING  | co2_forecast | Very few sequences (8), LSTM may not train well
2026-08-23 21:31:29 | WARNING  | co2_forecast | Very few sequences (4), LSTM may not train well
2026-08-23 21:31:29 | WARNING  | co2_forecast | Very few sequences (4), LSTM may not train well
2026-08-23 21:31:29 | WARNING  | co2_forecast | Very few sequences (4), LSTM may not train well
2026-08-23 21:31:29 | WARNING  | co2_forecast | Very few sequences (8), LSTM may not train well
2026-08-23 21:31:30 | WARNING  | co2_forecast | Very few sequences (4), LSTM may not train well
2026-08-23 21:31:30 | WARNING  | co2_forecast | Very few sequences (4), LSTM may not train well
2026-08-23 21:31:30 | WARNING  | co2_forecast | Very few sequences (4), LSTM may not train well
2026-08-23 21:31:30 | WARNING  | co2_forecast | Very few sequences (8), LSTM may not train well
2026-08-23 21:31:30 | WARNING  | co2_forecast | Very few sequences (4), LSTM may not train well
2026-08-23 21:31:30 | WARNING  | co2_forecast | Very few sequences (4), LSTM may not train well
2026-08-23 21:31:30 | WARNING  | co2_forecast | Very few sequences (4), LSTM may not train well
2026-08-23 21:31:30 | WARNING  | co2_forecast | Very few sequences (8), LSTM may not train well
2026-08-23 21:31:30 | WARNING  | co2_forecast | Very few sequences (4), LSTM may not train well
2026-08-23 21:31:30 | WARNING  | co2_forecast | Very few sequences (4), LSTM may not train well
2026-08-23 21:31:30 | WARNING  | co2_forecast | Very few sequences (4), LSTM may not train well
2026-08-23 21:31:30 | WARNING  | co2_forecast | Very few sequences (8), LSTM may not train well
2026-08-23 21:31:31 | WARNING  | co2_forecast | Very few sequences (4), LSTM may not train well
2026-08-23 21:31:31 | WARNING  | co2_forecast | Very few sequences (4), LSTM may not train well
2026-08-23 21:31:31 | WARNING  | co2_forecast | Very few sequences (4), LSTM may not train well
2026-08-23 21:31:31 | WARNING  | co2_forecast | Very few sequences (8), LSTM may not train well
2026-08-23 21:31:31 | WARNING  | co2_forecast | Very few sequences (4), LSTM may not train well
2026-08-23 21:31:31 | WARNING  | co2_forecast | Very few sequences (4), LSTM may not train well
2026-08-23 21:31:31 | WARNING  | co2_forecast | Very few sequences (3), LSTM may not train well
2026-08-23 21:31:31 | WARNING  | co2_forecast | Very few sequences (7), LSTM may not train well
2026-08-23 21:31:31 | WARNING  | co2_forecast | Very few sequences (3), LSTM may not train well
2026-08-23 21:31:31 | WARNING  | co2_forecast | Very few sequences (3), LSTM may not train well
2026-08-23 21:31:31 | WARNING  | co2_forecast | Very few sequences (4), LSTM may not train well
2026-08-23 21:31:31 | WARNING  | co2_forecast | Very few sequences (8), LSTM may not train well
2026-08-23 21:31:32 | WARNING  | co2_forecast | Very few sequences (4), LSTM may not train well
2026-08-23 21:31:32 | WARNING  | co2_forecast | Very few sequences (4), LSTM may not train well
2026-08-23 21:31:32 | WARNING  | co2_forecast | Very few sequences (4), LSTM may not train well
2026-08-23 21:31:32 | WARNING  | co2_forecast | Very few sequences (8), LSTM may not train well
2026-08-23 21:31:32 | WARNING  | co2_forecast | Very few sequences (4), LSTM may not train well
2026-08-23 21:31:32 | WARNING  | co2_forecast | Very few sequences (4), LSTM may not train well
2026-08-23 21:31:32 | WARNING  | co2_forecast | Very few sequences (4), LSTM may not train well
2026-08-23 21:31:32 | WARNING  | co2_forecast | Very few sequences (8), LSTM may not train well
2026-08-23 21:31:32 | WARNING  | co2_forecast | Very few sequences (4), LSTM may not train well
2026-08-23 21:31:32 | WARNING  | co2_forecast | Very few sequences (4), LSTM may not train well
2026-08-23 21:31:32 | WARNING  | co2_forecast | Very few sequences (4), LSTM may not train well
2026-08-23 21:31:32 | WARNING  | co2_forecast | Very few sequences (8), LSTM may not train well
2026-08-23 21:31:33 | WARNING  | co2_forecast | Very few sequences (4), LSTM may not train well
2026-08-23 21:31:33 | WARNING  | co2_forecast | Very few sequences (4), LSTM may not train well
2026-08-23 21:31:33 | WARNING  | co2_forecast | Very few sequences (4), LSTM may not train well
2026-08-23 21:31:33 | WARNING  | co2_forecast | Very few sequences (8), LSTM may not train well
2026-08-23 21:31:33 | WARNING  | co2_forecast | Very few sequences (4), LSTM may not train well
2026-08-23 21:31:33 | WARNING  | co2_forecast | Very few sequences (4), LSTM may not train well
2026-08-23 21:31:33 | WARNING  | co2_forecast | Very few sequences (4), LSTM may not train well
2026-08-23 21:31:33 | WARNING  | co2_forecast | Very few sequences (8), LSTM may not train well
2026-08-23 21:31:33 | WARNING  | co2_forecast | Very few sequences (4), LSTM may not train well
2026-08-23 21:31:33 | WARNING  | co2_forecast | Very few sequences (4), LSTM may not train well
2026-08-23 21:31:33 | WARNING  | co2_forecast | Very few sequences (4), LSTM may not train well
2026-08-23 21:31:33 | WARNING  | co2_forecast | Very few sequences (8), LSTM may not train well
2026-08-23 21:31:33 | WARNING  | co2_forecast | Very few sequences (4), LSTM may not train well
2026-08-23 21:31:34 | WARNING  | co2_forecast | Very few sequences (4), LSTM may not train well
2026-08-23 21:31:34 | WARNING  | co2_forecast | Very few sequences (3), LSTM may not train well
2026-08-23 21:31:34 | WARNING  | co2_forecast | Very few sequences (7), LSTM may not train well
2026-08-23 21:31:34 | WARNING  | co2_forecast | Very few sequences (3), LSTM may not train well
2026-08-23 21:31:34 | WARNING  | co2_forecast | Very few sequences (3), LSTM may not train well
2026-08-23 21:31:34 | WARNING  | co2_forecast | Very few sequences (4), LSTM may not train well
2026-08-23 21:31:34 | WARNING  | co2_forecast | Very few sequences (8), LSTM may not train well
2026-08-23 21:31:34 | WARNING  | co2_forecast | Very few sequences (4), LSTM may not train well
2026-08-23 21:31:34 | WARNING  | co2_forecast | Very few sequences (4), LSTM may not train well
2026-08-23 21:31:34 | WARNING  | co2_forecast | Very few sequences (4), LSTM may not train well
2026-08-23 21:31:34 | WARNING  | co2_forecast | Very few sequences (8), LSTM may not train well
2026-08-23 21:31:34 | WARNING  | co2_forecast | Very few sequences (4), LSTM may not train well
2026-08-23 21:31:34 | WARNING  | co2_forecast | Very few sequences (4), LSTM may not train well
2026-08-23 21:31:35 | WARNING  | co2_forecast | Very few sequences (4), LSTM may not train well
2026-08-23 21:31:35 | WARNING  | co2_forecast | Very few sequences (8), LSTM may not train well
2026-08-23 21:31:35 | WARNING  | co2_forecast | Very few sequences (4), LSTM may not train well
2026-08-23 21:31:35 | WARNING  | co2_forecast | Very few sequences (4), LSTM may not train well
2026-08-23 21:31:35 | WARNING  | co2_forecast | Very few sequences (4), LSTM may not train well
2026-08-23 21:31:35 | WARNING  | co2_forecast | Very few sequences (8), LSTM may not train well
2026-08-23 21:31:35 | WARNING  | co2_forecast | Very few sequences (4), LSTM may not train well
2026-08-23 21:31:35 | WARNING  | co2_forecast | Very few sequences (4), LSTM may not train well
2026-08-23 21:31:35 | WARNING  | co2_forecast | Very few sequences (4), LSTM may not train well
2026-08-23 21:31:35 | WARNING  | co2_forecast | Very few sequences (8), LSTM may not train well
2026-08-23 21:31:36 | WARNING  | co2_forecast | Very few sequences (4), LSTM may not train well
2026-08-23 21:31:36 | WARNING  | co2_forecast | Very few sequences (4), LSTM may not train well
2026-08-23 21:31:36 | WARNING  | co2_forecast | Very few sequences (4), LSTM may not train well
2026-08-23 21:31:36 | WARNING  | co2_forecast | Very few sequences (8), LSTM may not train well
2026-08-23 21:31:36 | WARNING  | co2_forecast | Very few sequences (4), LSTM may not train well
2026-08-23 21:31:36 | WARNING  | co2_forecast | Very few sequences (4), LSTM may not train well
2026-08-23 21:31:36 | WARNING  | co2_forecast | Very few sequences (4), LSTM may not train well
2026-08-23 21:31:36 | WARNING  | co2_forecast | Very few sequences (8), LSTM may not train well
2026-08-23 21:31:36 | WARNING  | co2_forecast | Very few sequences (4), LSTM may not train well
2026-08-23 21:31:36 | WARNING  | co2_forecast | Very few sequences (4), LSTM may not train well
2026-08-23 21:31:36 | WARNING  | co2_forecast | Very few sequences (3), LSTM may not train well
2026-08-23 21:31:36 | WARNING  | co2_forecast | Very few sequences (7), LSTM may not train well
2026-08-23 21:31:36 | WARNING  | co2_forecast | Very few sequences (3), LSTM may not train well
2026-08-23 21:31:37 | WARNING  | co2_forecast | Very few sequences (3), LSTM may not train well
2026-08-23 21:31:37 | WARNING  | co2_forecast | Very few sequences (4), LSTM may not train well
2026-08-23 21:31:37 | WARNING  | co2_forecast | Very few sequences (8), LSTM may not train well
2026-08-23 21:31:37 | WARNING  | co2_forecast | Very few sequences (4), LSTM may not train well
2026-08-23 21:31:37 | WARNING  | co2_forecast | Very few sequences (4), LSTM may not train well
2026-08-23 21:31:37 | WARNING  | co2_forecast | Very few sequences (4), LSTM may not train well
2026-08-23 21:31:37 | WARNING  | co2_forecast | Very few sequences (8), LSTM may not train well
2026-08-23 21:31:37 | WARNING  | co2_forecast | Very few sequences (4), LSTM may not train well
2026-08-23 21:31:37 | WARNING  | co2_forecast | Very few sequences (4), LSTM may not train well
2026-08-23 21:31:37 | WARNING  | co2_forecast | Very few sequences (4), LSTM may not train well
2026-08-23 21:31:37 | WARNING  | co2_forecast | Very few sequences (8), LSTM may not train well
2026-08-23 21:31:37 | WARNING  | co2_forecast | Very few sequences (4), LSTM may not train well
2026-08-23 21:31:38 | WARNING  | co2_forecast | Very few sequences (4), LSTM may not train well
2026-08-23 21:31:38 | WARNING  | co2_forecast | Very few sequences (4), LSTM may not train well
2026-08-23 21:31:38 | WARNING  | co2_forecast | Very few sequences (8), LSTM may not train well
2026-08-23 21:31:38 | WARNING  | co2_forecast | Very few sequences (4), LSTM may not train well
2026-08-23 21:31:38 | WARNING  | co2_forecast | Very few sequences (4), LSTM may not train well
2026-08-23 21:31:38 | WARNING  | co2_forecast | Very few sequences (4), LSTM may not train well
2026-08-23 21:31:38 | WARNING  | co2_forecast | Very few sequences (8), LSTM may not train well
2026-08-23 21:31:38 | WARNING  | co2_forecast | Very few sequences (4), LSTM may not train well
2026-08-23 21:31:38 | WARNING  | co2_forecast | Very few sequences (4), LSTM may not train well
2026-08-23 21:31:38 | WARNING  | co2_forecast | Very few sequences (4), LSTM may not train well
2026-08-23 21:31:39 | WARNING  | co2_forecast | Very few sequences (8), LSTM may not train well
2026-08-23 21:31:39 | WARNING  | co2_forecast | Very few sequences (4), LSTM may not train well
2026-08-23 21:31:39 | WARNING  | co2_forecast | Very few sequences (4), LSTM may not train well
2026-08-23 21:31:39 | WARNING  | co2_forecast | Very few sequences (4), LSTM may not train well
2026-08-23 21:31:39 | WARNING  | co2_forecast | Very few sequences (8), LSTM may not train well
2026-08-23 21:31:39 | WARNING  | co2_forecast | Very few sequences (4), LSTM may not train well
2026-08-23 21:31:39 | WARNING  | co2_forecast | Very few sequences (4), LSTM may not train well
2026-08-23 21:31:39 | WARNING  | co2_forecast | Very few sequences (3), LSTM may not train well
2026-08-23 21:31:39 | WARNING  | co2_forecast | Very few sequences (7), LSTM may not train well
2026-08-23 21:31:40 | WARNING  | co2_forecast | Very few sequences (3), LSTM may not train well
2026-08-23 21:31:40 | WARNING  | co2_forecast | Very few sequences (3), LSTM may not train well
2026-08-23 21:31:40 | INFO     | co2_forecast |   Iteration 9: Best fitness = 0.616506
2026-08-23 21:31:40 | INFO     | co2_forecast | PSO complete. Best fitness: 0.616506
2026-08-23 21:31:40 | INFO     | co2_forecast |   Best params: {'lookback': 4, 'hidden_size': 64, 'num_layers': 1, 'dropout': 0.43201752570216584, 'learning_rate': 0.01, 'batch_size': 8}
2026-08-23 21:31:40 | INFO     | co2_forecast |   Best fitness: 0.616506
2026-08-23 21:31:40 | INFO     | co2_forecast | [A4/panel2_common_period/all_features/lstm] sweep tuning: best_params={'lookback': 4, 'hidden_size': 64, 'num_layers': 1, 'dropout': 0.43201752570216584, 'learning_rate': 0.01, 'batch_size': 8}
2026-08-23 21:31:41 | INFO     | co2_forecast |   -> weighted_mase=0.7176465887566781, runtime=42.2s
2026-08-23 21:31:41 | INFO     | co2_forecast | Stream A complete: 20/20 candidates produced a result
2026-08-23 21:31:41 | INFO     | co2_forecast | Scenario M1 complete in 1837.3s
2026-08-23 21:31:41 | INFO     | co2_forecast | --- Scenario M2: 7 outer folds, 24 features in A3 ---
2026-08-23 21:31:41 | INFO     | co2_forecast | ============================================================
2026-08-23 21:31:41 | INFO     | co2_forecast | Stream A: 4 configurations x 5 models, NO feature selection (20 candidates)
2026-08-23 21:31:41 | INFO     | co2_forecast | ============================================================
2026-08-23 21:31:41 | INFO     | co2_forecast | Stream A cell: A1/ridge (12 features, 28 rows)
2026-08-23 21:31:41 | INFO     | co2_forecast | Creating walk-forward splits for 16 valid samples
2026-08-23 21:31:41 | INFO     | co2_forecast | Created 4 CV folds across horizons [1, 2, 4]
2026-08-23 21:31:41 | INFO     | co2_forecast | Built tuning CV plan: 4 folds from 16 rows before 2022-Q%q (evaluation cutoff) - isolation OK (max tuning date 2021-Q%q)
2026-08-23 21:31:41 | INFO     | co2_forecast | Optimizing ridge...
2026-08-23 21:31:41 | INFO     | co2_forecast | Starting PSO: 8 particles, 10 iterations
2026-08-23 21:31:41 | INFO     | co2_forecast |   Iteration 0: Best fitness = 2.492958
2026-08-23 21:31:41 | INFO     | co2_forecast |   Iteration 5: Best fitness = 2.136391
2026-08-23 21:31:41 | INFO     | co2_forecast |   Iteration 9: Best fitness = 2.136391
2026-08-23 21:31:41 | INFO     | co2_forecast | PSO complete. Best fitness: 2.136391
2026-08-23 21:31:41 | INFO     | co2_forecast |   Best params: {'alpha': 100.0}
2026-08-23 21:31:41 | INFO     | co2_forecast |   Best fitness: 2.136391
2026-08-23 21:31:41 | INFO     | co2_forecast | [A1/panel2_common_period/all_features/ridge] sweep tuning: best_params={'alpha': 100.0}
2026-08-23 21:31:41 | INFO     | co2_forecast |   -> weighted_mase=0.9094416043523103, runtime=0.4s
2026-08-23 21:31:41 | INFO     | co2_forecast | Stream A cell: A1/random_forest (12 features, 28 rows)
2026-08-23 21:31:41 | INFO     | co2_forecast | Creating walk-forward splits for 16 valid samples
2026-08-23 21:31:41 | INFO     | co2_forecast | Created 4 CV folds across horizons [1, 2, 4]
2026-08-23 21:31:41 | INFO     | co2_forecast | Built tuning CV plan: 4 folds from 16 rows before 2022-Q%q (evaluation cutoff) - isolation OK (max tuning date 2021-Q%q)
2026-08-23 21:31:41 | INFO     | co2_forecast | Optimizing random_forest...
2026-08-23 21:31:41 | INFO     | co2_forecast | Starting PSO: 8 particles, 10 iterations
2026-08-23 21:31:47 | INFO     | co2_forecast |   Iteration 0: Best fitness = 0.671553
2026-08-23 21:32:02 | INFO     | co2_forecast |   Iteration 5: Best fitness = 0.333213
2026-08-23 21:32:14 | INFO     | co2_forecast |   Iteration 9: Best fitness = 0.333213
2026-08-23 21:32:14 | INFO     | co2_forecast | PSO complete. Best fitness: 0.333213
2026-08-23 21:32:14 | INFO     | co2_forecast |   Best params: {'n_estimators': 50, 'max_depth': 3, 'min_samples_split': 2, 'min_samples_leaf': 1}
2026-08-23 21:32:14 | INFO     | co2_forecast |   Best fitness: 0.333213
2026-08-23 21:32:14 | INFO     | co2_forecast | [A1/panel2_common_period/all_features/random_forest] sweep tuning: best_params={'n_estimators': 50, 'max_depth': 3, 'min_samples_split': 2, 'min_samples_leaf': 1}
2026-08-23 21:32:15 | INFO     | co2_forecast |   -> weighted_mase=0.7486059494077507, runtime=33.4s
2026-08-23 21:32:15 | INFO     | co2_forecast | Stream A cell: A1/catboost (12 features, 28 rows)
2026-08-23 21:32:15 | INFO     | co2_forecast | Creating walk-forward splits for 16 valid samples
2026-08-23 21:32:15 | INFO     | co2_forecast | Created 4 CV folds across horizons [1, 2, 4]
2026-08-23 21:32:15 | INFO     | co2_forecast | Built tuning CV plan: 4 folds from 16 rows before 2022-Q%q (evaluation cutoff) - isolation OK (max tuning date 2021-Q%q)
2026-08-23 21:32:15 | INFO     | co2_forecast | Optimizing catboost...
2026-08-23 21:32:15 | INFO     | co2_forecast | Starting PSO: 8 particles, 10 iterations
2026-08-23 21:32:50 | INFO     | co2_forecast |   Iteration 0: Best fitness = 0.295602
2026-08-23 21:36:04 | INFO     | co2_forecast |   Iteration 5: Best fitness = 0.282692
2026-08-23 21:38:35 | INFO     | co2_forecast |   Iteration 9: Best fitness = 0.280158
2026-08-23 21:38:35 | INFO     | co2_forecast | PSO complete. Best fitness: 0.280158
2026-08-23 21:38:35 | INFO     | co2_forecast |   Best params: {'iterations': 223, 'learning_rate': 0.19069823629327678, 'depth': 3, 'l2_leaf_reg': 8.95789558508043}
2026-08-23 21:38:35 | INFO     | co2_forecast |   Best fitness: 0.280158
2026-08-23 21:38:35 | INFO     | co2_forecast | [A1/panel2_common_period/all_features/catboost] sweep tuning: best_params={'iterations': 223, 'learning_rate': 0.19069823629327678, 'depth': 3, 'l2_leaf_reg': 8.95789558508043}
2026-08-23 21:38:44 | INFO     | co2_forecast |   -> weighted_mase=0.7147085928732504, runtime=389.5s
2026-08-23 21:38:44 | INFO     | co2_forecast | Stream A cell: A1/lightgbm (12 features, 28 rows)
2026-08-23 21:38:44 | INFO     | co2_forecast | Creating walk-forward splits for 16 valid samples
2026-08-23 21:38:44 | INFO     | co2_forecast | Created 4 CV folds across horizons [1, 2, 4]
2026-08-23 21:38:44 | INFO     | co2_forecast | Built tuning CV plan: 4 folds from 16 rows before 2022-Q%q (evaluation cutoff) - isolation OK (max tuning date 2021-Q%q)
2026-08-23 21:38:44 | INFO     | co2_forecast | Optimizing lightgbm...
2026-08-23 21:38:44 | INFO     | co2_forecast | Starting PSO: 8 particles, 10 iterations
2026-08-23 21:38:44 | INFO     | co2_forecast |   Iteration 0: Best fitness = 0.768990
2026-08-23 21:38:45 | INFO     | co2_forecast |   Iteration 5: Best fitness = 0.655353
2026-08-23 21:38:45 | INFO     | co2_forecast |   Iteration 9: Best fitness = 0.644572
2026-08-23 21:38:45 | INFO     | co2_forecast | PSO complete. Best fitness: 0.644572
2026-08-23 21:38:45 | INFO     | co2_forecast |   Best params: {'n_estimators': 50, 'learning_rate': 0.24875557248327107, 'num_leaves': 127, 'max_depth': 3, 'min_child_samples': 5, 'reg_alpha': 0.09419715994303156, 'reg_lambda': 1.6116769810147058}
2026-08-23 21:38:45 | INFO     | co2_forecast |   Best fitness: 0.644572
2026-08-23 21:38:45 | INFO     | co2_forecast | [A1/panel2_common_period/all_features/lightgbm] sweep tuning: best_params={'n_estimators': 50, 'learning_rate': 0.24875557248327107, 'num_leaves': 127, 'max_depth': 3, 'min_child_samples': 5, 'reg_alpha': 0.09419715994303156, 'reg_lambda': 1.6116769810147058}
2026-08-23 21:38:45 | INFO     | co2_forecast |   -> weighted_mase=0.6370806403789584, runtime=1.1s
2026-08-23 21:38:45 | INFO     | co2_forecast | Stream A cell: A1/lstm (12 features, 28 rows)
2026-08-23 21:38:45 | INFO     | co2_forecast | Creating walk-forward splits for 16 valid samples
2026-08-23 21:38:45 | INFO     | co2_forecast | Created 4 CV folds across horizons [1, 2, 4]
2026-08-23 21:38:45 | INFO     | co2_forecast | Built tuning CV plan: 4 folds from 16 rows before 2022-Q%q (evaluation cutoff) - isolation OK (max tuning date 2021-Q%q)
2026-08-23 21:38:45 | INFO     | co2_forecast | Optimizing lstm...
2026-08-23 21:38:45 | INFO     | co2_forecast | Starting PSO: 8 particles, 10 iterations
2026-08-23 21:38:45 | WARNING  | co2_forecast | Model training failed with params {'lookback': 7, 'hidden_size': 62, 'num_layers': 2, 'dropout': 0.3394633936788146, 'learning_rate': 0.0016445845403801217, 'batch_size': 8}: LSTM.fit: training data has 8 rows, giving only 1 sequence(s) with lookback=7; at least 2 are required (one is always reserved for validation). Reduce lookback or provide more training history.
2026-08-23 21:38:45 | WARNING  | co2_forecast | Model training failed with params {'lookback': 11, 'hidden_size': 26, 'num_layers': 1, 'dropout': 0.17336180394137352, 'learning_rate': 0.0031119982052994237, 'batch_size': 16}: LSTM.fit: training data has 8 rows, giving only 0 sequence(s) with lookback=11; at least 2 are required (one is always reserved for validation). Reduce lookback or provide more training history.
2026-08-23 21:38:45 | WARNING  | co2_forecast | Model training failed with params {'lookback': 8, 'hidden_size': 54, 'num_layers': 1, 'dropout': 0.3056937753654446, 'learning_rate': 0.005964904231734221, 'batch_size': 8}: LSTM.fit: training data has 8 rows, giving only 0 sequence(s) with lookback=8; at least 2 are required (one is always reserved for validation). Reduce lookback or provide more training history.
2026-08-23 21:38:45 | WARNING  | co2_forecast | Very few sequences (2), LSTM may not train well
2026-08-23 21:38:45 | WARNING  | co2_forecast | Very few sequences (6), LSTM may not train well
2026-08-23 21:38:46 | WARNING  | co2_forecast | Very few sequences (2), LSTM may not train well
2026-08-23 21:38:46 | WARNING  | co2_forecast | Very few sequences (2), LSTM may not train well
2026-08-23 21:38:46 | WARNING  | co2_forecast | Model training failed with params {'lookback': 8, 'hidden_size': 25, 'num_layers': 2, 'dropout': 0.4100531293444458, 'learning_rate': 0.009401039521485473, 'batch_size': 32}: LSTM.fit: training data has 8 rows, giving only 0 sequence(s) with lookback=8; at least 2 are required (one is always reserved for validation). Reduce lookback or provide more training history.
2026-08-23 21:38:46 | WARNING  | co2_forecast | Model training failed with params {'lookback': 7, 'hidden_size': 29, 'num_layers': 2, 'dropout': 0.2427013306774357, 'learning_rate': 0.0028812516459050695, 'batch_size': 16}: LSTM.fit: training data has 8 rows, giving only 1 sequence(s) with lookback=7; at least 2 are required (one is always reserved for validation). Reduce lookback or provide more training history.
2026-08-23 21:38:46 | WARNING  | co2_forecast | Very few sequences (4), LSTM may not train well
2026-08-23 21:38:46 | WARNING  | co2_forecast | Very few sequences (8), LSTM may not train well
2026-08-23 21:38:46 | WARNING  | co2_forecast | Very few sequences (4), LSTM may not train well
2026-08-23 21:38:46 | WARNING  | co2_forecast | Very few sequences (4), LSTM may not train well
2026-08-23 21:38:46 | WARNING  | co2_forecast | Very few sequences (2), LSTM may not train well
2026-08-23 21:38:46 | WARNING  | co2_forecast | Very few sequences (6), LSTM may not train well
2026-08-23 21:38:46 | WARNING  | co2_forecast | Very few sequences (2), LSTM may not train well
2026-08-23 21:38:47 | WARNING  | co2_forecast | Very few sequences (2), LSTM may not train well
2026-08-23 21:38:47 | INFO     | co2_forecast |   Iteration 0: Best fitness = 1.061631
2026-08-23 21:38:47 | WARNING  | co2_forecast | Very few sequences (3), LSTM may not train well
2026-08-23 21:38:47 | WARNING  | co2_forecast | Very few sequences (7), LSTM may not train well
2026-08-23 21:38:47 | WARNING  | co2_forecast | Very few sequences (3), LSTM may not train well
2026-08-23 21:38:48 | WARNING  | co2_forecast | Very few sequences (3), LSTM may not train well
2026-08-23 21:38:48 | WARNING  | co2_forecast | Very few sequences (2), LSTM may not train well
2026-08-23 21:38:48 | WARNING  | co2_forecast | Very few sequences (6), LSTM may not train well
2026-08-23 21:38:48 | WARNING  | co2_forecast | Very few sequences (2), LSTM may not train well
2026-08-23 21:38:48 | WARNING  | co2_forecast | Very few sequences (2), LSTM may not train well
2026-08-23 21:38:48 | WARNING  | co2_forecast | Model training failed with params {'lookback': 8, 'hidden_size': 44, 'num_layers': 1, 'dropout': 0.3238975389966341, 'learning_rate': 0.005520634690128072, 'batch_size': 8}: LSTM.fit: training data has 8 rows, giving only 0 sequence(s) with lookback=8; at least 2 are required (one is always reserved for validation). Reduce lookback or provide more training history.
2026-08-23 21:38:48 | WARNING  | co2_forecast | Very few sequences (3), LSTM may not train well
2026-08-23 21:38:48 | WARNING  | co2_forecast | Very few sequences (7), LSTM may not train well
2026-08-23 21:38:48 | WARNING  | co2_forecast | Very few sequences (3), LSTM may not train well
2026-08-23 21:38:49 | WARNING  | co2_forecast | Very few sequences (3), LSTM may not train well
2026-08-23 21:38:49 | WARNING  | co2_forecast | Very few sequences (2), LSTM may not train well
2026-08-23 21:38:49 | WARNING  | co2_forecast | Very few sequences (6), LSTM may not train well
2026-08-23 21:38:50 | WARNING  | co2_forecast | Very few sequences (2), LSTM may not train well
2026-08-23 21:38:50 | WARNING  | co2_forecast | Very few sequences (2), LSTM may not train well
2026-08-23 21:38:51 | WARNING  | co2_forecast | Very few sequences (3), LSTM may not train well
2026-08-23 21:38:51 | WARNING  | co2_forecast | Very few sequences (7), LSTM may not train well
2026-08-23 21:38:51 | WARNING  | co2_forecast | Very few sequences (3), LSTM may not train well
2026-08-23 21:38:51 | WARNING  | co2_forecast | Very few sequences (3), LSTM may not train well
2026-08-23 21:38:51 | WARNING  | co2_forecast | Very few sequences (4), LSTM may not train well
2026-08-23 21:38:51 | WARNING  | co2_forecast | Very few sequences (8), LSTM may not train well
2026-08-23 21:38:51 | WARNING  | co2_forecast | Very few sequences (4), LSTM may not train well
2026-08-23 21:38:51 | WARNING  | co2_forecast | Very few sequences (4), LSTM may not train well
2026-08-23 21:38:52 | WARNING  | co2_forecast | Very few sequences (2), LSTM may not train well
2026-08-23 21:38:52 | WARNING  | co2_forecast | Very few sequences (6), LSTM may not train well
2026-08-23 21:38:52 | WARNING  | co2_forecast | Very few sequences (2), LSTM may not train well
2026-08-23 21:38:52 | WARNING  | co2_forecast | Very few sequences (2), LSTM may not train well
2026-08-23 21:38:52 | WARNING  | co2_forecast | Very few sequences (3), LSTM may not train well
2026-08-23 21:38:52 | WARNING  | co2_forecast | Very few sequences (7), LSTM may not train well
2026-08-23 21:38:53 | WARNING  | co2_forecast | Very few sequences (3), LSTM may not train well
2026-08-23 21:38:53 | WARNING  | co2_forecast | Very few sequences (3), LSTM may not train well
2026-08-23 21:38:53 | WARNING  | co2_forecast | Very few sequences (4), LSTM may not train well
2026-08-23 21:38:53 | WARNING  | co2_forecast | Very few sequences (8), LSTM may not train well
2026-08-23 21:38:54 | WARNING  | co2_forecast | Very few sequences (4), LSTM may not train well
2026-08-23 21:38:55 | WARNING  | co2_forecast | Very few sequences (4), LSTM may not train well
2026-08-23 21:38:55 | WARNING  | co2_forecast | Model training failed with params {'lookback': 7, 'hidden_size': 35, 'num_layers': 1, 'dropout': 0.31512819649180424, 'learning_rate': 0.004065945490368326, 'batch_size': 8}: LSTM.fit: training data has 8 rows, giving only 1 sequence(s) with lookback=7; at least 2 are required (one is always reserved for validation). Reduce lookback or provide more training history.
2026-08-23 21:38:55 | WARNING  | co2_forecast | Very few sequences (2), LSTM may not train well
2026-08-23 21:38:55 | WARNING  | co2_forecast | Very few sequences (6), LSTM may not train well
2026-08-23 21:38:55 | WARNING  | co2_forecast | Very few sequences (2), LSTM may not train well
2026-08-23 21:38:56 | WARNING  | co2_forecast | Very few sequences (2), LSTM may not train well
2026-08-23 21:38:57 | WARNING  | co2_forecast | Very few sequences (3), LSTM may not train well
2026-08-23 21:38:57 | WARNING  | co2_forecast | Very few sequences (7), LSTM may not train well
2026-08-23 21:38:57 | WARNING  | co2_forecast | Very few sequences (3), LSTM may not train well
2026-08-23 21:38:58 | WARNING  | co2_forecast | Very few sequences (3), LSTM may not train well
2026-08-23 21:38:58 | WARNING  | co2_forecast | Very few sequences (3), LSTM may not train well
2026-08-23 21:38:58 | WARNING  | co2_forecast | Very few sequences (7), LSTM may not train well
2026-08-23 21:38:59 | WARNING  | co2_forecast | Very few sequences (3), LSTM may not train well
2026-08-23 21:38:59 | WARNING  | co2_forecast | Very few sequences (3), LSTM may not train well
2026-08-23 21:38:59 | WARNING  | co2_forecast | Very few sequences (3), LSTM may not train well
2026-08-23 21:38:59 | WARNING  | co2_forecast | Very few sequences (7), LSTM may not train well
2026-08-23 21:38:59 | WARNING  | co2_forecast | Very few sequences (3), LSTM may not train well
2026-08-23 21:39:00 | WARNING  | co2_forecast | Very few sequences (3), LSTM may not train well
2026-08-23 21:39:00 | WARNING  | co2_forecast | Very few sequences (2), LSTM may not train well
2026-08-23 21:39:00 | WARNING  | co2_forecast | Very few sequences (6), LSTM may not train well
2026-08-23 21:39:00 | WARNING  | co2_forecast | Very few sequences (2), LSTM may not train well
2026-08-23 21:39:00 | WARNING  | co2_forecast | Very few sequences (2), LSTM may not train well
2026-08-23 21:39:00 | WARNING  | co2_forecast | Very few sequences (3), LSTM may not train well
2026-08-23 21:39:00 | WARNING  | co2_forecast | Very few sequences (7), LSTM may not train well
2026-08-23 21:39:01 | WARNING  | co2_forecast | Very few sequences (3), LSTM may not train well
2026-08-23 21:39:01 | WARNING  | co2_forecast | Very few sequences (3), LSTM may not train well
2026-08-23 21:39:01 | WARNING  | co2_forecast | Very few sequences (4), LSTM may not train well
2026-08-23 21:39:01 | WARNING  | co2_forecast | Very few sequences (8), LSTM may not train well
2026-08-23 21:39:02 | WARNING  | co2_forecast | Very few sequences (4), LSTM may not train well
2026-08-23 21:39:03 | WARNING  | co2_forecast | Very few sequences (4), LSTM may not train well
2026-08-23 21:39:03 | WARNING  | co2_forecast | Very few sequences (2), LSTM may not train well
2026-08-23 21:39:03 | WARNING  | co2_forecast | Very few sequences (6), LSTM may not train well
2026-08-23 21:39:03 | WARNING  | co2_forecast | Very few sequences (2), LSTM may not train well
2026-08-23 21:39:03 | WARNING  | co2_forecast | Very few sequences (2), LSTM may not train well
2026-08-23 21:39:03 | WARNING  | co2_forecast | Very few sequences (3), LSTM may not train well
2026-08-23 21:39:03 | WARNING  | co2_forecast | Very few sequences (7), LSTM may not train well
2026-08-23 21:39:04 | WARNING  | co2_forecast | Very few sequences (3), LSTM may not train well
2026-08-23 21:39:04 | WARNING  | co2_forecast | Very few sequences (3), LSTM may not train well
2026-08-23 21:39:04 | WARNING  | co2_forecast | Very few sequences (4), LSTM may not train well
2026-08-23 21:39:04 | WARNING  | co2_forecast | Very few sequences (8), LSTM may not train well
2026-08-23 21:39:05 | WARNING  | co2_forecast | Very few sequences (4), LSTM may not train well
2026-08-23 21:39:05 | WARNING  | co2_forecast | Very few sequences (4), LSTM may not train well
2026-08-23 21:39:05 | WARNING  | co2_forecast | Very few sequences (3), LSTM may not train well
2026-08-23 21:39:05 | WARNING  | co2_forecast | Very few sequences (7), LSTM may not train well
2026-08-23 21:39:06 | WARNING  | co2_forecast | Very few sequences (3), LSTM may not train well
2026-08-23 21:39:06 | WARNING  | co2_forecast | Very few sequences (3), LSTM may not train well
2026-08-23 21:39:07 | WARNING  | co2_forecast | Very few sequences (4), LSTM may not train well
2026-08-23 21:39:07 | WARNING  | co2_forecast | Very few sequences (8), LSTM may not train well
2026-08-23 21:39:07 | WARNING  | co2_forecast | Very few sequences (4), LSTM may not train well
2026-08-23 21:39:07 | WARNING  | co2_forecast | Very few sequences (4), LSTM may not train well
2026-08-23 21:39:07 | WARNING  | co2_forecast | Very few sequences (2), LSTM may not train well
2026-08-23 21:39:07 | WARNING  | co2_forecast | Very few sequences (6), LSTM may not train well
2026-08-23 21:39:07 | WARNING  | co2_forecast | Very few sequences (2), LSTM may not train well
2026-08-23 21:39:07 | WARNING  | co2_forecast | Very few sequences (2), LSTM may not train well
2026-08-23 21:39:08 | WARNING  | co2_forecast | Very few sequences (4), LSTM may not train well
2026-08-23 21:39:08 | WARNING  | co2_forecast | Very few sequences (8), LSTM may not train well
2026-08-23 21:39:08 | WARNING  | co2_forecast | Very few sequences (4), LSTM may not train well
2026-08-23 21:39:09 | WARNING  | co2_forecast | Very few sequences (4), LSTM may not train well
2026-08-23 21:39:09 | WARNING  | co2_forecast | Very few sequences (4), LSTM may not train well
2026-08-23 21:39:09 | WARNING  | co2_forecast | Very few sequences (8), LSTM may not train well
2026-08-23 21:39:09 | WARNING  | co2_forecast | Very few sequences (4), LSTM may not train well
2026-08-23 21:39:10 | WARNING  | co2_forecast | Very few sequences (4), LSTM may not train well
2026-08-23 21:39:10 | WARNING  | co2_forecast | Very few sequences (3), LSTM may not train well
2026-08-23 21:39:10 | WARNING  | co2_forecast | Very few sequences (7), LSTM may not train well
2026-08-23 21:39:10 | WARNING  | co2_forecast | Very few sequences (3), LSTM may not train well
2026-08-23 21:39:11 | WARNING  | co2_forecast | Very few sequences (3), LSTM may not train well
2026-08-23 21:39:11 | WARNING  | co2_forecast | Very few sequences (4), LSTM may not train well
2026-08-23 21:39:11 | WARNING  | co2_forecast | Very few sequences (8), LSTM may not train well
2026-08-23 21:39:11 | WARNING  | co2_forecast | Very few sequences (4), LSTM may not train well
2026-08-23 21:39:12 | WARNING  | co2_forecast | Very few sequences (4), LSTM may not train well
2026-08-23 21:39:12 | WARNING  | co2_forecast | Very few sequences (4), LSTM may not train well
2026-08-23 21:39:12 | WARNING  | co2_forecast | Very few sequences (8), LSTM may not train well
2026-08-23 21:39:13 | WARNING  | co2_forecast | Very few sequences (4), LSTM may not train well
2026-08-23 21:39:13 | WARNING  | co2_forecast | Very few sequences (4), LSTM may not train well
2026-08-23 21:39:13 | WARNING  | co2_forecast | Very few sequences (4), LSTM may not train well
2026-08-23 21:39:13 | WARNING  | co2_forecast | Very few sequences (8), LSTM may not train well
2026-08-23 21:39:14 | WARNING  | co2_forecast | Very few sequences (4), LSTM may not train well
2026-08-23 21:39:14 | WARNING  | co2_forecast | Very few sequences (4), LSTM may not train well
2026-08-23 21:39:14 | WARNING  | co2_forecast | Very few sequences (4), LSTM may not train well
2026-08-23 21:39:15 | WARNING  | co2_forecast | Very few sequences (8), LSTM may not train well
2026-08-23 21:39:15 | WARNING  | co2_forecast | Very few sequences (4), LSTM may not train well
2026-08-23 21:39:15 | WARNING  | co2_forecast | Very few sequences (4), LSTM may not train well
2026-08-23 21:39:15 | WARNING  | co2_forecast | Very few sequences (3), LSTM may not train well
2026-08-23 21:39:15 | WARNING  | co2_forecast | Very few sequences (7), LSTM may not train well
2026-08-23 21:39:15 | WARNING  | co2_forecast | Very few sequences (3), LSTM may not train well
2026-08-23 21:39:16 | WARNING  | co2_forecast | Very few sequences (3), LSTM may not train well
2026-08-23 21:39:16 | WARNING  | co2_forecast | Very few sequences (4), LSTM may not train well
2026-08-23 21:39:16 | WARNING  | co2_forecast | Very few sequences (8), LSTM may not train well
2026-08-23 21:39:17 | WARNING  | co2_forecast | Very few sequences (4), LSTM may not train well
2026-08-23 21:39:17 | WARNING  | co2_forecast | Very few sequences (4), LSTM may not train well
2026-08-23 21:39:17 | WARNING  | co2_forecast | Very few sequences (4), LSTM may not train well
2026-08-23 21:39:17 | WARNING  | co2_forecast | Very few sequences (8), LSTM may not train well
2026-08-23 21:39:18 | WARNING  | co2_forecast | Very few sequences (4), LSTM may not train well
2026-08-23 21:39:19 | WARNING  | co2_forecast | Very few sequences (4), LSTM may not train well
2026-08-23 21:39:19 | WARNING  | co2_forecast | Very few sequences (4), LSTM may not train well
2026-08-23 21:39:19 | WARNING  | co2_forecast | Very few sequences (8), LSTM may not train well
2026-08-23 21:39:19 | WARNING  | co2_forecast | Very few sequences (4), LSTM may not train well
2026-08-23 21:39:20 | WARNING  | co2_forecast | Very few sequences (4), LSTM may not train well
2026-08-23 21:39:20 | WARNING  | co2_forecast | Very few sequences (4), LSTM may not train well
2026-08-23 21:39:20 | WARNING  | co2_forecast | Very few sequences (8), LSTM may not train well
2026-08-23 21:39:21 | WARNING  | co2_forecast | Very few sequences (4), LSTM may not train well
2026-08-23 21:39:21 | WARNING  | co2_forecast | Very few sequences (4), LSTM may not train well
2026-08-23 21:39:21 | WARNING  | co2_forecast | Very few sequences (4), LSTM may not train well
2026-08-23 21:39:21 | WARNING  | co2_forecast | Very few sequences (8), LSTM may not train well
2026-08-23 21:39:22 | WARNING  | co2_forecast | Very few sequences (4), LSTM may not train well
2026-08-23 21:39:22 | WARNING  | co2_forecast | Very few sequences (4), LSTM may not train well
2026-08-23 21:39:22 | WARNING  | co2_forecast | Very few sequences (4), LSTM may not train well
2026-08-23 21:39:23 | WARNING  | co2_forecast | Very few sequences (8), LSTM may not train well
2026-08-23 21:39:23 | WARNING  | co2_forecast | Very few sequences (4), LSTM may not train well
2026-08-23 21:39:24 | WARNING  | co2_forecast | Very few sequences (4), LSTM may not train well
2026-08-23 21:39:24 | WARNING  | co2_forecast | Very few sequences (4), LSTM may not train well
2026-08-23 21:39:24 | WARNING  | co2_forecast | Very few sequences (8), LSTM may not train well
2026-08-23 21:39:24 | WARNING  | co2_forecast | Very few sequences (4), LSTM may not train well
2026-08-23 21:39:24 | WARNING  | co2_forecast | Very few sequences (4), LSTM may not train well
2026-08-23 21:39:24 | WARNING  | co2_forecast | Very few sequences (4), LSTM may not train well
2026-08-23 21:39:24 | WARNING  | co2_forecast | Very few sequences (8), LSTM may not train well
2026-08-23 21:39:25 | WARNING  | co2_forecast | Very few sequences (4), LSTM may not train well
2026-08-23 21:39:25 | WARNING  | co2_forecast | Very few sequences (4), LSTM may not train well
2026-08-23 21:39:25 | INFO     | co2_forecast |   Iteration 5: Best fitness = 0.763619
2026-08-23 21:39:25 | WARNING  | co2_forecast | Very few sequences (4), LSTM may not train well
2026-08-23 21:39:25 | WARNING  | co2_forecast | Very few sequences (8), LSTM may not train well
2026-08-23 21:39:26 | WARNING  | co2_forecast | Very few sequences (4), LSTM may not train well
2026-08-23 21:39:27 | WARNING  | co2_forecast | Very few sequences (4), LSTM may not train well
2026-08-23 21:39:27 | WARNING  | co2_forecast | Very few sequences (4), LSTM may not train well
2026-08-23 21:39:27 | WARNING  | co2_forecast | Very few sequences (8), LSTM may not train well
2026-08-23 21:39:28 | WARNING  | co2_forecast | Very few sequences (4), LSTM may not train well
2026-08-23 21:39:28 | WARNING  | co2_forecast | Very few sequences (4), LSTM may not train well
2026-08-23 21:39:28 | WARNING  | co2_forecast | Very few sequences (4), LSTM may not train well
2026-08-23 21:39:28 | WARNING  | co2_forecast | Very few sequences (8), LSTM may not train well
2026-08-23 21:39:29 | WARNING  | co2_forecast | Very few sequences (4), LSTM may not train well
2026-08-23 21:39:29 | WARNING  | co2_forecast | Very few sequences (4), LSTM may not train well
2026-08-23 21:39:29 | WARNING  | co2_forecast | Very few sequences (4), LSTM may not train well
2026-08-23 21:39:30 | WARNING  | co2_forecast | Very few sequences (8), LSTM may not train well
2026-08-23 21:39:30 | WARNING  | co2_forecast | Very few sequences (4), LSTM may not train well
2026-08-23 21:39:31 | WARNING  | co2_forecast | Very few sequences (4), LSTM may not train well
2026-08-23 21:39:31 | WARNING  | co2_forecast | Very few sequences (4), LSTM may not train well
2026-08-23 21:39:31 | WARNING  | co2_forecast | Very few sequences (8), LSTM may not train well
2026-08-23 21:39:31 | WARNING  | co2_forecast | Very few sequences (4), LSTM may not train well
2026-08-23 21:39:32 | WARNING  | co2_forecast | Very few sequences (4), LSTM may not train well
2026-08-23 21:39:32 | WARNING  | co2_forecast | Very few sequences (4), LSTM may not train well
2026-08-23 21:39:32 | WARNING  | co2_forecast | Very few sequences (8), LSTM may not train well
2026-08-23 21:39:33 | WARNING  | co2_forecast | Very few sequences (4), LSTM may not train well
2026-08-23 21:39:33 | WARNING  | co2_forecast | Very few sequences (4), LSTM may not train well
2026-08-23 21:39:33 | WARNING  | co2_forecast | Very few sequences (4), LSTM may not train well
2026-08-23 21:39:33 | WARNING  | co2_forecast | Very few sequences (8), LSTM may not train well
2026-08-23 21:39:33 | WARNING  | co2_forecast | Very few sequences (4), LSTM may not train well
2026-08-23 21:39:34 | WARNING  | co2_forecast | Very few sequences (4), LSTM may not train well
2026-08-23 21:39:34 | WARNING  | co2_forecast | Very few sequences (4), LSTM may not train well
2026-08-23 21:39:34 | WARNING  | co2_forecast | Very few sequences (8), LSTM may not train well
2026-08-23 21:39:35 | WARNING  | co2_forecast | Very few sequences (4), LSTM may not train well
2026-08-23 21:39:35 | WARNING  | co2_forecast | Very few sequences (4), LSTM may not train well
2026-08-23 21:39:35 | WARNING  | co2_forecast | Very few sequences (4), LSTM may not train well
2026-08-23 21:39:35 | WARNING  | co2_forecast | Very few sequences (8), LSTM may not train well
2026-08-23 21:39:36 | WARNING  | co2_forecast | Very few sequences (4), LSTM may not train well
2026-08-23 21:39:36 | WARNING  | co2_forecast | Very few sequences (4), LSTM may not train well
2026-08-23 21:39:37 | WARNING  | co2_forecast | Very few sequences (4), LSTM may not train well
2026-08-23 21:39:37 | WARNING  | co2_forecast | Very few sequences (8), LSTM may not train well
2026-08-23 21:39:37 | WARNING  | co2_forecast | Very few sequences (4), LSTM may not train well
2026-08-23 21:39:38 | WARNING  | co2_forecast | Very few sequences (4), LSTM may not train well
2026-08-23 21:39:38 | WARNING  | co2_forecast | Very few sequences (4), LSTM may not train well
2026-08-23 21:39:38 | WARNING  | co2_forecast | Very few sequences (8), LSTM may not train well
2026-08-23 21:39:38 | WARNING  | co2_forecast | Very few sequences (4), LSTM may not train well
2026-08-23 21:39:39 | WARNING  | co2_forecast | Very few sequences (4), LSTM may not train well
2026-08-23 21:39:39 | WARNING  | co2_forecast | Very few sequences (4), LSTM may not train well
2026-08-23 21:39:39 | WARNING  | co2_forecast | Very few sequences (8), LSTM may not train well
2026-08-23 21:39:40 | WARNING  | co2_forecast | Very few sequences (4), LSTM may not train well
2026-08-23 21:39:40 | WARNING  | co2_forecast | Very few sequences (4), LSTM may not train well
2026-08-23 21:39:40 | WARNING  | co2_forecast | Very few sequences (4), LSTM may not train well
2026-08-23 21:39:40 | WARNING  | co2_forecast | Very few sequences (8), LSTM may not train well
2026-08-23 21:39:41 | WARNING  | co2_forecast | Very few sequences (4), LSTM may not train well
2026-08-23 21:39:42 | WARNING  | co2_forecast | Very few sequences (4), LSTM may not train well
2026-08-23 21:39:42 | WARNING  | co2_forecast | Very few sequences (4), LSTM may not train well
2026-08-23 21:39:42 | WARNING  | co2_forecast | Very few sequences (8), LSTM may not train well
2026-08-23 21:39:43 | WARNING  | co2_forecast | Very few sequences (4), LSTM may not train well
2026-08-23 21:39:43 | WARNING  | co2_forecast | Very few sequences (4), LSTM may not train well
2026-08-23 21:39:43 | WARNING  | co2_forecast | Very few sequences (4), LSTM may not train well
2026-08-23 21:39:43 | WARNING  | co2_forecast | Very few sequences (8), LSTM may not train well
2026-08-23 21:39:44 | WARNING  | co2_forecast | Very few sequences (4), LSTM may not train well
2026-08-23 21:39:45 | WARNING  | co2_forecast | Very few sequences (4), LSTM may not train well
2026-08-23 21:39:45 | WARNING  | co2_forecast | Very few sequences (4), LSTM may not train well
2026-08-23 21:39:45 | WARNING  | co2_forecast | Very few sequences (8), LSTM may not train well
2026-08-23 21:39:45 | WARNING  | co2_forecast | Very few sequences (4), LSTM may not train well
2026-08-23 21:39:46 | WARNING  | co2_forecast | Very few sequences (4), LSTM may not train well
2026-08-23 21:39:46 | WARNING  | co2_forecast | Very few sequences (4), LSTM may not train well
2026-08-23 21:39:46 | WARNING  | co2_forecast | Very few sequences (8), LSTM may not train well
2026-08-23 21:39:47 | WARNING  | co2_forecast | Very few sequences (4), LSTM may not train well
2026-08-23 21:39:48 | WARNING  | co2_forecast | Very few sequences (4), LSTM may not train well
2026-08-23 21:39:48 | WARNING  | co2_forecast | Very few sequences (4), LSTM may not train well
2026-08-23 21:39:48 | WARNING  | co2_forecast | Very few sequences (8), LSTM may not train well
2026-08-23 21:39:48 | WARNING  | co2_forecast | Very few sequences (4), LSTM may not train well
2026-08-23 21:39:49 | WARNING  | co2_forecast | Very few sequences (4), LSTM may not train well
2026-08-23 21:39:49 | WARNING  | co2_forecast | Very few sequences (4), LSTM may not train well
2026-08-23 21:39:49 | WARNING  | co2_forecast | Very few sequences (8), LSTM may not train well
2026-08-23 21:39:50 | WARNING  | co2_forecast | Very few sequences (4), LSTM may not train well
2026-08-23 21:39:51 | WARNING  | co2_forecast | Very few sequences (4), LSTM may not train well
2026-08-23 21:39:51 | WARNING  | co2_forecast | Very few sequences (4), LSTM may not train well
2026-08-23 21:39:51 | WARNING  | co2_forecast | Very few sequences (8), LSTM may not train well
2026-08-23 21:39:51 | WARNING  | co2_forecast | Very few sequences (4), LSTM may not train well
2026-08-23 21:39:52 | WARNING  | co2_forecast | Very few sequences (4), LSTM may not train well
2026-08-23 21:39:52 | WARNING  | co2_forecast | Very few sequences (4), LSTM may not train well
2026-08-23 21:39:52 | WARNING  | co2_forecast | Very few sequences (8), LSTM may not train well
2026-08-23 21:39:53 | WARNING  | co2_forecast | Very few sequences (4), LSTM may not train well
2026-08-23 21:39:53 | WARNING  | co2_forecast | Very few sequences (4), LSTM may not train well
2026-08-23 21:39:53 | WARNING  | co2_forecast | Very few sequences (4), LSTM may not train well
2026-08-23 21:39:53 | WARNING  | co2_forecast | Very few sequences (8), LSTM may not train well
2026-08-23 21:39:54 | WARNING  | co2_forecast | Very few sequences (4), LSTM may not train well
2026-08-23 21:39:55 | WARNING  | co2_forecast | Very few sequences (4), LSTM may not train well
2026-08-23 21:39:55 | WARNING  | co2_forecast | Very few sequences (4), LSTM may not train well
2026-08-23 21:39:55 | WARNING  | co2_forecast | Very few sequences (8), LSTM may not train well
2026-08-23 21:39:55 | WARNING  | co2_forecast | Very few sequences (4), LSTM may not train well
2026-08-23 21:39:56 | WARNING  | co2_forecast | Very few sequences (4), LSTM may not train well
2026-08-23 21:39:56 | WARNING  | co2_forecast | Very few sequences (4), LSTM may not train well
2026-08-23 21:39:56 | WARNING  | co2_forecast | Very few sequences (8), LSTM may not train well
2026-08-23 21:39:57 | WARNING  | co2_forecast | Very few sequences (4), LSTM may not train well
2026-08-23 21:39:57 | WARNING  | co2_forecast | Very few sequences (4), LSTM may not train well
2026-08-23 21:39:57 | WARNING  | co2_forecast | Very few sequences (4), LSTM may not train well
2026-08-23 21:39:58 | WARNING  | co2_forecast | Very few sequences (8), LSTM may not train well
2026-08-23 21:39:58 | WARNING  | co2_forecast | Very few sequences (4), LSTM may not train well
2026-08-23 21:39:59 | WARNING  | co2_forecast | Very few sequences (4), LSTM may not train well
2026-08-23 21:39:59 | WARNING  | co2_forecast | Very few sequences (4), LSTM may not train well
2026-08-23 21:39:59 | WARNING  | co2_forecast | Very few sequences (8), LSTM may not train well
2026-08-23 21:40:00 | WARNING  | co2_forecast | Very few sequences (4), LSTM may not train well
2026-08-23 21:40:00 | WARNING  | co2_forecast | Very few sequences (4), LSTM may not train well
2026-08-23 21:40:00 | WARNING  | co2_forecast | Very few sequences (4), LSTM may not train well
2026-08-23 21:40:00 | WARNING  | co2_forecast | Very few sequences (8), LSTM may not train well
2026-08-23 21:40:01 | WARNING  | co2_forecast | Very few sequences (4), LSTM may not train well
2026-08-23 21:40:02 | WARNING  | co2_forecast | Very few sequences (4), LSTM may not train well
2026-08-23 21:40:02 | WARNING  | co2_forecast | Very few sequences (4), LSTM may not train well
2026-08-23 21:40:02 | WARNING  | co2_forecast | Very few sequences (8), LSTM may not train well
2026-08-23 21:40:02 | WARNING  | co2_forecast | Very few sequences (4), LSTM may not train well
2026-08-23 21:40:03 | WARNING  | co2_forecast | Very few sequences (4), LSTM may not train well
2026-08-23 21:40:03 | WARNING  | co2_forecast | Very few sequences (4), LSTM may not train well
2026-08-23 21:40:03 | WARNING  | co2_forecast | Very few sequences (8), LSTM may not train well
2026-08-23 21:40:04 | WARNING  | co2_forecast | Very few sequences (4), LSTM may not train well
2026-08-23 21:40:04 | WARNING  | co2_forecast | Very few sequences (4), LSTM may not train well
2026-08-23 21:40:04 | WARNING  | co2_forecast | Very few sequences (4), LSTM may not train well
2026-08-23 21:40:04 | WARNING  | co2_forecast | Very few sequences (8), LSTM may not train well
2026-08-23 21:40:05 | WARNING  | co2_forecast | Very few sequences (4), LSTM may not train well
2026-08-23 21:40:05 | WARNING  | co2_forecast | Very few sequences (4), LSTM may not train well
2026-08-23 21:40:06 | WARNING  | co2_forecast | Very few sequences (4), LSTM may not train well
2026-08-23 21:40:06 | WARNING  | co2_forecast | Very few sequences (8), LSTM may not train well
2026-08-23 21:40:06 | WARNING  | co2_forecast | Very few sequences (4), LSTM may not train well
2026-08-23 21:40:07 | WARNING  | co2_forecast | Very few sequences (4), LSTM may not train well
2026-08-23 21:40:07 | WARNING  | co2_forecast | Very few sequences (4), LSTM may not train well
2026-08-23 21:40:07 | WARNING  | co2_forecast | Very few sequences (8), LSTM may not train well
2026-08-23 21:40:08 | WARNING  | co2_forecast | Very few sequences (4), LSTM may not train well
2026-08-23 21:40:08 | WARNING  | co2_forecast | Very few sequences (4), LSTM may not train well
2026-08-23 21:40:08 | INFO     | co2_forecast |   Iteration 9: Best fitness = 0.761749
2026-08-23 21:40:08 | INFO     | co2_forecast | PSO complete. Best fitness: 0.761749
2026-08-23 21:40:08 | INFO     | co2_forecast |   Best params: {'lookback': 4, 'hidden_size': 16, 'num_layers': 2, 'dropout': 0.5, 'learning_rate': 0.0001, 'batch_size': 32}
2026-08-23 21:40:08 | INFO     | co2_forecast |   Best fitness: 0.761749
2026-08-23 21:40:08 | INFO     | co2_forecast | [A1/panel2_common_period/all_features/lstm] sweep tuning: best_params={'lookback': 4, 'hidden_size': 16, 'num_layers': 2, 'dropout': 0.5, 'learning_rate': 0.0001, 'batch_size': 32}
2026-08-23 21:40:11 | INFO     | co2_forecast |   -> weighted_mase=1.0181670520791863, runtime=86.1s
2026-08-23 21:40:11 | INFO     | co2_forecast | Stream A cell: A2/ridge (26 features, 28 rows)
2026-08-23 21:40:11 | INFO     | co2_forecast | Creating walk-forward splits for 16 valid samples
2026-08-23 21:40:11 | INFO     | co2_forecast | Created 4 CV folds across horizons [1, 2, 4]
2026-08-23 21:40:11 | INFO     | co2_forecast | Built tuning CV plan: 4 folds from 16 rows before 2022-Q%q (evaluation cutoff) - isolation OK (max tuning date 2021-Q%q)
2026-08-23 21:40:11 | INFO     | co2_forecast | Optimizing ridge...
2026-08-23 21:40:11 | INFO     | co2_forecast | Starting PSO: 8 particles, 10 iterations
2026-08-23 21:40:11 | INFO     | co2_forecast |   Iteration 0: Best fitness = 2.075324
2026-08-23 21:40:12 | INFO     | co2_forecast |   Iteration 5: Best fitness = 1.837793
2026-08-23 21:40:12 | INFO     | co2_forecast |   Iteration 9: Best fitness = 1.837793
2026-08-23 21:40:12 | INFO     | co2_forecast | PSO complete. Best fitness: 1.837793
2026-08-23 21:40:12 | INFO     | co2_forecast |   Best params: {'alpha': 100.0}
2026-08-23 21:40:12 | INFO     | co2_forecast |   Best fitness: 1.837793
2026-08-23 21:40:12 | INFO     | co2_forecast | [A2/panel2_common_period/all_features/ridge] sweep tuning: best_params={'alpha': 100.0}
2026-08-23 21:40:12 | INFO     | co2_forecast |   -> weighted_mase=0.7380240912528266, runtime=0.3s
2026-08-23 21:40:12 | INFO     | co2_forecast | Stream A cell: A2/random_forest (26 features, 28 rows)
2026-08-23 21:40:12 | INFO     | co2_forecast | Creating walk-forward splits for 16 valid samples
2026-08-23 21:40:12 | INFO     | co2_forecast | Created 4 CV folds across horizons [1, 2, 4]
2026-08-23 21:40:12 | INFO     | co2_forecast | Built tuning CV plan: 4 folds from 16 rows before 2022-Q%q (evaluation cutoff) - isolation OK (max tuning date 2021-Q%q)
2026-08-23 21:40:12 | INFO     | co2_forecast | Optimizing random_forest...
2026-08-23 21:40:12 | INFO     | co2_forecast | Starting PSO: 8 particles, 10 iterations
2026-08-23 21:40:17 | INFO     | co2_forecast |   Iteration 0: Best fitness = 0.673233
2026-08-23 21:40:34 | INFO     | co2_forecast |   Iteration 5: Best fitness = 0.334839
2026-08-23 21:40:47 | INFO     | co2_forecast |   Iteration 9: Best fitness = 0.334839
2026-08-23 21:40:47 | INFO     | co2_forecast | PSO complete. Best fitness: 0.334839
2026-08-23 21:40:47 | INFO     | co2_forecast |   Best params: {'n_estimators': 60, 'max_depth': 3, 'min_samples_split': 2, 'min_samples_leaf': 1}
2026-08-23 21:40:47 | INFO     | co2_forecast |   Best fitness: 0.334839
2026-08-23 21:40:47 | INFO     | co2_forecast | [A2/panel2_common_period/all_features/random_forest] sweep tuning: best_params={'n_estimators': 60, 'max_depth': 3, 'min_samples_split': 2, 'min_samples_leaf': 1}
2026-08-23 21:40:47 | INFO     | co2_forecast |   -> weighted_mase=0.7384900258500862, runtime=35.6s
2026-08-23 21:40:47 | INFO     | co2_forecast | Stream A cell: A2/catboost (26 features, 28 rows)
2026-08-23 21:40:47 | INFO     | co2_forecast | Creating walk-forward splits for 16 valid samples
2026-08-23 21:40:47 | INFO     | co2_forecast | Created 4 CV folds across horizons [1, 2, 4]
2026-08-23 21:40:47 | INFO     | co2_forecast | Built tuning CV plan: 4 folds from 16 rows before 2022-Q%q (evaluation cutoff) - isolation OK (max tuning date 2021-Q%q)
2026-08-23 21:40:47 | INFO     | co2_forecast | Optimizing catboost...
2026-08-23 21:40:47 | INFO     | co2_forecast | Starting PSO: 8 particles, 10 iterations
2026-08-23 21:41:21 | INFO     | co2_forecast |   Iteration 0: Best fitness = 0.274423
2026-08-23 21:44:47 | INFO     | co2_forecast |   Iteration 5: Best fitness = 0.253204
2026-08-23 21:47:35 | INFO     | co2_forecast |   Iteration 9: Best fitness = 0.252198
2026-08-23 21:47:35 | INFO     | co2_forecast | PSO complete. Best fitness: 0.252198
2026-08-23 21:47:35 | INFO     | co2_forecast |   Best params: {'iterations': 260, 'learning_rate': 0.14864341649311977, 'depth': 3, 'l2_leaf_reg': 9.637324502340217}
2026-08-23 21:47:35 | INFO     | co2_forecast |   Best fitness: 0.252198
2026-08-23 21:47:35 | INFO     | co2_forecast | [A2/panel2_common_period/all_features/catboost] sweep tuning: best_params={'iterations': 260, 'learning_rate': 0.14864341649311977, 'depth': 3, 'l2_leaf_reg': 9.637324502340217}
2026-08-23 21:47:44 | INFO     | co2_forecast |   -> weighted_mase=0.7176527440828386, runtime=417.0s
2026-08-23 21:47:44 | INFO     | co2_forecast | Stream A cell: A2/lightgbm (26 features, 28 rows)
2026-08-23 21:47:44 | INFO     | co2_forecast | Creating walk-forward splits for 16 valid samples
2026-08-23 21:47:44 | INFO     | co2_forecast | Created 4 CV folds across horizons [1, 2, 4]
2026-08-23 21:47:44 | INFO     | co2_forecast | Built tuning CV plan: 4 folds from 16 rows before 2022-Q%q (evaluation cutoff) - isolation OK (max tuning date 2021-Q%q)
2026-08-23 21:47:44 | INFO     | co2_forecast | Optimizing lightgbm...
2026-08-23 21:47:44 | INFO     | co2_forecast | Starting PSO: 8 particles, 10 iterations
2026-08-23 21:47:44 | INFO     | co2_forecast |   Iteration 0: Best fitness = 0.768990
2026-08-23 21:47:45 | INFO     | co2_forecast |   Iteration 5: Best fitness = 0.605532
2026-08-23 21:47:45 | INFO     | co2_forecast |   Iteration 9: Best fitness = 0.605532
2026-08-23 21:47:45 | INFO     | co2_forecast | PSO complete. Best fitness: 0.605532
2026-08-23 21:47:45 | INFO     | co2_forecast |   Best params: {'n_estimators': 103, 'learning_rate': 0.2971560289648719, 'num_leaves': 124, 'max_depth': 9, 'min_child_samples': 5, 'reg_alpha': 0.001, 'reg_lambda': 0.24577535119141014}
2026-08-23 21:47:45 | INFO     | co2_forecast |   Best fitness: 0.605532
2026-08-23 21:47:45 | INFO     | co2_forecast | [A2/panel2_common_period/all_features/lightgbm] sweep tuning: best_params={'n_estimators': 103, 'learning_rate': 0.2971560289648719, 'num_leaves': 124, 'max_depth': 9, 'min_child_samples': 5, 'reg_alpha': 0.001, 'reg_lambda': 0.24577535119141014}
2026-08-23 21:47:46 | INFO     | co2_forecast |   -> weighted_mase=0.9447613085290709, runtime=1.3s
2026-08-23 21:47:46 | INFO     | co2_forecast | Stream A cell: A2/lstm (26 features, 28 rows)
2026-08-23 21:47:46 | INFO     | co2_forecast | Creating walk-forward splits for 16 valid samples
2026-08-23 21:47:46 | INFO     | co2_forecast | Created 4 CV folds across horizons [1, 2, 4]
2026-08-23 21:47:46 | INFO     | co2_forecast | Built tuning CV plan: 4 folds from 16 rows before 2022-Q%q (evaluation cutoff) - isolation OK (max tuning date 2021-Q%q)
2026-08-23 21:47:46 | INFO     | co2_forecast | Optimizing lstm...
2026-08-23 21:47:46 | INFO     | co2_forecast | Starting PSO: 8 particles, 10 iterations
2026-08-23 21:47:46 | WARNING  | co2_forecast | Model training failed with params {'lookback': 7, 'hidden_size': 62, 'num_layers': 2, 'dropout': 0.3394633936788146, 'learning_rate': 0.0016445845403801217, 'batch_size': 8}: LSTM.fit: training data has 8 rows, giving only 1 sequence(s) with lookback=7; at least 2 are required (one is always reserved for validation). Reduce lookback or provide more training history.
2026-08-23 21:47:46 | WARNING  | co2_forecast | Model training failed with params {'lookback': 11, 'hidden_size': 26, 'num_layers': 1, 'dropout': 0.17336180394137352, 'learning_rate': 0.0031119982052994237, 'batch_size': 16}: LSTM.fit: training data has 8 rows, giving only 0 sequence(s) with lookback=11; at least 2 are required (one is always reserved for validation). Reduce lookback or provide more training history.
2026-08-23 21:47:46 | WARNING  | co2_forecast | Model training failed with params {'lookback': 8, 'hidden_size': 54, 'num_layers': 1, 'dropout': 0.3056937753654446, 'learning_rate': 0.005964904231734221, 'batch_size': 8}: LSTM.fit: training data has 8 rows, giving only 0 sequence(s) with lookback=8; at least 2 are required (one is always reserved for validation). Reduce lookback or provide more training history.
2026-08-23 21:47:46 | WARNING  | co2_forecast | Very few sequences (2), LSTM may not train well
2026-08-23 21:47:46 | WARNING  | co2_forecast | Very few sequences (6), LSTM may not train well
2026-08-23 21:47:46 | WARNING  | co2_forecast | Very few sequences (2), LSTM may not train well
2026-08-23 21:47:46 | WARNING  | co2_forecast | Very few sequences (2), LSTM may not train well
2026-08-23 21:47:46 | WARNING  | co2_forecast | Model training failed with params {'lookback': 8, 'hidden_size': 25, 'num_layers': 2, 'dropout': 0.4100531293444458, 'learning_rate': 0.009401039521485473, 'batch_size': 32}: LSTM.fit: training data has 8 rows, giving only 0 sequence(s) with lookback=8; at least 2 are required (one is always reserved for validation). Reduce lookback or provide more training history.
2026-08-23 21:47:46 | WARNING  | co2_forecast | Model training failed with params {'lookback': 7, 'hidden_size': 29, 'num_layers': 2, 'dropout': 0.2427013306774357, 'learning_rate': 0.0028812516459050695, 'batch_size': 16}: LSTM.fit: training data has 8 rows, giving only 1 sequence(s) with lookback=7; at least 2 are required (one is always reserved for validation). Reduce lookback or provide more training history.
2026-08-23 21:47:46 | WARNING  | co2_forecast | Very few sequences (4), LSTM may not train well
2026-08-23 21:47:46 | WARNING  | co2_forecast | Very few sequences (8), LSTM may not train well
2026-08-23 21:47:46 | WARNING  | co2_forecast | Very few sequences (4), LSTM may not train well
2026-08-23 21:47:46 | WARNING  | co2_forecast | Very few sequences (4), LSTM may not train well
2026-08-23 21:47:46 | WARNING  | co2_forecast | Very few sequences (2), LSTM may not train well
2026-08-23 21:47:47 | WARNING  | co2_forecast | Very few sequences (6), LSTM may not train well
2026-08-23 21:47:47 | WARNING  | co2_forecast | Very few sequences (2), LSTM may not train well
2026-08-23 21:47:47 | WARNING  | co2_forecast | Very few sequences (2), LSTM may not train well
2026-08-23 21:47:47 | INFO     | co2_forecast |   Iteration 0: Best fitness = 0.540362
2026-08-23 21:47:47 | WARNING  | co2_forecast | Very few sequences (4), LSTM may not train well
2026-08-23 21:47:47 | WARNING  | co2_forecast | Very few sequences (8), LSTM may not train well
2026-08-23 21:47:47 | WARNING  | co2_forecast | Very few sequences (4), LSTM may not train well
2026-08-23 21:47:47 | WARNING  | co2_forecast | Very few sequences (4), LSTM may not train well
2026-08-23 21:47:47 | WARNING  | co2_forecast | Very few sequences (3), LSTM may not train well
2026-08-23 21:47:47 | WARNING  | co2_forecast | Very few sequences (7), LSTM may not train well
2026-08-23 21:47:47 | WARNING  | co2_forecast | Very few sequences (3), LSTM may not train well
2026-08-23 21:47:47 | WARNING  | co2_forecast | Very few sequences (3), LSTM may not train well
2026-08-23 21:47:48 | WARNING  | co2_forecast | Model training failed with params {'lookback': 7, 'hidden_size': 52, 'num_layers': 1, 'dropout': 0.3509333868153429, 'learning_rate': 0.007024592970449884, 'batch_size': 8}: LSTM.fit: training data has 8 rows, giving only 1 sequence(s) with lookback=7; at least 2 are required (one is always reserved for validation). Reduce lookback or provide more training history.
2026-08-23 21:47:48 | WARNING  | co2_forecast | Very few sequences (4), LSTM may not train well
2026-08-23 21:47:48 | WARNING  | co2_forecast | Very few sequences (8), LSTM may not train well
2026-08-23 21:47:48 | WARNING  | co2_forecast | Very few sequences (4), LSTM may not train well
2026-08-23 21:47:48 | WARNING  | co2_forecast | Very few sequences (4), LSTM may not train well
2026-08-23 21:47:48 | WARNING  | co2_forecast | Very few sequences (4), LSTM may not train well
2026-08-23 21:47:48 | WARNING  | co2_forecast | Very few sequences (8), LSTM may not train well
2026-08-23 21:47:48 | WARNING  | co2_forecast | Very few sequences (4), LSTM may not train well
2026-08-23 21:47:48 | WARNING  | co2_forecast | Very few sequences (4), LSTM may not train well
2026-08-23 21:47:48 | WARNING  | co2_forecast | Very few sequences (4), LSTM may not train well
2026-08-23 21:47:48 | WARNING  | co2_forecast | Very few sequences (8), LSTM may not train well
2026-08-23 21:47:49 | WARNING  | co2_forecast | Very few sequences (4), LSTM may not train well
2026-08-23 21:47:49 | WARNING  | co2_forecast | Very few sequences (4), LSTM may not train well
2026-08-23 21:47:49 | WARNING  | co2_forecast | Very few sequences (4), LSTM may not train well
2026-08-23 21:47:49 | WARNING  | co2_forecast | Very few sequences (8), LSTM may not train well
2026-08-23 21:47:49 | WARNING  | co2_forecast | Very few sequences (4), LSTM may not train well
2026-08-23 21:47:49 | WARNING  | co2_forecast | Very few sequences (4), LSTM may not train well
2026-08-23 21:47:49 | WARNING  | co2_forecast | Very few sequences (3), LSTM may not train well
2026-08-23 21:47:49 | WARNING  | co2_forecast | Very few sequences (7), LSTM may not train well
2026-08-23 21:47:49 | WARNING  | co2_forecast | Very few sequences (3), LSTM may not train well
2026-08-23 21:47:50 | WARNING  | co2_forecast | Very few sequences (3), LSTM may not train well
2026-08-23 21:47:50 | WARNING  | co2_forecast | Very few sequences (4), LSTM may not train well
2026-08-23 21:47:50 | WARNING  | co2_forecast | Very few sequences (8), LSTM may not train well
2026-08-23 21:47:50 | WARNING  | co2_forecast | Very few sequences (4), LSTM may not train well
2026-08-23 21:47:50 | WARNING  | co2_forecast | Very few sequences (4), LSTM may not train well
2026-08-23 21:47:50 | WARNING  | co2_forecast | Very few sequences (4), LSTM may not train well
2026-08-23 21:47:50 | WARNING  | co2_forecast | Very few sequences (8), LSTM may not train well
2026-08-23 21:47:50 | WARNING  | co2_forecast | Very few sequences (4), LSTM may not train well
2026-08-23 21:47:50 | WARNING  | co2_forecast | Very few sequences (4), LSTM may not train well
2026-08-23 21:47:51 | WARNING  | co2_forecast | Very few sequences (2), LSTM may not train well
2026-08-23 21:47:51 | WARNING  | co2_forecast | Very few sequences (6), LSTM may not train well
2026-08-23 21:47:51 | WARNING  | co2_forecast | Very few sequences (2), LSTM may not train well
2026-08-23 21:47:51 | WARNING  | co2_forecast | Very few sequences (2), LSTM may not train well
2026-08-23 21:47:51 | WARNING  | co2_forecast | Very few sequences (4), LSTM may not train well
2026-08-23 21:47:51 | WARNING  | co2_forecast | Very few sequences (8), LSTM may not train well
2026-08-23 21:47:51 | WARNING  | co2_forecast | Very few sequences (4), LSTM may not train well
2026-08-23 21:47:51 | WARNING  | co2_forecast | Very few sequences (4), LSTM may not train well
2026-08-23 21:47:51 | WARNING  | co2_forecast | Very few sequences (4), LSTM may not train well
2026-08-23 21:47:51 | WARNING  | co2_forecast | Very few sequences (8), LSTM may not train well
2026-08-23 21:47:52 | WARNING  | co2_forecast | Very few sequences (4), LSTM may not train well
2026-08-23 21:47:52 | WARNING  | co2_forecast | Very few sequences (4), LSTM may not train well
2026-08-23 21:47:52 | WARNING  | co2_forecast | Very few sequences (4), LSTM may not train well
2026-08-23 21:47:52 | WARNING  | co2_forecast | Very few sequences (8), LSTM may not train well
2026-08-23 21:47:52 | WARNING  | co2_forecast | Very few sequences (4), LSTM may not train well
2026-08-23 21:47:52 | WARNING  | co2_forecast | Very few sequences (4), LSTM may not train well
2026-08-23 21:47:52 | WARNING  | co2_forecast | Very few sequences (4), LSTM may not train well
2026-08-23 21:47:52 | WARNING  | co2_forecast | Very few sequences (8), LSTM may not train well
2026-08-23 21:47:52 | WARNING  | co2_forecast | Very few sequences (4), LSTM may not train well
2026-08-23 21:47:52 | WARNING  | co2_forecast | Very few sequences (4), LSTM may not train well
2026-08-23 21:47:53 | WARNING  | co2_forecast | Very few sequences (4), LSTM may not train well
2026-08-23 21:47:53 | WARNING  | co2_forecast | Very few sequences (8), LSTM may not train well
2026-08-23 21:47:53 | WARNING  | co2_forecast | Very few sequences (4), LSTM may not train well
2026-08-23 21:47:53 | WARNING  | co2_forecast | Very few sequences (4), LSTM may not train well
2026-08-23 21:47:53 | WARNING  | co2_forecast | Very few sequences (4), LSTM may not train well
2026-08-23 21:47:53 | WARNING  | co2_forecast | Very few sequences (8), LSTM may not train well
2026-08-23 21:47:53 | WARNING  | co2_forecast | Very few sequences (4), LSTM may not train well
2026-08-23 21:47:53 | WARNING  | co2_forecast | Very few sequences (4), LSTM may not train well
2026-08-23 21:47:54 | WARNING  | co2_forecast | Very few sequences (4), LSTM may not train well
2026-08-23 21:47:54 | WARNING  | co2_forecast | Very few sequences (8), LSTM may not train well
2026-08-23 21:47:54 | WARNING  | co2_forecast | Very few sequences (4), LSTM may not train well
2026-08-23 21:47:54 | WARNING  | co2_forecast | Very few sequences (4), LSTM may not train well
2026-08-23 21:47:54 | WARNING  | co2_forecast | Very few sequences (3), LSTM may not train well
2026-08-23 21:47:54 | WARNING  | co2_forecast | Very few sequences (7), LSTM may not train well
2026-08-23 21:47:54 | WARNING  | co2_forecast | Very few sequences (3), LSTM may not train well
2026-08-23 21:47:54 | WARNING  | co2_forecast | Very few sequences (3), LSTM may not train well
2026-08-23 21:47:54 | WARNING  | co2_forecast | Very few sequences (4), LSTM may not train well
2026-08-23 21:47:55 | WARNING  | co2_forecast | Very few sequences (8), LSTM may not train well
2026-08-23 21:47:55 | WARNING  | co2_forecast | Very few sequences (4), LSTM may not train well
2026-08-23 21:47:55 | WARNING  | co2_forecast | Very few sequences (4), LSTM may not train well
2026-08-23 21:47:55 | WARNING  | co2_forecast | Very few sequences (4), LSTM may not train well
2026-08-23 21:47:55 | WARNING  | co2_forecast | Very few sequences (8), LSTM may not train well
2026-08-23 21:47:55 | WARNING  | co2_forecast | Very few sequences (4), LSTM may not train well
2026-08-23 21:47:55 | WARNING  | co2_forecast | Very few sequences (4), LSTM may not train well
2026-08-23 21:47:55 | WARNING  | co2_forecast | Very few sequences (4), LSTM may not train well
2026-08-23 21:47:55 | WARNING  | co2_forecast | Very few sequences (8), LSTM may not train well
2026-08-23 21:47:56 | WARNING  | co2_forecast | Very few sequences (4), LSTM may not train well
2026-08-23 21:47:56 | WARNING  | co2_forecast | Very few sequences (4), LSTM may not train well
2026-08-23 21:47:56 | WARNING  | co2_forecast | Very few sequences (4), LSTM may not train well
2026-08-23 21:47:56 | WARNING  | co2_forecast | Very few sequences (8), LSTM may not train well
2026-08-23 21:47:56 | WARNING  | co2_forecast | Very few sequences (4), LSTM may not train well
2026-08-23 21:47:56 | WARNING  | co2_forecast | Very few sequences (4), LSTM may not train well
2026-08-23 21:47:56 | WARNING  | co2_forecast | Very few sequences (4), LSTM may not train well
2026-08-23 21:47:56 | WARNING  | co2_forecast | Very few sequences (8), LSTM may not train well
2026-08-23 21:47:56 | WARNING  | co2_forecast | Very few sequences (4), LSTM may not train well
2026-08-23 21:47:57 | WARNING  | co2_forecast | Very few sequences (4), LSTM may not train well
2026-08-23 21:47:57 | WARNING  | co2_forecast | Very few sequences (4), LSTM may not train well
2026-08-23 21:47:57 | WARNING  | co2_forecast | Very few sequences (8), LSTM may not train well
2026-08-23 21:47:57 | WARNING  | co2_forecast | Very few sequences (4), LSTM may not train well
2026-08-23 21:47:57 | WARNING  | co2_forecast | Very few sequences (4), LSTM may not train well
2026-08-23 21:47:57 | WARNING  | co2_forecast | Very few sequences (4), LSTM may not train well
2026-08-23 21:47:57 | WARNING  | co2_forecast | Very few sequences (8), LSTM may not train well
2026-08-23 21:47:57 | WARNING  | co2_forecast | Very few sequences (4), LSTM may not train well
2026-08-23 21:47:58 | WARNING  | co2_forecast | Very few sequences (4), LSTM may not train well
2026-08-23 21:47:58 | WARNING  | co2_forecast | Very few sequences (4), LSTM may not train well
2026-08-23 21:47:58 | WARNING  | co2_forecast | Very few sequences (8), LSTM may not train well
2026-08-23 21:47:58 | WARNING  | co2_forecast | Very few sequences (4), LSTM may not train well
2026-08-23 21:47:58 | WARNING  | co2_forecast | Very few sequences (4), LSTM may not train well
2026-08-23 21:47:58 | WARNING  | co2_forecast | Very few sequences (4), LSTM may not train well
2026-08-23 21:47:58 | WARNING  | co2_forecast | Very few sequences (8), LSTM may not train well
2026-08-23 21:47:58 | WARNING  | co2_forecast | Very few sequences (4), LSTM may not train well
2026-08-23 21:47:58 | WARNING  | co2_forecast | Very few sequences (4), LSTM may not train well
2026-08-23 21:47:59 | WARNING  | co2_forecast | Very few sequences (4), LSTM may not train well
2026-08-23 21:47:59 | WARNING  | co2_forecast | Very few sequences (8), LSTM may not train well
2026-08-23 21:47:59 | WARNING  | co2_forecast | Very few sequences (4), LSTM may not train well
2026-08-23 21:47:59 | WARNING  | co2_forecast | Very few sequences (4), LSTM may not train well
2026-08-23 21:47:59 | WARNING  | co2_forecast | Very few sequences (4), LSTM may not train well
2026-08-23 21:47:59 | WARNING  | co2_forecast | Very few sequences (8), LSTM may not train well
2026-08-23 21:47:59 | WARNING  | co2_forecast | Very few sequences (4), LSTM may not train well
2026-08-23 21:47:59 | WARNING  | co2_forecast | Very few sequences (4), LSTM may not train well
2026-08-23 21:48:00 | WARNING  | co2_forecast | Very few sequences (4), LSTM may not train well
2026-08-23 21:48:00 | WARNING  | co2_forecast | Very few sequences (8), LSTM may not train well
2026-08-23 21:48:00 | WARNING  | co2_forecast | Very few sequences (4), LSTM may not train well
2026-08-23 21:48:00 | WARNING  | co2_forecast | Very few sequences (4), LSTM may not train well
2026-08-23 21:48:00 | WARNING  | co2_forecast | Very few sequences (4), LSTM may not train well
2026-08-23 21:48:00 | WARNING  | co2_forecast | Very few sequences (8), LSTM may not train well
2026-08-23 21:48:00 | WARNING  | co2_forecast | Very few sequences (4), LSTM may not train well
2026-08-23 21:48:00 | WARNING  | co2_forecast | Very few sequences (4), LSTM may not train well
2026-08-23 21:48:00 | WARNING  | co2_forecast | Very few sequences (4), LSTM may not train well
2026-08-23 21:48:01 | WARNING  | co2_forecast | Very few sequences (8), LSTM may not train well
2026-08-23 21:48:01 | WARNING  | co2_forecast | Very few sequences (4), LSTM may not train well
2026-08-23 21:48:01 | WARNING  | co2_forecast | Very few sequences (4), LSTM may not train well
2026-08-23 21:48:01 | WARNING  | co2_forecast | Very few sequences (4), LSTM may not train well
2026-08-23 21:48:01 | WARNING  | co2_forecast | Very few sequences (8), LSTM may not train well
2026-08-23 21:48:01 | WARNING  | co2_forecast | Very few sequences (4), LSTM may not train well
2026-08-23 21:48:01 | WARNING  | co2_forecast | Very few sequences (4), LSTM may not train well
2026-08-23 21:48:01 | WARNING  | co2_forecast | Very few sequences (4), LSTM may not train well
2026-08-23 21:48:02 | WARNING  | co2_forecast | Very few sequences (8), LSTM may not train well
2026-08-23 21:48:02 | WARNING  | co2_forecast | Very few sequences (4), LSTM may not train well
2026-08-23 21:48:02 | WARNING  | co2_forecast | Very few sequences (4), LSTM may not train well
2026-08-23 21:48:02 | WARNING  | co2_forecast | Very few sequences (4), LSTM may not train well
2026-08-23 21:48:02 | WARNING  | co2_forecast | Very few sequences (8), LSTM may not train well
2026-08-23 21:48:02 | WARNING  | co2_forecast | Very few sequences (4), LSTM may not train well
2026-08-23 21:48:02 | WARNING  | co2_forecast | Very few sequences (4), LSTM may not train well
2026-08-23 21:48:03 | WARNING  | co2_forecast | Very few sequences (4), LSTM may not train well
2026-08-23 21:48:03 | WARNING  | co2_forecast | Very few sequences (8), LSTM may not train well
2026-08-23 21:48:03 | WARNING  | co2_forecast | Very few sequences (4), LSTM may not train well
2026-08-23 21:48:03 | WARNING  | co2_forecast | Very few sequences (4), LSTM may not train well
2026-08-23 21:48:03 | WARNING  | co2_forecast | Very few sequences (4), LSTM may not train well
2026-08-23 21:48:03 | WARNING  | co2_forecast | Very few sequences (8), LSTM may not train well
2026-08-23 21:48:03 | WARNING  | co2_forecast | Very few sequences (4), LSTM may not train well
2026-08-23 21:48:03 | WARNING  | co2_forecast | Very few sequences (4), LSTM may not train well
2026-08-23 21:48:04 | WARNING  | co2_forecast | Very few sequences (4), LSTM may not train well
2026-08-23 21:48:04 | WARNING  | co2_forecast | Very few sequences (8), LSTM may not train well
2026-08-23 21:48:04 | WARNING  | co2_forecast | Very few sequences (4), LSTM may not train well
2026-08-23 21:48:04 | WARNING  | co2_forecast | Very few sequences (4), LSTM may not train well
2026-08-23 21:48:04 | WARNING  | co2_forecast | Very few sequences (4), LSTM may not train well
2026-08-23 21:48:04 | WARNING  | co2_forecast | Very few sequences (8), LSTM may not train well
2026-08-23 21:48:04 | WARNING  | co2_forecast | Very few sequences (4), LSTM may not train well
2026-08-23 21:48:04 | WARNING  | co2_forecast | Very few sequences (4), LSTM may not train well
2026-08-23 21:48:05 | INFO     | co2_forecast |   Iteration 5: Best fitness = 0.535373
2026-08-23 21:48:05 | WARNING  | co2_forecast | Very few sequences (4), LSTM may not train well
2026-08-23 21:48:05 | WARNING  | co2_forecast | Very few sequences (8), LSTM may not train well
2026-08-23 21:48:05 | WARNING  | co2_forecast | Very few sequences (4), LSTM may not train well
2026-08-23 21:48:05 | WARNING  | co2_forecast | Very few sequences (4), LSTM may not train well
2026-08-23 21:48:05 | WARNING  | co2_forecast | Very few sequences (4), LSTM may not train well
2026-08-23 21:48:05 | WARNING  | co2_forecast | Very few sequences (8), LSTM may not train well
2026-08-23 21:48:05 | WARNING  | co2_forecast | Very few sequences (4), LSTM may not train well
2026-08-23 21:48:05 | WARNING  | co2_forecast | Very few sequences (4), LSTM may not train well
2026-08-23 21:48:06 | WARNING  | co2_forecast | Very few sequences (4), LSTM may not train well
2026-08-23 21:48:06 | WARNING  | co2_forecast | Very few sequences (8), LSTM may not train well
2026-08-23 21:48:06 | WARNING  | co2_forecast | Very few sequences (4), LSTM may not train well
2026-08-23 21:48:06 | WARNING  | co2_forecast | Very few sequences (4), LSTM may not train well
2026-08-23 21:48:06 | WARNING  | co2_forecast | Very few sequences (4), LSTM may not train well
2026-08-23 21:48:06 | WARNING  | co2_forecast | Very few sequences (8), LSTM may not train well
2026-08-23 21:48:06 | WARNING  | co2_forecast | Very few sequences (4), LSTM may not train well
2026-08-23 21:48:06 | WARNING  | co2_forecast | Very few sequences (4), LSTM may not train well
2026-08-23 21:48:06 | WARNING  | co2_forecast | Very few sequences (4), LSTM may not train well
2026-08-23 21:48:07 | WARNING  | co2_forecast | Very few sequences (8), LSTM may not train well
2026-08-23 21:48:07 | WARNING  | co2_forecast | Very few sequences (4), LSTM may not train well
2026-08-23 21:48:07 | WARNING  | co2_forecast | Very few sequences (4), LSTM may not train well
2026-08-23 21:48:07 | WARNING  | co2_forecast | Very few sequences (4), LSTM may not train well
2026-08-23 21:48:07 | WARNING  | co2_forecast | Very few sequences (8), LSTM may not train well
2026-08-23 21:48:07 | WARNING  | co2_forecast | Very few sequences (4), LSTM may not train well
2026-08-23 21:48:07 | WARNING  | co2_forecast | Very few sequences (4), LSTM may not train well
2026-08-23 21:48:07 | WARNING  | co2_forecast | Very few sequences (4), LSTM may not train well
2026-08-23 21:48:07 | WARNING  | co2_forecast | Very few sequences (8), LSTM may not train well
2026-08-23 21:48:07 | WARNING  | co2_forecast | Very few sequences (4), LSTM may not train well
2026-08-23 21:48:08 | WARNING  | co2_forecast | Very few sequences (4), LSTM may not train well
2026-08-23 21:48:08 | WARNING  | co2_forecast | Very few sequences (4), LSTM may not train well
2026-08-23 21:48:08 | WARNING  | co2_forecast | Very few sequences (8), LSTM may not train well
2026-08-23 21:48:08 | WARNING  | co2_forecast | Very few sequences (4), LSTM may not train well
2026-08-23 21:48:08 | WARNING  | co2_forecast | Very few sequences (4), LSTM may not train well
2026-08-23 21:48:08 | WARNING  | co2_forecast | Very few sequences (4), LSTM may not train well
2026-08-23 21:48:08 | WARNING  | co2_forecast | Very few sequences (8), LSTM may not train well
2026-08-23 21:48:08 | WARNING  | co2_forecast | Very few sequences (4), LSTM may not train well
2026-08-23 21:48:09 | WARNING  | co2_forecast | Very few sequences (4), LSTM may not train well
2026-08-23 21:48:09 | WARNING  | co2_forecast | Very few sequences (4), LSTM may not train well
2026-08-23 21:48:09 | WARNING  | co2_forecast | Very few sequences (8), LSTM may not train well
2026-08-23 21:48:09 | WARNING  | co2_forecast | Very few sequences (4), LSTM may not train well
2026-08-23 21:48:09 | WARNING  | co2_forecast | Very few sequences (4), LSTM may not train well
2026-08-23 21:48:09 | WARNING  | co2_forecast | Very few sequences (4), LSTM may not train well
2026-08-23 21:48:09 | WARNING  | co2_forecast | Very few sequences (8), LSTM may not train well
2026-08-23 21:48:09 | WARNING  | co2_forecast | Very few sequences (4), LSTM may not train well
2026-08-23 21:48:09 | WARNING  | co2_forecast | Very few sequences (4), LSTM may not train well
2026-08-23 21:48:10 | WARNING  | co2_forecast | Very few sequences (4), LSTM may not train well
2026-08-23 21:48:10 | WARNING  | co2_forecast | Very few sequences (8), LSTM may not train well
2026-08-23 21:48:10 | WARNING  | co2_forecast | Very few sequences (4), LSTM may not train well
2026-08-23 21:48:10 | WARNING  | co2_forecast | Very few sequences (4), LSTM may not train well
2026-08-23 21:48:10 | WARNING  | co2_forecast | Very few sequences (4), LSTM may not train well
2026-08-23 21:48:10 | WARNING  | co2_forecast | Very few sequences (8), LSTM may not train well
2026-08-23 21:48:10 | WARNING  | co2_forecast | Very few sequences (4), LSTM may not train well
2026-08-23 21:48:10 | WARNING  | co2_forecast | Very few sequences (4), LSTM may not train well
2026-08-23 21:48:10 | WARNING  | co2_forecast | Very few sequences (4), LSTM may not train well
2026-08-23 21:48:10 | WARNING  | co2_forecast | Very few sequences (8), LSTM may not train well
2026-08-23 21:48:11 | WARNING  | co2_forecast | Very few sequences (4), LSTM may not train well
2026-08-23 21:48:11 | WARNING  | co2_forecast | Very few sequences (4), LSTM may not train well
2026-08-23 21:48:11 | WARNING  | co2_forecast | Very few sequences (4), LSTM may not train well
2026-08-23 21:48:11 | WARNING  | co2_forecast | Very few sequences (8), LSTM may not train well
2026-08-23 21:48:11 | WARNING  | co2_forecast | Very few sequences (4), LSTM may not train well
2026-08-23 21:48:11 | WARNING  | co2_forecast | Very few sequences (4), LSTM may not train well
2026-08-23 21:48:11 | WARNING  | co2_forecast | Very few sequences (4), LSTM may not train well
2026-08-23 21:48:11 | WARNING  | co2_forecast | Very few sequences (8), LSTM may not train well
2026-08-23 21:48:12 | WARNING  | co2_forecast | Very few sequences (4), LSTM may not train well
2026-08-23 21:48:12 | WARNING  | co2_forecast | Very few sequences (4), LSTM may not train well
2026-08-23 21:48:12 | WARNING  | co2_forecast | Very few sequences (4), LSTM may not train well
2026-08-23 21:48:12 | WARNING  | co2_forecast | Very few sequences (8), LSTM may not train well
2026-08-23 21:48:12 | WARNING  | co2_forecast | Very few sequences (4), LSTM may not train well
2026-08-23 21:48:12 | WARNING  | co2_forecast | Very few sequences (4), LSTM may not train well
2026-08-23 21:48:12 | WARNING  | co2_forecast | Very few sequences (4), LSTM may not train well
2026-08-23 21:48:12 | WARNING  | co2_forecast | Very few sequences (8), LSTM may not train well
2026-08-23 21:48:12 | WARNING  | co2_forecast | Very few sequences (4), LSTM may not train well
2026-08-23 21:48:13 | WARNING  | co2_forecast | Very few sequences (4), LSTM may not train well
2026-08-23 21:48:13 | WARNING  | co2_forecast | Very few sequences (4), LSTM may not train well
2026-08-23 21:48:13 | WARNING  | co2_forecast | Very few sequences (8), LSTM may not train well
2026-08-23 21:48:13 | WARNING  | co2_forecast | Very few sequences (4), LSTM may not train well
2026-08-23 21:48:13 | WARNING  | co2_forecast | Very few sequences (4), LSTM may not train well
2026-08-23 21:48:13 | WARNING  | co2_forecast | Very few sequences (4), LSTM may not train well
2026-08-23 21:48:13 | WARNING  | co2_forecast | Very few sequences (8), LSTM may not train well
2026-08-23 21:48:13 | WARNING  | co2_forecast | Very few sequences (4), LSTM may not train well
2026-08-23 21:48:14 | WARNING  | co2_forecast | Very few sequences (4), LSTM may not train well
2026-08-23 21:48:14 | WARNING  | co2_forecast | Very few sequences (4), LSTM may not train well
2026-08-23 21:48:14 | WARNING  | co2_forecast | Very few sequences (8), LSTM may not train well
2026-08-23 21:48:14 | WARNING  | co2_forecast | Very few sequences (4), LSTM may not train well
2026-08-23 21:48:14 | WARNING  | co2_forecast | Very few sequences (4), LSTM may not train well
2026-08-23 21:48:14 | WARNING  | co2_forecast | Very few sequences (4), LSTM may not train well
2026-08-23 21:48:14 | WARNING  | co2_forecast | Very few sequences (8), LSTM may not train well
2026-08-23 21:48:14 | WARNING  | co2_forecast | Very few sequences (4), LSTM may not train well
2026-08-23 21:48:15 | WARNING  | co2_forecast | Very few sequences (4), LSTM may not train well
2026-08-23 21:48:15 | WARNING  | co2_forecast | Very few sequences (4), LSTM may not train well
2026-08-23 21:48:15 | WARNING  | co2_forecast | Very few sequences (8), LSTM may not train well
2026-08-23 21:48:15 | WARNING  | co2_forecast | Very few sequences (4), LSTM may not train well
2026-08-23 21:48:15 | WARNING  | co2_forecast | Very few sequences (4), LSTM may not train well
2026-08-23 21:48:15 | WARNING  | co2_forecast | Very few sequences (4), LSTM may not train well
2026-08-23 21:48:15 | WARNING  | co2_forecast | Very few sequences (8), LSTM may not train well
2026-08-23 21:48:15 | WARNING  | co2_forecast | Very few sequences (4), LSTM may not train well
2026-08-23 21:48:16 | WARNING  | co2_forecast | Very few sequences (4), LSTM may not train well
2026-08-23 21:48:16 | WARNING  | co2_forecast | Very few sequences (4), LSTM may not train well
2026-08-23 21:48:16 | WARNING  | co2_forecast | Very few sequences (8), LSTM may not train well
2026-08-23 21:48:16 | WARNING  | co2_forecast | Very few sequences (4), LSTM may not train well
2026-08-23 21:48:16 | WARNING  | co2_forecast | Very few sequences (4), LSTM may not train well
2026-08-23 21:48:16 | WARNING  | co2_forecast | Very few sequences (4), LSTM may not train well
2026-08-23 21:48:16 | WARNING  | co2_forecast | Very few sequences (8), LSTM may not train well
2026-08-23 21:48:16 | WARNING  | co2_forecast | Very few sequences (4), LSTM may not train well
2026-08-23 21:48:16 | WARNING  | co2_forecast | Very few sequences (4), LSTM may not train well
2026-08-23 21:48:17 | WARNING  | co2_forecast | Very few sequences (4), LSTM may not train well
2026-08-23 21:48:17 | WARNING  | co2_forecast | Very few sequences (8), LSTM may not train well
2026-08-23 21:48:17 | WARNING  | co2_forecast | Very few sequences (4), LSTM may not train well
2026-08-23 21:48:17 | WARNING  | co2_forecast | Very few sequences (4), LSTM may not train well
2026-08-23 21:48:17 | WARNING  | co2_forecast | Very few sequences (4), LSTM may not train well
2026-08-23 21:48:17 | WARNING  | co2_forecast | Very few sequences (8), LSTM may not train well
2026-08-23 21:48:17 | WARNING  | co2_forecast | Very few sequences (4), LSTM may not train well
2026-08-23 21:48:17 | WARNING  | co2_forecast | Very few sequences (4), LSTM may not train well
2026-08-23 21:48:18 | WARNING  | co2_forecast | Very few sequences (4), LSTM may not train well
2026-08-23 21:48:18 | WARNING  | co2_forecast | Very few sequences (8), LSTM may not train well
2026-08-23 21:48:18 | WARNING  | co2_forecast | Very few sequences (4), LSTM may not train well
2026-08-23 21:48:18 | WARNING  | co2_forecast | Very few sequences (4), LSTM may not train well
2026-08-23 21:48:18 | WARNING  | co2_forecast | Very few sequences (4), LSTM may not train well
2026-08-23 21:48:18 | WARNING  | co2_forecast | Very few sequences (8), LSTM may not train well
2026-08-23 21:48:18 | WARNING  | co2_forecast | Very few sequences (4), LSTM may not train well
2026-08-23 21:48:19 | WARNING  | co2_forecast | Very few sequences (4), LSTM may not train well
2026-08-23 21:48:19 | WARNING  | co2_forecast | Very few sequences (4), LSTM may not train well
2026-08-23 21:48:19 | WARNING  | co2_forecast | Very few sequences (8), LSTM may not train well
2026-08-23 21:48:19 | WARNING  | co2_forecast | Very few sequences (4), LSTM may not train well
2026-08-23 21:48:19 | WARNING  | co2_forecast | Very few sequences (4), LSTM may not train well
2026-08-23 21:48:19 | WARNING  | co2_forecast | Very few sequences (4), LSTM may not train well
2026-08-23 21:48:19 | WARNING  | co2_forecast | Very few sequences (8), LSTM may not train well
2026-08-23 21:48:19 | WARNING  | co2_forecast | Very few sequences (4), LSTM may not train well
2026-08-23 21:48:20 | WARNING  | co2_forecast | Very few sequences (4), LSTM may not train well
2026-08-23 21:48:20 | INFO     | co2_forecast |   Iteration 9: Best fitness = 0.528052
2026-08-23 21:48:20 | INFO     | co2_forecast | PSO complete. Best fitness: 0.528052
2026-08-23 21:48:20 | INFO     | co2_forecast |   Best params: {'lookback': 4, 'hidden_size': 55, 'num_layers': 2, 'dropout': 0.3905555500872708, 'learning_rate': 0.007829717770145073, 'batch_size': 8}
2026-08-23 21:48:20 | INFO     | co2_forecast |   Best fitness: 0.528052
2026-08-23 21:48:20 | INFO     | co2_forecast | [A2/panel2_common_period/all_features/lstm] sweep tuning: best_params={'lookback': 4, 'hidden_size': 55, 'num_layers': 2, 'dropout': 0.3905555500872708, 'learning_rate': 0.007829717770145073, 'batch_size': 8}
2026-08-23 21:48:21 | INFO     | co2_forecast |   -> weighted_mase=0.5385332396031995, runtime=35.4s
2026-08-23 21:48:21 | INFO     | co2_forecast | Stream A cell: A3/ridge (24 features, 28 rows)
2026-08-23 21:48:21 | INFO     | co2_forecast | Creating walk-forward splits for 16 valid samples
2026-08-23 21:48:21 | INFO     | co2_forecast | Created 4 CV folds across horizons [1, 2, 4]
2026-08-23 21:48:21 | INFO     | co2_forecast | Built tuning CV plan: 4 folds from 16 rows before 2022-Q%q (evaluation cutoff) - isolation OK (max tuning date 2021-Q%q)
2026-08-23 21:48:21 | INFO     | co2_forecast | Optimizing ridge...
2026-08-23 21:48:21 | INFO     | co2_forecast | Starting PSO: 8 particles, 10 iterations
2026-08-23 21:48:21 | INFO     | co2_forecast |   Iteration 0: Best fitness = 2.080727
2026-08-23 21:48:21 | INFO     | co2_forecast |   Iteration 5: Best fitness = 1.846847
2026-08-23 21:48:21 | INFO     | co2_forecast |   Iteration 9: Best fitness = 1.846847
2026-08-23 21:48:21 | INFO     | co2_forecast | PSO complete. Best fitness: 1.846847
2026-08-23 21:48:21 | INFO     | co2_forecast |   Best params: {'alpha': 100.0}
2026-08-23 21:48:21 | INFO     | co2_forecast |   Best fitness: 1.846847
2026-08-23 21:48:21 | INFO     | co2_forecast | [A3/panel2_common_period/all_features/ridge] sweep tuning: best_params={'alpha': 100.0}
2026-08-23 21:48:21 | INFO     | co2_forecast |   -> weighted_mase=0.8399400187010575, runtime=0.4s
2026-08-23 21:48:21 | INFO     | co2_forecast | Stream A cell: A3/random_forest (24 features, 28 rows)
2026-08-23 21:48:21 | INFO     | co2_forecast | Creating walk-forward splits for 16 valid samples
2026-08-23 21:48:21 | INFO     | co2_forecast | Created 4 CV folds across horizons [1, 2, 4]
2026-08-23 21:48:21 | INFO     | co2_forecast | Built tuning CV plan: 4 folds from 16 rows before 2022-Q%q (evaluation cutoff) - isolation OK (max tuning date 2021-Q%q)
2026-08-23 21:48:21 | INFO     | co2_forecast | Optimizing random_forest...
2026-08-23 21:48:21 | INFO     | co2_forecast | Starting PSO: 8 particles, 10 iterations
2026-08-23 21:48:27 | INFO     | co2_forecast |   Iteration 0: Best fitness = 0.681303
2026-08-23 21:48:43 | INFO     | co2_forecast |   Iteration 5: Best fitness = 0.461183
2026-08-23 21:48:56 | INFO     | co2_forecast |   Iteration 9: Best fitness = 0.461183
2026-08-23 21:48:56 | INFO     | co2_forecast | PSO complete. Best fitness: 0.461183
2026-08-23 21:48:56 | INFO     | co2_forecast |   Best params: {'n_estimators': 58, 'max_depth': 3, 'min_samples_split': 2, 'min_samples_leaf': 1}
2026-08-23 21:48:56 | INFO     | co2_forecast |   Best fitness: 0.461183
2026-08-23 21:48:56 | INFO     | co2_forecast | [A3/panel2_common_period/all_features/random_forest] sweep tuning: best_params={'n_estimators': 58, 'max_depth': 3, 'min_samples_split': 2, 'min_samples_leaf': 1}
2026-08-23 21:48:57 | INFO     | co2_forecast |   -> weighted_mase=0.6760752345690935, runtime=35.7s
2026-08-23 21:48:57 | INFO     | co2_forecast | Stream A cell: A3/catboost (24 features, 28 rows)
2026-08-23 21:48:57 | INFO     | co2_forecast | Creating walk-forward splits for 16 valid samples
2026-08-23 21:48:57 | INFO     | co2_forecast | Created 4 CV folds across horizons [1, 2, 4]
2026-08-23 21:48:57 | INFO     | co2_forecast | Built tuning CV plan: 4 folds from 16 rows before 2022-Q%q (evaluation cutoff) - isolation OK (max tuning date 2021-Q%q)
2026-08-23 21:48:57 | INFO     | co2_forecast | Optimizing catboost...
2026-08-23 21:48:57 | INFO     | co2_forecast | Starting PSO: 8 particles, 10 iterations
2026-08-23 21:49:34 | INFO     | co2_forecast |   Iteration 0: Best fitness = 0.389865
2026-08-23 21:53:06 | INFO     | co2_forecast |   Iteration 5: Best fitness = 0.377493
2026-08-23 21:55:55 | INFO     | co2_forecast |   Iteration 9: Best fitness = 0.375308
2026-08-23 21:55:55 | INFO     | co2_forecast | PSO complete. Best fitness: 0.375308
2026-08-23 21:55:55 | INFO     | co2_forecast |   Best params: {'iterations': 300, 'learning_rate': 0.12709224503784555, 'depth': 3, 'l2_leaf_reg': 10.0}
2026-08-23 21:55:55 | INFO     | co2_forecast |   Best fitness: 0.375308
2026-08-23 21:55:55 | INFO     | co2_forecast | [A3/panel2_common_period/all_features/catboost] sweep tuning: best_params={'iterations': 300, 'learning_rate': 0.12709224503784555, 'depth': 3, 'l2_leaf_reg': 10.0}
2026-08-23 21:56:06 | INFO     | co2_forecast |   -> weighted_mase=0.6777359586030484, runtime=428.5s
2026-08-23 21:56:06 | INFO     | co2_forecast | Stream A cell: A3/lightgbm (24 features, 28 rows)
2026-08-23 21:56:06 | INFO     | co2_forecast | Creating walk-forward splits for 16 valid samples
2026-08-23 21:56:06 | INFO     | co2_forecast | Created 4 CV folds across horizons [1, 2, 4]
2026-08-23 21:56:06 | INFO     | co2_forecast | Built tuning CV plan: 4 folds from 16 rows before 2022-Q%q (evaluation cutoff) - isolation OK (max tuning date 2021-Q%q)
2026-08-23 21:56:06 | INFO     | co2_forecast | Optimizing lightgbm...
2026-08-23 21:56:06 | INFO     | co2_forecast | Starting PSO: 8 particles, 10 iterations
2026-08-23 21:56:06 | INFO     | co2_forecast |   Iteration 0: Best fitness = 0.768990
2026-08-23 21:56:06 | INFO     | co2_forecast |   Iteration 5: Best fitness = 0.614696
2026-08-23 21:56:07 | INFO     | co2_forecast |   Iteration 9: Best fitness = 0.614696
2026-08-23 21:56:07 | INFO     | co2_forecast | PSO complete. Best fitness: 0.614696
2026-08-23 21:56:07 | INFO     | co2_forecast |   Best params: {'n_estimators': 129, 'learning_rate': 0.3, 'num_leaves': 127, 'max_depth': 8, 'min_child_samples': 6, 'reg_alpha': 0.001, 'reg_lambda': 0.001}
2026-08-23 21:56:07 | INFO     | co2_forecast |   Best fitness: 0.614696
2026-08-23 21:56:07 | INFO     | co2_forecast | [A3/panel2_common_period/all_features/lightgbm] sweep tuning: best_params={'n_estimators': 129, 'learning_rate': 0.3, 'num_leaves': 127, 'max_depth': 8, 'min_child_samples': 6, 'reg_alpha': 0.001, 'reg_lambda': 0.001}
2026-08-23 21:56:07 | INFO     | co2_forecast |   -> weighted_mase=0.4554485081632678, runtime=1.4s
2026-08-23 21:56:07 | INFO     | co2_forecast | Stream A cell: A3/lstm (24 features, 28 rows)
2026-08-23 21:56:07 | INFO     | co2_forecast | Creating walk-forward splits for 16 valid samples
2026-08-23 21:56:07 | INFO     | co2_forecast | Created 4 CV folds across horizons [1, 2, 4]
2026-08-23 21:56:07 | INFO     | co2_forecast | Built tuning CV plan: 4 folds from 16 rows before 2022-Q%q (evaluation cutoff) - isolation OK (max tuning date 2021-Q%q)
2026-08-23 21:56:07 | INFO     | co2_forecast | Optimizing lstm...
2026-08-23 21:56:07 | INFO     | co2_forecast | Starting PSO: 8 particles, 10 iterations
2026-08-23 21:56:07 | WARNING  | co2_forecast | Model training failed with params {'lookback': 7, 'hidden_size': 62, 'num_layers': 2, 'dropout': 0.3394633936788146, 'learning_rate': 0.0016445845403801217, 'batch_size': 8}: LSTM.fit: training data has 8 rows, giving only 1 sequence(s) with lookback=7; at least 2 are required (one is always reserved for validation). Reduce lookback or provide more training history.
2026-08-23 21:56:07 | WARNING  | co2_forecast | Model training failed with params {'lookback': 11, 'hidden_size': 26, 'num_layers': 1, 'dropout': 0.17336180394137352, 'learning_rate': 0.0031119982052994237, 'batch_size': 16}: LSTM.fit: training data has 8 rows, giving only 0 sequence(s) with lookback=11; at least 2 are required (one is always reserved for validation). Reduce lookback or provide more training history.
2026-08-23 21:56:07 | WARNING  | co2_forecast | Model training failed with params {'lookback': 8, 'hidden_size': 54, 'num_layers': 1, 'dropout': 0.3056937753654446, 'learning_rate': 0.005964904231734221, 'batch_size': 8}: LSTM.fit: training data has 8 rows, giving only 0 sequence(s) with lookback=8; at least 2 are required (one is always reserved for validation). Reduce lookback or provide more training history.
2026-08-23 21:56:07 | WARNING  | co2_forecast | Very few sequences (2), LSTM may not train well
2026-08-23 21:56:07 | WARNING  | co2_forecast | Very few sequences (6), LSTM may not train well
2026-08-23 21:56:07 | WARNING  | co2_forecast | Very few sequences (2), LSTM may not train well
2026-08-23 21:56:07 | WARNING  | co2_forecast | Very few sequences (2), LSTM may not train well
2026-08-23 21:56:08 | WARNING  | co2_forecast | Model training failed with params {'lookback': 8, 'hidden_size': 25, 'num_layers': 2, 'dropout': 0.4100531293444458, 'learning_rate': 0.009401039521485473, 'batch_size': 32}: LSTM.fit: training data has 8 rows, giving only 0 sequence(s) with lookback=8; at least 2 are required (one is always reserved for validation). Reduce lookback or provide more training history.
2026-08-23 21:56:08 | WARNING  | co2_forecast | Model training failed with params {'lookback': 7, 'hidden_size': 29, 'num_layers': 2, 'dropout': 0.2427013306774357, 'learning_rate': 0.0028812516459050695, 'batch_size': 16}: LSTM.fit: training data has 8 rows, giving only 1 sequence(s) with lookback=7; at least 2 are required (one is always reserved for validation). Reduce lookback or provide more training history.
2026-08-23 21:56:08 | WARNING  | co2_forecast | Very few sequences (4), LSTM may not train well
2026-08-23 21:56:08 | WARNING  | co2_forecast | Very few sequences (8), LSTM may not train well
2026-08-23 21:56:08 | WARNING  | co2_forecast | Very few sequences (4), LSTM may not train well
2026-08-23 21:56:08 | WARNING  | co2_forecast | Very few sequences (4), LSTM may not train well
2026-08-23 21:56:08 | WARNING  | co2_forecast | Very few sequences (2), LSTM may not train well
2026-08-23 21:56:08 | WARNING  | co2_forecast | Very few sequences (6), LSTM may not train well
2026-08-23 21:56:08 | WARNING  | co2_forecast | Very few sequences (2), LSTM may not train well
2026-08-23 21:56:08 | WARNING  | co2_forecast | Very few sequences (2), LSTM may not train well
2026-08-23 21:56:08 | INFO     | co2_forecast |   Iteration 0: Best fitness = 0.927976
2026-08-23 21:56:08 | WARNING  | co2_forecast | Very few sequences (3), LSTM may not train well
2026-08-23 21:56:08 | WARNING  | co2_forecast | Very few sequences (7), LSTM may not train well
2026-08-23 21:56:09 | WARNING  | co2_forecast | Very few sequences (3), LSTM may not train well
2026-08-23 21:56:09 | WARNING  | co2_forecast | Very few sequences (3), LSTM may not train well
2026-08-23 21:56:09 | WARNING  | co2_forecast | Very few sequences (2), LSTM may not train well
2026-08-23 21:56:09 | WARNING  | co2_forecast | Very few sequences (6), LSTM may not train well
2026-08-23 21:56:09 | WARNING  | co2_forecast | Very few sequences (2), LSTM may not train well
2026-08-23 21:56:10 | WARNING  | co2_forecast | Very few sequences (2), LSTM may not train well
2026-08-23 21:56:10 | WARNING  | co2_forecast | Model training failed with params {'lookback': 8, 'hidden_size': 44, 'num_layers': 1, 'dropout': 0.3238975389966341, 'learning_rate': 0.005520634690128072, 'batch_size': 8}: LSTM.fit: training data has 8 rows, giving only 0 sequence(s) with lookback=8; at least 2 are required (one is always reserved for validation). Reduce lookback or provide more training history.
2026-08-23 21:56:10 | WARNING  | co2_forecast | Very few sequences (3), LSTM may not train well
2026-08-23 21:56:10 | WARNING  | co2_forecast | Very few sequences (7), LSTM may not train well
2026-08-23 21:56:10 | WARNING  | co2_forecast | Very few sequences (3), LSTM may not train well
2026-08-23 21:56:10 | WARNING  | co2_forecast | Very few sequences (3), LSTM may not train well
2026-08-23 21:56:10 | WARNING  | co2_forecast | Very few sequences (2), LSTM may not train well
2026-08-23 21:56:10 | WARNING  | co2_forecast | Very few sequences (6), LSTM may not train well
2026-08-23 21:56:11 | WARNING  | co2_forecast | Very few sequences (2), LSTM may not train well
2026-08-23 21:56:11 | WARNING  | co2_forecast | Very few sequences (2), LSTM may not train well
2026-08-23 21:56:12 | WARNING  | co2_forecast | Very few sequences (3), LSTM may not train well
2026-08-23 21:56:12 | WARNING  | co2_forecast | Very few sequences (7), LSTM may not train well
2026-08-23 21:56:12 | WARNING  | co2_forecast | Very few sequences (3), LSTM may not train well
2026-08-23 21:56:12 | WARNING  | co2_forecast | Very few sequences (3), LSTM may not train well
2026-08-23 21:56:12 | WARNING  | co2_forecast | Very few sequences (4), LSTM may not train well
2026-08-23 21:56:13 | WARNING  | co2_forecast | Very few sequences (8), LSTM may not train well
2026-08-23 21:56:13 | WARNING  | co2_forecast | Very few sequences (4), LSTM may not train well
2026-08-23 21:56:13 | WARNING  | co2_forecast | Very few sequences (4), LSTM may not train well
2026-08-23 21:56:13 | WARNING  | co2_forecast | Very few sequences (2), LSTM may not train well
2026-08-23 21:56:13 | WARNING  | co2_forecast | Very few sequences (6), LSTM may not train well
2026-08-23 21:56:13 | WARNING  | co2_forecast | Very few sequences (2), LSTM may not train well
2026-08-23 21:56:13 | WARNING  | co2_forecast | Very few sequences (2), LSTM may not train well
2026-08-23 21:56:13 | WARNING  | co2_forecast | Very few sequences (3), LSTM may not train well
2026-08-23 21:56:13 | WARNING  | co2_forecast | Very few sequences (7), LSTM may not train well
2026-08-23 21:56:14 | WARNING  | co2_forecast | Very few sequences (3), LSTM may not train well
2026-08-23 21:56:15 | WARNING  | co2_forecast | Very few sequences (3), LSTM may not train well
2026-08-23 21:56:15 | WARNING  | co2_forecast | Very few sequences (4), LSTM may not train well
2026-08-23 21:56:15 | WARNING  | co2_forecast | Very few sequences (8), LSTM may not train well
2026-08-23 21:56:15 | WARNING  | co2_forecast | Very few sequences (4), LSTM may not train well
2026-08-23 21:56:16 | WARNING  | co2_forecast | Very few sequences (4), LSTM may not train well
2026-08-23 21:56:16 | WARNING  | co2_forecast | Model training failed with params {'lookback': 7, 'hidden_size': 35, 'num_layers': 1, 'dropout': 0.31512819649180424, 'learning_rate': 0.004065945490368326, 'batch_size': 8}: LSTM.fit: training data has 8 rows, giving only 1 sequence(s) with lookback=7; at least 2 are required (one is always reserved for validation). Reduce lookback or provide more training history.
2026-08-23 21:56:16 | WARNING  | co2_forecast | Very few sequences (2), LSTM may not train well
2026-08-23 21:56:16 | WARNING  | co2_forecast | Very few sequences (6), LSTM may not train well
2026-08-23 21:56:17 | WARNING  | co2_forecast | Very few sequences (2), LSTM may not train well
2026-08-23 21:56:17 | WARNING  | co2_forecast | Very few sequences (2), LSTM may not train well
2026-08-23 21:56:18 | WARNING  | co2_forecast | Very few sequences (3), LSTM may not train well
2026-08-23 21:56:18 | WARNING  | co2_forecast | Very few sequences (7), LSTM may not train well
2026-08-23 21:56:18 | WARNING  | co2_forecast | Very few sequences (3), LSTM may not train well
2026-08-23 21:56:19 | WARNING  | co2_forecast | Very few sequences (3), LSTM may not train well
2026-08-23 21:56:19 | WARNING  | co2_forecast | Very few sequences (3), LSTM may not train well
2026-08-23 21:56:19 | WARNING  | co2_forecast | Very few sequences (7), LSTM may not train well
2026-08-23 21:56:19 | WARNING  | co2_forecast | Very few sequences (3), LSTM may not train well
2026-08-23 21:56:20 | WARNING  | co2_forecast | Very few sequences (3), LSTM may not train well
2026-08-23 21:56:20 | WARNING  | co2_forecast | Very few sequences (3), LSTM may not train well
2026-08-23 21:56:20 | WARNING  | co2_forecast | Very few sequences (7), LSTM may not train well
2026-08-23 21:56:20 | WARNING  | co2_forecast | Very few sequences (3), LSTM may not train well
2026-08-23 21:56:20 | WARNING  | co2_forecast | Very few sequences (3), LSTM may not train well
2026-08-23 21:56:20 | WARNING  | co2_forecast | Very few sequences (2), LSTM may not train well
2026-08-23 21:56:20 | WARNING  | co2_forecast | Very few sequences (6), LSTM may not train well
2026-08-23 21:56:21 | WARNING  | co2_forecast | Very few sequences (2), LSTM may not train well
2026-08-23 21:56:21 | WARNING  | co2_forecast | Very few sequences (2), LSTM may not train well
2026-08-23 21:56:21 | WARNING  | co2_forecast | Very few sequences (4), LSTM may not train well
2026-08-23 21:56:21 | WARNING  | co2_forecast | Very few sequences (8), LSTM may not train well
2026-08-23 21:56:21 | WARNING  | co2_forecast | Very few sequences (4), LSTM may not train well
2026-08-23 21:56:22 | WARNING  | co2_forecast | Very few sequences (4), LSTM may not train well
2026-08-23 21:56:22 | WARNING  | co2_forecast | Very few sequences (4), LSTM may not train well
2026-08-23 21:56:22 | WARNING  | co2_forecast | Very few sequences (8), LSTM may not train well
2026-08-23 21:56:23 | WARNING  | co2_forecast | Very few sequences (4), LSTM may not train well
2026-08-23 21:56:23 | WARNING  | co2_forecast | Very few sequences (4), LSTM may not train well
2026-08-23 21:56:23 | WARNING  | co2_forecast | Very few sequences (2), LSTM may not train well
2026-08-23 21:56:23 | WARNING  | co2_forecast | Very few sequences (6), LSTM may not train well
2026-08-23 21:56:24 | WARNING  | co2_forecast | Very few sequences (2), LSTM may not train well
2026-08-23 21:56:24 | WARNING  | co2_forecast | Very few sequences (2), LSTM may not train well
2026-08-23 21:56:24 | WARNING  | co2_forecast | Very few sequences (4), LSTM may not train well
2026-08-23 21:56:24 | WARNING  | co2_forecast | Very few sequences (8), LSTM may not train well
2026-08-23 21:56:24 | WARNING  | co2_forecast | Very few sequences (4), LSTM may not train well
2026-08-23 21:56:24 | WARNING  | co2_forecast | Very few sequences (4), LSTM may not train well
2026-08-23 21:56:24 | WARNING  | co2_forecast | Very few sequences (4), LSTM may not train well
2026-08-23 21:56:25 | WARNING  | co2_forecast | Very few sequences (8), LSTM may not train well
2026-08-23 21:56:25 | WARNING  | co2_forecast | Very few sequences (4), LSTM may not train well
2026-08-23 21:56:25 | WARNING  | co2_forecast | Very few sequences (4), LSTM may not train well
2026-08-23 21:56:25 | WARNING  | co2_forecast | Very few sequences (4), LSTM may not train well
2026-08-23 21:56:25 | WARNING  | co2_forecast | Very few sequences (8), LSTM may not train well
2026-08-23 21:56:26 | WARNING  | co2_forecast | Very few sequences (4), LSTM may not train well
2026-08-23 21:56:26 | WARNING  | co2_forecast | Very few sequences (4), LSTM may not train well
2026-08-23 21:56:27 | WARNING  | co2_forecast | Very few sequences (4), LSTM may not train well
2026-08-23 21:56:27 | WARNING  | co2_forecast | Very few sequences (8), LSTM may not train well
2026-08-23 21:56:27 | WARNING  | co2_forecast | Very few sequences (4), LSTM may not train well
2026-08-23 21:56:27 | WARNING  | co2_forecast | Very few sequences (4), LSTM may not train well
2026-08-23 21:56:27 | WARNING  | co2_forecast | Very few sequences (3), LSTM may not train well
2026-08-23 21:56:27 | WARNING  | co2_forecast | Very few sequences (7), LSTM may not train well
2026-08-23 21:56:27 | WARNING  | co2_forecast | Very few sequences (3), LSTM may not train well
2026-08-23 21:56:27 | WARNING  | co2_forecast | Very few sequences (3), LSTM may not train well
2026-08-23 21:56:27 | WARNING  | co2_forecast | Very few sequences (4), LSTM may not train well
2026-08-23 21:56:28 | WARNING  | co2_forecast | Very few sequences (8), LSTM may not train well
2026-08-23 21:56:28 | WARNING  | co2_forecast | Very few sequences (4), LSTM may not train well
2026-08-23 21:56:29 | WARNING  | co2_forecast | Very few sequences (4), LSTM may not train well
2026-08-23 21:56:29 | WARNING  | co2_forecast | Very few sequences (4), LSTM may not train well
2026-08-23 21:56:29 | WARNING  | co2_forecast | Very few sequences (8), LSTM may not train well
2026-08-23 21:56:29 | WARNING  | co2_forecast | Very few sequences (4), LSTM may not train well
2026-08-23 21:56:30 | WARNING  | co2_forecast | Very few sequences (4), LSTM may not train well
2026-08-23 21:56:30 | WARNING  | co2_forecast | Very few sequences (3), LSTM may not train well
2026-08-23 21:56:30 | WARNING  | co2_forecast | Very few sequences (7), LSTM may not train well
2026-08-23 21:56:30 | WARNING  | co2_forecast | Very few sequences (3), LSTM may not train well
2026-08-23 21:56:30 | WARNING  | co2_forecast | Very few sequences (3), LSTM may not train well
2026-08-23 21:56:30 | WARNING  | co2_forecast | Very few sequences (4), LSTM may not train well
2026-08-23 21:56:30 | WARNING  | co2_forecast | Very few sequences (8), LSTM may not train well
2026-08-23 21:56:31 | WARNING  | co2_forecast | Very few sequences (4), LSTM may not train well
2026-08-23 21:56:32 | WARNING  | co2_forecast | Very few sequences (4), LSTM may not train well
2026-08-23 21:56:32 | WARNING  | co2_forecast | Very few sequences (4), LSTM may not train well
2026-08-23 21:56:32 | WARNING  | co2_forecast | Very few sequences (8), LSTM may not train well
2026-08-23 21:56:32 | WARNING  | co2_forecast | Very few sequences (4), LSTM may not train well
2026-08-23 21:56:33 | WARNING  | co2_forecast | Very few sequences (4), LSTM may not train well
2026-08-23 21:56:33 | WARNING  | co2_forecast | Very few sequences (4), LSTM may not train well
2026-08-23 21:56:33 | WARNING  | co2_forecast | Very few sequences (8), LSTM may not train well
2026-08-23 21:56:33 | WARNING  | co2_forecast | Very few sequences (4), LSTM may not train well
2026-08-23 21:56:34 | WARNING  | co2_forecast | Very few sequences (4), LSTM may not train well
2026-08-23 21:56:34 | WARNING  | co2_forecast | Very few sequences (4), LSTM may not train well
2026-08-23 21:56:34 | WARNING  | co2_forecast | Very few sequences (8), LSTM may not train well
2026-08-23 21:56:34 | WARNING  | co2_forecast | Very few sequences (4), LSTM may not train well
2026-08-23 21:56:34 | WARNING  | co2_forecast | Very few sequences (4), LSTM may not train well
2026-08-23 21:56:34 | WARNING  | co2_forecast | Very few sequences (4), LSTM may not train well
2026-08-23 21:56:34 | WARNING  | co2_forecast | Very few sequences (8), LSTM may not train well
2026-08-23 21:56:35 | WARNING  | co2_forecast | Very few sequences (4), LSTM may not train well
2026-08-23 21:56:35 | WARNING  | co2_forecast | Very few sequences (4), LSTM may not train well
2026-08-23 21:56:35 | WARNING  | co2_forecast | Very few sequences (4), LSTM may not train well
2026-08-23 21:56:35 | WARNING  | co2_forecast | Very few sequences (8), LSTM may not train well
2026-08-23 21:56:36 | WARNING  | co2_forecast | Very few sequences (4), LSTM may not train well
2026-08-23 21:56:37 | WARNING  | co2_forecast | Very few sequences (4), LSTM may not train well
2026-08-23 21:56:37 | WARNING  | co2_forecast | Very few sequences (4), LSTM may not train well
2026-08-23 21:56:37 | WARNING  | co2_forecast | Very few sequences (8), LSTM may not train well
2026-08-23 21:56:37 | WARNING  | co2_forecast | Very few sequences (4), LSTM may not train well
2026-08-23 21:56:38 | WARNING  | co2_forecast | Very few sequences (4), LSTM may not train well
2026-08-23 21:56:38 | WARNING  | co2_forecast | Very few sequences (4), LSTM may not train well
2026-08-23 21:56:38 | WARNING  | co2_forecast | Very few sequences (8), LSTM may not train well
2026-08-23 21:56:39 | WARNING  | co2_forecast | Very few sequences (4), LSTM may not train well
2026-08-23 21:56:39 | WARNING  | co2_forecast | Very few sequences (4), LSTM may not train well
2026-08-23 21:56:39 | WARNING  | co2_forecast | Very few sequences (4), LSTM may not train well
2026-08-23 21:56:39 | WARNING  | co2_forecast | Very few sequences (8), LSTM may not train well
2026-08-23 21:56:40 | WARNING  | co2_forecast | Very few sequences (4), LSTM may not train well
2026-08-23 21:56:40 | WARNING  | co2_forecast | Very few sequences (4), LSTM may not train well
2026-08-23 21:56:41 | WARNING  | co2_forecast | Very few sequences (4), LSTM may not train well
2026-08-23 21:56:41 | WARNING  | co2_forecast | Very few sequences (8), LSTM may not train well
2026-08-23 21:56:41 | WARNING  | co2_forecast | Very few sequences (4), LSTM may not train well
2026-08-23 21:56:42 | WARNING  | co2_forecast | Very few sequences (4), LSTM may not train well
2026-08-23 21:56:42 | WARNING  | co2_forecast | Very few sequences (4), LSTM may not train well
2026-08-23 21:56:42 | WARNING  | co2_forecast | Very few sequences (8), LSTM may not train well
2026-08-23 21:56:42 | WARNING  | co2_forecast | Very few sequences (4), LSTM may not train well
2026-08-23 21:56:43 | WARNING  | co2_forecast | Very few sequences (4), LSTM may not train well
2026-08-23 21:56:43 | WARNING  | co2_forecast | Very few sequences (4), LSTM may not train well
2026-08-23 21:56:43 | WARNING  | co2_forecast | Very few sequences (8), LSTM may not train well
2026-08-23 21:56:43 | WARNING  | co2_forecast | Very few sequences (4), LSTM may not train well
2026-08-23 21:56:43 | WARNING  | co2_forecast | Very few sequences (4), LSTM may not train well
2026-08-23 21:56:44 | WARNING  | co2_forecast | Very few sequences (4), LSTM may not train well
2026-08-23 21:56:44 | WARNING  | co2_forecast | Very few sequences (8), LSTM may not train well
2026-08-23 21:56:44 | WARNING  | co2_forecast | Very few sequences (4), LSTM may not train well
2026-08-23 21:56:45 | WARNING  | co2_forecast | Very few sequences (4), LSTM may not train well
2026-08-23 21:56:45 | INFO     | co2_forecast |   Iteration 5: Best fitness = 0.758992
2026-08-23 21:56:45 | WARNING  | co2_forecast | Very few sequences (4), LSTM may not train well
2026-08-23 21:56:45 | WARNING  | co2_forecast | Very few sequences (8), LSTM may not train well
2026-08-23 21:56:46 | WARNING  | co2_forecast | Very few sequences (4), LSTM may not train well
2026-08-23 21:56:46 | WARNING  | co2_forecast | Very few sequences (4), LSTM may not train well
2026-08-23 21:56:46 | WARNING  | co2_forecast | Very few sequences (4), LSTM may not train well
2026-08-23 21:56:46 | WARNING  | co2_forecast | Very few sequences (8), LSTM may not train well
2026-08-23 21:56:47 | WARNING  | co2_forecast | Very few sequences (4), LSTM may not train well
2026-08-23 21:56:47 | WARNING  | co2_forecast | Very few sequences (4), LSTM may not train well
2026-08-23 21:56:47 | WARNING  | co2_forecast | Very few sequences (4), LSTM may not train well
2026-08-23 21:56:47 | WARNING  | co2_forecast | Very few sequences (8), LSTM may not train well
2026-08-23 21:56:48 | WARNING  | co2_forecast | Very few sequences (4), LSTM may not train well
2026-08-23 21:56:48 | WARNING  | co2_forecast | Very few sequences (4), LSTM may not train well
2026-08-23 21:56:49 | WARNING  | co2_forecast | Very few sequences (4), LSTM may not train well
2026-08-23 21:56:49 | WARNING  | co2_forecast | Very few sequences (8), LSTM may not train well
2026-08-23 21:56:49 | WARNING  | co2_forecast | Very few sequences (4), LSTM may not train well
2026-08-23 21:56:49 | WARNING  | co2_forecast | Very few sequences (4), LSTM may not train well
2026-08-23 21:56:49 | WARNING  | co2_forecast | Very few sequences (4), LSTM may not train well
2026-08-23 21:56:49 | WARNING  | co2_forecast | Very few sequences (8), LSTM may not train well
2026-08-23 21:56:49 | WARNING  | co2_forecast | Very few sequences (4), LSTM may not train well
2026-08-23 21:56:49 | WARNING  | co2_forecast | Very few sequences (4), LSTM may not train well
2026-08-23 21:56:49 | WARNING  | co2_forecast | Very few sequences (4), LSTM may not train well
2026-08-23 21:56:49 | WARNING  | co2_forecast | Very few sequences (8), LSTM may not train well
2026-08-23 21:56:49 | WARNING  | co2_forecast | Very few sequences (4), LSTM may not train well
2026-08-23 21:56:50 | WARNING  | co2_forecast | Very few sequences (4), LSTM may not train well
2026-08-23 21:56:50 | WARNING  | co2_forecast | Very few sequences (4), LSTM may not train well
2026-08-23 21:56:50 | WARNING  | co2_forecast | Very few sequences (8), LSTM may not train well
2026-08-23 21:56:50 | WARNING  | co2_forecast | Very few sequences (4), LSTM may not train well
2026-08-23 21:56:50 | WARNING  | co2_forecast | Very few sequences (4), LSTM may not train well
2026-08-23 21:56:50 | WARNING  | co2_forecast | Very few sequences (4), LSTM may not train well
2026-08-23 21:56:50 | WARNING  | co2_forecast | Very few sequences (8), LSTM may not train well
2026-08-23 21:56:51 | WARNING  | co2_forecast | Very few sequences (4), LSTM may not train well
2026-08-23 21:56:51 | WARNING  | co2_forecast | Very few sequences (4), LSTM may not train well
2026-08-23 21:56:52 | WARNING  | co2_forecast | Very few sequences (4), LSTM may not train well
2026-08-23 21:56:52 | WARNING  | co2_forecast | Very few sequences (8), LSTM may not train well
2026-08-23 21:56:52 | WARNING  | co2_forecast | Very few sequences (4), LSTM may not train well
2026-08-23 21:56:52 | WARNING  | co2_forecast | Very few sequences (4), LSTM may not train well
2026-08-23 21:56:52 | WARNING  | co2_forecast | Very few sequences (4), LSTM may not train well
2026-08-23 21:56:52 | WARNING  | co2_forecast | Very few sequences (8), LSTM may not train well
2026-08-23 21:56:52 | WARNING  | co2_forecast | Very few sequences (4), LSTM may not train well
2026-08-23 21:56:53 | WARNING  | co2_forecast | Very few sequences (4), LSTM may not train well
2026-08-23 21:56:53 | WARNING  | co2_forecast | Very few sequences (4), LSTM may not train well
2026-08-23 21:56:53 | WARNING  | co2_forecast | Very few sequences (8), LSTM may not train well
2026-08-23 21:56:54 | WARNING  | co2_forecast | Very few sequences (4), LSTM may not train well
2026-08-23 21:56:54 | WARNING  | co2_forecast | Very few sequences (4), LSTM may not train well
2026-08-23 21:56:55 | WARNING  | co2_forecast | Very few sequences (4), LSTM may not train well
2026-08-23 21:56:55 | WARNING  | co2_forecast | Very few sequences (8), LSTM may not train well
2026-08-23 21:56:55 | WARNING  | co2_forecast | Very few sequences (4), LSTM may not train well
2026-08-23 21:56:55 | WARNING  | co2_forecast | Very few sequences (4), LSTM may not train well
2026-08-23 21:56:55 | WARNING  | co2_forecast | Very few sequences (4), LSTM may not train well
2026-08-23 21:56:55 | WARNING  | co2_forecast | Very few sequences (8), LSTM may not train well
2026-08-23 21:56:55 | WARNING  | co2_forecast | Very few sequences (4), LSTM may not train well
2026-08-23 21:56:56 | WARNING  | co2_forecast | Very few sequences (4), LSTM may not train well
2026-08-23 21:56:56 | WARNING  | co2_forecast | Very few sequences (4), LSTM may not train well
2026-08-23 21:56:56 | WARNING  | co2_forecast | Very few sequences (8), LSTM may not train well
2026-08-23 21:56:57 | WARNING  | co2_forecast | Very few sequences (4), LSTM may not train well
2026-08-23 21:56:57 | WARNING  | co2_forecast | Very few sequences (4), LSTM may not train well
2026-08-23 21:56:57 | WARNING  | co2_forecast | Very few sequences (4), LSTM may not train well
2026-08-23 21:56:57 | WARNING  | co2_forecast | Very few sequences (8), LSTM may not train well
2026-08-23 21:56:57 | WARNING  | co2_forecast | Very few sequences (4), LSTM may not train well
2026-08-23 21:56:58 | WARNING  | co2_forecast | Very few sequences (4), LSTM may not train well
2026-08-23 21:56:58 | WARNING  | co2_forecast | Very few sequences (4), LSTM may not train well
2026-08-23 21:56:58 | WARNING  | co2_forecast | Very few sequences (8), LSTM may not train well
2026-08-23 21:56:58 | WARNING  | co2_forecast | Very few sequences (4), LSTM may not train well
2026-08-23 21:56:59 | WARNING  | co2_forecast | Very few sequences (4), LSTM may not train well
2026-08-23 21:56:59 | WARNING  | co2_forecast | Very few sequences (4), LSTM may not train well
2026-08-23 21:56:59 | WARNING  | co2_forecast | Very few sequences (8), LSTM may not train well
2026-08-23 21:56:59 | WARNING  | co2_forecast | Very few sequences (4), LSTM may not train well
2026-08-23 21:57:00 | WARNING  | co2_forecast | Very few sequences (4), LSTM may not train well
2026-08-23 21:57:00 | WARNING  | co2_forecast | Very few sequences (4), LSTM may not train well
2026-08-23 21:57:00 | WARNING  | co2_forecast | Very few sequences (8), LSTM may not train well
2026-08-23 21:57:00 | WARNING  | co2_forecast | Very few sequences (4), LSTM may not train well
2026-08-23 21:57:01 | WARNING  | co2_forecast | Very few sequences (4), LSTM may not train well
2026-08-23 21:57:01 | WARNING  | co2_forecast | Very few sequences (4), LSTM may not train well
2026-08-23 21:57:01 | WARNING  | co2_forecast | Very few sequences (8), LSTM may not train well
2026-08-23 21:57:01 | WARNING  | co2_forecast | Very few sequences (4), LSTM may not train well
2026-08-23 21:57:02 | WARNING  | co2_forecast | Very few sequences (4), LSTM may not train well
2026-08-23 21:57:02 | WARNING  | co2_forecast | Very few sequences (4), LSTM may not train well
2026-08-23 21:57:02 | WARNING  | co2_forecast | Very few sequences (8), LSTM may not train well
2026-08-23 21:57:03 | WARNING  | co2_forecast | Very few sequences (4), LSTM may not train well
2026-08-23 21:57:03 | WARNING  | co2_forecast | Very few sequences (4), LSTM may not train well
2026-08-23 21:57:03 | WARNING  | co2_forecast | Very few sequences (4), LSTM may not train well
2026-08-23 21:57:03 | WARNING  | co2_forecast | Very few sequences (8), LSTM may not train well
2026-08-23 21:57:04 | WARNING  | co2_forecast | Very few sequences (4), LSTM may not train well
2026-08-23 21:57:04 | WARNING  | co2_forecast | Very few sequences (4), LSTM may not train well
2026-08-23 21:57:05 | WARNING  | co2_forecast | Very few sequences (4), LSTM may not train well
2026-08-23 21:57:05 | WARNING  | co2_forecast | Very few sequences (8), LSTM may not train well
2026-08-23 21:57:05 | WARNING  | co2_forecast | Very few sequences (4), LSTM may not train well
2026-08-23 21:57:05 | WARNING  | co2_forecast | Very few sequences (4), LSTM may not train well
2026-08-23 21:57:05 | WARNING  | co2_forecast | Very few sequences (4), LSTM may not train well
2026-08-23 21:57:05 | WARNING  | co2_forecast | Very few sequences (8), LSTM may not train well
2026-08-23 21:57:05 | WARNING  | co2_forecast | Very few sequences (4), LSTM may not train well
2026-08-23 21:57:06 | WARNING  | co2_forecast | Very few sequences (4), LSTM may not train well
2026-08-23 21:57:06 | WARNING  | co2_forecast | Very few sequences (4), LSTM may not train well
2026-08-23 21:57:06 | WARNING  | co2_forecast | Very few sequences (8), LSTM may not train well
2026-08-23 21:57:06 | WARNING  | co2_forecast | Very few sequences (4), LSTM may not train well
2026-08-23 21:57:06 | WARNING  | co2_forecast | Very few sequences (4), LSTM may not train well
2026-08-23 21:57:06 | WARNING  | co2_forecast | Very few sequences (4), LSTM may not train well
2026-08-23 21:57:07 | WARNING  | co2_forecast | Very few sequences (8), LSTM may not train well
2026-08-23 21:57:07 | WARNING  | co2_forecast | Very few sequences (4), LSTM may not train well
2026-08-23 21:57:08 | WARNING  | co2_forecast | Very few sequences (4), LSTM may not train well
2026-08-23 21:57:08 | WARNING  | co2_forecast | Very few sequences (4), LSTM may not train well
2026-08-23 21:57:08 | WARNING  | co2_forecast | Very few sequences (8), LSTM may not train well
2026-08-23 21:57:08 | WARNING  | co2_forecast | Very few sequences (4), LSTM may not train well
2026-08-23 21:57:09 | WARNING  | co2_forecast | Very few sequences (4), LSTM may not train well
2026-08-23 21:57:09 | WARNING  | co2_forecast | Very few sequences (4), LSTM may not train well
2026-08-23 21:57:09 | WARNING  | co2_forecast | Very few sequences (8), LSTM may not train well
2026-08-23 21:57:09 | WARNING  | co2_forecast | Very few sequences (4), LSTM may not train well
2026-08-23 21:57:10 | WARNING  | co2_forecast | Very few sequences (4), LSTM may not train well
2026-08-23 21:57:10 | WARNING  | co2_forecast | Very few sequences (4), LSTM may not train well
2026-08-23 21:57:10 | WARNING  | co2_forecast | Very few sequences (8), LSTM may not train well
2026-08-23 21:57:10 | WARNING  | co2_forecast | Very few sequences (4), LSTM may not train well
2026-08-23 21:57:11 | WARNING  | co2_forecast | Very few sequences (4), LSTM may not train well
2026-08-23 21:57:11 | WARNING  | co2_forecast | Very few sequences (4), LSTM may not train well
2026-08-23 21:57:11 | WARNING  | co2_forecast | Very few sequences (8), LSTM may not train well
2026-08-23 21:57:12 | WARNING  | co2_forecast | Very few sequences (4), LSTM may not train well
2026-08-23 21:57:12 | WARNING  | co2_forecast | Very few sequences (4), LSTM may not train well
2026-08-23 21:57:12 | WARNING  | co2_forecast | Very few sequences (4), LSTM may not train well
2026-08-23 21:57:13 | WARNING  | co2_forecast | Very few sequences (8), LSTM may not train well
2026-08-23 21:57:13 | WARNING  | co2_forecast | Very few sequences (4), LSTM may not train well
2026-08-23 21:57:14 | WARNING  | co2_forecast | Very few sequences (4), LSTM may not train well
2026-08-23 21:57:14 | WARNING  | co2_forecast | Very few sequences (4), LSTM may not train well
2026-08-23 21:57:14 | WARNING  | co2_forecast | Very few sequences (8), LSTM may not train well
2026-08-23 21:57:14 | WARNING  | co2_forecast | Very few sequences (4), LSTM may not train well
2026-08-23 21:57:14 | WARNING  | co2_forecast | Very few sequences (4), LSTM may not train well
2026-08-23 21:57:14 | WARNING  | co2_forecast | Very few sequences (4), LSTM may not train well
2026-08-23 21:57:14 | WARNING  | co2_forecast | Very few sequences (8), LSTM may not train well
2026-08-23 21:57:15 | WARNING  | co2_forecast | Very few sequences (4), LSTM may not train well
2026-08-23 21:57:15 | WARNING  | co2_forecast | Very few sequences (4), LSTM may not train well
2026-08-23 21:57:16 | INFO     | co2_forecast |   Iteration 9: Best fitness = 0.758915
2026-08-23 21:57:16 | INFO     | co2_forecast | PSO complete. Best fitness: 0.758915
2026-08-23 21:57:16 | INFO     | co2_forecast |   Best params: {'lookback': 4, 'hidden_size': 19, 'num_layers': 2, 'dropout': 0.3214207792305564, 'learning_rate': 0.0001, 'batch_size': 16}
2026-08-23 21:57:16 | INFO     | co2_forecast |   Best fitness: 0.758915
2026-08-23 21:57:16 | INFO     | co2_forecast | [A3/panel2_common_period/all_features/lstm] sweep tuning: best_params={'lookback': 4, 'hidden_size': 19, 'num_layers': 2, 'dropout': 0.3214207792305564, 'learning_rate': 0.0001, 'batch_size': 16}
2026-08-23 21:57:18 | INFO     | co2_forecast |   -> weighted_mase=1.0273908416232076, runtime=70.6s
2026-08-23 21:57:18 | INFO     | co2_forecast | Stream A cell: A4/ridge (38 features, 28 rows)
2026-08-23 21:57:18 | INFO     | co2_forecast | Creating walk-forward splits for 16 valid samples
2026-08-23 21:57:18 | INFO     | co2_forecast | Created 4 CV folds across horizons [1, 2, 4]
2026-08-23 21:57:18 | INFO     | co2_forecast | Built tuning CV plan: 4 folds from 16 rows before 2022-Q%q (evaluation cutoff) - isolation OK (max tuning date 2021-Q%q)
2026-08-23 21:57:18 | INFO     | co2_forecast | Optimizing ridge...
2026-08-23 21:57:18 | INFO     | co2_forecast | Starting PSO: 8 particles, 10 iterations
2026-08-23 21:57:18 | INFO     | co2_forecast |   Iteration 0: Best fitness = 1.746478
2026-08-23 21:57:18 | INFO     | co2_forecast |   Iteration 5: Best fitness = 1.590593
2026-08-23 21:57:18 | INFO     | co2_forecast |   Iteration 9: Best fitness = 1.590593
2026-08-23 21:57:18 | INFO     | co2_forecast | PSO complete. Best fitness: 1.590593
2026-08-23 21:57:18 | INFO     | co2_forecast |   Best params: {'alpha': 100.0}
2026-08-23 21:57:18 | INFO     | co2_forecast |   Best fitness: 1.590593
2026-08-23 21:57:18 | INFO     | co2_forecast | [A4/panel2_common_period/all_features/ridge] sweep tuning: best_params={'alpha': 100.0}
2026-08-23 21:57:18 | INFO     | co2_forecast |   -> weighted_mase=0.7056296385591116, runtime=0.3s
2026-08-23 21:57:18 | INFO     | co2_forecast | Stream A cell: A4/random_forest (38 features, 28 rows)
2026-08-23 21:57:18 | INFO     | co2_forecast | Creating walk-forward splits for 16 valid samples
2026-08-23 21:57:18 | INFO     | co2_forecast | Created 4 CV folds across horizons [1, 2, 4]
2026-08-23 21:57:18 | INFO     | co2_forecast | Built tuning CV plan: 4 folds from 16 rows before 2022-Q%q (evaluation cutoff) - isolation OK (max tuning date 2021-Q%q)
2026-08-23 21:57:18 | INFO     | co2_forecast | Optimizing random_forest...
2026-08-23 21:57:18 | INFO     | co2_forecast | Starting PSO: 8 particles, 10 iterations
2026-08-23 21:57:24 | INFO     | co2_forecast |   Iteration 0: Best fitness = 0.696596
2026-08-23 21:57:40 | INFO     | co2_forecast |   Iteration 5: Best fitness = 0.385722
2026-08-23 21:57:53 | INFO     | co2_forecast |   Iteration 9: Best fitness = 0.385722
2026-08-23 21:57:53 | INFO     | co2_forecast | PSO complete. Best fitness: 0.385722
2026-08-23 21:57:53 | INFO     | co2_forecast |   Best params: {'n_estimators': 56, 'max_depth': 3, 'min_samples_split': 2, 'min_samples_leaf': 1}
2026-08-23 21:57:53 | INFO     | co2_forecast |   Best fitness: 0.385722
2026-08-23 21:57:53 | INFO     | co2_forecast | [A4/panel2_common_period/all_features/random_forest] sweep tuning: best_params={'n_estimators': 56, 'max_depth': 3, 'min_samples_split': 2, 'min_samples_leaf': 1}
2026-08-23 21:57:54 | INFO     | co2_forecast |   -> weighted_mase=0.6918316627057347, runtime=35.8s
2026-08-23 21:57:54 | INFO     | co2_forecast | Stream A cell: A4/catboost (38 features, 28 rows)
2026-08-23 21:57:54 | INFO     | co2_forecast | Creating walk-forward splits for 16 valid samples
2026-08-23 21:57:54 | INFO     | co2_forecast | Created 4 CV folds across horizons [1, 2, 4]
2026-08-23 21:57:54 | INFO     | co2_forecast | Built tuning CV plan: 4 folds from 16 rows before 2022-Q%q (evaluation cutoff) - isolation OK (max tuning date 2021-Q%q)
2026-08-23 21:57:54 | INFO     | co2_forecast | Optimizing catboost...
2026-08-23 21:57:54 | INFO     | co2_forecast | Starting PSO: 8 particles, 10 iterations
2026-08-23 21:58:30 | INFO     | co2_forecast |   Iteration 0: Best fitness = 0.345546
2026-08-23 22:01:21 | INFO     | co2_forecast |   Iteration 5: Best fitness = 0.267613
2026-08-23 22:03:34 | INFO     | co2_forecast |   Iteration 9: Best fitness = 0.250050
2026-08-23 22:03:34 | INFO     | co2_forecast | PSO complete. Best fitness: 0.250050
2026-08-23 22:03:34 | INFO     | co2_forecast |   Best params: {'iterations': 166, 'learning_rate': 0.18991802047996115, 'depth': 3, 'l2_leaf_reg': 1.5871249176147466}
2026-08-23 22:03:34 | INFO     | co2_forecast |   Best fitness: 0.250050
2026-08-23 22:03:34 | INFO     | co2_forecast | [A4/panel2_common_period/all_features/catboost] sweep tuning: best_params={'iterations': 166, 'learning_rate': 0.18991802047996115, 'depth': 3, 'l2_leaf_reg': 1.5871249176147466}
2026-08-23 22:03:42 | INFO     | co2_forecast |   -> weighted_mase=0.6172755605616977, runtime=348.6s
2026-08-23 22:03:42 | INFO     | co2_forecast | Stream A cell: A4/lightgbm (38 features, 28 rows)
2026-08-23 22:03:42 | INFO     | co2_forecast | Creating walk-forward splits for 16 valid samples
2026-08-23 22:03:42 | INFO     | co2_forecast | Created 4 CV folds across horizons [1, 2, 4]
2026-08-23 22:03:42 | INFO     | co2_forecast | Built tuning CV plan: 4 folds from 16 rows before 2022-Q%q (evaluation cutoff) - isolation OK (max tuning date 2021-Q%q)
2026-08-23 22:03:42 | INFO     | co2_forecast | Optimizing lightgbm...
2026-08-23 22:03:42 | INFO     | co2_forecast | Starting PSO: 8 particles, 10 iterations
2026-08-23 22:03:42 | INFO     | co2_forecast |   Iteration 0: Best fitness = 0.768990
2026-08-23 22:03:43 | INFO     | co2_forecast |   Iteration 5: Best fitness = 0.604404
2026-08-23 22:03:44 | INFO     | co2_forecast |   Iteration 9: Best fitness = 0.603759
2026-08-23 22:03:44 | INFO     | co2_forecast | PSO complete. Best fitness: 0.603759
2026-08-23 22:03:44 | INFO     | co2_forecast |   Best params: {'n_estimators': 83, 'learning_rate': 0.3, 'num_leaves': 127, 'max_depth': 8, 'min_child_samples': 5, 'reg_alpha': 0.001, 'reg_lambda': 0.001}
2026-08-23 22:03:44 | INFO     | co2_forecast |   Best fitness: 0.603759
2026-08-23 22:03:44 | INFO     | co2_forecast | [A4/panel2_common_period/all_features/lightgbm] sweep tuning: best_params={'n_estimators': 83, 'learning_rate': 0.3, 'num_leaves': 127, 'max_depth': 8, 'min_child_samples': 5, 'reg_alpha': 0.001, 'reg_lambda': 0.001}
2026-08-23 22:03:44 | INFO     | co2_forecast |   -> weighted_mase=0.7547898674019261, runtime=1.5s
2026-08-23 22:03:44 | INFO     | co2_forecast | Stream A cell: A4/lstm (38 features, 28 rows)
2026-08-23 22:03:44 | INFO     | co2_forecast | Creating walk-forward splits for 16 valid samples
2026-08-23 22:03:44 | INFO     | co2_forecast | Created 4 CV folds across horizons [1, 2, 4]
2026-08-23 22:03:44 | INFO     | co2_forecast | Built tuning CV plan: 4 folds from 16 rows before 2022-Q%q (evaluation cutoff) - isolation OK (max tuning date 2021-Q%q)
2026-08-23 22:03:44 | INFO     | co2_forecast | Optimizing lstm...
2026-08-23 22:03:44 | INFO     | co2_forecast | Starting PSO: 8 particles, 10 iterations
2026-08-23 22:03:44 | WARNING  | co2_forecast | Model training failed with params {'lookback': 7, 'hidden_size': 62, 'num_layers': 2, 'dropout': 0.3394633936788146, 'learning_rate': 0.0016445845403801217, 'batch_size': 8}: LSTM.fit: training data has 8 rows, giving only 1 sequence(s) with lookback=7; at least 2 are required (one is always reserved for validation). Reduce lookback or provide more training history.
2026-08-23 22:03:44 | WARNING  | co2_forecast | Model training failed with params {'lookback': 11, 'hidden_size': 26, 'num_layers': 1, 'dropout': 0.17336180394137352, 'learning_rate': 0.0031119982052994237, 'batch_size': 16}: LSTM.fit: training data has 8 rows, giving only 0 sequence(s) with lookback=11; at least 2 are required (one is always reserved for validation). Reduce lookback or provide more training history.
2026-08-23 22:03:44 | WARNING  | co2_forecast | Model training failed with params {'lookback': 8, 'hidden_size': 54, 'num_layers': 1, 'dropout': 0.3056937753654446, 'learning_rate': 0.005964904231734221, 'batch_size': 8}: LSTM.fit: training data has 8 rows, giving only 0 sequence(s) with lookback=8; at least 2 are required (one is always reserved for validation). Reduce lookback or provide more training history.
2026-08-23 22:03:44 | WARNING  | co2_forecast | Very few sequences (2), LSTM may not train well
2026-08-23 22:03:44 | WARNING  | co2_forecast | Very few sequences (6), LSTM may not train well
2026-08-23 22:03:44 | WARNING  | co2_forecast | Very few sequences (2), LSTM may not train well
2026-08-23 22:03:44 | WARNING  | co2_forecast | Very few sequences (2), LSTM may not train well
2026-08-23 22:03:44 | WARNING  | co2_forecast | Model training failed with params {'lookback': 8, 'hidden_size': 25, 'num_layers': 2, 'dropout': 0.4100531293444458, 'learning_rate': 0.009401039521485473, 'batch_size': 32}: LSTM.fit: training data has 8 rows, giving only 0 sequence(s) with lookback=8; at least 2 are required (one is always reserved for validation). Reduce lookback or provide more training history.
2026-08-23 22:03:44 | WARNING  | co2_forecast | Model training failed with params {'lookback': 7, 'hidden_size': 29, 'num_layers': 2, 'dropout': 0.2427013306774357, 'learning_rate': 0.0028812516459050695, 'batch_size': 16}: LSTM.fit: training data has 8 rows, giving only 1 sequence(s) with lookback=7; at least 2 are required (one is always reserved for validation). Reduce lookback or provide more training history.
2026-08-23 22:03:44 | WARNING  | co2_forecast | Very few sequences (4), LSTM may not train well
2026-08-23 22:03:45 | WARNING  | co2_forecast | Very few sequences (8), LSTM may not train well
2026-08-23 22:03:45 | WARNING  | co2_forecast | Very few sequences (4), LSTM may not train well
2026-08-23 22:03:45 | WARNING  | co2_forecast | Very few sequences (4), LSTM may not train well
2026-08-23 22:03:45 | WARNING  | co2_forecast | Very few sequences (2), LSTM may not train well
2026-08-23 22:03:45 | WARNING  | co2_forecast | Very few sequences (6), LSTM may not train well
2026-08-23 22:03:45 | WARNING  | co2_forecast | Very few sequences (2), LSTM may not train well
2026-08-23 22:03:45 | WARNING  | co2_forecast | Very few sequences (2), LSTM may not train well
2026-08-23 22:03:45 | INFO     | co2_forecast |   Iteration 0: Best fitness = 0.931423
2026-08-23 22:03:45 | WARNING  | co2_forecast | Very few sequences (4), LSTM may not train well
2026-08-23 22:03:45 | WARNING  | co2_forecast | Very few sequences (8), LSTM may not train well
2026-08-23 22:03:45 | WARNING  | co2_forecast | Very few sequences (4), LSTM may not train well
2026-08-23 22:03:45 | WARNING  | co2_forecast | Very few sequences (4), LSTM may not train well
2026-08-23 22:03:46 | WARNING  | co2_forecast | Very few sequences (3), LSTM may not train well
2026-08-23 22:03:46 | WARNING  | co2_forecast | Very few sequences (7), LSTM may not train well
2026-08-23 22:03:46 | WARNING  | co2_forecast | Very few sequences (3), LSTM may not train well
2026-08-23 22:03:46 | WARNING  | co2_forecast | Very few sequences (3), LSTM may not train well
2026-08-23 22:03:46 | WARNING  | co2_forecast | Model training failed with params {'lookback': 7, 'hidden_size': 52, 'num_layers': 1, 'dropout': 0.3509333868153429, 'learning_rate': 0.007024592970449884, 'batch_size': 8}: LSTM.fit: training data has 8 rows, giving only 1 sequence(s) with lookback=7; at least 2 are required (one is always reserved for validation). Reduce lookback or provide more training history.
2026-08-23 22:03:46 | WARNING  | co2_forecast | Very few sequences (4), LSTM may not train well
2026-08-23 22:03:46 | WARNING  | co2_forecast | Very few sequences (8), LSTM may not train well
2026-08-23 22:03:46 | WARNING  | co2_forecast | Very few sequences (4), LSTM may not train well
2026-08-23 22:03:46 | WARNING  | co2_forecast | Very few sequences (4), LSTM may not train well
2026-08-23 22:03:47 | WARNING  | co2_forecast | Very few sequences (4), LSTM may not train well
2026-08-23 22:03:47 | WARNING  | co2_forecast | Very few sequences (8), LSTM may not train well
2026-08-23 22:03:47 | WARNING  | co2_forecast | Very few sequences (4), LSTM may not train well
2026-08-23 22:03:47 | WARNING  | co2_forecast | Very few sequences (4), LSTM may not train well
2026-08-23 22:03:47 | WARNING  | co2_forecast | Very few sequences (4), LSTM may not train well
2026-08-23 22:03:47 | WARNING  | co2_forecast | Very few sequences (8), LSTM may not train well
2026-08-23 22:03:47 | WARNING  | co2_forecast | Very few sequences (4), LSTM may not train well
2026-08-23 22:03:47 | WARNING  | co2_forecast | Very few sequences (4), LSTM may not train well
2026-08-23 22:03:47 | WARNING  | co2_forecast | Very few sequences (4), LSTM may not train well
2026-08-23 22:03:47 | WARNING  | co2_forecast | Very few sequences (8), LSTM may not train well
2026-08-23 22:03:47 | WARNING  | co2_forecast | Very few sequences (4), LSTM may not train well
2026-08-23 22:03:48 | WARNING  | co2_forecast | Very few sequences (4), LSTM may not train well
2026-08-23 22:03:48 | WARNING  | co2_forecast | Very few sequences (3), LSTM may not train well
2026-08-23 22:03:48 | WARNING  | co2_forecast | Very few sequences (7), LSTM may not train well
2026-08-23 22:03:48 | WARNING  | co2_forecast | Very few sequences (3), LSTM may not train well
2026-08-23 22:03:48 | WARNING  | co2_forecast | Very few sequences (3), LSTM may not train well
2026-08-23 22:03:48 | WARNING  | co2_forecast | Very few sequences (4), LSTM may not train well
2026-08-23 22:03:48 | WARNING  | co2_forecast | Very few sequences (8), LSTM may not train well
2026-08-23 22:03:48 | WARNING  | co2_forecast | Very few sequences (4), LSTM may not train well
2026-08-23 22:03:48 | WARNING  | co2_forecast | Very few sequences (4), LSTM may not train well
2026-08-23 22:03:48 | WARNING  | co2_forecast | Very few sequences (4), LSTM may not train well
2026-08-23 22:03:48 | WARNING  | co2_forecast | Very few sequences (8), LSTM may not train well
2026-08-23 22:03:49 | WARNING  | co2_forecast | Very few sequences (4), LSTM may not train well
2026-08-23 22:03:49 | WARNING  | co2_forecast | Very few sequences (4), LSTM may not train well
2026-08-23 22:03:49 | WARNING  | co2_forecast | Very few sequences (2), LSTM may not train well
2026-08-23 22:03:49 | WARNING  | co2_forecast | Very few sequences (6), LSTM may not train well
2026-08-23 22:03:49 | WARNING  | co2_forecast | Very few sequences (2), LSTM may not train well
2026-08-23 22:03:49 | WARNING  | co2_forecast | Very few sequences (2), LSTM may not train well
2026-08-23 22:03:49 | WARNING  | co2_forecast | Very few sequences (4), LSTM may not train well
2026-08-23 22:03:49 | WARNING  | co2_forecast | Very few sequences (8), LSTM may not train well
2026-08-23 22:03:49 | WARNING  | co2_forecast | Very few sequences (4), LSTM may not train well
2026-08-23 22:03:50 | WARNING  | co2_forecast | Very few sequences (4), LSTM may not train well
2026-08-23 22:03:50 | WARNING  | co2_forecast | Very few sequences (4), LSTM may not train well
2026-08-23 22:03:50 | WARNING  | co2_forecast | Very few sequences (8), LSTM may not train well
2026-08-23 22:03:50 | WARNING  | co2_forecast | Very few sequences (4), LSTM may not train well
2026-08-23 22:03:50 | WARNING  | co2_forecast | Very few sequences (4), LSTM may not train well
2026-08-23 22:03:50 | WARNING  | co2_forecast | Very few sequences (4), LSTM may not train well
2026-08-23 22:03:50 | WARNING  | co2_forecast | Very few sequences (8), LSTM may not train well
2026-08-23 22:03:50 | WARNING  | co2_forecast | Very few sequences (4), LSTM may not train well
2026-08-23 22:03:50 | WARNING  | co2_forecast | Very few sequences (4), LSTM may not train well
2026-08-23 22:03:51 | WARNING  | co2_forecast | Very few sequences (4), LSTM may not train well
2026-08-23 22:03:51 | WARNING  | co2_forecast | Very few sequences (8), LSTM may not train well
2026-08-23 22:03:51 | WARNING  | co2_forecast | Very few sequences (4), LSTM may not train well
2026-08-23 22:03:51 | WARNING  | co2_forecast | Very few sequences (4), LSTM may not train well
2026-08-23 22:03:51 | WARNING  | co2_forecast | Very few sequences (4), LSTM may not train well
2026-08-23 22:03:51 | WARNING  | co2_forecast | Very few sequences (8), LSTM may not train well
2026-08-23 22:03:51 | WARNING  | co2_forecast | Very few sequences (4), LSTM may not train well
2026-08-23 22:03:51 | WARNING  | co2_forecast | Very few sequences (4), LSTM may not train well
2026-08-23 22:03:51 | WARNING  | co2_forecast | Very few sequences (3), LSTM may not train well
2026-08-23 22:03:51 | WARNING  | co2_forecast | Very few sequences (7), LSTM may not train well
2026-08-23 22:03:52 | WARNING  | co2_forecast | Very few sequences (3), LSTM may not train well
2026-08-23 22:03:52 | WARNING  | co2_forecast | Very few sequences (3), LSTM may not train well
2026-08-23 22:03:52 | WARNING  | co2_forecast | Very few sequences (4), LSTM may not train well
2026-08-23 22:03:52 | WARNING  | co2_forecast | Very few sequences (8), LSTM may not train well
2026-08-23 22:03:52 | WARNING  | co2_forecast | Very few sequences (4), LSTM may not train well
2026-08-23 22:03:52 | WARNING  | co2_forecast | Very few sequences (4), LSTM may not train well
2026-08-23 22:03:52 | WARNING  | co2_forecast | Very few sequences (3), LSTM may not train well
2026-08-23 22:03:52 | WARNING  | co2_forecast | Very few sequences (7), LSTM may not train well
2026-08-23 22:03:52 | WARNING  | co2_forecast | Very few sequences (3), LSTM may not train well
2026-08-23 22:03:53 | WARNING  | co2_forecast | Very few sequences (3), LSTM may not train well
2026-08-23 22:03:53 | WARNING  | co2_forecast | Very few sequences (3), LSTM may not train well
2026-08-23 22:03:53 | WARNING  | co2_forecast | Very few sequences (7), LSTM may not train well
2026-08-23 22:03:53 | WARNING  | co2_forecast | Very few sequences (3), LSTM may not train well
2026-08-23 22:03:53 | WARNING  | co2_forecast | Very few sequences (3), LSTM may not train well
2026-08-23 22:03:53 | WARNING  | co2_forecast | Very few sequences (4), LSTM may not train well
2026-08-23 22:03:53 | WARNING  | co2_forecast | Very few sequences (8), LSTM may not train well
2026-08-23 22:03:53 | WARNING  | co2_forecast | Very few sequences (4), LSTM may not train well
2026-08-23 22:03:54 | WARNING  | co2_forecast | Very few sequences (4), LSTM may not train well
2026-08-23 22:03:54 | WARNING  | co2_forecast | Very few sequences (3), LSTM may not train well
2026-08-23 22:03:54 | WARNING  | co2_forecast | Very few sequences (7), LSTM may not train well
2026-08-23 22:03:54 | WARNING  | co2_forecast | Very few sequences (3), LSTM may not train well
2026-08-23 22:03:54 | WARNING  | co2_forecast | Very few sequences (3), LSTM may not train well
2026-08-23 22:03:54 | WARNING  | co2_forecast | Very few sequences (3), LSTM may not train well
2026-08-23 22:03:54 | WARNING  | co2_forecast | Very few sequences (7), LSTM may not train well
2026-08-23 22:03:54 | WARNING  | co2_forecast | Very few sequences (3), LSTM may not train well
2026-08-23 22:03:54 | WARNING  | co2_forecast | Very few sequences (3), LSTM may not train well
2026-08-23 22:03:55 | WARNING  | co2_forecast | Very few sequences (4), LSTM may not train well
2026-08-23 22:03:55 | WARNING  | co2_forecast | Very few sequences (8), LSTM may not train well
2026-08-23 22:03:55 | WARNING  | co2_forecast | Very few sequences (4), LSTM may not train well
2026-08-23 22:03:55 | WARNING  | co2_forecast | Very few sequences (4), LSTM may not train well
2026-08-23 22:03:55 | WARNING  | co2_forecast | Model training failed with params {'lookback': 7, 'hidden_size': 53, 'num_layers': 1, 'dropout': 0.3362932605777516, 'learning_rate': 0.006180443565376336, 'batch_size': 8}: LSTM.fit: training data has 8 rows, giving only 1 sequence(s) with lookback=7; at least 2 are required (one is always reserved for validation). Reduce lookback or provide more training history.
2026-08-23 22:03:55 | WARNING  | co2_forecast | Very few sequences (3), LSTM may not train well
2026-08-23 22:03:55 | WARNING  | co2_forecast | Very few sequences (7), LSTM may not train well
2026-08-23 22:03:55 | WARNING  | co2_forecast | Very few sequences (3), LSTM may not train well
2026-08-23 22:03:55 | WARNING  | co2_forecast | Very few sequences (3), LSTM may not train well
2026-08-23 22:03:55 | WARNING  | co2_forecast | Very few sequences (3), LSTM may not train well
2026-08-23 22:03:55 | WARNING  | co2_forecast | Very few sequences (7), LSTM may not train well
2026-08-23 22:03:56 | WARNING  | co2_forecast | Very few sequences (3), LSTM may not train well
2026-08-23 22:03:56 | WARNING  | co2_forecast | Very few sequences (3), LSTM may not train well
2026-08-23 22:03:56 | WARNING  | co2_forecast | Model training failed with params {'lookback': 7, 'hidden_size': 43, 'num_layers': 1, 'dropout': 0.3084421535333016, 'learning_rate': 0.006084819398089935, 'batch_size': 8}: LSTM.fit: training data has 8 rows, giving only 1 sequence(s) with lookback=7; at least 2 are required (one is always reserved for validation). Reduce lookback or provide more training history.
2026-08-23 22:03:56 | WARNING  | co2_forecast | Very few sequences (2), LSTM may not train well
2026-08-23 22:03:56 | WARNING  | co2_forecast | Very few sequences (6), LSTM may not train well
2026-08-23 22:03:56 | WARNING  | co2_forecast | Very few sequences (2), LSTM may not train well
2026-08-23 22:03:56 | WARNING  | co2_forecast | Very few sequences (2), LSTM may not train well
2026-08-23 22:03:56 | WARNING  | co2_forecast | Model training failed with params {'lookback': 7, 'hidden_size': 42, 'num_layers': 1, 'dropout': 0.2974848275529484, 'learning_rate': 0.00599903403366885, 'batch_size': 8}: LSTM.fit: training data has 8 rows, giving only 1 sequence(s) with lookback=7; at least 2 are required (one is always reserved for validation). Reduce lookback or provide more training history.
2026-08-23 22:03:56 | WARNING  | co2_forecast | Very few sequences (4), LSTM may not train well
2026-08-23 22:03:57 | WARNING  | co2_forecast | Very few sequences (8), LSTM may not train well
2026-08-23 22:03:57 | WARNING  | co2_forecast | Very few sequences (4), LSTM may not train well
2026-08-23 22:03:57 | WARNING  | co2_forecast | Very few sequences (4), LSTM may not train well
2026-08-23 22:03:57 | WARNING  | co2_forecast | Very few sequences (4), LSTM may not train well
2026-08-23 22:03:57 | WARNING  | co2_forecast | Very few sequences (8), LSTM may not train well
2026-08-23 22:03:57 | WARNING  | co2_forecast | Very few sequences (4), LSTM may not train well
2026-08-23 22:03:58 | WARNING  | co2_forecast | Very few sequences (4), LSTM may not train well
2026-08-23 22:03:58 | WARNING  | co2_forecast | Very few sequences (2), LSTM may not train well
2026-08-23 22:03:58 | WARNING  | co2_forecast | Very few sequences (6), LSTM may not train well
2026-08-23 22:03:58 | WARNING  | co2_forecast | Very few sequences (2), LSTM may not train well
2026-08-23 22:03:58 | WARNING  | co2_forecast | Very few sequences (2), LSTM may not train well
2026-08-23 22:03:58 | WARNING  | co2_forecast | Very few sequences (2), LSTM may not train well
2026-08-23 22:03:58 | WARNING  | co2_forecast | Very few sequences (6), LSTM may not train well
2026-08-23 22:03:58 | WARNING  | co2_forecast | Very few sequences (2), LSTM may not train well
2026-08-23 22:03:59 | WARNING  | co2_forecast | Very few sequences (2), LSTM may not train well
2026-08-23 22:03:59 | WARNING  | co2_forecast | Very few sequences (3), LSTM may not train well
2026-08-23 22:03:59 | WARNING  | co2_forecast | Very few sequences (7), LSTM may not train well
2026-08-23 22:03:59 | WARNING  | co2_forecast | Very few sequences (3), LSTM may not train well
2026-08-23 22:03:59 | WARNING  | co2_forecast | Very few sequences (3), LSTM may not train well
2026-08-23 22:03:59 | WARNING  | co2_forecast | Model training failed with params {'lookback': 7, 'hidden_size': 44, 'num_layers': 1, 'dropout': 0.37860021832026247, 'learning_rate': 0.008075162645272, 'batch_size': 8}: LSTM.fit: training data has 8 rows, giving only 1 sequence(s) with lookback=7; at least 2 are required (one is always reserved for validation). Reduce lookback or provide more training history.
2026-08-23 22:03:59 | WARNING  | co2_forecast | Model training failed with params {'lookback': 7, 'hidden_size': 39, 'num_layers': 1, 'dropout': 0.3925697724428971, 'learning_rate': 0.00937345414432114, 'batch_size': 8}: LSTM.fit: training data has 8 rows, giving only 1 sequence(s) with lookback=7; at least 2 are required (one is always reserved for validation). Reduce lookback or provide more training history.
2026-08-23 22:03:59 | WARNING  | co2_forecast | Model training failed with params {'lookback': 7, 'hidden_size': 45, 'num_layers': 1, 'dropout': 0.3926435672555745, 'learning_rate': 0.008476556982167281, 'batch_size': 8}: LSTM.fit: training data has 8 rows, giving only 1 sequence(s) with lookback=7; at least 2 are required (one is always reserved for validation). Reduce lookback or provide more training history.
2026-08-23 22:03:59 | WARNING  | co2_forecast | Very few sequences (4), LSTM may not train well
2026-08-23 22:03:59 | WARNING  | co2_forecast | Very few sequences (8), LSTM may not train well
2026-08-23 22:03:59 | WARNING  | co2_forecast | Very few sequences (4), LSTM may not train well
2026-08-23 22:04:00 | WARNING  | co2_forecast | Very few sequences (4), LSTM may not train well
2026-08-23 22:04:00 | WARNING  | co2_forecast | Very few sequences (3), LSTM may not train well
2026-08-23 22:04:00 | WARNING  | co2_forecast | Very few sequences (7), LSTM may not train well
2026-08-23 22:04:00 | WARNING  | co2_forecast | Very few sequences (3), LSTM may not train well
2026-08-23 22:04:00 | WARNING  | co2_forecast | Very few sequences (3), LSTM may not train well
2026-08-23 22:04:00 | INFO     | co2_forecast |   Iteration 5: Best fitness = 0.695928
2026-08-23 22:04:00 | WARNING  | co2_forecast | Very few sequences (3), LSTM may not train well
2026-08-23 22:04:00 | WARNING  | co2_forecast | Very few sequences (7), LSTM may not train well
2026-08-23 22:04:00 | WARNING  | co2_forecast | Very few sequences (3), LSTM may not train well
2026-08-23 22:04:00 | WARNING  | co2_forecast | Very few sequences (3), LSTM may not train well
2026-08-23 22:04:01 | WARNING  | co2_forecast | Very few sequences (2), LSTM may not train well
2026-08-23 22:04:01 | WARNING  | co2_forecast | Very few sequences (6), LSTM may not train well
2026-08-23 22:04:01 | WARNING  | co2_forecast | Very few sequences (2), LSTM may not train well
2026-08-23 22:04:01 | WARNING  | co2_forecast | Very few sequences (2), LSTM may not train well
2026-08-23 22:04:01 | WARNING  | co2_forecast | Very few sequences (2), LSTM may not train well
2026-08-23 22:04:01 | WARNING  | co2_forecast | Very few sequences (6), LSTM may not train well
2026-08-23 22:04:01 | WARNING  | co2_forecast | Very few sequences (2), LSTM may not train well
2026-08-23 22:04:02 | WARNING  | co2_forecast | Very few sequences (2), LSTM may not train well
2026-08-23 22:04:02 | WARNING  | co2_forecast | Very few sequences (2), LSTM may not train well
2026-08-23 22:04:02 | WARNING  | co2_forecast | Very few sequences (6), LSTM may not train well
2026-08-23 22:04:02 | WARNING  | co2_forecast | Very few sequences (2), LSTM may not train well
2026-08-23 22:04:02 | WARNING  | co2_forecast | Very few sequences (2), LSTM may not train well
2026-08-23 22:04:02 | WARNING  | co2_forecast | Very few sequences (2), LSTM may not train well
2026-08-23 22:04:02 | WARNING  | co2_forecast | Very few sequences (6), LSTM may not train well
2026-08-23 22:04:02 | WARNING  | co2_forecast | Very few sequences (2), LSTM may not train well
2026-08-23 22:04:03 | WARNING  | co2_forecast | Very few sequences (2), LSTM may not train well
2026-08-23 22:04:03 | WARNING  | co2_forecast | Very few sequences (3), LSTM may not train well
2026-08-23 22:04:03 | WARNING  | co2_forecast | Very few sequences (7), LSTM may not train well
2026-08-23 22:04:03 | WARNING  | co2_forecast | Very few sequences (3), LSTM may not train well
2026-08-23 22:04:03 | WARNING  | co2_forecast | Very few sequences (3), LSTM may not train well
2026-08-23 22:04:03 | WARNING  | co2_forecast | Very few sequences (3), LSTM may not train well
2026-08-23 22:04:03 | WARNING  | co2_forecast | Very few sequences (7), LSTM may not train well
2026-08-23 22:04:03 | WARNING  | co2_forecast | Very few sequences (3), LSTM may not train well
2026-08-23 22:04:04 | WARNING  | co2_forecast | Very few sequences (3), LSTM may not train well
2026-08-23 22:04:04 | WARNING  | co2_forecast | Very few sequences (2), LSTM may not train well
2026-08-23 22:04:04 | WARNING  | co2_forecast | Very few sequences (6), LSTM may not train well
2026-08-23 22:04:04 | WARNING  | co2_forecast | Very few sequences (2), LSTM may not train well
2026-08-23 22:04:04 | WARNING  | co2_forecast | Very few sequences (2), LSTM may not train well
2026-08-23 22:04:04 | WARNING  | co2_forecast | Very few sequences (3), LSTM may not train well
2026-08-23 22:04:04 | WARNING  | co2_forecast | Very few sequences (7), LSTM may not train well
2026-08-23 22:04:04 | WARNING  | co2_forecast | Very few sequences (3), LSTM may not train well
2026-08-23 22:04:05 | WARNING  | co2_forecast | Very few sequences (3), LSTM may not train well
2026-08-23 22:04:05 | WARNING  | co2_forecast | Very few sequences (3), LSTM may not train well
2026-08-23 22:04:05 | WARNING  | co2_forecast | Very few sequences (7), LSTM may not train well
2026-08-23 22:04:05 | WARNING  | co2_forecast | Very few sequences (3), LSTM may not train well
2026-08-23 22:04:05 | WARNING  | co2_forecast | Very few sequences (3), LSTM may not train well
2026-08-23 22:04:05 | WARNING  | co2_forecast | Very few sequences (2), LSTM may not train well
2026-08-23 22:04:05 | WARNING  | co2_forecast | Very few sequences (6), LSTM may not train well
2026-08-23 22:04:05 | WARNING  | co2_forecast | Very few sequences (2), LSTM may not train well
2026-08-23 22:04:06 | WARNING  | co2_forecast | Very few sequences (2), LSTM may not train well
2026-08-23 22:04:06 | WARNING  | co2_forecast | Very few sequences (4), LSTM may not train well
2026-08-23 22:04:06 | WARNING  | co2_forecast | Very few sequences (8), LSTM may not train well
2026-08-23 22:04:06 | WARNING  | co2_forecast | Very few sequences (4), LSTM may not train well
2026-08-23 22:04:06 | WARNING  | co2_forecast | Very few sequences (4), LSTM may not train well
2026-08-23 22:04:06 | WARNING  | co2_forecast | Very few sequences (4), LSTM may not train well
2026-08-23 22:04:06 | WARNING  | co2_forecast | Very few sequences (8), LSTM may not train well
2026-08-23 22:04:06 | WARNING  | co2_forecast | Very few sequences (4), LSTM may not train well
2026-08-23 22:04:06 | WARNING  | co2_forecast | Very few sequences (4), LSTM may not train well
2026-08-23 22:04:07 | WARNING  | co2_forecast | Very few sequences (4), LSTM may not train well
2026-08-23 22:04:07 | WARNING  | co2_forecast | Very few sequences (8), LSTM may not train well
2026-08-23 22:04:07 | WARNING  | co2_forecast | Very few sequences (4), LSTM may not train well
2026-08-23 22:04:07 | WARNING  | co2_forecast | Very few sequences (4), LSTM may not train well
2026-08-23 22:04:07 | WARNING  | co2_forecast | Very few sequences (2), LSTM may not train well
2026-08-23 22:04:07 | WARNING  | co2_forecast | Very few sequences (6), LSTM may not train well
2026-08-23 22:04:07 | WARNING  | co2_forecast | Very few sequences (2), LSTM may not train well
2026-08-23 22:04:07 | WARNING  | co2_forecast | Very few sequences (2), LSTM may not train well
2026-08-23 22:04:07 | WARNING  | co2_forecast | Very few sequences (2), LSTM may not train well
2026-08-23 22:04:07 | WARNING  | co2_forecast | Very few sequences (6), LSTM may not train well
2026-08-23 22:04:08 | WARNING  | co2_forecast | Very few sequences (2), LSTM may not train well
2026-08-23 22:04:08 | WARNING  | co2_forecast | Very few sequences (2), LSTM may not train well
2026-08-23 22:04:08 | WARNING  | co2_forecast | Very few sequences (3), LSTM may not train well
2026-08-23 22:04:08 | WARNING  | co2_forecast | Very few sequences (7), LSTM may not train well
2026-08-23 22:04:08 | WARNING  | co2_forecast | Very few sequences (3), LSTM may not train well
2026-08-23 22:04:08 | WARNING  | co2_forecast | Very few sequences (3), LSTM may not train well
2026-08-23 22:04:08 | WARNING  | co2_forecast | Very few sequences (2), LSTM may not train well
2026-08-23 22:04:08 | WARNING  | co2_forecast | Very few sequences (6), LSTM may not train well
2026-08-23 22:04:09 | WARNING  | co2_forecast | Very few sequences (2), LSTM may not train well
2026-08-23 22:04:09 | WARNING  | co2_forecast | Very few sequences (2), LSTM may not train well
2026-08-23 22:04:09 | WARNING  | co2_forecast | Very few sequences (2), LSTM may not train well
2026-08-23 22:04:09 | WARNING  | co2_forecast | Very few sequences (6), LSTM may not train well
2026-08-23 22:04:09 | WARNING  | co2_forecast | Very few sequences (2), LSTM may not train well
2026-08-23 22:04:09 | WARNING  | co2_forecast | Very few sequences (2), LSTM may not train well
2026-08-23 22:04:09 | WARNING  | co2_forecast | Very few sequences (4), LSTM may not train well
2026-08-23 22:04:09 | WARNING  | co2_forecast | Very few sequences (8), LSTM may not train well
2026-08-23 22:04:09 | WARNING  | co2_forecast | Very few sequences (4), LSTM may not train well
2026-08-23 22:04:09 | WARNING  | co2_forecast | Very few sequences (4), LSTM may not train well
2026-08-23 22:04:10 | WARNING  | co2_forecast | Very few sequences (2), LSTM may not train well
2026-08-23 22:04:10 | WARNING  | co2_forecast | Very few sequences (6), LSTM may not train well
2026-08-23 22:04:10 | WARNING  | co2_forecast | Very few sequences (2), LSTM may not train well
2026-08-23 22:04:10 | WARNING  | co2_forecast | Very few sequences (2), LSTM may not train well
2026-08-23 22:04:10 | WARNING  | co2_forecast | Very few sequences (3), LSTM may not train well
2026-08-23 22:04:10 | WARNING  | co2_forecast | Very few sequences (7), LSTM may not train well
2026-08-23 22:04:10 | WARNING  | co2_forecast | Very few sequences (3), LSTM may not train well
2026-08-23 22:04:10 | WARNING  | co2_forecast | Very few sequences (3), LSTM may not train well
2026-08-23 22:04:10 | WARNING  | co2_forecast | Very few sequences (3), LSTM may not train well
2026-08-23 22:04:10 | WARNING  | co2_forecast | Very few sequences (7), LSTM may not train well
2026-08-23 22:04:11 | WARNING  | co2_forecast | Very few sequences (3), LSTM may not train well
2026-08-23 22:04:11 | WARNING  | co2_forecast | Very few sequences (3), LSTM may not train well
2026-08-23 22:04:11 | WARNING  | co2_forecast | Very few sequences (2), LSTM may not train well
2026-08-23 22:04:11 | WARNING  | co2_forecast | Very few sequences (6), LSTM may not train well
2026-08-23 22:04:11 | WARNING  | co2_forecast | Very few sequences (2), LSTM may not train well
2026-08-23 22:04:11 | WARNING  | co2_forecast | Very few sequences (2), LSTM may not train well
2026-08-23 22:04:11 | WARNING  | co2_forecast | Very few sequences (3), LSTM may not train well
2026-08-23 22:04:11 | WARNING  | co2_forecast | Very few sequences (7), LSTM may not train well
2026-08-23 22:04:12 | WARNING  | co2_forecast | Very few sequences (3), LSTM may not train well
2026-08-23 22:04:12 | WARNING  | co2_forecast | Very few sequences (3), LSTM may not train well
2026-08-23 22:04:12 | WARNING  | co2_forecast | Very few sequences (2), LSTM may not train well
2026-08-23 22:04:12 | WARNING  | co2_forecast | Very few sequences (6), LSTM may not train well
2026-08-23 22:04:12 | WARNING  | co2_forecast | Very few sequences (2), LSTM may not train well
2026-08-23 22:04:12 | WARNING  | co2_forecast | Very few sequences (2), LSTM may not train well
2026-08-23 22:04:12 | WARNING  | co2_forecast | Very few sequences (2), LSTM may not train well
2026-08-23 22:04:12 | WARNING  | co2_forecast | Very few sequences (6), LSTM may not train well
2026-08-23 22:04:13 | WARNING  | co2_forecast | Very few sequences (2), LSTM may not train well
2026-08-23 22:04:13 | WARNING  | co2_forecast | Very few sequences (2), LSTM may not train well
2026-08-23 22:04:13 | WARNING  | co2_forecast | Very few sequences (3), LSTM may not train well
2026-08-23 22:04:13 | WARNING  | co2_forecast | Very few sequences (7), LSTM may not train well
2026-08-23 22:04:13 | WARNING  | co2_forecast | Very few sequences (3), LSTM may not train well
2026-08-23 22:04:13 | WARNING  | co2_forecast | Very few sequences (3), LSTM may not train well
2026-08-23 22:04:13 | WARNING  | co2_forecast | Very few sequences (2), LSTM may not train well
2026-08-23 22:04:13 | WARNING  | co2_forecast | Very few sequences (6), LSTM may not train well
2026-08-23 22:04:13 | WARNING  | co2_forecast | Very few sequences (2), LSTM may not train well
2026-08-23 22:04:13 | WARNING  | co2_forecast | Very few sequences (2), LSTM may not train well
2026-08-23 22:04:14 | WARNING  | co2_forecast | Very few sequences (3), LSTM may not train well
2026-08-23 22:04:14 | WARNING  | co2_forecast | Very few sequences (7), LSTM may not train well
2026-08-23 22:04:14 | WARNING  | co2_forecast | Very few sequences (3), LSTM may not train well
2026-08-23 22:04:14 | WARNING  | co2_forecast | Very few sequences (3), LSTM may not train well
2026-08-23 22:04:14 | WARNING  | co2_forecast | Very few sequences (4), LSTM may not train well
2026-08-23 22:04:14 | WARNING  | co2_forecast | Very few sequences (8), LSTM may not train well
2026-08-23 22:04:14 | WARNING  | co2_forecast | Very few sequences (4), LSTM may not train well
2026-08-23 22:04:14 | WARNING  | co2_forecast | Very few sequences (4), LSTM may not train well
2026-08-23 22:04:14 | WARNING  | co2_forecast | Very few sequences (2), LSTM may not train well
2026-08-23 22:04:14 | WARNING  | co2_forecast | Very few sequences (6), LSTM may not train well
2026-08-23 22:04:15 | WARNING  | co2_forecast | Very few sequences (2), LSTM may not train well
2026-08-23 22:04:15 | WARNING  | co2_forecast | Very few sequences (2), LSTM may not train well
2026-08-23 22:04:15 | INFO     | co2_forecast |   Iteration 9: Best fitness = 0.629786
2026-08-23 22:04:15 | INFO     | co2_forecast | PSO complete. Best fitness: 0.629786
2026-08-23 22:04:15 | INFO     | co2_forecast |   Best params: {'lookback': 5, 'hidden_size': 51, 'num_layers': 1, 'dropout': 0.39124695853403557, 'learning_rate': 0.00842198706265226, 'batch_size': 8}
2026-08-23 22:04:15 | INFO     | co2_forecast |   Best fitness: 0.629786
2026-08-23 22:04:15 | INFO     | co2_forecast | [A4/panel2_common_period/all_features/lstm] sweep tuning: best_params={'lookback': 5, 'hidden_size': 51, 'num_layers': 1, 'dropout': 0.39124695853403557, 'learning_rate': 0.00842198706265226, 'batch_size': 8}
2026-08-23 22:04:16 | INFO     | co2_forecast |   -> weighted_mase=0.8532940703162568, runtime=32.2s
2026-08-23 22:04:16 | INFO     | co2_forecast | Stream A complete: 20/20 candidates produced a result
2026-08-23 22:04:16 | INFO     | co2_forecast | Scenario M2 complete in 1955.2s
2026-08-23 22:04:16 | INFO     | co2_forecast | --- Scenario M3: 3 outer folds, 24 features in A3 ---
2026-08-23 22:04:16 | INFO     | co2_forecast | ============================================================
2026-08-23 22:04:16 | INFO     | co2_forecast | Stream A: 4 configurations x 5 models, NO feature selection (20 candidates)
2026-08-23 22:04:16 | INFO     | co2_forecast | ============================================================
2026-08-23 22:04:16 | INFO     | co2_forecast | Stream A cell: A1/ridge (12 features, 28 rows)
2026-08-23 22:04:16 | INFO     | co2_forecast | Creating walk-forward splits for 16 valid samples
2026-08-23 22:04:16 | INFO     | co2_forecast | Created 4 CV folds across horizons [1, 2, 4]
2026-08-23 22:04:16 | INFO     | co2_forecast | Built tuning CV plan: 4 folds from 16 rows before 2022-Q%q (evaluation cutoff) - isolation OK (max tuning date 2021-Q%q)
2026-08-23 22:04:16 | INFO     | co2_forecast | Optimizing ridge...
2026-08-23 22:04:16 | INFO     | co2_forecast | Starting PSO: 8 particles, 10 iterations
2026-08-23 22:04:16 | INFO     | co2_forecast |   Iteration 0: Best fitness = 2.492958
2026-08-23 22:04:16 | INFO     | co2_forecast |   Iteration 5: Best fitness = 2.136391
2026-08-23 22:04:17 | INFO     | co2_forecast |   Iteration 9: Best fitness = 2.136391
2026-08-23 22:04:17 | INFO     | co2_forecast | PSO complete. Best fitness: 2.136391
2026-08-23 22:04:17 | INFO     | co2_forecast |   Best params: {'alpha': 100.0}
2026-08-23 22:04:17 | INFO     | co2_forecast |   Best fitness: 2.136391
2026-08-23 22:04:17 | INFO     | co2_forecast | [A1/panel2_common_period/all_features/ridge] sweep tuning: best_params={'alpha': 100.0}
2026-08-23 22:04:17 | INFO     | co2_forecast |   -> weighted_mase=0.6997139406170804, runtime=0.3s
2026-08-23 22:04:17 | INFO     | co2_forecast | Stream A cell: A1/random_forest (12 features, 28 rows)
2026-08-23 22:04:17 | INFO     | co2_forecast | Creating walk-forward splits for 16 valid samples
2026-08-23 22:04:17 | INFO     | co2_forecast | Created 4 CV folds across horizons [1, 2, 4]
2026-08-23 22:04:17 | INFO     | co2_forecast | Built tuning CV plan: 4 folds from 16 rows before 2022-Q%q (evaluation cutoff) - isolation OK (max tuning date 2021-Q%q)
2026-08-23 22:04:17 | INFO     | co2_forecast | Optimizing random_forest...
2026-08-23 22:04:17 | INFO     | co2_forecast | Starting PSO: 8 particles, 10 iterations
2026-08-23 22:04:22 | INFO     | co2_forecast |   Iteration 0: Best fitness = 0.671553
2026-08-23 22:04:40 | INFO     | co2_forecast |   Iteration 5: Best fitness = 0.333213
2026-08-23 22:04:53 | INFO     | co2_forecast |   Iteration 9: Best fitness = 0.333213
2026-08-23 22:04:53 | INFO     | co2_forecast | PSO complete. Best fitness: 0.333213
2026-08-23 22:04:53 | INFO     | co2_forecast |   Best params: {'n_estimators': 50, 'max_depth': 3, 'min_samples_split': 2, 'min_samples_leaf': 1}
2026-08-23 22:04:53 | INFO     | co2_forecast |   Best fitness: 0.333213
2026-08-23 22:04:53 | INFO     | co2_forecast | [A1/panel2_common_period/all_features/random_forest] sweep tuning: best_params={'n_estimators': 50, 'max_depth': 3, 'min_samples_split': 2, 'min_samples_leaf': 1}
2026-08-23 22:04:53 | INFO     | co2_forecast |   -> weighted_mase=0.5087401523582739, runtime=36.6s
2026-08-23 22:04:53 | INFO     | co2_forecast | Stream A cell: A1/catboost (12 features, 28 rows)
2026-08-23 22:04:53 | INFO     | co2_forecast | Creating walk-forward splits for 16 valid samples
2026-08-23 22:04:53 | INFO     | co2_forecast | Created 4 CV folds across horizons [1, 2, 4]
2026-08-23 22:04:53 | INFO     | co2_forecast | Built tuning CV plan: 4 folds from 16 rows before 2022-Q%q (evaluation cutoff) - isolation OK (max tuning date 2021-Q%q)
2026-08-23 22:04:53 | INFO     | co2_forecast | Optimizing catboost...
2026-08-23 22:04:53 | INFO     | co2_forecast | Starting PSO: 8 particles, 10 iterations
2026-08-23 22:05:29 | INFO     | co2_forecast |   Iteration 0: Best fitness = 0.295602
2026-08-23 22:08:39 | INFO     | co2_forecast |   Iteration 5: Best fitness = 0.282692
2026-08-23 22:11:10 | INFO     | co2_forecast |   Iteration 9: Best fitness = 0.280158
2026-08-23 22:11:10 | INFO     | co2_forecast | PSO complete. Best fitness: 0.280158
2026-08-23 22:11:10 | INFO     | co2_forecast |   Best params: {'iterations': 223, 'learning_rate': 0.19069823629327678, 'depth': 3, 'l2_leaf_reg': 8.95789558508043}
2026-08-23 22:11:10 | INFO     | co2_forecast |   Best fitness: 0.280158
2026-08-23 22:11:10 | INFO     | co2_forecast | [A1/panel2_common_period/all_features/catboost] sweep tuning: best_params={'iterations': 223, 'learning_rate': 0.19069823629327678, 'depth': 3, 'l2_leaf_reg': 8.95789558508043}
2026-08-23 22:11:14 | INFO     | co2_forecast |   -> weighted_mase=0.7159185963710623, runtime=380.6s
2026-08-23 22:11:14 | INFO     | co2_forecast | Stream A cell: A1/lightgbm (12 features, 28 rows)
2026-08-23 22:11:14 | INFO     | co2_forecast | Creating walk-forward splits for 16 valid samples
2026-08-23 22:11:14 | INFO     | co2_forecast | Created 4 CV folds across horizons [1, 2, 4]
2026-08-23 22:11:14 | INFO     | co2_forecast | Built tuning CV plan: 4 folds from 16 rows before 2022-Q%q (evaluation cutoff) - isolation OK (max tuning date 2021-Q%q)
2026-08-23 22:11:14 | INFO     | co2_forecast | Optimizing lightgbm...
2026-08-23 22:11:14 | INFO     | co2_forecast | Starting PSO: 8 particles, 10 iterations
2026-08-23 22:11:14 | INFO     | co2_forecast |   Iteration 0: Best fitness = 0.768990
2026-08-23 22:11:14 | INFO     | co2_forecast |   Iteration 5: Best fitness = 0.655353
2026-08-23 22:11:15 | INFO     | co2_forecast |   Iteration 9: Best fitness = 0.644572
2026-08-23 22:11:15 | INFO     | co2_forecast | PSO complete. Best fitness: 0.644572
2026-08-23 22:11:15 | INFO     | co2_forecast |   Best params: {'n_estimators': 50, 'learning_rate': 0.24875557248327107, 'num_leaves': 127, 'max_depth': 3, 'min_child_samples': 5, 'reg_alpha': 0.09419715994303156, 'reg_lambda': 1.6116769810147058}
2026-08-23 22:11:15 | INFO     | co2_forecast |   Best fitness: 0.644572
2026-08-23 22:11:15 | INFO     | co2_forecast | [A1/panel2_common_period/all_features/lightgbm] sweep tuning: best_params={'n_estimators': 50, 'learning_rate': 0.24875557248327107, 'num_leaves': 127, 'max_depth': 3, 'min_child_samples': 5, 'reg_alpha': 0.09419715994303156, 'reg_lambda': 1.6116769810147058}
2026-08-23 22:11:15 | INFO     | co2_forecast |   -> weighted_mase=0.8508841426508166, runtime=1.1s
2026-08-23 22:11:15 | INFO     | co2_forecast | Stream A cell: A1/lstm (12 features, 28 rows)
2026-08-23 22:11:15 | INFO     | co2_forecast | Creating walk-forward splits for 16 valid samples
2026-08-23 22:11:15 | INFO     | co2_forecast | Created 4 CV folds across horizons [1, 2, 4]
2026-08-23 22:11:15 | INFO     | co2_forecast | Built tuning CV plan: 4 folds from 16 rows before 2022-Q%q (evaluation cutoff) - isolation OK (max tuning date 2021-Q%q)
2026-08-23 22:11:15 | INFO     | co2_forecast | Optimizing lstm...
2026-08-23 22:11:15 | INFO     | co2_forecast | Starting PSO: 8 particles, 10 iterations
2026-08-23 22:11:15 | WARNING  | co2_forecast | Model training failed with params {'lookback': 7, 'hidden_size': 62, 'num_layers': 2, 'dropout': 0.3394633936788146, 'learning_rate': 0.0016445845403801217, 'batch_size': 8}: LSTM.fit: training data has 8 rows, giving only 1 sequence(s) with lookback=7; at least 2 are required (one is always reserved for validation). Reduce lookback or provide more training history.
2026-08-23 22:11:15 | WARNING  | co2_forecast | Model training failed with params {'lookback': 11, 'hidden_size': 26, 'num_layers': 1, 'dropout': 0.17336180394137352, 'learning_rate': 0.0031119982052994237, 'batch_size': 16}: LSTM.fit: training data has 8 rows, giving only 0 sequence(s) with lookback=11; at least 2 are required (one is always reserved for validation). Reduce lookback or provide more training history.
2026-08-23 22:11:15 | WARNING  | co2_forecast | Model training failed with params {'lookback': 8, 'hidden_size': 54, 'num_layers': 1, 'dropout': 0.3056937753654446, 'learning_rate': 0.005964904231734221, 'batch_size': 8}: LSTM.fit: training data has 8 rows, giving only 0 sequence(s) with lookback=8; at least 2 are required (one is always reserved for validation). Reduce lookback or provide more training history.
2026-08-23 22:11:15 | WARNING  | co2_forecast | Very few sequences (2), LSTM may not train well
2026-08-23 22:11:15 | WARNING  | co2_forecast | Very few sequences (6), LSTM may not train well
2026-08-23 22:11:15 | WARNING  | co2_forecast | Very few sequences (2), LSTM may not train well
2026-08-23 22:11:15 | WARNING  | co2_forecast | Very few sequences (2), LSTM may not train well
2026-08-23 22:11:15 | WARNING  | co2_forecast | Model training failed with params {'lookback': 8, 'hidden_size': 25, 'num_layers': 2, 'dropout': 0.4100531293444458, 'learning_rate': 0.009401039521485473, 'batch_size': 32}: LSTM.fit: training data has 8 rows, giving only 0 sequence(s) with lookback=8; at least 2 are required (one is always reserved for validation). Reduce lookback or provide more training history.
2026-08-23 22:11:15 | WARNING  | co2_forecast | Model training failed with params {'lookback': 7, 'hidden_size': 29, 'num_layers': 2, 'dropout': 0.2427013306774357, 'learning_rate': 0.0028812516459050695, 'batch_size': 16}: LSTM.fit: training data has 8 rows, giving only 1 sequence(s) with lookback=7; at least 2 are required (one is always reserved for validation). Reduce lookback or provide more training history.
2026-08-23 22:11:15 | WARNING  | co2_forecast | Very few sequences (4), LSTM may not train well
2026-08-23 22:11:15 | WARNING  | co2_forecast | Very few sequences (8), LSTM may not train well
2026-08-23 22:11:15 | WARNING  | co2_forecast | Very few sequences (4), LSTM may not train well
2026-08-23 22:11:16 | WARNING  | co2_forecast | Very few sequences (4), LSTM may not train well
2026-08-23 22:11:16 | WARNING  | co2_forecast | Very few sequences (2), LSTM may not train well
2026-08-23 22:11:16 | WARNING  | co2_forecast | Very few sequences (6), LSTM may not train well
2026-08-23 22:11:16 | WARNING  | co2_forecast | Very few sequences (2), LSTM may not train well
2026-08-23 22:11:16 | WARNING  | co2_forecast | Very few sequences (2), LSTM may not train well
2026-08-23 22:11:16 | INFO     | co2_forecast |   Iteration 0: Best fitness = 1.061631
2026-08-23 22:11:16 | WARNING  | co2_forecast | Very few sequences (3), LSTM may not train well
2026-08-23 22:11:16 | WARNING  | co2_forecast | Very few sequences (7), LSTM may not train well
2026-08-23 22:11:16 | WARNING  | co2_forecast | Very few sequences (3), LSTM may not train well
2026-08-23 22:11:17 | WARNING  | co2_forecast | Very few sequences (3), LSTM may not train well
2026-08-23 22:11:17 | WARNING  | co2_forecast | Very few sequences (2), LSTM may not train well
2026-08-23 22:11:17 | WARNING  | co2_forecast | Very few sequences (6), LSTM may not train well
2026-08-23 22:11:17 | WARNING  | co2_forecast | Very few sequences (2), LSTM may not train well
2026-08-23 22:11:17 | WARNING  | co2_forecast | Very few sequences (2), LSTM may not train well
2026-08-23 22:11:17 | WARNING  | co2_forecast | Model training failed with params {'lookback': 8, 'hidden_size': 44, 'num_layers': 1, 'dropout': 0.3238975389966341, 'learning_rate': 0.005520634690128072, 'batch_size': 8}: LSTM.fit: training data has 8 rows, giving only 0 sequence(s) with lookback=8; at least 2 are required (one is always reserved for validation). Reduce lookback or provide more training history.
2026-08-23 22:11:17 | WARNING  | co2_forecast | Very few sequences (3), LSTM may not train well
2026-08-23 22:11:17 | WARNING  | co2_forecast | Very few sequences (7), LSTM may not train well
2026-08-23 22:11:18 | WARNING  | co2_forecast | Very few sequences (3), LSTM may not train well
2026-08-23 22:11:18 | WARNING  | co2_forecast | Very few sequences (3), LSTM may not train well
2026-08-23 22:11:18 | WARNING  | co2_forecast | Very few sequences (2), LSTM may not train well
2026-08-23 22:11:18 | WARNING  | co2_forecast | Very few sequences (6), LSTM may not train well
2026-08-23 22:11:19 | WARNING  | co2_forecast | Very few sequences (2), LSTM may not train well
2026-08-23 22:11:19 | WARNING  | co2_forecast | Very few sequences (2), LSTM may not train well
2026-08-23 22:11:20 | WARNING  | co2_forecast | Very few sequences (3), LSTM may not train well
2026-08-23 22:11:20 | WARNING  | co2_forecast | Very few sequences (7), LSTM may not train well
2026-08-23 22:11:20 | WARNING  | co2_forecast | Very few sequences (3), LSTM may not train well
2026-08-23 22:11:20 | WARNING  | co2_forecast | Very few sequences (3), LSTM may not train well
2026-08-23 22:11:20 | WARNING  | co2_forecast | Very few sequences (4), LSTM may not train well
2026-08-23 22:11:20 | WARNING  | co2_forecast | Very few sequences (8), LSTM may not train well
2026-08-23 22:11:20 | WARNING  | co2_forecast | Very few sequences (4), LSTM may not train well
2026-08-23 22:11:21 | WARNING  | co2_forecast | Very few sequences (4), LSTM may not train well
2026-08-23 22:11:21 | WARNING  | co2_forecast | Very few sequences (2), LSTM may not train well
2026-08-23 22:11:21 | WARNING  | co2_forecast | Very few sequences (6), LSTM may not train well
2026-08-23 22:11:21 | WARNING  | co2_forecast | Very few sequences (2), LSTM may not train well
2026-08-23 22:11:21 | WARNING  | co2_forecast | Very few sequences (2), LSTM may not train well
2026-08-23 22:11:21 | WARNING  | co2_forecast | Very few sequences (3), LSTM may not train well
2026-08-23 22:11:21 | WARNING  | co2_forecast | Very few sequences (7), LSTM may not train well
2026-08-23 22:11:22 | WARNING  | co2_forecast | Very few sequences (3), LSTM may not train well
2026-08-23 22:11:22 | WARNING  | co2_forecast | Very few sequences (3), LSTM may not train well
2026-08-23 22:11:22 | WARNING  | co2_forecast | Very few sequences (4), LSTM may not train well
2026-08-23 22:11:22 | WARNING  | co2_forecast | Very few sequences (8), LSTM may not train well
2026-08-23 22:11:23 | WARNING  | co2_forecast | Very few sequences (4), LSTM may not train well
2026-08-23 22:11:23 | WARNING  | co2_forecast | Very few sequences (4), LSTM may not train well
2026-08-23 22:11:23 | WARNING  | co2_forecast | Model training failed with params {'lookback': 7, 'hidden_size': 35, 'num_layers': 1, 'dropout': 0.31512819649180424, 'learning_rate': 0.004065945490368326, 'batch_size': 8}: LSTM.fit: training data has 8 rows, giving only 1 sequence(s) with lookback=7; at least 2 are required (one is always reserved for validation). Reduce lookback or provide more training history.
2026-08-23 22:11:23 | WARNING  | co2_forecast | Very few sequences (2), LSTM may not train well
2026-08-23 22:11:23 | WARNING  | co2_forecast | Very few sequences (6), LSTM may not train well
2026-08-23 22:11:24 | WARNING  | co2_forecast | Very few sequences (2), LSTM may not train well
2026-08-23 22:11:25 | WARNING  | co2_forecast | Very few sequences (2), LSTM may not train well
2026-08-23 22:11:25 | WARNING  | co2_forecast | Very few sequences (3), LSTM may not train well
2026-08-23 22:11:25 | WARNING  | co2_forecast | Very few sequences (7), LSTM may not train well
2026-08-23 22:11:26 | WARNING  | co2_forecast | Very few sequences (3), LSTM may not train well
2026-08-23 22:11:26 | WARNING  | co2_forecast | Very few sequences (3), LSTM may not train well
2026-08-23 22:11:26 | WARNING  | co2_forecast | Very few sequences (3), LSTM may not train well
2026-08-23 22:11:26 | WARNING  | co2_forecast | Very few sequences (7), LSTM may not train well
2026-08-23 22:11:27 | WARNING  | co2_forecast | Very few sequences (3), LSTM may not train well
2026-08-23 22:11:27 | WARNING  | co2_forecast | Very few sequences (3), LSTM may not train well
2026-08-23 22:11:27 | WARNING  | co2_forecast | Very few sequences (3), LSTM may not train well
2026-08-23 22:11:28 | WARNING  | co2_forecast | Very few sequences (7), LSTM may not train well
2026-08-23 22:11:28 | WARNING  | co2_forecast | Very few sequences (3), LSTM may not train well
2026-08-23 22:11:28 | WARNING  | co2_forecast | Very few sequences (3), LSTM may not train well
2026-08-23 22:11:28 | WARNING  | co2_forecast | Very few sequences (2), LSTM may not train well
2026-08-23 22:11:28 | WARNING  | co2_forecast | Very few sequences (6), LSTM may not train well
2026-08-23 22:11:28 | WARNING  | co2_forecast | Very few sequences (2), LSTM may not train well
2026-08-23 22:11:28 | WARNING  | co2_forecast | Very few sequences (2), LSTM may not train well
2026-08-23 22:11:28 | WARNING  | co2_forecast | Very few sequences (3), LSTM may not train well
2026-08-23 22:11:28 | WARNING  | co2_forecast | Very few sequences (7), LSTM may not train well
2026-08-23 22:11:29 | WARNING  | co2_forecast | Very few sequences (3), LSTM may not train well
2026-08-23 22:11:29 | WARNING  | co2_forecast | Very few sequences (3), LSTM may not train well
2026-08-23 22:11:29 | WARNING  | co2_forecast | Very few sequences (4), LSTM may not train well
2026-08-23 22:11:29 | WARNING  | co2_forecast | Very few sequences (8), LSTM may not train well
2026-08-23 22:11:30 | WARNING  | co2_forecast | Very few sequences (4), LSTM may not train well
2026-08-23 22:11:30 | WARNING  | co2_forecast | Very few sequences (4), LSTM may not train well
2026-08-23 22:11:30 | WARNING  | co2_forecast | Very few sequences (2), LSTM may not train well
2026-08-23 22:11:31 | WARNING  | co2_forecast | Very few sequences (6), LSTM may not train well
2026-08-23 22:11:31 | WARNING  | co2_forecast | Very few sequences (2), LSTM may not train well
2026-08-23 22:11:31 | WARNING  | co2_forecast | Very few sequences (2), LSTM may not train well
2026-08-23 22:11:31 | WARNING  | co2_forecast | Very few sequences (3), LSTM may not train well
2026-08-23 22:11:31 | WARNING  | co2_forecast | Very few sequences (7), LSTM may not train well
2026-08-23 22:11:31 | WARNING  | co2_forecast | Very few sequences (3), LSTM may not train well
2026-08-23 22:11:32 | WARNING  | co2_forecast | Very few sequences (3), LSTM may not train well
2026-08-23 22:11:32 | WARNING  | co2_forecast | Very few sequences (4), LSTM may not train well
2026-08-23 22:11:32 | WARNING  | co2_forecast | Very few sequences (8), LSTM may not train well
2026-08-23 22:11:32 | WARNING  | co2_forecast | Very few sequences (4), LSTM may not train well
2026-08-23 22:11:33 | WARNING  | co2_forecast | Very few sequences (4), LSTM may not train well
2026-08-23 22:11:33 | WARNING  | co2_forecast | Very few sequences (3), LSTM may not train well
2026-08-23 22:11:33 | WARNING  | co2_forecast | Very few sequences (7), LSTM may not train well
2026-08-23 22:11:34 | WARNING  | co2_forecast | Very few sequences (3), LSTM may not train well
2026-08-23 22:11:34 | WARNING  | co2_forecast | Very few sequences (3), LSTM may not train well
2026-08-23 22:11:34 | WARNING  | co2_forecast | Very few sequences (4), LSTM may not train well
2026-08-23 22:11:34 | WARNING  | co2_forecast | Very few sequences (8), LSTM may not train well
2026-08-23 22:11:34 | WARNING  | co2_forecast | Very few sequences (4), LSTM may not train well
2026-08-23 22:11:35 | WARNING  | co2_forecast | Very few sequences (4), LSTM may not train well
2026-08-23 22:11:35 | WARNING  | co2_forecast | Very few sequences (2), LSTM may not train well
2026-08-23 22:11:35 | WARNING  | co2_forecast | Very few sequences (6), LSTM may not train well
2026-08-23 22:11:35 | WARNING  | co2_forecast | Very few sequences (2), LSTM may not train well
2026-08-23 22:11:35 | WARNING  | co2_forecast | Very few sequences (2), LSTM may not train well
2026-08-23 22:11:35 | WARNING  | co2_forecast | Very few sequences (4), LSTM may not train well
2026-08-23 22:11:35 | WARNING  | co2_forecast | Very few sequences (8), LSTM may not train well
2026-08-23 22:11:36 | WARNING  | co2_forecast | Very few sequences (4), LSTM may not train well
2026-08-23 22:11:36 | WARNING  | co2_forecast | Very few sequences (4), LSTM may not train well
2026-08-23 22:11:36 | WARNING  | co2_forecast | Very few sequences (4), LSTM may not train well
2026-08-23 22:11:36 | WARNING  | co2_forecast | Very few sequences (8), LSTM may not train well
2026-08-23 22:11:37 | WARNING  | co2_forecast | Very few sequences (4), LSTM may not train well
2026-08-23 22:11:38 | WARNING  | co2_forecast | Very few sequences (4), LSTM may not train well
2026-08-23 22:11:38 | WARNING  | co2_forecast | Very few sequences (3), LSTM may not train well
2026-08-23 22:11:38 | WARNING  | co2_forecast | Very few sequences (7), LSTM may not train well
2026-08-23 22:11:38 | WARNING  | co2_forecast | Very few sequences (3), LSTM may not train well
2026-08-23 22:11:38 | WARNING  | co2_forecast | Very few sequences (3), LSTM may not train well
2026-08-23 22:11:38 | WARNING  | co2_forecast | Very few sequences (4), LSTM may not train well
2026-08-23 22:11:38 | WARNING  | co2_forecast | Very few sequences (8), LSTM may not train well
2026-08-23 22:11:39 | WARNING  | co2_forecast | Very few sequences (4), LSTM may not train well
2026-08-23 22:11:39 | WARNING  | co2_forecast | Very few sequences (4), LSTM may not train well
2026-08-23 22:11:39 | WARNING  | co2_forecast | Very few sequences (4), LSTM may not train well
2026-08-23 22:11:40 | WARNING  | co2_forecast | Very few sequences (8), LSTM may not train well
2026-08-23 22:11:40 | WARNING  | co2_forecast | Very few sequences (4), LSTM may not train well
2026-08-23 22:11:41 | WARNING  | co2_forecast | Very few sequences (4), LSTM may not train well
2026-08-23 22:11:41 | WARNING  | co2_forecast | Very few sequences (4), LSTM may not train well
2026-08-23 22:11:41 | WARNING  | co2_forecast | Very few sequences (8), LSTM may not train well
2026-08-23 22:11:41 | WARNING  | co2_forecast | Very few sequences (4), LSTM may not train well
2026-08-23 22:11:42 | WARNING  | co2_forecast | Very few sequences (4), LSTM may not train well
2026-08-23 22:11:42 | WARNING  | co2_forecast | Very few sequences (4), LSTM may not train well
2026-08-23 22:11:42 | WARNING  | co2_forecast | Very few sequences (8), LSTM may not train well
2026-08-23 22:11:42 | WARNING  | co2_forecast | Very few sequences (4), LSTM may not train well
2026-08-23 22:11:42 | WARNING  | co2_forecast | Very few sequences (4), LSTM may not train well
2026-08-23 22:11:42 | WARNING  | co2_forecast | Very few sequences (3), LSTM may not train well
2026-08-23 22:11:42 | WARNING  | co2_forecast | Very few sequences (7), LSTM may not train well
2026-08-23 22:11:43 | WARNING  | co2_forecast | Very few sequences (3), LSTM may not train well
2026-08-23 22:11:43 | WARNING  | co2_forecast | Very few sequences (3), LSTM may not train well
2026-08-23 22:11:43 | WARNING  | co2_forecast | Very few sequences (4), LSTM may not train well
2026-08-23 22:11:43 | WARNING  | co2_forecast | Very few sequences (8), LSTM may not train well
2026-08-23 22:11:44 | WARNING  | co2_forecast | Very few sequences (4), LSTM may not train well
2026-08-23 22:11:45 | WARNING  | co2_forecast | Very few sequences (4), LSTM may not train well
2026-08-23 22:11:45 | WARNING  | co2_forecast | Very few sequences (4), LSTM may not train well
2026-08-23 22:11:45 | WARNING  | co2_forecast | Very few sequences (8), LSTM may not train well
2026-08-23 22:11:45 | WARNING  | co2_forecast | Very few sequences (4), LSTM may not train well
2026-08-23 22:11:46 | WARNING  | co2_forecast | Very few sequences (4), LSTM may not train well
2026-08-23 22:11:46 | WARNING  | co2_forecast | Very few sequences (4), LSTM may not train well
2026-08-23 22:11:46 | WARNING  | co2_forecast | Very few sequences (8), LSTM may not train well
2026-08-23 22:11:47 | WARNING  | co2_forecast | Very few sequences (4), LSTM may not train well
2026-08-23 22:11:47 | WARNING  | co2_forecast | Very few sequences (4), LSTM may not train well
2026-08-23 22:11:47 | WARNING  | co2_forecast | Very few sequences (4), LSTM may not train well
2026-08-23 22:11:47 | WARNING  | co2_forecast | Very few sequences (8), LSTM may not train well
2026-08-23 22:11:48 | WARNING  | co2_forecast | Very few sequences (4), LSTM may not train well
2026-08-23 22:11:48 | WARNING  | co2_forecast | Very few sequences (4), LSTM may not train well
2026-08-23 22:11:48 | WARNING  | co2_forecast | Very few sequences (4), LSTM may not train well
2026-08-23 22:11:49 | WARNING  | co2_forecast | Very few sequences (8), LSTM may not train well
2026-08-23 22:11:49 | WARNING  | co2_forecast | Very few sequences (4), LSTM may not train well
2026-08-23 22:11:50 | WARNING  | co2_forecast | Very few sequences (4), LSTM may not train well
2026-08-23 22:11:50 | WARNING  | co2_forecast | Very few sequences (4), LSTM may not train well
2026-08-23 22:11:50 | WARNING  | co2_forecast | Very few sequences (8), LSTM may not train well
2026-08-23 22:11:50 | WARNING  | co2_forecast | Very few sequences (4), LSTM may not train well
2026-08-23 22:11:51 | WARNING  | co2_forecast | Very few sequences (4), LSTM may not train well
2026-08-23 22:11:51 | WARNING  | co2_forecast | Very few sequences (4), LSTM may not train well
2026-08-23 22:11:51 | WARNING  | co2_forecast | Very few sequences (8), LSTM may not train well
2026-08-23 22:11:51 | WARNING  | co2_forecast | Very few sequences (4), LSTM may not train well
2026-08-23 22:11:51 | WARNING  | co2_forecast | Very few sequences (4), LSTM may not train well
2026-08-23 22:11:51 | WARNING  | co2_forecast | Very few sequences (4), LSTM may not train well
2026-08-23 22:11:51 | WARNING  | co2_forecast | Very few sequences (8), LSTM may not train well
2026-08-23 22:11:52 | WARNING  | co2_forecast | Very few sequences (4), LSTM may not train well
2026-08-23 22:11:52 | WARNING  | co2_forecast | Very few sequences (4), LSTM may not train well
2026-08-23 22:11:52 | INFO     | co2_forecast |   Iteration 5: Best fitness = 0.763619
2026-08-23 22:11:52 | WARNING  | co2_forecast | Very few sequences (4), LSTM may not train well
2026-08-23 22:11:53 | WARNING  | co2_forecast | Very few sequences (8), LSTM may not train well
2026-08-23 22:11:53 | WARNING  | co2_forecast | Very few sequences (4), LSTM may not train well
2026-08-23 22:11:54 | WARNING  | co2_forecast | Very few sequences (4), LSTM may not train well
2026-08-23 22:11:54 | WARNING  | co2_forecast | Very few sequences (4), LSTM may not train well
2026-08-23 22:11:54 | WARNING  | co2_forecast | Very few sequences (8), LSTM may not train well
2026-08-23 22:11:54 | WARNING  | co2_forecast | Very few sequences (4), LSTM may not train well
2026-08-23 22:11:55 | WARNING  | co2_forecast | Very few sequences (4), LSTM may not train well
2026-08-23 22:11:55 | WARNING  | co2_forecast | Very few sequences (4), LSTM may not train well
2026-08-23 22:11:55 | WARNING  | co2_forecast | Very few sequences (8), LSTM may not train well
2026-08-23 22:11:56 | WARNING  | co2_forecast | Very few sequences (4), LSTM may not train well
2026-08-23 22:11:56 | WARNING  | co2_forecast | Very few sequences (4), LSTM may not train well
2026-08-23 22:11:56 | WARNING  | co2_forecast | Very few sequences (4), LSTM may not train well
2026-08-23 22:11:56 | WARNING  | co2_forecast | Very few sequences (8), LSTM may not train well
2026-08-23 22:11:57 | WARNING  | co2_forecast | Very few sequences (4), LSTM may not train well
2026-08-23 22:11:57 | WARNING  | co2_forecast | Very few sequences (4), LSTM may not train well
2026-08-23 22:11:57 | WARNING  | co2_forecast | Very few sequences (4), LSTM may not train well
2026-08-23 22:11:57 | WARNING  | co2_forecast | Very few sequences (8), LSTM may not train well
2026-08-23 22:11:58 | WARNING  | co2_forecast | Very few sequences (4), LSTM may not train well
2026-08-23 22:11:58 | WARNING  | co2_forecast | Very few sequences (4), LSTM may not train well
2026-08-23 22:11:59 | WARNING  | co2_forecast | Very few sequences (4), LSTM may not train well
2026-08-23 22:11:59 | WARNING  | co2_forecast | Very few sequences (8), LSTM may not train well
2026-08-23 22:11:59 | WARNING  | co2_forecast | Very few sequences (4), LSTM may not train well
2026-08-23 22:12:00 | WARNING  | co2_forecast | Very few sequences (4), LSTM may not train well
2026-08-23 22:12:00 | WARNING  | co2_forecast | Very few sequences (4), LSTM may not train well
2026-08-23 22:12:00 | WARNING  | co2_forecast | Very few sequences (8), LSTM may not train well
2026-08-23 22:12:00 | WARNING  | co2_forecast | Very few sequences (4), LSTM may not train well
2026-08-23 22:12:00 | WARNING  | co2_forecast | Very few sequences (4), LSTM may not train well
2026-08-23 22:12:01 | WARNING  | co2_forecast | Very few sequences (4), LSTM may not train well
2026-08-23 22:12:01 | WARNING  | co2_forecast | Very few sequences (8), LSTM may not train well
2026-08-23 22:12:01 | WARNING  | co2_forecast | Very few sequences (4), LSTM may not train well
2026-08-23 22:12:02 | WARNING  | co2_forecast | Very few sequences (4), LSTM may not train well
2026-08-23 22:12:02 | WARNING  | co2_forecast | Very few sequences (4), LSTM may not train well
2026-08-23 22:12:02 | WARNING  | co2_forecast | Very few sequences (8), LSTM may not train well
2026-08-23 22:12:02 | WARNING  | co2_forecast | Very few sequences (4), LSTM may not train well
2026-08-23 22:12:03 | WARNING  | co2_forecast | Very few sequences (4), LSTM may not train well
2026-08-23 22:12:03 | WARNING  | co2_forecast | Very few sequences (4), LSTM may not train well
2026-08-23 22:12:03 | WARNING  | co2_forecast | Very few sequences (8), LSTM may not train well
2026-08-23 22:12:04 | WARNING  | co2_forecast | Very few sequences (4), LSTM may not train well
2026-08-23 22:12:04 | WARNING  | co2_forecast | Very few sequences (4), LSTM may not train well
2026-08-23 22:12:04 | WARNING  | co2_forecast | Very few sequences (4), LSTM may not train well
2026-08-23 22:12:04 | WARNING  | co2_forecast | Very few sequences (8), LSTM may not train well
2026-08-23 22:12:05 | WARNING  | co2_forecast | Very few sequences (4), LSTM may not train well
2026-08-23 22:12:06 | WARNING  | co2_forecast | Very few sequences (4), LSTM may not train well
2026-08-23 22:12:06 | WARNING  | co2_forecast | Very few sequences (4), LSTM may not train well
2026-08-23 22:12:06 | WARNING  | co2_forecast | Very few sequences (8), LSTM may not train well
2026-08-23 22:12:06 | WARNING  | co2_forecast | Very few sequences (4), LSTM may not train well
2026-08-23 22:12:07 | WARNING  | co2_forecast | Very few sequences (4), LSTM may not train well
2026-08-23 22:12:07 | WARNING  | co2_forecast | Very few sequences (4), LSTM may not train well
2026-08-23 22:12:07 | WARNING  | co2_forecast | Very few sequences (8), LSTM may not train well
2026-08-23 22:12:07 | WARNING  | co2_forecast | Very few sequences (4), LSTM may not train well
2026-08-23 22:12:08 | WARNING  | co2_forecast | Very few sequences (4), LSTM may not train well
2026-08-23 22:12:08 | WARNING  | co2_forecast | Very few sequences (4), LSTM may not train well
2026-08-23 22:12:08 | WARNING  | co2_forecast | Very few sequences (8), LSTM may not train well
2026-08-23 22:12:09 | WARNING  | co2_forecast | Very few sequences (4), LSTM may not train well
2026-08-23 22:12:09 | WARNING  | co2_forecast | Very few sequences (4), LSTM may not train well
2026-08-23 22:12:09 | WARNING  | co2_forecast | Very few sequences (4), LSTM may not train well
2026-08-23 22:12:09 | WARNING  | co2_forecast | Very few sequences (8), LSTM may not train well
2026-08-23 22:12:10 | WARNING  | co2_forecast | Very few sequences (4), LSTM may not train well
2026-08-23 22:12:10 | WARNING  | co2_forecast | Very few sequences (4), LSTM may not train well
2026-08-23 22:12:10 | WARNING  | co2_forecast | Very few sequences (4), LSTM may not train well
2026-08-23 22:12:10 | WARNING  | co2_forecast | Very few sequences (8), LSTM may not train well
2026-08-23 22:12:11 | WARNING  | co2_forecast | Very few sequences (4), LSTM may not train well
2026-08-23 22:12:12 | WARNING  | co2_forecast | Very few sequences (4), LSTM may not train well
2026-08-23 22:12:12 | WARNING  | co2_forecast | Very few sequences (4), LSTM may not train well
2026-08-23 22:12:12 | WARNING  | co2_forecast | Very few sequences (8), LSTM may not train well
2026-08-23 22:12:12 | WARNING  | co2_forecast | Very few sequences (4), LSTM may not train well
2026-08-23 22:12:13 | WARNING  | co2_forecast | Very few sequences (4), LSTM may not train well
2026-08-23 22:12:13 | WARNING  | co2_forecast | Very few sequences (4), LSTM may not train well
2026-08-23 22:12:13 | WARNING  | co2_forecast | Very few sequences (8), LSTM may not train well
2026-08-23 22:12:13 | WARNING  | co2_forecast | Very few sequences (4), LSTM may not train well
2026-08-23 22:12:14 | WARNING  | co2_forecast | Very few sequences (4), LSTM may not train well
2026-08-23 22:12:14 | WARNING  | co2_forecast | Very few sequences (4), LSTM may not train well
2026-08-23 22:12:14 | WARNING  | co2_forecast | Very few sequences (8), LSTM may not train well
2026-08-23 22:12:15 | WARNING  | co2_forecast | Very few sequences (4), LSTM may not train well
2026-08-23 22:12:15 | WARNING  | co2_forecast | Very few sequences (4), LSTM may not train well
2026-08-23 22:12:15 | WARNING  | co2_forecast | Very few sequences (4), LSTM may not train well
2026-08-23 22:12:15 | WARNING  | co2_forecast | Very few sequences (8), LSTM may not train well
2026-08-23 22:12:16 | WARNING  | co2_forecast | Very few sequences (4), LSTM may not train well
2026-08-23 22:12:17 | WARNING  | co2_forecast | Very few sequences (4), LSTM may not train well
2026-08-23 22:12:17 | WARNING  | co2_forecast | Very few sequences (4), LSTM may not train well
2026-08-23 22:12:17 | WARNING  | co2_forecast | Very few sequences (8), LSTM may not train well
2026-08-23 22:12:17 | WARNING  | co2_forecast | Very few sequences (4), LSTM may not train well
2026-08-23 22:12:18 | WARNING  | co2_forecast | Very few sequences (4), LSTM may not train well
2026-08-23 22:12:18 | WARNING  | co2_forecast | Very few sequences (4), LSTM may not train well
2026-08-23 22:12:18 | WARNING  | co2_forecast | Very few sequences (8), LSTM may not train well
2026-08-23 22:12:18 | WARNING  | co2_forecast | Very few sequences (4), LSTM may not train well
2026-08-23 22:12:19 | WARNING  | co2_forecast | Very few sequences (4), LSTM may not train well
2026-08-23 22:12:19 | WARNING  | co2_forecast | Very few sequences (4), LSTM may not train well
2026-08-23 22:12:19 | WARNING  | co2_forecast | Very few sequences (8), LSTM may not train well
2026-08-23 22:12:20 | WARNING  | co2_forecast | Very few sequences (4), LSTM may not train well
2026-08-23 22:12:20 | WARNING  | co2_forecast | Very few sequences (4), LSTM may not train well
2026-08-23 22:12:20 | WARNING  | co2_forecast | Very few sequences (4), LSTM may not train well
2026-08-23 22:12:20 | WARNING  | co2_forecast | Very few sequences (8), LSTM may not train well
2026-08-23 22:12:21 | WARNING  | co2_forecast | Very few sequences (4), LSTM may not train well
2026-08-23 22:12:21 | WARNING  | co2_forecast | Very few sequences (4), LSTM may not train well
2026-08-23 22:12:21 | WARNING  | co2_forecast | Very few sequences (4), LSTM may not train well
2026-08-23 22:12:22 | WARNING  | co2_forecast | Very few sequences (8), LSTM may not train well
2026-08-23 22:12:22 | WARNING  | co2_forecast | Very few sequences (4), LSTM may not train well
2026-08-23 22:12:23 | WARNING  | co2_forecast | Very few sequences (4), LSTM may not train well
2026-08-23 22:12:23 | WARNING  | co2_forecast | Very few sequences (4), LSTM may not train well
2026-08-23 22:12:23 | WARNING  | co2_forecast | Very few sequences (8), LSTM may not train well
2026-08-23 22:12:23 | WARNING  | co2_forecast | Very few sequences (4), LSTM may not train well
2026-08-23 22:12:24 | WARNING  | co2_forecast | Very few sequences (4), LSTM may not train well
2026-08-23 22:12:24 | WARNING  | co2_forecast | Very few sequences (4), LSTM may not train well
2026-08-23 22:12:24 | WARNING  | co2_forecast | Very few sequences (8), LSTM may not train well
2026-08-23 22:12:24 | WARNING  | co2_forecast | Very few sequences (4), LSTM may not train well
2026-08-23 22:12:25 | WARNING  | co2_forecast | Very few sequences (4), LSTM may not train well
2026-08-23 22:12:25 | WARNING  | co2_forecast | Very few sequences (4), LSTM may not train well
2026-08-23 22:12:25 | WARNING  | co2_forecast | Very few sequences (8), LSTM may not train well
2026-08-23 22:12:26 | WARNING  | co2_forecast | Very few sequences (4), LSTM may not train well
2026-08-23 22:12:26 | WARNING  | co2_forecast | Very few sequences (4), LSTM may not train well
2026-08-23 22:12:26 | WARNING  | co2_forecast | Very few sequences (4), LSTM may not train well
2026-08-23 22:12:26 | WARNING  | co2_forecast | Very few sequences (8), LSTM may not train well
2026-08-23 22:12:27 | WARNING  | co2_forecast | Very few sequences (4), LSTM may not train well
2026-08-23 22:12:27 | WARNING  | co2_forecast | Very few sequences (4), LSTM may not train well
2026-08-23 22:12:27 | WARNING  | co2_forecast | Very few sequences (4), LSTM may not train well
2026-08-23 22:12:27 | WARNING  | co2_forecast | Very few sequences (8), LSTM may not train well
2026-08-23 22:12:28 | WARNING  | co2_forecast | Very few sequences (4), LSTM may not train well
2026-08-23 22:12:29 | WARNING  | co2_forecast | Very few sequences (4), LSTM may not train well
2026-08-23 22:12:29 | WARNING  | co2_forecast | Very few sequences (4), LSTM may not train well
2026-08-23 22:12:29 | WARNING  | co2_forecast | Very few sequences (8), LSTM may not train well
2026-08-23 22:12:29 | WARNING  | co2_forecast | Very few sequences (4), LSTM may not train well
2026-08-23 22:12:30 | WARNING  | co2_forecast | Very few sequences (4), LSTM may not train well
2026-08-23 22:12:30 | WARNING  | co2_forecast | Very few sequences (4), LSTM may not train well
2026-08-23 22:12:30 | WARNING  | co2_forecast | Very few sequences (8), LSTM may not train well
2026-08-23 22:12:30 | WARNING  | co2_forecast | Very few sequences (4), LSTM may not train well
2026-08-23 22:12:31 | WARNING  | co2_forecast | Very few sequences (4), LSTM may not train well
2026-08-23 22:12:31 | INFO     | co2_forecast |   Iteration 9: Best fitness = 0.761749
2026-08-23 22:12:31 | INFO     | co2_forecast | PSO complete. Best fitness: 0.761749
2026-08-23 22:12:31 | INFO     | co2_forecast |   Best params: {'lookback': 4, 'hidden_size': 16, 'num_layers': 2, 'dropout': 0.5, 'learning_rate': 0.0001, 'batch_size': 32}
2026-08-23 22:12:31 | INFO     | co2_forecast |   Best fitness: 0.761749
2026-08-23 22:12:31 | INFO     | co2_forecast | [A1/panel2_common_period/all_features/lstm] sweep tuning: best_params={'lookback': 4, 'hidden_size': 16, 'num_layers': 2, 'dropout': 0.5, 'learning_rate': 0.0001, 'batch_size': 32}
2026-08-23 22:12:31 | INFO     | co2_forecast |   -> weighted_mase=0.6310853703681363, runtime=76.4s
2026-08-23 22:12:31 | INFO     | co2_forecast | Stream A cell: A2/ridge (26 features, 28 rows)
2026-08-23 22:12:31 | INFO     | co2_forecast | Creating walk-forward splits for 16 valid samples
2026-08-23 22:12:31 | INFO     | co2_forecast | Created 4 CV folds across horizons [1, 2, 4]
2026-08-23 22:12:31 | INFO     | co2_forecast | Built tuning CV plan: 4 folds from 16 rows before 2022-Q%q (evaluation cutoff) - isolation OK (max tuning date 2021-Q%q)
2026-08-23 22:12:31 | INFO     | co2_forecast | Optimizing ridge...
2026-08-23 22:12:31 | INFO     | co2_forecast | Starting PSO: 8 particles, 10 iterations
2026-08-23 22:12:31 | INFO     | co2_forecast |   Iteration 0: Best fitness = 2.075324
2026-08-23 22:12:31 | INFO     | co2_forecast |   Iteration 5: Best fitness = 1.837793
2026-08-23 22:12:32 | INFO     | co2_forecast |   Iteration 9: Best fitness = 1.837793
2026-08-23 22:12:32 | INFO     | co2_forecast | PSO complete. Best fitness: 1.837793
2026-08-23 22:12:32 | INFO     | co2_forecast |   Best params: {'alpha': 100.0}
2026-08-23 22:12:32 | INFO     | co2_forecast |   Best fitness: 1.837793
2026-08-23 22:12:32 | INFO     | co2_forecast | [A2/panel2_common_period/all_features/ridge] sweep tuning: best_params={'alpha': 100.0}
2026-08-23 22:12:32 | INFO     | co2_forecast |   -> weighted_mase=0.6887390601851575, runtime=0.3s
2026-08-23 22:12:32 | INFO     | co2_forecast | Stream A cell: A2/random_forest (26 features, 28 rows)
2026-08-23 22:12:32 | INFO     | co2_forecast | Creating walk-forward splits for 16 valid samples
2026-08-23 22:12:32 | INFO     | co2_forecast | Created 4 CV folds across horizons [1, 2, 4]
2026-08-23 22:12:32 | INFO     | co2_forecast | Built tuning CV plan: 4 folds from 16 rows before 2022-Q%q (evaluation cutoff) - isolation OK (max tuning date 2021-Q%q)
2026-08-23 22:12:32 | INFO     | co2_forecast | Optimizing random_forest...
2026-08-23 22:12:32 | INFO     | co2_forecast | Starting PSO: 8 particles, 10 iterations
2026-08-23 22:12:37 | INFO     | co2_forecast |   Iteration 0: Best fitness = 0.673233
2026-08-23 22:12:53 | INFO     | co2_forecast |   Iteration 5: Best fitness = 0.334839
2026-08-23 22:13:06 | INFO     | co2_forecast |   Iteration 9: Best fitness = 0.334839
2026-08-23 22:13:06 | INFO     | co2_forecast | PSO complete. Best fitness: 0.334839
2026-08-23 22:13:06 | INFO     | co2_forecast |   Best params: {'n_estimators': 60, 'max_depth': 3, 'min_samples_split': 2, 'min_samples_leaf': 1}
2026-08-23 22:13:06 | INFO     | co2_forecast |   Best fitness: 0.334839
2026-08-23 22:13:06 | INFO     | co2_forecast | [A2/panel2_common_period/all_features/random_forest] sweep tuning: best_params={'n_estimators': 60, 'max_depth': 3, 'min_samples_split': 2, 'min_samples_leaf': 1}
2026-08-23 22:13:06 | INFO     | co2_forecast |   -> weighted_mase=0.24636805699210385, runtime=34.5s
2026-08-23 22:13:06 | INFO     | co2_forecast | Stream A cell: A2/catboost (26 features, 28 rows)
2026-08-23 22:13:06 | INFO     | co2_forecast | Creating walk-forward splits for 16 valid samples
2026-08-23 22:13:06 | INFO     | co2_forecast | Created 4 CV folds across horizons [1, 2, 4]
2026-08-23 22:13:06 | INFO     | co2_forecast | Built tuning CV plan: 4 folds from 16 rows before 2022-Q%q (evaluation cutoff) - isolation OK (max tuning date 2021-Q%q)
2026-08-23 22:13:06 | INFO     | co2_forecast | Optimizing catboost...
2026-08-23 22:13:06 | INFO     | co2_forecast | Starting PSO: 8 particles, 10 iterations
2026-08-23 22:13:42 | INFO     | co2_forecast |   Iteration 0: Best fitness = 0.274423
2026-08-23 22:17:06 | INFO     | co2_forecast |   Iteration 5: Best fitness = 0.253204
2026-08-23 22:19:56 | INFO     | co2_forecast |   Iteration 9: Best fitness = 0.252198
2026-08-23 22:19:56 | INFO     | co2_forecast | PSO complete. Best fitness: 0.252198
2026-08-23 22:19:56 | INFO     | co2_forecast |   Best params: {'iterations': 260, 'learning_rate': 0.14864341649311977, 'depth': 3, 'l2_leaf_reg': 9.637324502340217}
2026-08-23 22:19:56 | INFO     | co2_forecast |   Best fitness: 0.252198
2026-08-23 22:19:56 | INFO     | co2_forecast | [A2/panel2_common_period/all_features/catboost] sweep tuning: best_params={'iterations': 260, 'learning_rate': 0.14864341649311977, 'depth': 3, 'l2_leaf_reg': 9.637324502340217}
2026-08-23 22:20:00 | INFO     | co2_forecast |   -> weighted_mase=0.6902930670261614, runtime=414.0s
2026-08-23 22:20:00 | INFO     | co2_forecast | Stream A cell: A2/lightgbm (26 features, 28 rows)
2026-08-23 22:20:00 | INFO     | co2_forecast | Creating walk-forward splits for 16 valid samples
2026-08-23 22:20:00 | INFO     | co2_forecast | Created 4 CV folds across horizons [1, 2, 4]
2026-08-23 22:20:00 | INFO     | co2_forecast | Built tuning CV plan: 4 folds from 16 rows before 2022-Q%q (evaluation cutoff) - isolation OK (max tuning date 2021-Q%q)
2026-08-23 22:20:00 | INFO     | co2_forecast | Optimizing lightgbm...
2026-08-23 22:20:00 | INFO     | co2_forecast | Starting PSO: 8 particles, 10 iterations
2026-08-23 22:20:00 | INFO     | co2_forecast |   Iteration 0: Best fitness = 0.768990
2026-08-23 22:20:01 | INFO     | co2_forecast |   Iteration 5: Best fitness = 0.605532
2026-08-23 22:20:01 | INFO     | co2_forecast |   Iteration 9: Best fitness = 0.605532
2026-08-23 22:20:01 | INFO     | co2_forecast | PSO complete. Best fitness: 0.605532
2026-08-23 22:20:01 | INFO     | co2_forecast |   Best params: {'n_estimators': 103, 'learning_rate': 0.2971560289648719, 'num_leaves': 124, 'max_depth': 9, 'min_child_samples': 5, 'reg_alpha': 0.001, 'reg_lambda': 0.24577535119141014}
2026-08-23 22:20:01 | INFO     | co2_forecast |   Best fitness: 0.605532
2026-08-23 22:20:01 | INFO     | co2_forecast | [A2/panel2_common_period/all_features/lightgbm] sweep tuning: best_params={'n_estimators': 103, 'learning_rate': 0.2971560289648719, 'num_leaves': 124, 'max_depth': 9, 'min_child_samples': 5, 'reg_alpha': 0.001, 'reg_lambda': 0.24577535119141014}
2026-08-23 22:20:01 | INFO     | co2_forecast |   -> weighted_mase=1.574956564378467, runtime=1.2s
2026-08-23 22:20:01 | INFO     | co2_forecast | Stream A cell: A2/lstm (26 features, 28 rows)
2026-08-23 22:20:01 | INFO     | co2_forecast | Creating walk-forward splits for 16 valid samples
2026-08-23 22:20:01 | INFO     | co2_forecast | Created 4 CV folds across horizons [1, 2, 4]
2026-08-23 22:20:01 | INFO     | co2_forecast | Built tuning CV plan: 4 folds from 16 rows before 2022-Q%q (evaluation cutoff) - isolation OK (max tuning date 2021-Q%q)
2026-08-23 22:20:01 | INFO     | co2_forecast | Optimizing lstm...
2026-08-23 22:20:01 | INFO     | co2_forecast | Starting PSO: 8 particles, 10 iterations
2026-08-23 22:20:01 | WARNING  | co2_forecast | Model training failed with params {'lookback': 7, 'hidden_size': 62, 'num_layers': 2, 'dropout': 0.3394633936788146, 'learning_rate': 0.0016445845403801217, 'batch_size': 8}: LSTM.fit: training data has 8 rows, giving only 1 sequence(s) with lookback=7; at least 2 are required (one is always reserved for validation). Reduce lookback or provide more training history.
2026-08-23 22:20:01 | WARNING  | co2_forecast | Model training failed with params {'lookback': 11, 'hidden_size': 26, 'num_layers': 1, 'dropout': 0.17336180394137352, 'learning_rate': 0.0031119982052994237, 'batch_size': 16}: LSTM.fit: training data has 8 rows, giving only 0 sequence(s) with lookback=11; at least 2 are required (one is always reserved for validation). Reduce lookback or provide more training history.
2026-08-23 22:20:01 | WARNING  | co2_forecast | Model training failed with params {'lookback': 8, 'hidden_size': 54, 'num_layers': 1, 'dropout': 0.3056937753654446, 'learning_rate': 0.005964904231734221, 'batch_size': 8}: LSTM.fit: training data has 8 rows, giving only 0 sequence(s) with lookback=8; at least 2 are required (one is always reserved for validation). Reduce lookback or provide more training history.
2026-08-23 22:20:01 | WARNING  | co2_forecast | Very few sequences (2), LSTM may not train well
2026-08-23 22:20:01 | WARNING  | co2_forecast | Very few sequences (6), LSTM may not train well
2026-08-23 22:20:01 | WARNING  | co2_forecast | Very few sequences (2), LSTM may not train well
2026-08-23 22:20:02 | WARNING  | co2_forecast | Very few sequences (2), LSTM may not train well
2026-08-23 22:20:02 | WARNING  | co2_forecast | Model training failed with params {'lookback': 8, 'hidden_size': 25, 'num_layers': 2, 'dropout': 0.4100531293444458, 'learning_rate': 0.009401039521485473, 'batch_size': 32}: LSTM.fit: training data has 8 rows, giving only 0 sequence(s) with lookback=8; at least 2 are required (one is always reserved for validation). Reduce lookback or provide more training history.
2026-08-23 22:20:02 | WARNING  | co2_forecast | Model training failed with params {'lookback': 7, 'hidden_size': 29, 'num_layers': 2, 'dropout': 0.2427013306774357, 'learning_rate': 0.0028812516459050695, 'batch_size': 16}: LSTM.fit: training data has 8 rows, giving only 1 sequence(s) with lookback=7; at least 2 are required (one is always reserved for validation). Reduce lookback or provide more training history.
2026-08-23 22:20:02 | WARNING  | co2_forecast | Very few sequences (4), LSTM may not train well
2026-08-23 22:20:02 | WARNING  | co2_forecast | Very few sequences (8), LSTM may not train well
2026-08-23 22:20:02 | WARNING  | co2_forecast | Very few sequences (4), LSTM may not train well
2026-08-23 22:20:02 | WARNING  | co2_forecast | Very few sequences (4), LSTM may not train well
2026-08-23 22:20:02 | WARNING  | co2_forecast | Very few sequences (2), LSTM may not train well
2026-08-23 22:20:02 | WARNING  | co2_forecast | Very few sequences (6), LSTM may not train well
2026-08-23 22:20:02 | WARNING  | co2_forecast | Very few sequences (2), LSTM may not train well
2026-08-23 22:20:02 | WARNING  | co2_forecast | Very few sequences (2), LSTM may not train well
2026-08-23 22:20:03 | INFO     | co2_forecast |   Iteration 0: Best fitness = 0.540362
2026-08-23 22:20:03 | WARNING  | co2_forecast | Very few sequences (4), LSTM may not train well
2026-08-23 22:20:03 | WARNING  | co2_forecast | Very few sequences (8), LSTM may not train well
2026-08-23 22:20:03 | WARNING  | co2_forecast | Very few sequences (4), LSTM may not train well
2026-08-23 22:20:03 | WARNING  | co2_forecast | Very few sequences (4), LSTM may not train well
2026-08-23 22:20:03 | WARNING  | co2_forecast | Very few sequences (3), LSTM may not train well
2026-08-23 22:20:03 | WARNING  | co2_forecast | Very few sequences (7), LSTM may not train well
2026-08-23 22:20:03 | WARNING  | co2_forecast | Very few sequences (3), LSTM may not train well
2026-08-23 22:20:03 | WARNING  | co2_forecast | Very few sequences (3), LSTM may not train well
2026-08-23 22:20:03 | WARNING  | co2_forecast | Model training failed with params {'lookback': 7, 'hidden_size': 52, 'num_layers': 1, 'dropout': 0.3509333868153429, 'learning_rate': 0.007024592970449884, 'batch_size': 8}: LSTM.fit: training data has 8 rows, giving only 1 sequence(s) with lookback=7; at least 2 are required (one is always reserved for validation). Reduce lookback or provide more training history.
2026-08-23 22:20:03 | WARNING  | co2_forecast | Very few sequences (4), LSTM may not train well
2026-08-23 22:20:03 | WARNING  | co2_forecast | Very few sequences (8), LSTM may not train well
2026-08-23 22:20:04 | WARNING  | co2_forecast | Very few sequences (4), LSTM may not train well
2026-08-23 22:20:04 | WARNING  | co2_forecast | Very few sequences (4), LSTM may not train well
2026-08-23 22:20:04 | WARNING  | co2_forecast | Very few sequences (4), LSTM may not train well
2026-08-23 22:20:04 | WARNING  | co2_forecast | Very few sequences (8), LSTM may not train well
2026-08-23 22:20:04 | WARNING  | co2_forecast | Very few sequences (4), LSTM may not train well
2026-08-23 22:20:04 | WARNING  | co2_forecast | Very few sequences (4), LSTM may not train well
2026-08-23 22:20:04 | WARNING  | co2_forecast | Very few sequences (4), LSTM may not train well
2026-08-23 22:20:04 | WARNING  | co2_forecast | Very few sequences (8), LSTM may not train well
2026-08-23 22:20:05 | WARNING  | co2_forecast | Very few sequences (4), LSTM may not train well
2026-08-23 22:20:05 | WARNING  | co2_forecast | Very few sequences (4), LSTM may not train well
2026-08-23 22:20:05 | WARNING  | co2_forecast | Very few sequences (4), LSTM may not train well
2026-08-23 22:20:05 | WARNING  | co2_forecast | Very few sequences (8), LSTM may not train well
2026-08-23 22:20:05 | WARNING  | co2_forecast | Very few sequences (4), LSTM may not train well
2026-08-23 22:20:05 | WARNING  | co2_forecast | Very few sequences (4), LSTM may not train well
2026-08-23 22:20:05 | WARNING  | co2_forecast | Very few sequences (3), LSTM may not train well
2026-08-23 22:20:05 | WARNING  | co2_forecast | Very few sequences (7), LSTM may not train well
2026-08-23 22:20:05 | WARNING  | co2_forecast | Very few sequences (3), LSTM may not train well
2026-08-23 22:20:05 | WARNING  | co2_forecast | Very few sequences (3), LSTM may not train well
2026-08-23 22:20:06 | WARNING  | co2_forecast | Very few sequences (4), LSTM may not train well
2026-08-23 22:20:06 | WARNING  | co2_forecast | Very few sequences (8), LSTM may not train well
2026-08-23 22:20:06 | WARNING  | co2_forecast | Very few sequences (4), LSTM may not train well
2026-08-23 22:20:06 | WARNING  | co2_forecast | Very few sequences (4), LSTM may not train well
2026-08-23 22:20:06 | WARNING  | co2_forecast | Very few sequences (4), LSTM may not train well
2026-08-23 22:20:06 | WARNING  | co2_forecast | Very few sequences (8), LSTM may not train well
2026-08-23 22:20:06 | WARNING  | co2_forecast | Very few sequences (4), LSTM may not train well
2026-08-23 22:20:06 | WARNING  | co2_forecast | Very few sequences (4), LSTM may not train well
2026-08-23 22:20:06 | WARNING  | co2_forecast | Very few sequences (2), LSTM may not train well
2026-08-23 22:20:07 | WARNING  | co2_forecast | Very few sequences (6), LSTM may not train well
2026-08-23 22:20:07 | WARNING  | co2_forecast | Very few sequences (2), LSTM may not train well
2026-08-23 22:20:07 | WARNING  | co2_forecast | Very few sequences (2), LSTM may not train well
2026-08-23 22:20:07 | WARNING  | co2_forecast | Very few sequences (4), LSTM may not train well
2026-08-23 22:20:07 | WARNING  | co2_forecast | Very few sequences (8), LSTM may not train well
2026-08-23 22:20:07 | WARNING  | co2_forecast | Very few sequences (4), LSTM may not train well
2026-08-23 22:20:07 | WARNING  | co2_forecast | Very few sequences (4), LSTM may not train well
2026-08-23 22:20:07 | WARNING  | co2_forecast | Very few sequences (4), LSTM may not train well
2026-08-23 22:20:07 | WARNING  | co2_forecast | Very few sequences (8), LSTM may not train well
2026-08-23 22:20:08 | WARNING  | co2_forecast | Very few sequences (4), LSTM may not train well
2026-08-23 22:20:08 | WARNING  | co2_forecast | Very few sequences (4), LSTM may not train well
2026-08-23 22:20:08 | WARNING  | co2_forecast | Very few sequences (4), LSTM may not train well
2026-08-23 22:20:08 | WARNING  | co2_forecast | Very few sequences (8), LSTM may not train well
2026-08-23 22:20:08 | WARNING  | co2_forecast | Very few sequences (4), LSTM may not train well
2026-08-23 22:20:08 | WARNING  | co2_forecast | Very few sequences (4), LSTM may not train well
2026-08-23 22:20:08 | WARNING  | co2_forecast | Very few sequences (4), LSTM may not train well
2026-08-23 22:20:08 | WARNING  | co2_forecast | Very few sequences (8), LSTM may not train well
2026-08-23 22:20:08 | WARNING  | co2_forecast | Very few sequences (4), LSTM may not train well
2026-08-23 22:20:09 | WARNING  | co2_forecast | Very few sequences (4), LSTM may not train well
2026-08-23 22:20:09 | WARNING  | co2_forecast | Very few sequences (4), LSTM may not train well
2026-08-23 22:20:09 | WARNING  | co2_forecast | Very few sequences (8), LSTM may not train well
2026-08-23 22:20:09 | WARNING  | co2_forecast | Very few sequences (4), LSTM may not train well
2026-08-23 22:20:09 | WARNING  | co2_forecast | Very few sequences (4), LSTM may not train well
2026-08-23 22:20:09 | WARNING  | co2_forecast | Very few sequences (4), LSTM may not train well
2026-08-23 22:20:09 | WARNING  | co2_forecast | Very few sequences (8), LSTM may not train well
2026-08-23 22:20:09 | WARNING  | co2_forecast | Very few sequences (4), LSTM may not train well
2026-08-23 22:20:09 | WARNING  | co2_forecast | Very few sequences (4), LSTM may not train well
2026-08-23 22:20:10 | WARNING  | co2_forecast | Very few sequences (4), LSTM may not train well
2026-08-23 22:20:10 | WARNING  | co2_forecast | Very few sequences (8), LSTM may not train well
2026-08-23 22:20:10 | WARNING  | co2_forecast | Very few sequences (4), LSTM may not train well
2026-08-23 22:20:10 | WARNING  | co2_forecast | Very few sequences (4), LSTM may not train well
2026-08-23 22:20:10 | WARNING  | co2_forecast | Very few sequences (3), LSTM may not train well
2026-08-23 22:20:10 | WARNING  | co2_forecast | Very few sequences (7), LSTM may not train well
2026-08-23 22:20:10 | WARNING  | co2_forecast | Very few sequences (3), LSTM may not train well
2026-08-23 22:20:10 | WARNING  | co2_forecast | Very few sequences (3), LSTM may not train well
2026-08-23 22:20:10 | WARNING  | co2_forecast | Very few sequences (4), LSTM may not train well
2026-08-23 22:20:10 | WARNING  | co2_forecast | Very few sequences (8), LSTM may not train well
2026-08-23 22:20:11 | WARNING  | co2_forecast | Very few sequences (4), LSTM may not train well
2026-08-23 22:20:11 | WARNING  | co2_forecast | Very few sequences (4), LSTM may not train well
2026-08-23 22:20:11 | WARNING  | co2_forecast | Very few sequences (4), LSTM may not train well
2026-08-23 22:20:11 | WARNING  | co2_forecast | Very few sequences (8), LSTM may not train well
2026-08-23 22:20:11 | WARNING  | co2_forecast | Very few sequences (4), LSTM may not train well
2026-08-23 22:20:11 | WARNING  | co2_forecast | Very few sequences (4), LSTM may not train well
2026-08-23 22:20:11 | WARNING  | co2_forecast | Very few sequences (4), LSTM may not train well
2026-08-23 22:20:11 | WARNING  | co2_forecast | Very few sequences (8), LSTM may not train well
2026-08-23 22:20:12 | WARNING  | co2_forecast | Very few sequences (4), LSTM may not train well
2026-08-23 22:20:12 | WARNING  | co2_forecast | Very few sequences (4), LSTM may not train well
2026-08-23 22:20:12 | WARNING  | co2_forecast | Very few sequences (4), LSTM may not train well
2026-08-23 22:20:12 | WARNING  | co2_forecast | Very few sequences (8), LSTM may not train well
2026-08-23 22:20:12 | WARNING  | co2_forecast | Very few sequences (4), LSTM may not train well
2026-08-23 22:20:12 | WARNING  | co2_forecast | Very few sequences (4), LSTM may not train well
2026-08-23 22:20:12 | WARNING  | co2_forecast | Very few sequences (4), LSTM may not train well
2026-08-23 22:20:12 | WARNING  | co2_forecast | Very few sequences (8), LSTM may not train well
2026-08-23 22:20:12 | WARNING  | co2_forecast | Very few sequences (4), LSTM may not train well
2026-08-23 22:20:13 | WARNING  | co2_forecast | Very few sequences (4), LSTM may not train well
2026-08-23 22:20:13 | WARNING  | co2_forecast | Very few sequences (4), LSTM may not train well
2026-08-23 22:20:13 | WARNING  | co2_forecast | Very few sequences (8), LSTM may not train well
2026-08-23 22:20:13 | WARNING  | co2_forecast | Very few sequences (4), LSTM may not train well
2026-08-23 22:20:13 | WARNING  | co2_forecast | Very few sequences (4), LSTM may not train well
2026-08-23 22:20:13 | WARNING  | co2_forecast | Very few sequences (4), LSTM may not train well
2026-08-23 22:20:13 | WARNING  | co2_forecast | Very few sequences (8), LSTM may not train well
2026-08-23 22:20:13 | WARNING  | co2_forecast | Very few sequences (4), LSTM may not train well
2026-08-23 22:20:14 | WARNING  | co2_forecast | Very few sequences (4), LSTM may not train well
2026-08-23 22:20:14 | WARNING  | co2_forecast | Very few sequences (4), LSTM may not train well
2026-08-23 22:20:14 | WARNING  | co2_forecast | Very few sequences (8), LSTM may not train well
2026-08-23 22:20:14 | WARNING  | co2_forecast | Very few sequences (4), LSTM may not train well
2026-08-23 22:20:14 | WARNING  | co2_forecast | Very few sequences (4), LSTM may not train well
2026-08-23 22:20:14 | WARNING  | co2_forecast | Very few sequences (4), LSTM may not train well
2026-08-23 22:20:14 | WARNING  | co2_forecast | Very few sequences (8), LSTM may not train well
2026-08-23 22:20:14 | WARNING  | co2_forecast | Very few sequences (4), LSTM may not train well
2026-08-23 22:20:15 | WARNING  | co2_forecast | Very few sequences (4), LSTM may not train well
2026-08-23 22:20:15 | WARNING  | co2_forecast | Very few sequences (4), LSTM may not train well
2026-08-23 22:20:15 | WARNING  | co2_forecast | Very few sequences (8), LSTM may not train well
2026-08-23 22:20:15 | WARNING  | co2_forecast | Very few sequences (4), LSTM may not train well
2026-08-23 22:20:15 | WARNING  | co2_forecast | Very few sequences (4), LSTM may not train well
2026-08-23 22:20:15 | WARNING  | co2_forecast | Very few sequences (4), LSTM may not train well
2026-08-23 22:20:15 | WARNING  | co2_forecast | Very few sequences (8), LSTM may not train well
2026-08-23 22:20:15 | WARNING  | co2_forecast | Very few sequences (4), LSTM may not train well
2026-08-23 22:20:16 | WARNING  | co2_forecast | Very few sequences (4), LSTM may not train well
2026-08-23 22:20:16 | WARNING  | co2_forecast | Very few sequences (4), LSTM may not train well
2026-08-23 22:20:16 | WARNING  | co2_forecast | Very few sequences (8), LSTM may not train well
2026-08-23 22:20:16 | WARNING  | co2_forecast | Very few sequences (4), LSTM may not train well
2026-08-23 22:20:16 | WARNING  | co2_forecast | Very few sequences (4), LSTM may not train well
2026-08-23 22:20:16 | WARNING  | co2_forecast | Very few sequences (4), LSTM may not train well
2026-08-23 22:20:16 | WARNING  | co2_forecast | Very few sequences (8), LSTM may not train well
2026-08-23 22:20:16 | WARNING  | co2_forecast | Very few sequences (4), LSTM may not train well
2026-08-23 22:20:16 | WARNING  | co2_forecast | Very few sequences (4), LSTM may not train well
2026-08-23 22:20:17 | WARNING  | co2_forecast | Very few sequences (4), LSTM may not train well
2026-08-23 22:20:17 | WARNING  | co2_forecast | Very few sequences (8), LSTM may not train well
2026-08-23 22:20:17 | WARNING  | co2_forecast | Very few sequences (4), LSTM may not train well
2026-08-23 22:20:17 | WARNING  | co2_forecast | Very few sequences (4), LSTM may not train well
2026-08-23 22:20:17 | WARNING  | co2_forecast | Very few sequences (4), LSTM may not train well
2026-08-23 22:20:17 | WARNING  | co2_forecast | Very few sequences (8), LSTM may not train well
2026-08-23 22:20:17 | WARNING  | co2_forecast | Very few sequences (4), LSTM may not train well
2026-08-23 22:20:17 | WARNING  | co2_forecast | Very few sequences (4), LSTM may not train well
2026-08-23 22:20:18 | WARNING  | co2_forecast | Very few sequences (4), LSTM may not train well
2026-08-23 22:20:18 | WARNING  | co2_forecast | Very few sequences (8), LSTM may not train well
2026-08-23 22:20:18 | WARNING  | co2_forecast | Very few sequences (4), LSTM may not train well
2026-08-23 22:20:18 | WARNING  | co2_forecast | Very few sequences (4), LSTM may not train well
2026-08-23 22:20:18 | WARNING  | co2_forecast | Very few sequences (4), LSTM may not train well
2026-08-23 22:20:18 | WARNING  | co2_forecast | Very few sequences (8), LSTM may not train well
2026-08-23 22:20:18 | WARNING  | co2_forecast | Very few sequences (4), LSTM may not train well
2026-08-23 22:20:18 | WARNING  | co2_forecast | Very few sequences (4), LSTM may not train well
2026-08-23 22:20:19 | WARNING  | co2_forecast | Very few sequences (4), LSTM may not train well
2026-08-23 22:20:19 | WARNING  | co2_forecast | Very few sequences (8), LSTM may not train well
2026-08-23 22:20:19 | WARNING  | co2_forecast | Very few sequences (4), LSTM may not train well
2026-08-23 22:20:19 | WARNING  | co2_forecast | Very few sequences (4), LSTM may not train well
2026-08-23 22:20:19 | WARNING  | co2_forecast | Very few sequences (4), LSTM may not train well
2026-08-23 22:20:19 | WARNING  | co2_forecast | Very few sequences (8), LSTM may not train well
2026-08-23 22:20:19 | WARNING  | co2_forecast | Very few sequences (4), LSTM may not train well
2026-08-23 22:20:19 | WARNING  | co2_forecast | Very few sequences (4), LSTM may not train well
2026-08-23 22:20:20 | WARNING  | co2_forecast | Very few sequences (4), LSTM may not train well
2026-08-23 22:20:20 | WARNING  | co2_forecast | Very few sequences (8), LSTM may not train well
2026-08-23 22:20:20 | WARNING  | co2_forecast | Very few sequences (4), LSTM may not train well
2026-08-23 22:20:20 | WARNING  | co2_forecast | Very few sequences (4), LSTM may not train well
2026-08-23 22:20:20 | WARNING  | co2_forecast | Very few sequences (4), LSTM may not train well
2026-08-23 22:20:20 | WARNING  | co2_forecast | Very few sequences (8), LSTM may not train well
2026-08-23 22:20:20 | WARNING  | co2_forecast | Very few sequences (4), LSTM may not train well
2026-08-23 22:20:20 | WARNING  | co2_forecast | Very few sequences (4), LSTM may not train well
2026-08-23 22:20:20 | INFO     | co2_forecast |   Iteration 5: Best fitness = 0.535373
2026-08-23 22:20:20 | WARNING  | co2_forecast | Very few sequences (4), LSTM may not train well
2026-08-23 22:20:21 | WARNING  | co2_forecast | Very few sequences (8), LSTM may not train well
2026-08-23 22:20:21 | WARNING  | co2_forecast | Very few sequences (4), LSTM may not train well
2026-08-23 22:20:21 | WARNING  | co2_forecast | Very few sequences (4), LSTM may not train well
2026-08-23 22:20:21 | WARNING  | co2_forecast | Very few sequences (4), LSTM may not train well
2026-08-23 22:20:21 | WARNING  | co2_forecast | Very few sequences (8), LSTM may not train well
2026-08-23 22:20:21 | WARNING  | co2_forecast | Very few sequences (4), LSTM may not train well
2026-08-23 22:20:21 | WARNING  | co2_forecast | Very few sequences (4), LSTM may not train well
2026-08-23 22:20:21 | WARNING  | co2_forecast | Very few sequences (4), LSTM may not train well
2026-08-23 22:20:22 | WARNING  | co2_forecast | Very few sequences (8), LSTM may not train well
2026-08-23 22:20:22 | WARNING  | co2_forecast | Very few sequences (4), LSTM may not train well
2026-08-23 22:20:22 | WARNING  | co2_forecast | Very few sequences (4), LSTM may not train well
2026-08-23 22:20:22 | WARNING  | co2_forecast | Very few sequences (4), LSTM may not train well
2026-08-23 22:20:22 | WARNING  | co2_forecast | Very few sequences (8), LSTM may not train well
2026-08-23 22:20:22 | WARNING  | co2_forecast | Very few sequences (4), LSTM may not train well
2026-08-23 22:20:22 | WARNING  | co2_forecast | Very few sequences (4), LSTM may not train well
2026-08-23 22:20:22 | WARNING  | co2_forecast | Very few sequences (4), LSTM may not train well
2026-08-23 22:20:22 | WARNING  | co2_forecast | Very few sequences (8), LSTM may not train well
2026-08-23 22:20:22 | WARNING  | co2_forecast | Very few sequences (4), LSTM may not train well
2026-08-23 22:20:23 | WARNING  | co2_forecast | Very few sequences (4), LSTM may not train well
2026-08-23 22:20:23 | WARNING  | co2_forecast | Very few sequences (4), LSTM may not train well
2026-08-23 22:20:23 | WARNING  | co2_forecast | Very few sequences (8), LSTM may not train well
2026-08-23 22:20:23 | WARNING  | co2_forecast | Very few sequences (4), LSTM may not train well
2026-08-23 22:20:23 | WARNING  | co2_forecast | Very few sequences (4), LSTM may not train well
2026-08-23 22:20:23 | WARNING  | co2_forecast | Very few sequences (4), LSTM may not train well
2026-08-23 22:20:23 | WARNING  | co2_forecast | Very few sequences (8), LSTM may not train well
2026-08-23 22:20:23 | WARNING  | co2_forecast | Very few sequences (4), LSTM may not train well
2026-08-23 22:20:23 | WARNING  | co2_forecast | Very few sequences (4), LSTM may not train well
2026-08-23 22:20:24 | WARNING  | co2_forecast | Very few sequences (4), LSTM may not train well
2026-08-23 22:20:24 | WARNING  | co2_forecast | Very few sequences (8), LSTM may not train well
2026-08-23 22:20:24 | WARNING  | co2_forecast | Very few sequences (4), LSTM may not train well
2026-08-23 22:20:24 | WARNING  | co2_forecast | Very few sequences (4), LSTM may not train well
2026-08-23 22:20:24 | WARNING  | co2_forecast | Very few sequences (4), LSTM may not train well
2026-08-23 22:20:24 | WARNING  | co2_forecast | Very few sequences (8), LSTM may not train well
2026-08-23 22:20:24 | WARNING  | co2_forecast | Very few sequences (4), LSTM may not train well
2026-08-23 22:20:24 | WARNING  | co2_forecast | Very few sequences (4), LSTM may not train well
2026-08-23 22:20:24 | WARNING  | co2_forecast | Very few sequences (4), LSTM may not train well
2026-08-23 22:20:25 | WARNING  | co2_forecast | Very few sequences (8), LSTM may not train well
2026-08-23 22:20:25 | WARNING  | co2_forecast | Very few sequences (4), LSTM may not train well
2026-08-23 22:20:25 | WARNING  | co2_forecast | Very few sequences (4), LSTM may not train well
2026-08-23 22:20:25 | WARNING  | co2_forecast | Very few sequences (4), LSTM may not train well
2026-08-23 22:20:25 | WARNING  | co2_forecast | Very few sequences (8), LSTM may not train well
2026-08-23 22:20:25 | WARNING  | co2_forecast | Very few sequences (4), LSTM may not train well
2026-08-23 22:20:25 | WARNING  | co2_forecast | Very few sequences (4), LSTM may not train well
2026-08-23 22:20:25 | WARNING  | co2_forecast | Very few sequences (4), LSTM may not train well
2026-08-23 22:20:26 | WARNING  | co2_forecast | Very few sequences (8), LSTM may not train well
2026-08-23 22:20:26 | WARNING  | co2_forecast | Very few sequences (4), LSTM may not train well
2026-08-23 22:20:26 | WARNING  | co2_forecast | Very few sequences (4), LSTM may not train well
2026-08-23 22:20:26 | WARNING  | co2_forecast | Very few sequences (4), LSTM may not train well
2026-08-23 22:20:26 | WARNING  | co2_forecast | Very few sequences (8), LSTM may not train well
2026-08-23 22:20:26 | WARNING  | co2_forecast | Very few sequences (4), LSTM may not train well
2026-08-23 22:20:26 | WARNING  | co2_forecast | Very few sequences (4), LSTM may not train well
2026-08-23 22:20:26 | WARNING  | co2_forecast | Very few sequences (4), LSTM may not train well
2026-08-23 22:20:26 | WARNING  | co2_forecast | Very few sequences (8), LSTM may not train well
2026-08-23 22:20:26 | WARNING  | co2_forecast | Very few sequences (4), LSTM may not train well
2026-08-23 22:20:27 | WARNING  | co2_forecast | Very few sequences (4), LSTM may not train well
2026-08-23 22:20:27 | WARNING  | co2_forecast | Very few sequences (4), LSTM may not train well
2026-08-23 22:20:27 | WARNING  | co2_forecast | Very few sequences (8), LSTM may not train well
2026-08-23 22:20:27 | WARNING  | co2_forecast | Very few sequences (4), LSTM may not train well
2026-08-23 22:20:27 | WARNING  | co2_forecast | Very few sequences (4), LSTM may not train well
2026-08-23 22:20:27 | WARNING  | co2_forecast | Very few sequences (4), LSTM may not train well
2026-08-23 22:20:27 | WARNING  | co2_forecast | Very few sequences (8), LSTM may not train well
2026-08-23 22:20:27 | WARNING  | co2_forecast | Very few sequences (4), LSTM may not train well
2026-08-23 22:20:27 | WARNING  | co2_forecast | Very few sequences (4), LSTM may not train well
2026-08-23 22:20:28 | WARNING  | co2_forecast | Very few sequences (4), LSTM may not train well
2026-08-23 22:20:28 | WARNING  | co2_forecast | Very few sequences (8), LSTM may not train well
2026-08-23 22:20:28 | WARNING  | co2_forecast | Very few sequences (4), LSTM may not train well
2026-08-23 22:20:28 | WARNING  | co2_forecast | Very few sequences (4), LSTM may not train well
2026-08-23 22:20:28 | WARNING  | co2_forecast | Very few sequences (4), LSTM may not train well
2026-08-23 22:20:28 | WARNING  | co2_forecast | Very few sequences (8), LSTM may not train well
2026-08-23 22:20:28 | WARNING  | co2_forecast | Very few sequences (4), LSTM may not train well
2026-08-23 22:20:28 | WARNING  | co2_forecast | Very few sequences (4), LSTM may not train well
2026-08-23 22:20:29 | WARNING  | co2_forecast | Very few sequences (4), LSTM may not train well
2026-08-23 22:20:29 | WARNING  | co2_forecast | Very few sequences (8), LSTM may not train well
2026-08-23 22:20:29 | WARNING  | co2_forecast | Very few sequences (4), LSTM may not train well
2026-08-23 22:20:29 | WARNING  | co2_forecast | Very few sequences (4), LSTM may not train well
2026-08-23 22:20:29 | WARNING  | co2_forecast | Very few sequences (4), LSTM may not train well
2026-08-23 22:20:29 | WARNING  | co2_forecast | Very few sequences (8), LSTM may not train well
2026-08-23 22:20:29 | WARNING  | co2_forecast | Very few sequences (4), LSTM may not train well
2026-08-23 22:20:29 | WARNING  | co2_forecast | Very few sequences (4), LSTM may not train well
2026-08-23 22:20:29 | WARNING  | co2_forecast | Very few sequences (4), LSTM may not train well
2026-08-23 22:20:30 | WARNING  | co2_forecast | Very few sequences (8), LSTM may not train well
2026-08-23 22:20:30 | WARNING  | co2_forecast | Very few sequences (4), LSTM may not train well
2026-08-23 22:20:30 | WARNING  | co2_forecast | Very few sequences (4), LSTM may not train well
2026-08-23 22:20:30 | WARNING  | co2_forecast | Very few sequences (4), LSTM may not train well
2026-08-23 22:20:30 | WARNING  | co2_forecast | Very few sequences (8), LSTM may not train well
2026-08-23 22:20:30 | WARNING  | co2_forecast | Very few sequences (4), LSTM may not train well
2026-08-23 22:20:30 | WARNING  | co2_forecast | Very few sequences (4), LSTM may not train well
2026-08-23 22:20:30 | WARNING  | co2_forecast | Very few sequences (4), LSTM may not train well
2026-08-23 22:20:31 | WARNING  | co2_forecast | Very few sequences (8), LSTM may not train well
2026-08-23 22:20:31 | WARNING  | co2_forecast | Very few sequences (4), LSTM may not train well
2026-08-23 22:20:31 | WARNING  | co2_forecast | Very few sequences (4), LSTM may not train well
2026-08-23 22:20:31 | WARNING  | co2_forecast | Very few sequences (4), LSTM may not train well
2026-08-23 22:20:31 | WARNING  | co2_forecast | Very few sequences (8), LSTM may not train well
2026-08-23 22:20:31 | WARNING  | co2_forecast | Very few sequences (4), LSTM may not train well
2026-08-23 22:20:31 | WARNING  | co2_forecast | Very few sequences (4), LSTM may not train well
2026-08-23 22:20:31 | WARNING  | co2_forecast | Very few sequences (4), LSTM may not train well
2026-08-23 22:20:32 | WARNING  | co2_forecast | Very few sequences (8), LSTM may not train well
2026-08-23 22:20:32 | WARNING  | co2_forecast | Very few sequences (4), LSTM may not train well
2026-08-23 22:20:32 | WARNING  | co2_forecast | Very few sequences (4), LSTM may not train well
2026-08-23 22:20:32 | WARNING  | co2_forecast | Very few sequences (4), LSTM may not train well
2026-08-23 22:20:32 | WARNING  | co2_forecast | Very few sequences (8), LSTM may not train well
2026-08-23 22:20:32 | WARNING  | co2_forecast | Very few sequences (4), LSTM may not train well
2026-08-23 22:20:32 | WARNING  | co2_forecast | Very few sequences (4), LSTM may not train well
2026-08-23 22:20:32 | WARNING  | co2_forecast | Very few sequences (4), LSTM may not train well
2026-08-23 22:20:33 | WARNING  | co2_forecast | Very few sequences (8), LSTM may not train well
2026-08-23 22:20:33 | WARNING  | co2_forecast | Very few sequences (4), LSTM may not train well
2026-08-23 22:20:33 | WARNING  | co2_forecast | Very few sequences (4), LSTM may not train well
2026-08-23 22:20:33 | WARNING  | co2_forecast | Very few sequences (4), LSTM may not train well
2026-08-23 22:20:33 | WARNING  | co2_forecast | Very few sequences (8), LSTM may not train well
2026-08-23 22:20:33 | WARNING  | co2_forecast | Very few sequences (4), LSTM may not train well
2026-08-23 22:20:33 | WARNING  | co2_forecast | Very few sequences (4), LSTM may not train well
2026-08-23 22:20:33 | WARNING  | co2_forecast | Very few sequences (4), LSTM may not train well
2026-08-23 22:20:34 | WARNING  | co2_forecast | Very few sequences (8), LSTM may not train well
2026-08-23 22:20:34 | WARNING  | co2_forecast | Very few sequences (4), LSTM may not train well
2026-08-23 22:20:34 | WARNING  | co2_forecast | Very few sequences (4), LSTM may not train well
2026-08-23 22:20:34 | WARNING  | co2_forecast | Very few sequences (4), LSTM may not train well
2026-08-23 22:20:34 | WARNING  | co2_forecast | Very few sequences (8), LSTM may not train well
2026-08-23 22:20:34 | WARNING  | co2_forecast | Very few sequences (4), LSTM may not train well
2026-08-23 22:20:34 | WARNING  | co2_forecast | Very few sequences (4), LSTM may not train well
2026-08-23 22:20:34 | WARNING  | co2_forecast | Very few sequences (4), LSTM may not train well
2026-08-23 22:20:35 | WARNING  | co2_forecast | Very few sequences (8), LSTM may not train well
2026-08-23 22:20:35 | WARNING  | co2_forecast | Very few sequences (4), LSTM may not train well
2026-08-23 22:20:35 | WARNING  | co2_forecast | Very few sequences (4), LSTM may not train well
2026-08-23 22:20:35 | WARNING  | co2_forecast | Very few sequences (4), LSTM may not train well
2026-08-23 22:20:35 | WARNING  | co2_forecast | Very few sequences (8), LSTM may not train well
2026-08-23 22:20:35 | WARNING  | co2_forecast | Very few sequences (4), LSTM may not train well
2026-08-23 22:20:35 | WARNING  | co2_forecast | Very few sequences (4), LSTM may not train well
2026-08-23 22:20:36 | INFO     | co2_forecast |   Iteration 9: Best fitness = 0.528052
2026-08-23 22:20:36 | INFO     | co2_forecast | PSO complete. Best fitness: 0.528052
2026-08-23 22:20:36 | INFO     | co2_forecast |   Best params: {'lookback': 4, 'hidden_size': 55, 'num_layers': 2, 'dropout': 0.3905555500872708, 'learning_rate': 0.007829717770145073, 'batch_size': 8}
2026-08-23 22:20:36 | INFO     | co2_forecast |   Best fitness: 0.528052
2026-08-23 22:20:36 | INFO     | co2_forecast | [A2/panel2_common_period/all_features/lstm] sweep tuning: best_params={'lookback': 4, 'hidden_size': 55, 'num_layers': 2, 'dropout': 0.3905555500872708, 'learning_rate': 0.007829717770145073, 'batch_size': 8}
2026-08-23 22:20:36 | INFO     | co2_forecast |   -> weighted_mase=0.2723835911432698, runtime=34.8s
2026-08-23 22:20:36 | INFO     | co2_forecast | Stream A cell: A3/ridge (24 features, 28 rows)
2026-08-23 22:20:36 | INFO     | co2_forecast | Creating walk-forward splits for 16 valid samples
2026-08-23 22:20:36 | INFO     | co2_forecast | Created 4 CV folds across horizons [1, 2, 4]
2026-08-23 22:20:36 | INFO     | co2_forecast | Built tuning CV plan: 4 folds from 16 rows before 2022-Q%q (evaluation cutoff) - isolation OK (max tuning date 2021-Q%q)
2026-08-23 22:20:36 | INFO     | co2_forecast | Optimizing ridge...
2026-08-23 22:20:36 | INFO     | co2_forecast | Starting PSO: 8 particles, 10 iterations
2026-08-23 22:20:36 | INFO     | co2_forecast |   Iteration 0: Best fitness = 2.080727
2026-08-23 22:20:36 | INFO     | co2_forecast |   Iteration 5: Best fitness = 1.846847
2026-08-23 22:20:36 | INFO     | co2_forecast |   Iteration 9: Best fitness = 1.846847
2026-08-23 22:20:36 | INFO     | co2_forecast | PSO complete. Best fitness: 1.846847
2026-08-23 22:20:36 | INFO     | co2_forecast |   Best params: {'alpha': 100.0}
2026-08-23 22:20:36 | INFO     | co2_forecast |   Best fitness: 1.846847
2026-08-23 22:20:36 | INFO     | co2_forecast | [A3/panel2_common_period/all_features/ridge] sweep tuning: best_params={'alpha': 100.0}
2026-08-23 22:20:36 | INFO     | co2_forecast |   -> weighted_mase=0.7632240674351297, runtime=0.3s
2026-08-23 22:20:36 | INFO     | co2_forecast | Stream A cell: A3/random_forest (24 features, 28 rows)
2026-08-23 22:20:36 | INFO     | co2_forecast | Creating walk-forward splits for 16 valid samples
2026-08-23 22:20:36 | INFO     | co2_forecast | Created 4 CV folds across horizons [1, 2, 4]
2026-08-23 22:20:36 | INFO     | co2_forecast | Built tuning CV plan: 4 folds from 16 rows before 2022-Q%q (evaluation cutoff) - isolation OK (max tuning date 2021-Q%q)
2026-08-23 22:20:36 | INFO     | co2_forecast | Optimizing random_forest...
2026-08-23 22:20:36 | INFO     | co2_forecast | Starting PSO: 8 particles, 10 iterations
2026-08-23 22:20:42 | INFO     | co2_forecast |   Iteration 0: Best fitness = 0.681303
2026-08-23 22:20:58 | INFO     | co2_forecast |   Iteration 5: Best fitness = 0.461183
2026-08-23 22:21:10 | INFO     | co2_forecast |   Iteration 9: Best fitness = 0.461183
2026-08-23 22:21:10 | INFO     | co2_forecast | PSO complete. Best fitness: 0.461183
2026-08-23 22:21:10 | INFO     | co2_forecast |   Best params: {'n_estimators': 58, 'max_depth': 3, 'min_samples_split': 2, 'min_samples_leaf': 1}
2026-08-23 22:21:10 | INFO     | co2_forecast |   Best fitness: 0.461183
2026-08-23 22:21:10 | INFO     | co2_forecast | [A3/panel2_common_period/all_features/random_forest] sweep tuning: best_params={'n_estimators': 58, 'max_depth': 3, 'min_samples_split': 2, 'min_samples_leaf': 1}
2026-08-23 22:21:10 | INFO     | co2_forecast |   -> weighted_mase=0.36966160092078093, runtime=33.8s
2026-08-23 22:21:10 | INFO     | co2_forecast | Stream A cell: A3/catboost (24 features, 28 rows)
2026-08-23 22:21:10 | INFO     | co2_forecast | Creating walk-forward splits for 16 valid samples
2026-08-23 22:21:10 | INFO     | co2_forecast | Created 4 CV folds across horizons [1, 2, 4]
2026-08-23 22:21:10 | INFO     | co2_forecast | Built tuning CV plan: 4 folds from 16 rows before 2022-Q%q (evaluation cutoff) - isolation OK (max tuning date 2021-Q%q)
2026-08-23 22:21:10 | INFO     | co2_forecast | Optimizing catboost...
2026-08-23 22:21:10 | INFO     | co2_forecast | Starting PSO: 8 particles, 10 iterations
2026-08-23 22:21:45 | INFO     | co2_forecast |   Iteration 0: Best fitness = 0.389865
2026-08-23 22:25:11 | INFO     | co2_forecast |   Iteration 5: Best fitness = 0.377493
2026-08-23 22:28:05 | INFO     | co2_forecast |   Iteration 9: Best fitness = 0.375308
2026-08-23 22:28:05 | INFO     | co2_forecast | PSO complete. Best fitness: 0.375308
2026-08-23 22:28:05 | INFO     | co2_forecast |   Best params: {'iterations': 300, 'learning_rate': 0.12709224503784555, 'depth': 3, 'l2_leaf_reg': 10.0}
2026-08-23 22:28:05 | INFO     | co2_forecast |   Best fitness: 0.375308
2026-08-23 22:28:05 | INFO     | co2_forecast | [A3/panel2_common_period/all_features/catboost] sweep tuning: best_params={'iterations': 300, 'learning_rate': 0.12709224503784555, 'depth': 3, 'l2_leaf_reg': 10.0}
2026-08-23 22:28:09 | INFO     | co2_forecast |   -> weighted_mase=1.0893844040272225, runtime=418.8s
2026-08-23 22:28:09 | INFO     | co2_forecast | Stream A cell: A3/lightgbm (24 features, 28 rows)
2026-08-23 22:28:09 | INFO     | co2_forecast | Creating walk-forward splits for 16 valid samples
2026-08-23 22:28:09 | INFO     | co2_forecast | Created 4 CV folds across horizons [1, 2, 4]
2026-08-23 22:28:09 | INFO     | co2_forecast | Built tuning CV plan: 4 folds from 16 rows before 2022-Q%q (evaluation cutoff) - isolation OK (max tuning date 2021-Q%q)
2026-08-23 22:28:09 | INFO     | co2_forecast | Optimizing lightgbm...
2026-08-23 22:28:09 | INFO     | co2_forecast | Starting PSO: 8 particles, 10 iterations
2026-08-23 22:28:09 | INFO     | co2_forecast |   Iteration 0: Best fitness = 0.768990
2026-08-23 22:28:10 | INFO     | co2_forecast |   Iteration 5: Best fitness = 0.614696
2026-08-23 22:28:10 | INFO     | co2_forecast |   Iteration 9: Best fitness = 0.614696
2026-08-23 22:28:10 | INFO     | co2_forecast | PSO complete. Best fitness: 0.614696
2026-08-23 22:28:10 | INFO     | co2_forecast |   Best params: {'n_estimators': 129, 'learning_rate': 0.3, 'num_leaves': 127, 'max_depth': 8, 'min_child_samples': 6, 'reg_alpha': 0.001, 'reg_lambda': 0.001}
2026-08-23 22:28:10 | INFO     | co2_forecast |   Best fitness: 0.614696
2026-08-23 22:28:10 | INFO     | co2_forecast | [A3/panel2_common_period/all_features/lightgbm] sweep tuning: best_params={'n_estimators': 129, 'learning_rate': 0.3, 'num_leaves': 127, 'max_depth': 8, 'min_child_samples': 6, 'reg_alpha': 0.001, 'reg_lambda': 0.001}
2026-08-23 22:28:10 | INFO     | co2_forecast |   -> weighted_mase=0.9665786522462259, runtime=1.4s
2026-08-23 22:28:10 | INFO     | co2_forecast | Stream A cell: A3/lstm (24 features, 28 rows)
2026-08-23 22:28:10 | INFO     | co2_forecast | Creating walk-forward splits for 16 valid samples
2026-08-23 22:28:10 | INFO     | co2_forecast | Created 4 CV folds across horizons [1, 2, 4]
2026-08-23 22:28:10 | INFO     | co2_forecast | Built tuning CV plan: 4 folds from 16 rows before 2022-Q%q (evaluation cutoff) - isolation OK (max tuning date 2021-Q%q)
2026-08-23 22:28:10 | INFO     | co2_forecast | Optimizing lstm...
2026-08-23 22:28:10 | INFO     | co2_forecast | Starting PSO: 8 particles, 10 iterations
2026-08-23 22:28:10 | WARNING  | co2_forecast | Model training failed with params {'lookback': 7, 'hidden_size': 62, 'num_layers': 2, 'dropout': 0.3394633936788146, 'learning_rate': 0.0016445845403801217, 'batch_size': 8}: LSTM.fit: training data has 8 rows, giving only 1 sequence(s) with lookback=7; at least 2 are required (one is always reserved for validation). Reduce lookback or provide more training history.
2026-08-23 22:28:10 | WARNING  | co2_forecast | Model training failed with params {'lookback': 11, 'hidden_size': 26, 'num_layers': 1, 'dropout': 0.17336180394137352, 'learning_rate': 0.0031119982052994237, 'batch_size': 16}: LSTM.fit: training data has 8 rows, giving only 0 sequence(s) with lookback=11; at least 2 are required (one is always reserved for validation). Reduce lookback or provide more training history.
2026-08-23 22:28:10 | WARNING  | co2_forecast | Model training failed with params {'lookback': 8, 'hidden_size': 54, 'num_layers': 1, 'dropout': 0.3056937753654446, 'learning_rate': 0.005964904231734221, 'batch_size': 8}: LSTM.fit: training data has 8 rows, giving only 0 sequence(s) with lookback=8; at least 2 are required (one is always reserved for validation). Reduce lookback or provide more training history.
2026-08-23 22:28:10 | WARNING  | co2_forecast | Very few sequences (2), LSTM may not train well
2026-08-23 22:28:11 | WARNING  | co2_forecast | Very few sequences (6), LSTM may not train well
2026-08-23 22:28:11 | WARNING  | co2_forecast | Very few sequences (2), LSTM may not train well
2026-08-23 22:28:11 | WARNING  | co2_forecast | Very few sequences (2), LSTM may not train well
2026-08-23 22:28:11 | WARNING  | co2_forecast | Model training failed with params {'lookback': 8, 'hidden_size': 25, 'num_layers': 2, 'dropout': 0.4100531293444458, 'learning_rate': 0.009401039521485473, 'batch_size': 32}: LSTM.fit: training data has 8 rows, giving only 0 sequence(s) with lookback=8; at least 2 are required (one is always reserved for validation). Reduce lookback or provide more training history.
2026-08-23 22:28:11 | WARNING  | co2_forecast | Model training failed with params {'lookback': 7, 'hidden_size': 29, 'num_layers': 2, 'dropout': 0.2427013306774357, 'learning_rate': 0.0028812516459050695, 'batch_size': 16}: LSTM.fit: training data has 8 rows, giving only 1 sequence(s) with lookback=7; at least 2 are required (one is always reserved for validation). Reduce lookback or provide more training history.
2026-08-23 22:28:11 | WARNING  | co2_forecast | Very few sequences (4), LSTM may not train well
2026-08-23 22:28:11 | WARNING  | co2_forecast | Very few sequences (8), LSTM may not train well
2026-08-23 22:28:11 | WARNING  | co2_forecast | Very few sequences (4), LSTM may not train well
2026-08-23 22:28:11 | WARNING  | co2_forecast | Very few sequences (4), LSTM may not train well
2026-08-23 22:28:11 | WARNING  | co2_forecast | Very few sequences (2), LSTM may not train well
2026-08-23 22:28:11 | WARNING  | co2_forecast | Very few sequences (6), LSTM may not train well
2026-08-23 22:28:11 | WARNING  | co2_forecast | Very few sequences (2), LSTM may not train well
2026-08-23 22:28:12 | WARNING  | co2_forecast | Very few sequences (2), LSTM may not train well
2026-08-23 22:28:12 | INFO     | co2_forecast |   Iteration 0: Best fitness = 0.927976
2026-08-23 22:28:12 | WARNING  | co2_forecast | Very few sequences (3), LSTM may not train well
2026-08-23 22:28:12 | WARNING  | co2_forecast | Very few sequences (7), LSTM may not train well
2026-08-23 22:28:12 | WARNING  | co2_forecast | Very few sequences (3), LSTM may not train well
2026-08-23 22:28:13 | WARNING  | co2_forecast | Very few sequences (3), LSTM may not train well
2026-08-23 22:28:13 | WARNING  | co2_forecast | Very few sequences (2), LSTM may not train well
2026-08-23 22:28:13 | WARNING  | co2_forecast | Very few sequences (6), LSTM may not train well
2026-08-23 22:28:13 | WARNING  | co2_forecast | Very few sequences (2), LSTM may not train well
2026-08-23 22:28:13 | WARNING  | co2_forecast | Very few sequences (2), LSTM may not train well
2026-08-23 22:28:13 | WARNING  | co2_forecast | Model training failed with params {'lookback': 8, 'hidden_size': 44, 'num_layers': 1, 'dropout': 0.3238975389966341, 'learning_rate': 0.005520634690128072, 'batch_size': 8}: LSTM.fit: training data has 8 rows, giving only 0 sequence(s) with lookback=8; at least 2 are required (one is always reserved for validation). Reduce lookback or provide more training history.
2026-08-23 22:28:13 | WARNING  | co2_forecast | Very few sequences (3), LSTM may not train well
2026-08-23 22:28:13 | WARNING  | co2_forecast | Very few sequences (7), LSTM may not train well
2026-08-23 22:28:14 | WARNING  | co2_forecast | Very few sequences (3), LSTM may not train well
2026-08-23 22:28:14 | WARNING  | co2_forecast | Very few sequences (3), LSTM may not train well
2026-08-23 22:28:14 | WARNING  | co2_forecast | Very few sequences (2), LSTM may not train well
2026-08-23 22:28:14 | WARNING  | co2_forecast | Very few sequences (6), LSTM may not train well
2026-08-23 22:28:14 | WARNING  | co2_forecast | Very few sequences (2), LSTM may not train well
2026-08-23 22:28:15 | WARNING  | co2_forecast | Very few sequences (2), LSTM may not train well
2026-08-23 22:28:16 | WARNING  | co2_forecast | Very few sequences (3), LSTM may not train well
2026-08-23 22:28:16 | WARNING  | co2_forecast | Very few sequences (7), LSTM may not train well
2026-08-23 22:28:16 | WARNING  | co2_forecast | Very few sequences (3), LSTM may not train well
2026-08-23 22:28:16 | WARNING  | co2_forecast | Very few sequences (3), LSTM may not train well
2026-08-23 22:28:16 | WARNING  | co2_forecast | Very few sequences (4), LSTM may not train well
2026-08-23 22:28:16 | WARNING  | co2_forecast | Very few sequences (8), LSTM may not train well
2026-08-23 22:28:16 | WARNING  | co2_forecast | Very few sequences (4), LSTM may not train well
2026-08-23 22:28:16 | WARNING  | co2_forecast | Very few sequences (4), LSTM may not train well
2026-08-23 22:28:17 | WARNING  | co2_forecast | Very few sequences (2), LSTM may not train well
2026-08-23 22:28:17 | WARNING  | co2_forecast | Very few sequences (6), LSTM may not train well
2026-08-23 22:28:17 | WARNING  | co2_forecast | Very few sequences (2), LSTM may not train well
2026-08-23 22:28:17 | WARNING  | co2_forecast | Very few sequences (2), LSTM may not train well
2026-08-23 22:28:17 | WARNING  | co2_forecast | Very few sequences (3), LSTM may not train well
2026-08-23 22:28:17 | WARNING  | co2_forecast | Very few sequences (7), LSTM may not train well
2026-08-23 22:28:18 | WARNING  | co2_forecast | Very few sequences (3), LSTM may not train well
2026-08-23 22:28:18 | WARNING  | co2_forecast | Very few sequences (3), LSTM may not train well
2026-08-23 22:28:18 | WARNING  | co2_forecast | Very few sequences (4), LSTM may not train well
2026-08-23 22:28:18 | WARNING  | co2_forecast | Very few sequences (8), LSTM may not train well
2026-08-23 22:28:19 | WARNING  | co2_forecast | Very few sequences (4), LSTM may not train well
2026-08-23 22:28:19 | WARNING  | co2_forecast | Very few sequences (4), LSTM may not train well
2026-08-23 22:28:19 | WARNING  | co2_forecast | Model training failed with params {'lookback': 7, 'hidden_size': 35, 'num_layers': 1, 'dropout': 0.31512819649180424, 'learning_rate': 0.004065945490368326, 'batch_size': 8}: LSTM.fit: training data has 8 rows, giving only 1 sequence(s) with lookback=7; at least 2 are required (one is always reserved for validation). Reduce lookback or provide more training history.
2026-08-23 22:28:19 | WARNING  | co2_forecast | Very few sequences (2), LSTM may not train well
2026-08-23 22:28:19 | WARNING  | co2_forecast | Very few sequences (6), LSTM may not train well
2026-08-23 22:28:20 | WARNING  | co2_forecast | Very few sequences (2), LSTM may not train well
2026-08-23 22:28:21 | WARNING  | co2_forecast | Very few sequences (2), LSTM may not train well
2026-08-23 22:28:21 | WARNING  | co2_forecast | Very few sequences (3), LSTM may not train well
2026-08-23 22:28:21 | WARNING  | co2_forecast | Very few sequences (7), LSTM may not train well
2026-08-23 22:28:22 | WARNING  | co2_forecast | Very few sequences (3), LSTM may not train well
2026-08-23 22:28:22 | WARNING  | co2_forecast | Very few sequences (3), LSTM may not train well
2026-08-23 22:28:22 | WARNING  | co2_forecast | Very few sequences (3), LSTM may not train well
2026-08-23 22:28:22 | WARNING  | co2_forecast | Very few sequences (7), LSTM may not train well
2026-08-23 22:28:23 | WARNING  | co2_forecast | Very few sequences (3), LSTM may not train well
2026-08-23 22:28:23 | WARNING  | co2_forecast | Very few sequences (3), LSTM may not train well
2026-08-23 22:28:24 | WARNING  | co2_forecast | Very few sequences (3), LSTM may not train well
2026-08-23 22:28:24 | WARNING  | co2_forecast | Very few sequences (7), LSTM may not train well
2026-08-23 22:28:24 | WARNING  | co2_forecast | Very few sequences (3), LSTM may not train well
2026-08-23 22:28:24 | WARNING  | co2_forecast | Very few sequences (3), LSTM may not train well
2026-08-23 22:28:24 | WARNING  | co2_forecast | Very few sequences (2), LSTM may not train well
2026-08-23 22:28:24 | WARNING  | co2_forecast | Very few sequences (6), LSTM may not train well
2026-08-23 22:28:24 | WARNING  | co2_forecast | Very few sequences (2), LSTM may not train well
2026-08-23 22:28:24 | WARNING  | co2_forecast | Very few sequences (2), LSTM may not train well
2026-08-23 22:28:24 | WARNING  | co2_forecast | Very few sequences (4), LSTM may not train well
2026-08-23 22:28:24 | WARNING  | co2_forecast | Very few sequences (8), LSTM may not train well
2026-08-23 22:28:25 | WARNING  | co2_forecast | Very few sequences (4), LSTM may not train well
2026-08-23 22:28:26 | WARNING  | co2_forecast | Very few sequences (4), LSTM may not train well
2026-08-23 22:28:26 | WARNING  | co2_forecast | Very few sequences (4), LSTM may not train well
2026-08-23 22:28:26 | WARNING  | co2_forecast | Very few sequences (8), LSTM may not train well
2026-08-23 22:28:26 | WARNING  | co2_forecast | Very few sequences (4), LSTM may not train well
2026-08-23 22:28:27 | WARNING  | co2_forecast | Very few sequences (4), LSTM may not train well
2026-08-23 22:28:27 | WARNING  | co2_forecast | Very few sequences (2), LSTM may not train well
2026-08-23 22:28:27 | WARNING  | co2_forecast | Very few sequences (6), LSTM may not train well
2026-08-23 22:28:27 | WARNING  | co2_forecast | Very few sequences (2), LSTM may not train well
2026-08-23 22:28:27 | WARNING  | co2_forecast | Very few sequences (2), LSTM may not train well
2026-08-23 22:28:27 | WARNING  | co2_forecast | Very few sequences (4), LSTM may not train well
2026-08-23 22:28:27 | WARNING  | co2_forecast | Very few sequences (8), LSTM may not train well
2026-08-23 22:28:27 | WARNING  | co2_forecast | Very few sequences (4), LSTM may not train well
2026-08-23 22:28:28 | WARNING  | co2_forecast | Very few sequences (4), LSTM may not train well
2026-08-23 22:28:28 | WARNING  | co2_forecast | Very few sequences (4), LSTM may not train well
2026-08-23 22:28:28 | WARNING  | co2_forecast | Very few sequences (8), LSTM may not train well
2026-08-23 22:28:28 | WARNING  | co2_forecast | Very few sequences (4), LSTM may not train well
2026-08-23 22:28:29 | WARNING  | co2_forecast | Very few sequences (4), LSTM may not train well
2026-08-23 22:28:29 | WARNING  | co2_forecast | Very few sequences (4), LSTM may not train well
2026-08-23 22:28:29 | WARNING  | co2_forecast | Very few sequences (8), LSTM may not train well
2026-08-23 22:28:30 | WARNING  | co2_forecast | Very few sequences (4), LSTM may not train well
2026-08-23 22:28:30 | WARNING  | co2_forecast | Very few sequences (4), LSTM may not train well
2026-08-23 22:28:30 | WARNING  | co2_forecast | Very few sequences (4), LSTM may not train well
2026-08-23 22:28:30 | WARNING  | co2_forecast | Very few sequences (8), LSTM may not train well
2026-08-23 22:28:30 | WARNING  | co2_forecast | Very few sequences (4), LSTM may not train well
2026-08-23 22:28:31 | WARNING  | co2_forecast | Very few sequences (4), LSTM may not train well
2026-08-23 22:28:31 | WARNING  | co2_forecast | Very few sequences (3), LSTM may not train well
2026-08-23 22:28:31 | WARNING  | co2_forecast | Very few sequences (7), LSTM may not train well
2026-08-23 22:28:31 | WARNING  | co2_forecast | Very few sequences (3), LSTM may not train well
2026-08-23 22:28:31 | WARNING  | co2_forecast | Very few sequences (3), LSTM may not train well
2026-08-23 22:28:31 | WARNING  | co2_forecast | Very few sequences (4), LSTM may not train well
2026-08-23 22:28:31 | WARNING  | co2_forecast | Very few sequences (8), LSTM may not train well
2026-08-23 22:28:32 | WARNING  | co2_forecast | Very few sequences (4), LSTM may not train well
2026-08-23 22:28:33 | WARNING  | co2_forecast | Very few sequences (4), LSTM may not train well
2026-08-23 22:28:33 | WARNING  | co2_forecast | Very few sequences (4), LSTM may not train well
2026-08-23 22:28:33 | WARNING  | co2_forecast | Very few sequences (8), LSTM may not train well
2026-08-23 22:28:33 | WARNING  | co2_forecast | Very few sequences (4), LSTM may not train well
2026-08-23 22:28:33 | WARNING  | co2_forecast | Very few sequences (4), LSTM may not train well
2026-08-23 22:28:33 | WARNING  | co2_forecast | Very few sequences (3), LSTM may not train well
2026-08-23 22:28:33 | WARNING  | co2_forecast | Very few sequences (7), LSTM may not train well
2026-08-23 22:28:34 | WARNING  | co2_forecast | Very few sequences (3), LSTM may not train well
2026-08-23 22:28:34 | WARNING  | co2_forecast | Very few sequences (3), LSTM may not train well
2026-08-23 22:28:34 | WARNING  | co2_forecast | Very few sequences (4), LSTM may not train well
2026-08-23 22:28:34 | WARNING  | co2_forecast | Very few sequences (8), LSTM may not train well
2026-08-23 22:28:35 | WARNING  | co2_forecast | Very few sequences (4), LSTM may not train well
2026-08-23 22:28:35 | WARNING  | co2_forecast | Very few sequences (4), LSTM may not train well
2026-08-23 22:28:35 | WARNING  | co2_forecast | Very few sequences (4), LSTM may not train well
2026-08-23 22:28:36 | WARNING  | co2_forecast | Very few sequences (8), LSTM may not train well
2026-08-23 22:28:36 | WARNING  | co2_forecast | Very few sequences (4), LSTM may not train well
2026-08-23 22:28:37 | WARNING  | co2_forecast | Very few sequences (4), LSTM may not train well
2026-08-23 22:28:37 | WARNING  | co2_forecast | Very few sequences (4), LSTM may not train well
2026-08-23 22:28:37 | WARNING  | co2_forecast | Very few sequences (8), LSTM may not train well
2026-08-23 22:28:37 | WARNING  | co2_forecast | Very few sequences (4), LSTM may not train well
2026-08-23 22:28:37 | WARNING  | co2_forecast | Very few sequences (4), LSTM may not train well
2026-08-23 22:28:37 | WARNING  | co2_forecast | Very few sequences (4), LSTM may not train well
2026-08-23 22:28:38 | WARNING  | co2_forecast | Very few sequences (8), LSTM may not train well
2026-08-23 22:28:38 | WARNING  | co2_forecast | Very few sequences (4), LSTM may not train well
2026-08-23 22:28:38 | WARNING  | co2_forecast | Very few sequences (4), LSTM may not train well
2026-08-23 22:28:38 | WARNING  | co2_forecast | Very few sequences (4), LSTM may not train well
2026-08-23 22:28:38 | WARNING  | co2_forecast | Very few sequences (8), LSTM may not train well
2026-08-23 22:28:38 | WARNING  | co2_forecast | Very few sequences (4), LSTM may not train well
2026-08-23 22:28:39 | WARNING  | co2_forecast | Very few sequences (4), LSTM may not train well
2026-08-23 22:28:39 | WARNING  | co2_forecast | Very few sequences (4), LSTM may not train well
2026-08-23 22:28:39 | WARNING  | co2_forecast | Very few sequences (8), LSTM may not train well
2026-08-23 22:28:40 | WARNING  | co2_forecast | Very few sequences (4), LSTM may not train well
2026-08-23 22:28:40 | WARNING  | co2_forecast | Very few sequences (4), LSTM may not train well
2026-08-23 22:28:40 | WARNING  | co2_forecast | Very few sequences (4), LSTM may not train well
2026-08-23 22:28:40 | WARNING  | co2_forecast | Very few sequences (8), LSTM may not train well
2026-08-23 22:28:41 | WARNING  | co2_forecast | Very few sequences (4), LSTM may not train well
2026-08-23 22:28:42 | WARNING  | co2_forecast | Very few sequences (4), LSTM may not train well
2026-08-23 22:28:42 | WARNING  | co2_forecast | Very few sequences (4), LSTM may not train well
2026-08-23 22:28:42 | WARNING  | co2_forecast | Very few sequences (8), LSTM may not train well
2026-08-23 22:28:42 | WARNING  | co2_forecast | Very few sequences (4), LSTM may not train well
2026-08-23 22:28:43 | WARNING  | co2_forecast | Very few sequences (4), LSTM may not train well
2026-08-23 22:28:43 | WARNING  | co2_forecast | Very few sequences (4), LSTM may not train well
2026-08-23 22:28:43 | WARNING  | co2_forecast | Very few sequences (8), LSTM may not train well
2026-08-23 22:28:44 | WARNING  | co2_forecast | Very few sequences (4), LSTM may not train well
2026-08-23 22:28:44 | WARNING  | co2_forecast | Very few sequences (4), LSTM may not train well
2026-08-23 22:28:44 | WARNING  | co2_forecast | Very few sequences (4), LSTM may not train well
2026-08-23 22:28:44 | WARNING  | co2_forecast | Very few sequences (8), LSTM may not train well
2026-08-23 22:28:45 | WARNING  | co2_forecast | Very few sequences (4), LSTM may not train well
2026-08-23 22:28:46 | WARNING  | co2_forecast | Very few sequences (4), LSTM may not train well
2026-08-23 22:28:46 | WARNING  | co2_forecast | Very few sequences (4), LSTM may not train well
2026-08-23 22:28:46 | WARNING  | co2_forecast | Very few sequences (8), LSTM may not train well
2026-08-23 22:28:46 | WARNING  | co2_forecast | Very few sequences (4), LSTM may not train well
2026-08-23 22:28:47 | WARNING  | co2_forecast | Very few sequences (4), LSTM may not train well
2026-08-23 22:28:47 | WARNING  | co2_forecast | Very few sequences (4), LSTM may not train well
2026-08-23 22:28:47 | WARNING  | co2_forecast | Very few sequences (8), LSTM may not train well
2026-08-23 22:28:47 | WARNING  | co2_forecast | Very few sequences (4), LSTM may not train well
2026-08-23 22:28:47 | WARNING  | co2_forecast | Very few sequences (4), LSTM may not train well
2026-08-23 22:28:48 | WARNING  | co2_forecast | Very few sequences (4), LSTM may not train well
2026-08-23 22:28:48 | WARNING  | co2_forecast | Very few sequences (8), LSTM may not train well
2026-08-23 22:28:48 | WARNING  | co2_forecast | Very few sequences (4), LSTM may not train well
2026-08-23 22:28:49 | WARNING  | co2_forecast | Very few sequences (4), LSTM may not train well
2026-08-23 22:28:49 | INFO     | co2_forecast |   Iteration 5: Best fitness = 0.758992
2026-08-23 22:28:49 | WARNING  | co2_forecast | Very few sequences (4), LSTM may not train well
2026-08-23 22:28:49 | WARNING  | co2_forecast | Very few sequences (8), LSTM may not train well
2026-08-23 22:28:50 | WARNING  | co2_forecast | Very few sequences (4), LSTM may not train well
2026-08-23 22:28:50 | WARNING  | co2_forecast | Very few sequences (4), LSTM may not train well
2026-08-23 22:28:50 | WARNING  | co2_forecast | Very few sequences (4), LSTM may not train well
2026-08-23 22:28:50 | WARNING  | co2_forecast | Very few sequences (8), LSTM may not train well
2026-08-23 22:28:50 | WARNING  | co2_forecast | Very few sequences (4), LSTM may not train well
2026-08-23 22:28:51 | WARNING  | co2_forecast | Very few sequences (4), LSTM may not train well
2026-08-23 22:28:51 | WARNING  | co2_forecast | Very few sequences (4), LSTM may not train well
2026-08-23 22:28:51 | WARNING  | co2_forecast | Very few sequences (8), LSTM may not train well
2026-08-23 22:28:52 | WARNING  | co2_forecast | Very few sequences (4), LSTM may not train well
2026-08-23 22:28:52 | WARNING  | co2_forecast | Very few sequences (4), LSTM may not train well
2026-08-23 22:28:52 | WARNING  | co2_forecast | Very few sequences (4), LSTM may not train well
2026-08-23 22:28:53 | WARNING  | co2_forecast | Very few sequences (8), LSTM may not train well
2026-08-23 22:28:53 | WARNING  | co2_forecast | Very few sequences (4), LSTM may not train well
2026-08-23 22:28:53 | WARNING  | co2_forecast | Very few sequences (4), LSTM may not train well
2026-08-23 22:28:53 | WARNING  | co2_forecast | Very few sequences (4), LSTM may not train well
2026-08-23 22:28:53 | WARNING  | co2_forecast | Very few sequences (8), LSTM may not train well
2026-08-23 22:28:53 | WARNING  | co2_forecast | Very few sequences (4), LSTM may not train well
2026-08-23 22:28:53 | WARNING  | co2_forecast | Very few sequences (4), LSTM may not train well
2026-08-23 22:28:53 | WARNING  | co2_forecast | Very few sequences (4), LSTM may not train well
2026-08-23 22:28:53 | WARNING  | co2_forecast | Very few sequences (8), LSTM may not train well
2026-08-23 22:28:53 | WARNING  | co2_forecast | Very few sequences (4), LSTM may not train well
2026-08-23 22:28:54 | WARNING  | co2_forecast | Very few sequences (4), LSTM may not train well
2026-08-23 22:28:54 | WARNING  | co2_forecast | Very few sequences (4), LSTM may not train well
2026-08-23 22:28:54 | WARNING  | co2_forecast | Very few sequences (8), LSTM may not train well
2026-08-23 22:28:54 | WARNING  | co2_forecast | Very few sequences (4), LSTM may not train well
2026-08-23 22:28:54 | WARNING  | co2_forecast | Very few sequences (4), LSTM may not train well
2026-08-23 22:28:54 | WARNING  | co2_forecast | Very few sequences (4), LSTM may not train well
2026-08-23 22:28:54 | WARNING  | co2_forecast | Very few sequences (8), LSTM may not train well
2026-08-23 22:28:55 | WARNING  | co2_forecast | Very few sequences (4), LSTM may not train well
2026-08-23 22:28:55 | WARNING  | co2_forecast | Very few sequences (4), LSTM may not train well
2026-08-23 22:28:55 | WARNING  | co2_forecast | Very few sequences (4), LSTM may not train well
2026-08-23 22:28:56 | WARNING  | co2_forecast | Very few sequences (8), LSTM may not train well
2026-08-23 22:28:56 | WARNING  | co2_forecast | Very few sequences (4), LSTM may not train well
2026-08-23 22:28:56 | WARNING  | co2_forecast | Very few sequences (4), LSTM may not train well
2026-08-23 22:28:56 | WARNING  | co2_forecast | Very few sequences (4), LSTM may not train well
2026-08-23 22:28:56 | WARNING  | co2_forecast | Very few sequences (8), LSTM may not train well
2026-08-23 22:28:56 | WARNING  | co2_forecast | Very few sequences (4), LSTM may not train well
2026-08-23 22:28:57 | WARNING  | co2_forecast | Very few sequences (4), LSTM may not train well
2026-08-23 22:28:57 | WARNING  | co2_forecast | Very few sequences (4), LSTM may not train well
2026-08-23 22:28:57 | WARNING  | co2_forecast | Very few sequences (8), LSTM may not train well
2026-08-23 22:28:58 | WARNING  | co2_forecast | Very few sequences (4), LSTM may not train well
2026-08-23 22:28:58 | WARNING  | co2_forecast | Very few sequences (4), LSTM may not train well
2026-08-23 22:28:58 | WARNING  | co2_forecast | Very few sequences (4), LSTM may not train well
2026-08-23 22:28:58 | WARNING  | co2_forecast | Very few sequences (8), LSTM may not train well
2026-08-23 22:28:58 | WARNING  | co2_forecast | Very few sequences (4), LSTM may not train well
2026-08-23 22:28:58 | WARNING  | co2_forecast | Very few sequences (4), LSTM may not train well
2026-08-23 22:28:58 | WARNING  | co2_forecast | Very few sequences (4), LSTM may not train well
2026-08-23 22:28:58 | WARNING  | co2_forecast | Very few sequences (8), LSTM may not train well
2026-08-23 22:28:59 | WARNING  | co2_forecast | Very few sequences (4), LSTM may not train well
2026-08-23 22:29:00 | WARNING  | co2_forecast | Very few sequences (4), LSTM may not train well
2026-08-23 22:29:00 | WARNING  | co2_forecast | Very few sequences (4), LSTM may not train well
2026-08-23 22:29:00 | WARNING  | co2_forecast | Very few sequences (8), LSTM may not train well
2026-08-23 22:29:00 | WARNING  | co2_forecast | Very few sequences (4), LSTM may not train well
2026-08-23 22:29:01 | WARNING  | co2_forecast | Very few sequences (4), LSTM may not train well
2026-08-23 22:29:01 | WARNING  | co2_forecast | Very few sequences (4), LSTM may not train well
2026-08-23 22:29:01 | WARNING  | co2_forecast | Very few sequences (8), LSTM may not train well
2026-08-23 22:29:01 | WARNING  | co2_forecast | Very few sequences (4), LSTM may not train well
2026-08-23 22:29:01 | WARNING  | co2_forecast | Very few sequences (4), LSTM may not train well
2026-08-23 22:29:01 | WARNING  | co2_forecast | Very few sequences (4), LSTM may not train well
2026-08-23 22:29:02 | WARNING  | co2_forecast | Very few sequences (8), LSTM may not train well
2026-08-23 22:29:02 | WARNING  | co2_forecast | Very few sequences (4), LSTM may not train well
2026-08-23 22:29:03 | WARNING  | co2_forecast | Very few sequences (4), LSTM may not train well
2026-08-23 22:29:03 | WARNING  | co2_forecast | Very few sequences (4), LSTM may not train well
2026-08-23 22:29:03 | WARNING  | co2_forecast | Very few sequences (8), LSTM may not train well
2026-08-23 22:29:03 | WARNING  | co2_forecast | Very few sequences (4), LSTM may not train well
2026-08-23 22:29:04 | WARNING  | co2_forecast | Very few sequences (4), LSTM may not train well
2026-08-23 22:29:04 | WARNING  | co2_forecast | Very few sequences (4), LSTM may not train well
2026-08-23 22:29:04 | WARNING  | co2_forecast | Very few sequences (8), LSTM may not train well
2026-08-23 22:29:04 | WARNING  | co2_forecast | Very few sequences (4), LSTM may not train well
2026-08-23 22:29:04 | WARNING  | co2_forecast | Very few sequences (4), LSTM may not train well
2026-08-23 22:29:04 | WARNING  | co2_forecast | Very few sequences (4), LSTM may not train well
2026-08-23 22:29:05 | WARNING  | co2_forecast | Very few sequences (8), LSTM may not train well
2026-08-23 22:29:05 | WARNING  | co2_forecast | Very few sequences (4), LSTM may not train well
2026-08-23 22:29:06 | WARNING  | co2_forecast | Very few sequences (4), LSTM may not train well
2026-08-23 22:29:06 | WARNING  | co2_forecast | Very few sequences (4), LSTM may not train well
2026-08-23 22:29:06 | WARNING  | co2_forecast | Very few sequences (8), LSTM may not train well
2026-08-23 22:29:06 | WARNING  | co2_forecast | Very few sequences (4), LSTM may not train well
2026-08-23 22:29:07 | WARNING  | co2_forecast | Very few sequences (4), LSTM may not train well
2026-08-23 22:29:07 | WARNING  | co2_forecast | Very few sequences (4), LSTM may not train well
2026-08-23 22:29:07 | WARNING  | co2_forecast | Very few sequences (8), LSTM may not train well
2026-08-23 22:29:08 | WARNING  | co2_forecast | Very few sequences (4), LSTM may not train well
2026-08-23 22:29:08 | WARNING  | co2_forecast | Very few sequences (4), LSTM may not train well
2026-08-23 22:29:08 | WARNING  | co2_forecast | Very few sequences (4), LSTM may not train well
2026-08-23 22:29:09 | WARNING  | co2_forecast | Very few sequences (8), LSTM may not train well
2026-08-23 22:29:09 | WARNING  | co2_forecast | Very few sequences (4), LSTM may not train well
2026-08-23 22:29:09 | WARNING  | co2_forecast | Very few sequences (4), LSTM may not train well
2026-08-23 22:29:09 | WARNING  | co2_forecast | Very few sequences (4), LSTM may not train well
2026-08-23 22:29:09 | WARNING  | co2_forecast | Very few sequences (8), LSTM may not train well
2026-08-23 22:29:09 | WARNING  | co2_forecast | Very few sequences (4), LSTM may not train well
2026-08-23 22:29:10 | WARNING  | co2_forecast | Very few sequences (4), LSTM may not train well
2026-08-23 22:29:10 | WARNING  | co2_forecast | Very few sequences (4), LSTM may not train well
2026-08-23 22:29:10 | WARNING  | co2_forecast | Very few sequences (8), LSTM may not train well
2026-08-23 22:29:10 | WARNING  | co2_forecast | Very few sequences (4), LSTM may not train well
2026-08-23 22:29:11 | WARNING  | co2_forecast | Very few sequences (4), LSTM may not train well
2026-08-23 22:29:11 | WARNING  | co2_forecast | Very few sequences (4), LSTM may not train well
2026-08-23 22:29:11 | WARNING  | co2_forecast | Very few sequences (8), LSTM may not train well
2026-08-23 22:29:11 | WARNING  | co2_forecast | Very few sequences (4), LSTM may not train well
2026-08-23 22:29:12 | WARNING  | co2_forecast | Very few sequences (4), LSTM may not train well
2026-08-23 22:29:12 | WARNING  | co2_forecast | Very few sequences (4), LSTM may not train well
2026-08-23 22:29:12 | WARNING  | co2_forecast | Very few sequences (8), LSTM may not train well
2026-08-23 22:29:13 | WARNING  | co2_forecast | Very few sequences (4), LSTM may not train well
2026-08-23 22:29:13 | WARNING  | co2_forecast | Very few sequences (4), LSTM may not train well
2026-08-23 22:29:13 | WARNING  | co2_forecast | Very few sequences (4), LSTM may not train well
2026-08-23 22:29:14 | WARNING  | co2_forecast | Very few sequences (8), LSTM may not train well
2026-08-23 22:29:14 | WARNING  | co2_forecast | Very few sequences (4), LSTM may not train well
2026-08-23 22:29:14 | WARNING  | co2_forecast | Very few sequences (4), LSTM may not train well
2026-08-23 22:29:14 | WARNING  | co2_forecast | Very few sequences (4), LSTM may not train well
2026-08-23 22:29:14 | WARNING  | co2_forecast | Very few sequences (8), LSTM may not train well
2026-08-23 22:29:15 | WARNING  | co2_forecast | Very few sequences (4), LSTM may not train well
2026-08-23 22:29:16 | WARNING  | co2_forecast | Very few sequences (4), LSTM may not train well
2026-08-23 22:29:16 | WARNING  | co2_forecast | Very few sequences (4), LSTM may not train well
2026-08-23 22:29:16 | WARNING  | co2_forecast | Very few sequences (8), LSTM may not train well
2026-08-23 22:29:16 | WARNING  | co2_forecast | Very few sequences (4), LSTM may not train well
2026-08-23 22:29:17 | WARNING  | co2_forecast | Very few sequences (4), LSTM may not train well
2026-08-23 22:29:17 | WARNING  | co2_forecast | Very few sequences (4), LSTM may not train well
2026-08-23 22:29:17 | WARNING  | co2_forecast | Very few sequences (8), LSTM may not train well
2026-08-23 22:29:18 | WARNING  | co2_forecast | Very few sequences (4), LSTM may not train well
2026-08-23 22:29:18 | WARNING  | co2_forecast | Very few sequences (4), LSTM may not train well
2026-08-23 22:29:18 | WARNING  | co2_forecast | Very few sequences (4), LSTM may not train well
2026-08-23 22:29:18 | WARNING  | co2_forecast | Very few sequences (8), LSTM may not train well
2026-08-23 22:29:18 | WARNING  | co2_forecast | Very few sequences (4), LSTM may not train well
2026-08-23 22:29:19 | WARNING  | co2_forecast | Very few sequences (4), LSTM may not train well
2026-08-23 22:29:19 | WARNING  | co2_forecast | Very few sequences (4), LSTM may not train well
2026-08-23 22:29:19 | WARNING  | co2_forecast | Very few sequences (8), LSTM may not train well
2026-08-23 22:29:19 | WARNING  | co2_forecast | Very few sequences (4), LSTM may not train well
2026-08-23 22:29:20 | WARNING  | co2_forecast | Very few sequences (4), LSTM may not train well
2026-08-23 22:29:20 | INFO     | co2_forecast |   Iteration 9: Best fitness = 0.758915
2026-08-23 22:29:20 | INFO     | co2_forecast | PSO complete. Best fitness: 0.758915
2026-08-23 22:29:20 | INFO     | co2_forecast |   Best params: {'lookback': 4, 'hidden_size': 19, 'num_layers': 2, 'dropout': 0.3214207792305564, 'learning_rate': 0.0001, 'batch_size': 16}
2026-08-23 22:29:20 | INFO     | co2_forecast |   Best fitness: 0.758915
2026-08-23 22:29:20 | INFO     | co2_forecast | [A3/panel2_common_period/all_features/lstm] sweep tuning: best_params={'lookback': 4, 'hidden_size': 19, 'num_layers': 2, 'dropout': 0.3214207792305564, 'learning_rate': 0.0001, 'batch_size': 16}
2026-08-23 22:29:20 | INFO     | co2_forecast |   -> weighted_mase=0.6223504000159604, runtime=69.8s
2026-08-23 22:29:20 | INFO     | co2_forecast | Stream A cell: A4/ridge (38 features, 28 rows)
2026-08-23 22:29:20 | INFO     | co2_forecast | Creating walk-forward splits for 16 valid samples
2026-08-23 22:29:20 | INFO     | co2_forecast | Created 4 CV folds across horizons [1, 2, 4]
2026-08-23 22:29:20 | INFO     | co2_forecast | Built tuning CV plan: 4 folds from 16 rows before 2022-Q%q (evaluation cutoff) - isolation OK (max tuning date 2021-Q%q)
2026-08-23 22:29:20 | INFO     | co2_forecast | Optimizing ridge...
2026-08-23 22:29:20 | INFO     | co2_forecast | Starting PSO: 8 particles, 10 iterations
2026-08-23 22:29:20 | INFO     | co2_forecast |   Iteration 0: Best fitness = 1.746478
2026-08-23 22:29:20 | INFO     | co2_forecast |   Iteration 5: Best fitness = 1.590593
2026-08-23 22:29:21 | INFO     | co2_forecast |   Iteration 9: Best fitness = 1.590593
2026-08-23 22:29:21 | INFO     | co2_forecast | PSO complete. Best fitness: 1.590593
2026-08-23 22:29:21 | INFO     | co2_forecast |   Best params: {'alpha': 100.0}
2026-08-23 22:29:21 | INFO     | co2_forecast |   Best fitness: 1.590593
2026-08-23 22:29:21 | INFO     | co2_forecast | [A4/panel2_common_period/all_features/ridge] sweep tuning: best_params={'alpha': 100.0}
2026-08-23 22:29:21 | INFO     | co2_forecast |   -> weighted_mase=0.7252363655683494, runtime=0.3s
2026-08-23 22:29:21 | INFO     | co2_forecast | Stream A cell: A4/random_forest (38 features, 28 rows)
2026-08-23 22:29:21 | INFO     | co2_forecast | Creating walk-forward splits for 16 valid samples
2026-08-23 22:29:21 | INFO     | co2_forecast | Created 4 CV folds across horizons [1, 2, 4]
2026-08-23 22:29:21 | INFO     | co2_forecast | Built tuning CV plan: 4 folds from 16 rows before 2022-Q%q (evaluation cutoff) - isolation OK (max tuning date 2021-Q%q)
2026-08-23 22:29:21 | INFO     | co2_forecast | Optimizing random_forest...
2026-08-23 22:29:21 | INFO     | co2_forecast | Starting PSO: 8 particles, 10 iterations
2026-08-23 22:29:26 | INFO     | co2_forecast |   Iteration 0: Best fitness = 0.696596
2026-08-23 22:29:42 | INFO     | co2_forecast |   Iteration 5: Best fitness = 0.385722
2026-08-23 22:29:54 | INFO     | co2_forecast |   Iteration 9: Best fitness = 0.385722
2026-08-23 22:29:54 | INFO     | co2_forecast | PSO complete. Best fitness: 0.385722
2026-08-23 22:29:54 | INFO     | co2_forecast |   Best params: {'n_estimators': 56, 'max_depth': 3, 'min_samples_split': 2, 'min_samples_leaf': 1}
2026-08-23 22:29:54 | INFO     | co2_forecast |   Best fitness: 0.385722
2026-08-23 22:29:54 | INFO     | co2_forecast | [A4/panel2_common_period/all_features/random_forest] sweep tuning: best_params={'n_estimators': 56, 'max_depth': 3, 'min_samples_split': 2, 'min_samples_leaf': 1}
2026-08-23 22:29:54 | INFO     | co2_forecast |   -> weighted_mase=0.24740132317479915, runtime=33.7s
2026-08-23 22:29:54 | INFO     | co2_forecast | Stream A cell: A4/catboost (38 features, 28 rows)
2026-08-23 22:29:54 | INFO     | co2_forecast | Creating walk-forward splits for 16 valid samples
2026-08-23 22:29:54 | INFO     | co2_forecast | Created 4 CV folds across horizons [1, 2, 4]
2026-08-23 22:29:54 | INFO     | co2_forecast | Built tuning CV plan: 4 folds from 16 rows before 2022-Q%q (evaluation cutoff) - isolation OK (max tuning date 2021-Q%q)
2026-08-23 22:29:54 | INFO     | co2_forecast | Optimizing catboost...
2026-08-23 22:29:54 | INFO     | co2_forecast | Starting PSO: 8 particles, 10 iterations
2026-08-23 22:30:28 | INFO     | co2_forecast |   Iteration 0: Best fitness = 0.345546
2026-08-23 22:33:17 | INFO     | co2_forecast |   Iteration 5: Best fitness = 0.267613
2026-08-23 22:35:30 | INFO     | co2_forecast |   Iteration 9: Best fitness = 0.250050
2026-08-23 22:35:30 | INFO     | co2_forecast | PSO complete. Best fitness: 0.250050
2026-08-23 22:35:30 | INFO     | co2_forecast |   Best params: {'iterations': 166, 'learning_rate': 0.18991802047996115, 'depth': 3, 'l2_leaf_reg': 1.5871249176147466}
2026-08-23 22:35:30 | INFO     | co2_forecast |   Best fitness: 0.250050
2026-08-23 22:35:30 | INFO     | co2_forecast | [A4/panel2_common_period/all_features/catboost] sweep tuning: best_params={'iterations': 166, 'learning_rate': 0.18991802047996115, 'depth': 3, 'l2_leaf_reg': 1.5871249176147466}
2026-08-23 22:35:33 | INFO     | co2_forecast |   -> weighted_mase=0.7988185074324651, runtime=338.5s
2026-08-23 22:35:33 | INFO     | co2_forecast | Stream A cell: A4/lightgbm (38 features, 28 rows)
2026-08-23 22:35:33 | INFO     | co2_forecast | Creating walk-forward splits for 16 valid samples
2026-08-23 22:35:33 | INFO     | co2_forecast | Created 4 CV folds across horizons [1, 2, 4]
2026-08-23 22:35:33 | INFO     | co2_forecast | Built tuning CV plan: 4 folds from 16 rows before 2022-Q%q (evaluation cutoff) - isolation OK (max tuning date 2021-Q%q)
2026-08-23 22:35:33 | INFO     | co2_forecast | Optimizing lightgbm...
2026-08-23 22:35:33 | INFO     | co2_forecast | Starting PSO: 8 particles, 10 iterations
2026-08-23 22:35:33 | INFO     | co2_forecast |   Iteration 0: Best fitness = 0.768990
2026-08-23 22:35:33 | INFO     | co2_forecast |   Iteration 5: Best fitness = 0.604404
2026-08-23 22:35:34 | INFO     | co2_forecast |   Iteration 9: Best fitness = 0.603759
2026-08-23 22:35:34 | INFO     | co2_forecast | PSO complete. Best fitness: 0.603759
2026-08-23 22:35:34 | INFO     | co2_forecast |   Best params: {'n_estimators': 83, 'learning_rate': 0.3, 'num_leaves': 127, 'max_depth': 8, 'min_child_samples': 5, 'reg_alpha': 0.001, 'reg_lambda': 0.001}
2026-08-23 22:35:34 | INFO     | co2_forecast |   Best fitness: 0.603759
2026-08-23 22:35:34 | INFO     | co2_forecast | [A4/panel2_common_period/all_features/lightgbm] sweep tuning: best_params={'n_estimators': 83, 'learning_rate': 0.3, 'num_leaves': 127, 'max_depth': 8, 'min_child_samples': 5, 'reg_alpha': 0.001, 'reg_lambda': 0.001}
2026-08-23 22:35:34 | INFO     | co2_forecast |   -> weighted_mase=1.288616294477671, runtime=1.3s
2026-08-23 22:35:34 | INFO     | co2_forecast | Stream A cell: A4/lstm (38 features, 28 rows)
2026-08-23 22:35:34 | INFO     | co2_forecast | Creating walk-forward splits for 16 valid samples
2026-08-23 22:35:34 | INFO     | co2_forecast | Created 4 CV folds across horizons [1, 2, 4]
2026-08-23 22:35:34 | INFO     | co2_forecast | Built tuning CV plan: 4 folds from 16 rows before 2022-Q%q (evaluation cutoff) - isolation OK (max tuning date 2021-Q%q)
2026-08-23 22:35:34 | INFO     | co2_forecast | Optimizing lstm...
2026-08-23 22:35:34 | INFO     | co2_forecast | Starting PSO: 8 particles, 10 iterations
2026-08-23 22:35:34 | WARNING  | co2_forecast | Model training failed with params {'lookback': 7, 'hidden_size': 62, 'num_layers': 2, 'dropout': 0.3394633936788146, 'learning_rate': 0.0016445845403801217, 'batch_size': 8}: LSTM.fit: training data has 8 rows, giving only 1 sequence(s) with lookback=7; at least 2 are required (one is always reserved for validation). Reduce lookback or provide more training history.
2026-08-23 22:35:34 | WARNING  | co2_forecast | Model training failed with params {'lookback': 11, 'hidden_size': 26, 'num_layers': 1, 'dropout': 0.17336180394137352, 'learning_rate': 0.0031119982052994237, 'batch_size': 16}: LSTM.fit: training data has 8 rows, giving only 0 sequence(s) with lookback=11; at least 2 are required (one is always reserved for validation). Reduce lookback or provide more training history.
2026-08-23 22:35:34 | WARNING  | co2_forecast | Model training failed with params {'lookback': 8, 'hidden_size': 54, 'num_layers': 1, 'dropout': 0.3056937753654446, 'learning_rate': 0.005964904231734221, 'batch_size': 8}: LSTM.fit: training data has 8 rows, giving only 0 sequence(s) with lookback=8; at least 2 are required (one is always reserved for validation). Reduce lookback or provide more training history.
2026-08-23 22:35:34 | WARNING  | co2_forecast | Very few sequences (2), LSTM may not train well
2026-08-23 22:35:34 | WARNING  | co2_forecast | Very few sequences (6), LSTM may not train well
2026-08-23 22:35:34 | WARNING  | co2_forecast | Very few sequences (2), LSTM may not train well
2026-08-23 22:35:34 | WARNING  | co2_forecast | Very few sequences (2), LSTM may not train well
2026-08-23 22:35:35 | WARNING  | co2_forecast | Model training failed with params {'lookback': 8, 'hidden_size': 25, 'num_layers': 2, 'dropout': 0.4100531293444458, 'learning_rate': 0.009401039521485473, 'batch_size': 32}: LSTM.fit: training data has 8 rows, giving only 0 sequence(s) with lookback=8; at least 2 are required (one is always reserved for validation). Reduce lookback or provide more training history.
2026-08-23 22:35:35 | WARNING  | co2_forecast | Model training failed with params {'lookback': 7, 'hidden_size': 29, 'num_layers': 2, 'dropout': 0.2427013306774357, 'learning_rate': 0.0028812516459050695, 'batch_size': 16}: LSTM.fit: training data has 8 rows, giving only 1 sequence(s) with lookback=7; at least 2 are required (one is always reserved for validation). Reduce lookback or provide more training history.
2026-08-23 22:35:35 | WARNING  | co2_forecast | Very few sequences (4), LSTM may not train well
2026-08-23 22:35:35 | WARNING  | co2_forecast | Very few sequences (8), LSTM may not train well
2026-08-23 22:35:35 | WARNING  | co2_forecast | Very few sequences (4), LSTM may not train well
2026-08-23 22:35:35 | WARNING  | co2_forecast | Very few sequences (4), LSTM may not train well
2026-08-23 22:35:35 | WARNING  | co2_forecast | Very few sequences (2), LSTM may not train well
2026-08-23 22:35:35 | WARNING  | co2_forecast | Very few sequences (6), LSTM may not train well
2026-08-23 22:35:35 | WARNING  | co2_forecast | Very few sequences (2), LSTM may not train well
2026-08-23 22:35:35 | WARNING  | co2_forecast | Very few sequences (2), LSTM may not train well
2026-08-23 22:35:35 | INFO     | co2_forecast |   Iteration 0: Best fitness = 0.931423
2026-08-23 22:35:35 | WARNING  | co2_forecast | Very few sequences (4), LSTM may not train well
2026-08-23 22:35:35 | WARNING  | co2_forecast | Very few sequences (8), LSTM may not train well
2026-08-23 22:35:35 | WARNING  | co2_forecast | Very few sequences (4), LSTM may not train well
2026-08-23 22:35:35 | WARNING  | co2_forecast | Very few sequences (4), LSTM may not train well
2026-08-23 22:35:36 | WARNING  | co2_forecast | Very few sequences (3), LSTM may not train well
2026-08-23 22:35:36 | WARNING  | co2_forecast | Very few sequences (7), LSTM may not train well
2026-08-23 22:35:36 | WARNING  | co2_forecast | Very few sequences (3), LSTM may not train well
2026-08-23 22:35:36 | WARNING  | co2_forecast | Very few sequences (3), LSTM may not train well
2026-08-23 22:35:36 | WARNING  | co2_forecast | Model training failed with params {'lookback': 7, 'hidden_size': 52, 'num_layers': 1, 'dropout': 0.3509333868153429, 'learning_rate': 0.007024592970449884, 'batch_size': 8}: LSTM.fit: training data has 8 rows, giving only 1 sequence(s) with lookback=7; at least 2 are required (one is always reserved for validation). Reduce lookback or provide more training history.
2026-08-23 22:35:36 | WARNING  | co2_forecast | Very few sequences (4), LSTM may not train well
2026-08-23 22:35:36 | WARNING  | co2_forecast | Very few sequences (8), LSTM may not train well
2026-08-23 22:35:36 | WARNING  | co2_forecast | Very few sequences (4), LSTM may not train well
2026-08-23 22:35:36 | WARNING  | co2_forecast | Very few sequences (4), LSTM may not train well
2026-08-23 22:35:36 | WARNING  | co2_forecast | Very few sequences (4), LSTM may not train well
2026-08-23 22:35:36 | WARNING  | co2_forecast | Very few sequences (8), LSTM may not train well
2026-08-23 22:35:36 | WARNING  | co2_forecast | Very few sequences (4), LSTM may not train well
2026-08-23 22:35:37 | WARNING  | co2_forecast | Very few sequences (4), LSTM may not train well
2026-08-23 22:35:37 | WARNING  | co2_forecast | Very few sequences (4), LSTM may not train well
2026-08-23 22:35:37 | WARNING  | co2_forecast | Very few sequences (8), LSTM may not train well
2026-08-23 22:35:37 | WARNING  | co2_forecast | Very few sequences (4), LSTM may not train well
2026-08-23 22:35:37 | WARNING  | co2_forecast | Very few sequences (4), LSTM may not train well
2026-08-23 22:35:37 | WARNING  | co2_forecast | Very few sequences (4), LSTM may not train well
2026-08-23 22:35:37 | WARNING  | co2_forecast | Very few sequences (8), LSTM may not train well
2026-08-23 22:35:37 | WARNING  | co2_forecast | Very few sequences (4), LSTM may not train well
2026-08-23 22:35:37 | WARNING  | co2_forecast | Very few sequences (4), LSTM may not train well
2026-08-23 22:35:37 | WARNING  | co2_forecast | Very few sequences (3), LSTM may not train well
2026-08-23 22:35:37 | WARNING  | co2_forecast | Very few sequences (7), LSTM may not train well
2026-08-23 22:35:38 | WARNING  | co2_forecast | Very few sequences (3), LSTM may not train well
2026-08-23 22:35:38 | WARNING  | co2_forecast | Very few sequences (3), LSTM may not train well
2026-08-23 22:35:38 | WARNING  | co2_forecast | Very few sequences (4), LSTM may not train well
2026-08-23 22:35:38 | WARNING  | co2_forecast | Very few sequences (8), LSTM may not train well
2026-08-23 22:35:38 | WARNING  | co2_forecast | Very few sequences (4), LSTM may not train well
2026-08-23 22:35:38 | WARNING  | co2_forecast | Very few sequences (4), LSTM may not train well
2026-08-23 22:35:38 | WARNING  | co2_forecast | Very few sequences (4), LSTM may not train well
2026-08-23 22:35:38 | WARNING  | co2_forecast | Very few sequences (8), LSTM may not train well
2026-08-23 22:35:38 | WARNING  | co2_forecast | Very few sequences (4), LSTM may not train well
2026-08-23 22:35:38 | WARNING  | co2_forecast | Very few sequences (4), LSTM may not train well
2026-08-23 22:35:39 | WARNING  | co2_forecast | Very few sequences (2), LSTM may not train well
2026-08-23 22:35:39 | WARNING  | co2_forecast | Very few sequences (6), LSTM may not train well
2026-08-23 22:35:39 | WARNING  | co2_forecast | Very few sequences (2), LSTM may not train well
2026-08-23 22:35:39 | WARNING  | co2_forecast | Very few sequences (2), LSTM may not train well
2026-08-23 22:35:39 | WARNING  | co2_forecast | Very few sequences (4), LSTM may not train well
2026-08-23 22:35:39 | WARNING  | co2_forecast | Very few sequences (8), LSTM may not train well
2026-08-23 22:35:39 | WARNING  | co2_forecast | Very few sequences (4), LSTM may not train well
2026-08-23 22:35:39 | WARNING  | co2_forecast | Very few sequences (4), LSTM may not train well
2026-08-23 22:35:39 | WARNING  | co2_forecast | Very few sequences (4), LSTM may not train well
2026-08-23 22:35:39 | WARNING  | co2_forecast | Very few sequences (8), LSTM may not train well
2026-08-23 22:35:40 | WARNING  | co2_forecast | Very few sequences (4), LSTM may not train well
2026-08-23 22:35:40 | WARNING  | co2_forecast | Very few sequences (4), LSTM may not train well
2026-08-23 22:35:40 | WARNING  | co2_forecast | Very few sequences (4), LSTM may not train well
2026-08-23 22:35:40 | WARNING  | co2_forecast | Very few sequences (8), LSTM may not train well
2026-08-23 22:35:40 | WARNING  | co2_forecast | Very few sequences (4), LSTM may not train well
2026-08-23 22:35:40 | WARNING  | co2_forecast | Very few sequences (4), LSTM may not train well
2026-08-23 22:35:40 | WARNING  | co2_forecast | Very few sequences (4), LSTM may not train well
2026-08-23 22:35:40 | WARNING  | co2_forecast | Very few sequences (8), LSTM may not train well
2026-08-23 22:35:40 | WARNING  | co2_forecast | Very few sequences (4), LSTM may not train well
2026-08-23 22:35:40 | WARNING  | co2_forecast | Very few sequences (4), LSTM may not train well
2026-08-23 22:35:41 | WARNING  | co2_forecast | Very few sequences (4), LSTM may not train well
2026-08-23 22:35:41 | WARNING  | co2_forecast | Very few sequences (8), LSTM may not train well
2026-08-23 22:35:41 | WARNING  | co2_forecast | Very few sequences (4), LSTM may not train well
2026-08-23 22:35:41 | WARNING  | co2_forecast | Very few sequences (4), LSTM may not train well
2026-08-23 22:35:41 | WARNING  | co2_forecast | Very few sequences (3), LSTM may not train well
2026-08-23 22:35:41 | WARNING  | co2_forecast | Very few sequences (7), LSTM may not train well
2026-08-23 22:35:41 | WARNING  | co2_forecast | Very few sequences (3), LSTM may not train well
2026-08-23 22:35:41 | WARNING  | co2_forecast | Very few sequences (3), LSTM may not train well
2026-08-23 22:35:41 | WARNING  | co2_forecast | Very few sequences (4), LSTM may not train well
2026-08-23 22:35:41 | WARNING  | co2_forecast | Very few sequences (8), LSTM may not train well
2026-08-23 22:35:41 | WARNING  | co2_forecast | Very few sequences (4), LSTM may not train well
2026-08-23 22:35:41 | WARNING  | co2_forecast | Very few sequences (4), LSTM may not train well
2026-08-23 22:35:42 | WARNING  | co2_forecast | Very few sequences (3), LSTM may not train well
2026-08-23 22:35:42 | WARNING  | co2_forecast | Very few sequences (7), LSTM may not train well
2026-08-23 22:35:42 | WARNING  | co2_forecast | Very few sequences (3), LSTM may not train well
2026-08-23 22:35:42 | WARNING  | co2_forecast | Very few sequences (3), LSTM may not train well
2026-08-23 22:35:42 | WARNING  | co2_forecast | Very few sequences (3), LSTM may not train well
2026-08-23 22:35:42 | WARNING  | co2_forecast | Very few sequences (7), LSTM may not train well
2026-08-23 22:35:42 | WARNING  | co2_forecast | Very few sequences (3), LSTM may not train well
2026-08-23 22:35:42 | WARNING  | co2_forecast | Very few sequences (3), LSTM may not train well
2026-08-23 22:35:43 | WARNING  | co2_forecast | Very few sequences (4), LSTM may not train well
2026-08-23 22:35:43 | WARNING  | co2_forecast | Very few sequences (8), LSTM may not train well
2026-08-23 22:35:43 | WARNING  | co2_forecast | Very few sequences (4), LSTM may not train well
2026-08-23 22:35:43 | WARNING  | co2_forecast | Very few sequences (4), LSTM may not train well
2026-08-23 22:35:43 | WARNING  | co2_forecast | Very few sequences (3), LSTM may not train well
2026-08-23 22:35:43 | WARNING  | co2_forecast | Very few sequences (7), LSTM may not train well
2026-08-23 22:35:43 | WARNING  | co2_forecast | Very few sequences (3), LSTM may not train well
2026-08-23 22:35:43 | WARNING  | co2_forecast | Very few sequences (3), LSTM may not train well
2026-08-23 22:35:43 | WARNING  | co2_forecast | Very few sequences (3), LSTM may not train well
2026-08-23 22:35:43 | WARNING  | co2_forecast | Very few sequences (7), LSTM may not train well
2026-08-23 22:35:43 | WARNING  | co2_forecast | Very few sequences (3), LSTM may not train well
2026-08-23 22:35:44 | WARNING  | co2_forecast | Very few sequences (3), LSTM may not train well
2026-08-23 22:35:44 | WARNING  | co2_forecast | Very few sequences (4), LSTM may not train well
2026-08-23 22:35:44 | WARNING  | co2_forecast | Very few sequences (8), LSTM may not train well
2026-08-23 22:35:44 | WARNING  | co2_forecast | Very few sequences (4), LSTM may not train well
2026-08-23 22:35:44 | WARNING  | co2_forecast | Very few sequences (4), LSTM may not train well
2026-08-23 22:35:44 | WARNING  | co2_forecast | Model training failed with params {'lookback': 7, 'hidden_size': 53, 'num_layers': 1, 'dropout': 0.3362932605777516, 'learning_rate': 0.006180443565376336, 'batch_size': 8}: LSTM.fit: training data has 8 rows, giving only 1 sequence(s) with lookback=7; at least 2 are required (one is always reserved for validation). Reduce lookback or provide more training history.
2026-08-23 22:35:44 | WARNING  | co2_forecast | Very few sequences (3), LSTM may not train well
2026-08-23 22:35:44 | WARNING  | co2_forecast | Very few sequences (7), LSTM may not train well
2026-08-23 22:35:44 | WARNING  | co2_forecast | Very few sequences (3), LSTM may not train well
2026-08-23 22:35:44 | WARNING  | co2_forecast | Very few sequences (3), LSTM may not train well
2026-08-23 22:35:45 | WARNING  | co2_forecast | Very few sequences (3), LSTM may not train well
2026-08-23 22:35:45 | WARNING  | co2_forecast | Very few sequences (7), LSTM may not train well
2026-08-23 22:35:45 | WARNING  | co2_forecast | Very few sequences (3), LSTM may not train well
2026-08-23 22:35:45 | WARNING  | co2_forecast | Very few sequences (3), LSTM may not train well
2026-08-23 22:35:45 | WARNING  | co2_forecast | Model training failed with params {'lookback': 7, 'hidden_size': 43, 'num_layers': 1, 'dropout': 0.3084421535333016, 'learning_rate': 0.006084819398089935, 'batch_size': 8}: LSTM.fit: training data has 8 rows, giving only 1 sequence(s) with lookback=7; at least 2 are required (one is always reserved for validation). Reduce lookback or provide more training history.
2026-08-23 22:35:45 | WARNING  | co2_forecast | Very few sequences (2), LSTM may not train well
2026-08-23 22:35:45 | WARNING  | co2_forecast | Very few sequences (6), LSTM may not train well
2026-08-23 22:35:45 | WARNING  | co2_forecast | Very few sequences (2), LSTM may not train well
2026-08-23 22:35:45 | WARNING  | co2_forecast | Very few sequences (2), LSTM may not train well
2026-08-23 22:35:45 | WARNING  | co2_forecast | Model training failed with params {'lookback': 7, 'hidden_size': 42, 'num_layers': 1, 'dropout': 0.2974848275529484, 'learning_rate': 0.00599903403366885, 'batch_size': 8}: LSTM.fit: training data has 8 rows, giving only 1 sequence(s) with lookback=7; at least 2 are required (one is always reserved for validation). Reduce lookback or provide more training history.
2026-08-23 22:35:45 | WARNING  | co2_forecast | Very few sequences (4), LSTM may not train well
2026-08-23 22:35:45 | WARNING  | co2_forecast | Very few sequences (8), LSTM may not train well
2026-08-23 22:35:46 | WARNING  | co2_forecast | Very few sequences (4), LSTM may not train well
2026-08-23 22:35:46 | WARNING  | co2_forecast | Very few sequences (4), LSTM may not train well
2026-08-23 22:35:46 | WARNING  | co2_forecast | Very few sequences (4), LSTM may not train well
2026-08-23 22:35:46 | WARNING  | co2_forecast | Very few sequences (8), LSTM may not train well
2026-08-23 22:35:46 | WARNING  | co2_forecast | Very few sequences (4), LSTM may not train well
2026-08-23 22:35:46 | WARNING  | co2_forecast | Very few sequences (4), LSTM may not train well
2026-08-23 22:35:46 | WARNING  | co2_forecast | Very few sequences (2), LSTM may not train well
2026-08-23 22:35:46 | WARNING  | co2_forecast | Very few sequences (6), LSTM may not train well
2026-08-23 22:35:47 | WARNING  | co2_forecast | Very few sequences (2), LSTM may not train well
2026-08-23 22:35:47 | WARNING  | co2_forecast | Very few sequences (2), LSTM may not train well
2026-08-23 22:35:47 | WARNING  | co2_forecast | Very few sequences (2), LSTM may not train well
2026-08-23 22:35:47 | WARNING  | co2_forecast | Very few sequences (6), LSTM may not train well
2026-08-23 22:35:47 | WARNING  | co2_forecast | Very few sequences (2), LSTM may not train well
2026-08-23 22:35:47 | WARNING  | co2_forecast | Very few sequences (2), LSTM may not train well
2026-08-23 22:35:47 | WARNING  | co2_forecast | Very few sequences (3), LSTM may not train well
2026-08-23 22:35:47 | WARNING  | co2_forecast | Very few sequences (7), LSTM may not train well
2026-08-23 22:35:47 | WARNING  | co2_forecast | Very few sequences (3), LSTM may not train well
2026-08-23 22:35:48 | WARNING  | co2_forecast | Very few sequences (3), LSTM may not train well
2026-08-23 22:35:48 | WARNING  | co2_forecast | Model training failed with params {'lookback': 7, 'hidden_size': 44, 'num_layers': 1, 'dropout': 0.37860021832026247, 'learning_rate': 0.008075162645272, 'batch_size': 8}: LSTM.fit: training data has 8 rows, giving only 1 sequence(s) with lookback=7; at least 2 are required (one is always reserved for validation). Reduce lookback or provide more training history.
2026-08-23 22:35:48 | WARNING  | co2_forecast | Model training failed with params {'lookback': 7, 'hidden_size': 39, 'num_layers': 1, 'dropout': 0.3925697724428971, 'learning_rate': 0.00937345414432114, 'batch_size': 8}: LSTM.fit: training data has 8 rows, giving only 1 sequence(s) with lookback=7; at least 2 are required (one is always reserved for validation). Reduce lookback or provide more training history.
2026-08-23 22:35:48 | WARNING  | co2_forecast | Model training failed with params {'lookback': 7, 'hidden_size': 45, 'num_layers': 1, 'dropout': 0.3926435672555745, 'learning_rate': 0.008476556982167281, 'batch_size': 8}: LSTM.fit: training data has 8 rows, giving only 1 sequence(s) with lookback=7; at least 2 are required (one is always reserved for validation). Reduce lookback or provide more training history.
2026-08-23 22:35:48 | WARNING  | co2_forecast | Very few sequences (4), LSTM may not train well
2026-08-23 22:35:48 | WARNING  | co2_forecast | Very few sequences (8), LSTM may not train well
2026-08-23 22:35:48 | WARNING  | co2_forecast | Very few sequences (4), LSTM may not train well
2026-08-23 22:35:48 | WARNING  | co2_forecast | Very few sequences (4), LSTM may not train well
2026-08-23 22:35:48 | WARNING  | co2_forecast | Very few sequences (3), LSTM may not train well
2026-08-23 22:35:48 | WARNING  | co2_forecast | Very few sequences (7), LSTM may not train well
2026-08-23 22:35:48 | WARNING  | co2_forecast | Very few sequences (3), LSTM may not train well
2026-08-23 22:35:48 | WARNING  | co2_forecast | Very few sequences (3), LSTM may not train well
2026-08-23 22:35:48 | INFO     | co2_forecast |   Iteration 5: Best fitness = 0.695928
2026-08-23 22:35:48 | WARNING  | co2_forecast | Very few sequences (3), LSTM may not train well
2026-08-23 22:35:48 | WARNING  | co2_forecast | Very few sequences (7), LSTM may not train well
2026-08-23 22:35:49 | WARNING  | co2_forecast | Very few sequences (3), LSTM may not train well
2026-08-23 22:35:49 | WARNING  | co2_forecast | Very few sequences (3), LSTM may not train well
2026-08-23 22:35:49 | WARNING  | co2_forecast | Very few sequences (2), LSTM may not train well
2026-08-23 22:35:49 | WARNING  | co2_forecast | Very few sequences (6), LSTM may not train well
2026-08-23 22:35:49 | WARNING  | co2_forecast | Very few sequences (2), LSTM may not train well
2026-08-23 22:35:49 | WARNING  | co2_forecast | Very few sequences (2), LSTM may not train well
2026-08-23 22:35:49 | WARNING  | co2_forecast | Very few sequences (2), LSTM may not train well
2026-08-23 22:35:49 | WARNING  | co2_forecast | Very few sequences (6), LSTM may not train well
2026-08-23 22:35:49 | WARNING  | co2_forecast | Very few sequences (2), LSTM may not train well
2026-08-23 22:35:50 | WARNING  | co2_forecast | Very few sequences (2), LSTM may not train well
2026-08-23 22:35:50 | WARNING  | co2_forecast | Very few sequences (2), LSTM may not train well
2026-08-23 22:35:50 | WARNING  | co2_forecast | Very few sequences (6), LSTM may not train well
2026-08-23 22:35:50 | WARNING  | co2_forecast | Very few sequences (2), LSTM may not train well
2026-08-23 22:35:50 | WARNING  | co2_forecast | Very few sequences (2), LSTM may not train well
2026-08-23 22:35:50 | WARNING  | co2_forecast | Very few sequences (2), LSTM may not train well
2026-08-23 22:35:50 | WARNING  | co2_forecast | Very few sequences (6), LSTM may not train well
2026-08-23 22:35:50 | WARNING  | co2_forecast | Very few sequences (2), LSTM may not train well
2026-08-23 22:35:50 | WARNING  | co2_forecast | Very few sequences (2), LSTM may not train well
2026-08-23 22:35:51 | WARNING  | co2_forecast | Very few sequences (3), LSTM may not train well
2026-08-23 22:35:51 | WARNING  | co2_forecast | Very few sequences (7), LSTM may not train well
2026-08-23 22:35:51 | WARNING  | co2_forecast | Very few sequences (3), LSTM may not train well
2026-08-23 22:35:51 | WARNING  | co2_forecast | Very few sequences (3), LSTM may not train well
2026-08-23 22:35:51 | WARNING  | co2_forecast | Very few sequences (3), LSTM may not train well
2026-08-23 22:35:51 | WARNING  | co2_forecast | Very few sequences (7), LSTM may not train well
2026-08-23 22:35:51 | WARNING  | co2_forecast | Very few sequences (3), LSTM may not train well
2026-08-23 22:35:51 | WARNING  | co2_forecast | Very few sequences (3), LSTM may not train well
2026-08-23 22:35:51 | WARNING  | co2_forecast | Very few sequences (2), LSTM may not train well
2026-08-23 22:35:51 | WARNING  | co2_forecast | Very few sequences (6), LSTM may not train well
2026-08-23 22:35:52 | WARNING  | co2_forecast | Very few sequences (2), LSTM may not train well
2026-08-23 22:35:52 | WARNING  | co2_forecast | Very few sequences (2), LSTM may not train well
2026-08-23 22:35:52 | WARNING  | co2_forecast | Very few sequences (3), LSTM may not train well
2026-08-23 22:35:52 | WARNING  | co2_forecast | Very few sequences (7), LSTM may not train well
2026-08-23 22:35:52 | WARNING  | co2_forecast | Very few sequences (3), LSTM may not train well
2026-08-23 22:35:52 | WARNING  | co2_forecast | Very few sequences (3), LSTM may not train well
2026-08-23 22:35:52 | WARNING  | co2_forecast | Very few sequences (3), LSTM may not train well
2026-08-23 22:35:52 | WARNING  | co2_forecast | Very few sequences (7), LSTM may not train well
2026-08-23 22:35:53 | WARNING  | co2_forecast | Very few sequences (3), LSTM may not train well
2026-08-23 22:35:53 | WARNING  | co2_forecast | Very few sequences (3), LSTM may not train well
2026-08-23 22:35:53 | WARNING  | co2_forecast | Very few sequences (2), LSTM may not train well
2026-08-23 22:35:53 | WARNING  | co2_forecast | Very few sequences (6), LSTM may not train well
2026-08-23 22:35:53 | WARNING  | co2_forecast | Very few sequences (2), LSTM may not train well
2026-08-23 22:35:53 | WARNING  | co2_forecast | Very few sequences (2), LSTM may not train well
2026-08-23 22:35:53 | WARNING  | co2_forecast | Very few sequences (4), LSTM may not train well
2026-08-23 22:35:53 | WARNING  | co2_forecast | Very few sequences (8), LSTM may not train well
2026-08-23 22:35:53 | WARNING  | co2_forecast | Very few sequences (4), LSTM may not train well
2026-08-23 22:35:53 | WARNING  | co2_forecast | Very few sequences (4), LSTM may not train well
2026-08-23 22:35:53 | WARNING  | co2_forecast | Very few sequences (4), LSTM may not train well
2026-08-23 22:35:54 | WARNING  | co2_forecast | Very few sequences (8), LSTM may not train well
2026-08-23 22:35:54 | WARNING  | co2_forecast | Very few sequences (4), LSTM may not train well
2026-08-23 22:35:54 | WARNING  | co2_forecast | Very few sequences (4), LSTM may not train well
2026-08-23 22:35:54 | WARNING  | co2_forecast | Very few sequences (4), LSTM may not train well
2026-08-23 22:35:54 | WARNING  | co2_forecast | Very few sequences (8), LSTM may not train well
2026-08-23 22:35:54 | WARNING  | co2_forecast | Very few sequences (4), LSTM may not train well
2026-08-23 22:35:54 | WARNING  | co2_forecast | Very few sequences (4), LSTM may not train well
2026-08-23 22:35:54 | WARNING  | co2_forecast | Very few sequences (2), LSTM may not train well
2026-08-23 22:35:54 | WARNING  | co2_forecast | Very few sequences (6), LSTM may not train well
2026-08-23 22:35:55 | WARNING  | co2_forecast | Very few sequences (2), LSTM may not train well
2026-08-23 22:35:55 | WARNING  | co2_forecast | Very few sequences (2), LSTM may not train well
2026-08-23 22:35:55 | WARNING  | co2_forecast | Very few sequences (2), LSTM may not train well
2026-08-23 22:35:55 | WARNING  | co2_forecast | Very few sequences (6), LSTM may not train well
2026-08-23 22:35:55 | WARNING  | co2_forecast | Very few sequences (2), LSTM may not train well
2026-08-23 22:35:55 | WARNING  | co2_forecast | Very few sequences (2), LSTM may not train well
2026-08-23 22:35:55 | WARNING  | co2_forecast | Very few sequences (3), LSTM may not train well
2026-08-23 22:35:55 | WARNING  | co2_forecast | Very few sequences (7), LSTM may not train well
2026-08-23 22:35:55 | WARNING  | co2_forecast | Very few sequences (3), LSTM may not train well
2026-08-23 22:35:55 | WARNING  | co2_forecast | Very few sequences (3), LSTM may not train well
2026-08-23 22:35:56 | WARNING  | co2_forecast | Very few sequences (2), LSTM may not train well
2026-08-23 22:35:56 | WARNING  | co2_forecast | Very few sequences (6), LSTM may not train well
2026-08-23 22:35:56 | WARNING  | co2_forecast | Very few sequences (2), LSTM may not train well
2026-08-23 22:35:56 | WARNING  | co2_forecast | Very few sequences (2), LSTM may not train well
2026-08-23 22:35:56 | WARNING  | co2_forecast | Very few sequences (2), LSTM may not train well
2026-08-23 22:35:56 | WARNING  | co2_forecast | Very few sequences (6), LSTM may not train well
2026-08-23 22:35:56 | WARNING  | co2_forecast | Very few sequences (2), LSTM may not train well
2026-08-23 22:35:56 | WARNING  | co2_forecast | Very few sequences (2), LSTM may not train well
2026-08-23 22:35:56 | WARNING  | co2_forecast | Very few sequences (4), LSTM may not train well
2026-08-23 22:35:56 | WARNING  | co2_forecast | Very few sequences (8), LSTM may not train well
2026-08-23 22:35:56 | WARNING  | co2_forecast | Very few sequences (4), LSTM may not train well
2026-08-23 22:35:56 | WARNING  | co2_forecast | Very few sequences (4), LSTM may not train well
2026-08-23 22:35:57 | WARNING  | co2_forecast | Very few sequences (2), LSTM may not train well
2026-08-23 22:35:57 | WARNING  | co2_forecast | Very few sequences (6), LSTM may not train well
2026-08-23 22:35:57 | WARNING  | co2_forecast | Very few sequences (2), LSTM may not train well
2026-08-23 22:35:57 | WARNING  | co2_forecast | Very few sequences (2), LSTM may not train well
2026-08-23 22:35:57 | WARNING  | co2_forecast | Very few sequences (3), LSTM may not train well
2026-08-23 22:35:57 | WARNING  | co2_forecast | Very few sequences (7), LSTM may not train well
2026-08-23 22:35:57 | WARNING  | co2_forecast | Very few sequences (3), LSTM may not train well
2026-08-23 22:35:57 | WARNING  | co2_forecast | Very few sequences (3), LSTM may not train well
2026-08-23 22:35:57 | WARNING  | co2_forecast | Very few sequences (3), LSTM may not train well
2026-08-23 22:35:57 | WARNING  | co2_forecast | Very few sequences (7), LSTM may not train well
2026-08-23 22:35:57 | WARNING  | co2_forecast | Very few sequences (3), LSTM may not train well
2026-08-23 22:35:58 | WARNING  | co2_forecast | Very few sequences (3), LSTM may not train well
2026-08-23 22:35:58 | WARNING  | co2_forecast | Very few sequences (2), LSTM may not train well
2026-08-23 22:35:58 | WARNING  | co2_forecast | Very few sequences (6), LSTM may not train well
2026-08-23 22:35:58 | WARNING  | co2_forecast | Very few sequences (2), LSTM may not train well
2026-08-23 22:35:58 | WARNING  | co2_forecast | Very few sequences (2), LSTM may not train well
2026-08-23 22:35:58 | WARNING  | co2_forecast | Very few sequences (3), LSTM may not train well
2026-08-23 22:35:58 | WARNING  | co2_forecast | Very few sequences (7), LSTM may not train well
2026-08-23 22:35:58 | WARNING  | co2_forecast | Very few sequences (3), LSTM may not train well
2026-08-23 22:35:58 | WARNING  | co2_forecast | Very few sequences (3), LSTM may not train well
2026-08-23 22:35:59 | WARNING  | co2_forecast | Very few sequences (2), LSTM may not train well
2026-08-23 22:35:59 | WARNING  | co2_forecast | Very few sequences (6), LSTM may not train well
2026-08-23 22:35:59 | WARNING  | co2_forecast | Very few sequences (2), LSTM may not train well
2026-08-23 22:35:59 | WARNING  | co2_forecast | Very few sequences (2), LSTM may not train well
2026-08-23 22:35:59 | WARNING  | co2_forecast | Very few sequences (2), LSTM may not train well
2026-08-23 22:35:59 | WARNING  | co2_forecast | Very few sequences (6), LSTM may not train well
2026-08-23 22:35:59 | WARNING  | co2_forecast | Very few sequences (2), LSTM may not train well
2026-08-23 22:35:59 | WARNING  | co2_forecast | Very few sequences (2), LSTM may not train well
2026-08-23 22:35:59 | WARNING  | co2_forecast | Very few sequences (3), LSTM may not train well
2026-08-23 22:35:59 | WARNING  | co2_forecast | Very few sequences (7), LSTM may not train well
2026-08-23 22:36:00 | WARNING  | co2_forecast | Very few sequences (3), LSTM may not train well
2026-08-23 22:36:00 | WARNING  | co2_forecast | Very few sequences (3), LSTM may not train well
2026-08-23 22:36:00 | WARNING  | co2_forecast | Very few sequences (2), LSTM may not train well
2026-08-23 22:36:00 | WARNING  | co2_forecast | Very few sequences (6), LSTM may not train well
2026-08-23 22:36:00 | WARNING  | co2_forecast | Very few sequences (2), LSTM may not train well
2026-08-23 22:36:00 | WARNING  | co2_forecast | Very few sequences (2), LSTM may not train well
2026-08-23 22:36:00 | WARNING  | co2_forecast | Very few sequences (3), LSTM may not train well
2026-08-23 22:36:00 | WARNING  | co2_forecast | Very few sequences (7), LSTM may not train well
2026-08-23 22:36:00 | WARNING  | co2_forecast | Very few sequences (3), LSTM may not train well
2026-08-23 22:36:00 | WARNING  | co2_forecast | Very few sequences (3), LSTM may not train well
2026-08-23 22:36:00 | WARNING  | co2_forecast | Very few sequences (4), LSTM may not train well
2026-08-23 22:36:01 | WARNING  | co2_forecast | Very few sequences (8), LSTM may not train well
2026-08-23 22:36:01 | WARNING  | co2_forecast | Very few sequences (4), LSTM may not train well
2026-08-23 22:36:01 | WARNING  | co2_forecast | Very few sequences (4), LSTM may not train well
2026-08-23 22:36:01 | WARNING  | co2_forecast | Very few sequences (2), LSTM may not train well
2026-08-23 22:36:01 | WARNING  | co2_forecast | Very few sequences (6), LSTM may not train well
2026-08-23 22:36:01 | WARNING  | co2_forecast | Very few sequences (2), LSTM may not train well
2026-08-23 22:36:01 | WARNING  | co2_forecast | Very few sequences (2), LSTM may not train well
2026-08-23 22:36:01 | INFO     | co2_forecast |   Iteration 9: Best fitness = 0.629786
2026-08-23 22:36:01 | INFO     | co2_forecast | PSO complete. Best fitness: 0.629786
2026-08-23 22:36:01 | INFO     | co2_forecast |   Best params: {'lookback': 5, 'hidden_size': 51, 'num_layers': 1, 'dropout': 0.39124695853403557, 'learning_rate': 0.00842198706265226, 'batch_size': 8}
2026-08-23 22:36:01 | INFO     | co2_forecast |   Best fitness: 0.629786
2026-08-23 22:36:01 | INFO     | co2_forecast | [A4/panel2_common_period/all_features/lstm] sweep tuning: best_params={'lookback': 5, 'hidden_size': 51, 'num_layers': 1, 'dropout': 0.39124695853403557, 'learning_rate': 0.00842198706265226, 'batch_size': 8}
2026-08-23 22:36:02 | INFO     | co2_forecast |   -> weighted_mase=0.25277300727470225, runtime=27.6s
2026-08-23 22:36:02 | INFO     | co2_forecast | Stream A complete: 20/20 candidates produced a result
2026-08-23 22:36:02 | INFO     | co2_forecast | Scenario M3 complete in 1905.5s
2026-08-23 22:36:02 | INFO     | co2_forecast | Wrote outputs/robustness/mobility_sensitivity_results.csv (16 rows)
2026-08-23 22:36:02 | INFO     | co2_forecast | Saved outputs/figures/pdf/sensitivity/fig_mobility_robustness.pdf
2026-08-23 22:36:02 | INFO     | co2_forecast | ============================================================
2026-08-23 22:36:02 | INFO     | co2_forecast | Script 18 complete!
2026-08-23 22:36:02 | INFO     | co2_forecast | ============================================================
2026-08-23 23:21:53 | INFO     | co2_forecast | Logging to: outputs/runs/final_rerun_2026_mobility/logs/final_rerun_2026_mobility.log
2026-08-23 23:21:53 | INFO     | co2_forecast | ============================================================
2026-08-23 23:21:53 | INFO     | co2_forecast | Script 18: mobility-treatment robustness (M0-M3)
2026-08-23 23:21:53 | INFO     | co2_forecast | ============================================================
2026-08-23 23:21:53 | INFO     | co2_forecast | Slicing all configurations to the primary common period [2018-04-01 00:00:00 - 2025-01-01 00:00:00] (reference: A3)
2026-08-23 23:21:53 | INFO     | co2_forecast | Models: ['ridge', 'random_forest', 'catboost', 'lightgbm', 'lstm'], base eval_plan folds: 7
2026-08-23 23:21:53 | INFO     | co2_forecast | M3 restricted eval plan: 3/7 outer folds retained
2026-08-23 23:21:53 | INFO     | co2_forecast | M0: reused 22 rows from outputs/runs/my_run/metrics/stream_A/metrics.csv
2026-08-23 23:21:53 | INFO     | co2_forecast | M1: reused cached outputs/runs/final_rerun_2026_mobility/metrics/mobility_M1_metrics.csv (not in {'M3'})
2026-08-23 23:21:53 | INFO     | co2_forecast | M2: reused cached outputs/runs/final_rerun_2026_mobility/metrics/mobility_M2_metrics.csv (not in {'M3'})
2026-08-23 23:21:53 | INFO     | co2_forecast | --- Scenario M3: 3 outer folds, 24 features in A3 ---
2026-08-23 23:21:53 | INFO     | co2_forecast | ============================================================
2026-08-23 23:21:53 | INFO     | co2_forecast | Stream A: 4 configurations x 5 models, NO feature selection (20 candidates)
2026-08-23 23:21:53 | INFO     | co2_forecast | ============================================================
2026-08-23 23:21:53 | INFO     | co2_forecast | Stream A cell: A1/ridge (12 features, 28 rows)
2026-08-23 23:21:53 | INFO     | co2_forecast | Creating walk-forward splits for 16 valid samples
2026-08-23 23:21:53 | INFO     | co2_forecast | Created 4 CV folds across horizons [1, 2, 4]
2026-08-23 23:21:53 | INFO     | co2_forecast | Built tuning CV plan: 4 folds from 16 rows before 2022-Q%q (evaluation cutoff) - isolation OK (max tuning date 2021-Q%q)
2026-08-23 23:21:53 | INFO     | co2_forecast | Optimizing ridge...
2026-08-23 23:21:53 | INFO     | co2_forecast | Starting PSO: 8 particles, 10 iterations
2026-08-23 23:21:53 | INFO     | co2_forecast |   Iteration 0: Best fitness = 2.492958
2026-08-23 23:21:53 | INFO     | co2_forecast |   Iteration 5: Best fitness = 2.136391
2026-08-23 23:21:53 | INFO     | co2_forecast |   Iteration 9: Best fitness = 2.136391
2026-08-23 23:21:53 | INFO     | co2_forecast | PSO complete. Best fitness: 2.136391
2026-08-23 23:21:53 | INFO     | co2_forecast |   Best params: {'alpha': 100.0}
2026-08-23 23:21:53 | INFO     | co2_forecast |   Best fitness: 2.136391
2026-08-23 23:21:53 | INFO     | co2_forecast | [A1/panel2_common_period/all_features/ridge] sweep tuning: best_params={'alpha': 100.0}
2026-08-23 23:21:53 | INFO     | co2_forecast |   -> weighted_mase=0.7868038960681272, runtime=0.4s
2026-08-23 23:21:53 | INFO     | co2_forecast | Stream A cell: A1/random_forest (12 features, 28 rows)
2026-08-23 23:21:53 | INFO     | co2_forecast | Creating walk-forward splits for 16 valid samples
2026-08-23 23:21:53 | INFO     | co2_forecast | Created 4 CV folds across horizons [1, 2, 4]
2026-08-23 23:21:53 | INFO     | co2_forecast | Built tuning CV plan: 4 folds from 16 rows before 2022-Q%q (evaluation cutoff) - isolation OK (max tuning date 2021-Q%q)
2026-08-23 23:21:53 | INFO     | co2_forecast | Optimizing random_forest...
2026-08-23 23:21:53 | INFO     | co2_forecast | Starting PSO: 8 particles, 10 iterations
2026-08-23 23:21:58 | INFO     | co2_forecast |   Iteration 0: Best fitness = 0.671553
2026-08-23 23:22:15 | INFO     | co2_forecast |   Iteration 5: Best fitness = 0.333213
2026-08-23 23:22:28 | INFO     | co2_forecast |   Iteration 9: Best fitness = 0.333213
2026-08-23 23:22:28 | INFO     | co2_forecast | PSO complete. Best fitness: 0.333213
2026-08-23 23:22:28 | INFO     | co2_forecast |   Best params: {'n_estimators': 50, 'max_depth': 3, 'min_samples_split': 2, 'min_samples_leaf': 1}
2026-08-23 23:22:28 | INFO     | co2_forecast |   Best fitness: 0.333213
2026-08-23 23:22:28 | INFO     | co2_forecast | [A1/panel2_common_period/all_features/random_forest] sweep tuning: best_params={'n_estimators': 50, 'max_depth': 3, 'min_samples_split': 2, 'min_samples_leaf': 1}
2026-08-23 23:22:28 | INFO     | co2_forecast |   -> weighted_mase=0.8197828076798094, runtime=34.9s
2026-08-23 23:22:28 | INFO     | co2_forecast | Stream A cell: A1/catboost (12 features, 28 rows)
2026-08-23 23:22:28 | INFO     | co2_forecast | Creating walk-forward splits for 16 valid samples
2026-08-23 23:22:28 | INFO     | co2_forecast | Created 4 CV folds across horizons [1, 2, 4]
2026-08-23 23:22:28 | INFO     | co2_forecast | Built tuning CV plan: 4 folds from 16 rows before 2022-Q%q (evaluation cutoff) - isolation OK (max tuning date 2021-Q%q)
2026-08-23 23:22:28 | INFO     | co2_forecast | Optimizing catboost...
2026-08-23 23:22:28 | INFO     | co2_forecast | Starting PSO: 8 particles, 10 iterations
2026-08-23 23:23:08 | INFO     | co2_forecast |   Iteration 0: Best fitness = 0.295602
2026-08-23 23:26:25 | INFO     | co2_forecast |   Iteration 5: Best fitness = 0.282692
2026-08-23 23:29:01 | INFO     | co2_forecast |   Iteration 9: Best fitness = 0.280158
2026-08-23 23:29:01 | INFO     | co2_forecast | PSO complete. Best fitness: 0.280158
2026-08-23 23:29:01 | INFO     | co2_forecast |   Best params: {'iterations': 223, 'learning_rate': 0.19069823629327678, 'depth': 3, 'l2_leaf_reg': 8.95789558508043}
2026-08-23 23:29:01 | INFO     | co2_forecast |   Best fitness: 0.280158
2026-08-23 23:29:01 | INFO     | co2_forecast | [A1/panel2_common_period/all_features/catboost] sweep tuning: best_params={'iterations': 223, 'learning_rate': 0.19069823629327678, 'depth': 3, 'l2_leaf_reg': 8.95789558508043}
2026-08-23 23:29:05 | INFO     | co2_forecast |   -> weighted_mase=0.6720096557401389, runtime=396.8s
2026-08-23 23:29:05 | INFO     | co2_forecast | Stream A cell: A1/lightgbm (12 features, 28 rows)
2026-08-23 23:29:05 | INFO     | co2_forecast | Creating walk-forward splits for 16 valid samples
2026-08-23 23:29:05 | INFO     | co2_forecast | Created 4 CV folds across horizons [1, 2, 4]
2026-08-23 23:29:05 | INFO     | co2_forecast | Built tuning CV plan: 4 folds from 16 rows before 2022-Q%q (evaluation cutoff) - isolation OK (max tuning date 2021-Q%q)
2026-08-23 23:29:05 | INFO     | co2_forecast | Optimizing lightgbm...
2026-08-23 23:29:05 | INFO     | co2_forecast | Starting PSO: 8 particles, 10 iterations
2026-08-23 23:29:05 | WARNING  | co2_forecast | LightGBM has no GPU-enabled build installed; using CPU. The pip wheel ships CPU-only - install a CUDA/OpenCL build (e.g. build from source with -DUSE_CUDA=1, or a conda-forge lightgbm=*=cuda* package) to enable GPU training.
2026-08-23 23:29:05 | INFO     | co2_forecast |   Iteration 0: Best fitness = 0.768990
2026-08-23 23:29:06 | INFO     | co2_forecast |   Iteration 5: Best fitness = 0.655353
2026-08-23 23:29:06 | INFO     | co2_forecast |   Iteration 9: Best fitness = 0.644572
2026-08-23 23:29:06 | INFO     | co2_forecast | PSO complete. Best fitness: 0.644572
2026-08-23 23:29:06 | INFO     | co2_forecast |   Best params: {'n_estimators': 50, 'learning_rate': 0.24875557248327107, 'num_leaves': 127, 'max_depth': 3, 'min_child_samples': 5, 'reg_alpha': 0.09419715994303156, 'reg_lambda': 1.6116769810147058}
2026-08-23 23:29:06 | INFO     | co2_forecast |   Best fitness: 0.644572
2026-08-23 23:29:06 | INFO     | co2_forecast | [A1/panel2_common_period/all_features/lightgbm] sweep tuning: best_params={'n_estimators': 50, 'learning_rate': 0.24875557248327107, 'num_leaves': 127, 'max_depth': 3, 'min_child_samples': 5, 'reg_alpha': 0.09419715994303156, 'reg_lambda': 1.6116769810147058}
2026-08-23 23:29:06 | INFO     | co2_forecast |   -> weighted_mase=0.5617382170023955, runtime=1.2s
2026-08-23 23:29:06 | INFO     | co2_forecast | Stream A cell: A1/lstm (12 features, 28 rows)
2026-08-23 23:29:06 | INFO     | co2_forecast | Creating walk-forward splits for 16 valid samples
2026-08-23 23:29:06 | INFO     | co2_forecast | Created 4 CV folds across horizons [1, 2, 4]
2026-08-23 23:29:06 | INFO     | co2_forecast | Built tuning CV plan: 4 folds from 16 rows before 2022-Q%q (evaluation cutoff) - isolation OK (max tuning date 2021-Q%q)
2026-08-23 23:29:06 | INFO     | co2_forecast | Optimizing lstm...
2026-08-23 23:29:06 | INFO     | co2_forecast | Starting PSO: 8 particles, 10 iterations
2026-08-23 23:29:06 | WARNING  | co2_forecast | Model training failed with params {'lookback': 7, 'hidden_size': 62, 'num_layers': 2, 'dropout': 0.3394633936788146, 'learning_rate': 0.0016445845403801217, 'batch_size': 8}: LSTM.fit: training data has 8 rows, giving only 1 sequence(s) with lookback=7; at least 2 are required (one is always reserved for validation). Reduce lookback or provide more training history.
2026-08-23 23:29:06 | WARNING  | co2_forecast | Model training failed with params {'lookback': 11, 'hidden_size': 26, 'num_layers': 1, 'dropout': 0.17336180394137352, 'learning_rate': 0.0031119982052994237, 'batch_size': 16}: LSTM.fit: training data has 8 rows, giving only 0 sequence(s) with lookback=11; at least 2 are required (one is always reserved for validation). Reduce lookback or provide more training history.
2026-08-23 23:29:06 | WARNING  | co2_forecast | Model training failed with params {'lookback': 8, 'hidden_size': 54, 'num_layers': 1, 'dropout': 0.3056937753654446, 'learning_rate': 0.005964904231734221, 'batch_size': 8}: LSTM.fit: training data has 8 rows, giving only 0 sequence(s) with lookback=8; at least 2 are required (one is always reserved for validation). Reduce lookback or provide more training history.
2026-08-23 23:29:06 | WARNING  | co2_forecast | Very few sequences (2), LSTM may not train well
2026-08-23 23:29:08 | WARNING  | co2_forecast | Very few sequences (6), LSTM may not train well
2026-08-23 23:29:08 | WARNING  | co2_forecast | Very few sequences (2), LSTM may not train well
2026-08-23 23:29:08 | WARNING  | co2_forecast | Very few sequences (2), LSTM may not train well
2026-08-23 23:29:08 | WARNING  | co2_forecast | Model training failed with params {'lookback': 8, 'hidden_size': 25, 'num_layers': 2, 'dropout': 0.4100531293444458, 'learning_rate': 0.009401039521485473, 'batch_size': 32}: LSTM.fit: training data has 8 rows, giving only 0 sequence(s) with lookback=8; at least 2 are required (one is always reserved for validation). Reduce lookback or provide more training history.
2026-08-23 23:29:08 | WARNING  | co2_forecast | Model training failed with params {'lookback': 7, 'hidden_size': 29, 'num_layers': 2, 'dropout': 0.2427013306774357, 'learning_rate': 0.0028812516459050695, 'batch_size': 16}: LSTM.fit: training data has 8 rows, giving only 1 sequence(s) with lookback=7; at least 2 are required (one is always reserved for validation). Reduce lookback or provide more training history.
2026-08-23 23:29:08 | WARNING  | co2_forecast | Very few sequences (4), LSTM may not train well
2026-08-23 23:29:08 | WARNING  | co2_forecast | Very few sequences (8), LSTM may not train well
2026-08-23 23:29:08 | WARNING  | co2_forecast | Very few sequences (4), LSTM may not train well
2026-08-23 23:29:08 | WARNING  | co2_forecast | Very few sequences (4), LSTM may not train well
2026-08-23 23:29:08 | WARNING  | co2_forecast | Very few sequences (2), LSTM may not train well
2026-08-23 23:29:08 | WARNING  | co2_forecast | Very few sequences (6), LSTM may not train well
2026-08-23 23:29:09 | WARNING  | co2_forecast | Very few sequences (2), LSTM may not train well
2026-08-23 23:29:09 | WARNING  | co2_forecast | Very few sequences (2), LSTM may not train well
2026-08-23 23:29:09 | INFO     | co2_forecast |   Iteration 0: Best fitness = 1.061631
2026-08-23 23:29:09 | WARNING  | co2_forecast | Very few sequences (3), LSTM may not train well
2026-08-23 23:29:09 | WARNING  | co2_forecast | Very few sequences (7), LSTM may not train well
2026-08-23 23:29:09 | WARNING  | co2_forecast | Very few sequences (3), LSTM may not train well
2026-08-23 23:29:09 | WARNING  | co2_forecast | Very few sequences (3), LSTM may not train well
2026-08-23 23:29:10 | WARNING  | co2_forecast | Very few sequences (2), LSTM may not train well
2026-08-23 23:29:10 | WARNING  | co2_forecast | Very few sequences (6), LSTM may not train well
2026-08-23 23:29:10 | WARNING  | co2_forecast | Very few sequences (2), LSTM may not train well
2026-08-23 23:29:10 | WARNING  | co2_forecast | Very few sequences (2), LSTM may not train well
2026-08-23 23:29:10 | WARNING  | co2_forecast | Model training failed with params {'lookback': 8, 'hidden_size': 44, 'num_layers': 1, 'dropout': 0.3238975389966341, 'learning_rate': 0.005520634690128072, 'batch_size': 8}: LSTM.fit: training data has 8 rows, giving only 0 sequence(s) with lookback=8; at least 2 are required (one is always reserved for validation). Reduce lookback or provide more training history.
2026-08-23 23:29:10 | WARNING  | co2_forecast | Very few sequences (3), LSTM may not train well
2026-08-23 23:29:10 | WARNING  | co2_forecast | Very few sequences (7), LSTM may not train well
2026-08-23 23:29:10 | WARNING  | co2_forecast | Very few sequences (3), LSTM may not train well
2026-08-23 23:29:11 | WARNING  | co2_forecast | Very few sequences (3), LSTM may not train well
2026-08-23 23:29:11 | WARNING  | co2_forecast | Very few sequences (2), LSTM may not train well
2026-08-23 23:29:11 | WARNING  | co2_forecast | Very few sequences (6), LSTM may not train well
2026-08-23 23:29:11 | WARNING  | co2_forecast | Very few sequences (2), LSTM may not train well
2026-08-23 23:29:12 | WARNING  | co2_forecast | Very few sequences (2), LSTM may not train well
2026-08-23 23:29:12 | WARNING  | co2_forecast | Very few sequences (3), LSTM may not train well
2026-08-23 23:29:12 | WARNING  | co2_forecast | Very few sequences (7), LSTM may not train well
2026-08-23 23:29:13 | WARNING  | co2_forecast | Very few sequences (3), LSTM may not train well
2026-08-23 23:29:13 | WARNING  | co2_forecast | Very few sequences (3), LSTM may not train well
2026-08-23 23:29:13 | WARNING  | co2_forecast | Very few sequences (4), LSTM may not train well
2026-08-23 23:29:13 | WARNING  | co2_forecast | Very few sequences (8), LSTM may not train well
2026-08-23 23:29:13 | WARNING  | co2_forecast | Very few sequences (4), LSTM may not train well
2026-08-23 23:29:13 | WARNING  | co2_forecast | Very few sequences (4), LSTM may not train well
2026-08-23 23:29:13 | WARNING  | co2_forecast | Very few sequences (2), LSTM may not train well
2026-08-23 23:29:14 | WARNING  | co2_forecast | Very few sequences (6), LSTM may not train well
2026-08-23 23:29:14 | WARNING  | co2_forecast | Very few sequences (2), LSTM may not train well
2026-08-23 23:29:14 | WARNING  | co2_forecast | Very few sequences (2), LSTM may not train well
2026-08-23 23:29:14 | WARNING  | co2_forecast | Very few sequences (3), LSTM may not train well
2026-08-23 23:29:14 | WARNING  | co2_forecast | Very few sequences (7), LSTM may not train well
2026-08-23 23:29:14 | WARNING  | co2_forecast | Very few sequences (3), LSTM may not train well
2026-08-23 23:29:15 | WARNING  | co2_forecast | Very few sequences (3), LSTM may not train well
2026-08-23 23:29:15 | WARNING  | co2_forecast | Very few sequences (4), LSTM may not train well
2026-08-23 23:29:15 | WARNING  | co2_forecast | Very few sequences (8), LSTM may not train well
2026-08-23 23:29:16 | WARNING  | co2_forecast | Very few sequences (4), LSTM may not train well
2026-08-23 23:29:16 | WARNING  | co2_forecast | Very few sequences (4), LSTM may not train well
2026-08-23 23:29:16 | WARNING  | co2_forecast | Model training failed with params {'lookback': 7, 'hidden_size': 35, 'num_layers': 1, 'dropout': 0.31512819649180424, 'learning_rate': 0.004065945490368326, 'batch_size': 8}: LSTM.fit: training data has 8 rows, giving only 1 sequence(s) with lookback=7; at least 2 are required (one is always reserved for validation). Reduce lookback or provide more training history.
2026-08-23 23:29:16 | WARNING  | co2_forecast | Very few sequences (2), LSTM may not train well
2026-08-23 23:29:16 | WARNING  | co2_forecast | Very few sequences (6), LSTM may not train well
2026-08-23 23:29:17 | WARNING  | co2_forecast | Very few sequences (2), LSTM may not train well
2026-08-23 23:29:17 | WARNING  | co2_forecast | Very few sequences (2), LSTM may not train well
2026-08-23 23:29:18 | WARNING  | co2_forecast | Very few sequences (3), LSTM may not train well
2026-08-23 23:29:18 | WARNING  | co2_forecast | Very few sequences (7), LSTM may not train well
2026-08-23 23:29:18 | WARNING  | co2_forecast | Very few sequences (3), LSTM may not train well
2026-08-23 23:29:19 | WARNING  | co2_forecast | Very few sequences (3), LSTM may not train well
2026-08-23 23:29:19 | WARNING  | co2_forecast | Very few sequences (3), LSTM may not train well
2026-08-23 23:29:19 | WARNING  | co2_forecast | Very few sequences (7), LSTM may not train well
2026-08-23 23:29:20 | WARNING  | co2_forecast | Very few sequences (3), LSTM may not train well
2026-08-23 23:29:20 | WARNING  | co2_forecast | Very few sequences (3), LSTM may not train well
2026-08-23 23:29:20 | WARNING  | co2_forecast | Very few sequences (3), LSTM may not train well
2026-08-23 23:29:20 | WARNING  | co2_forecast | Very few sequences (7), LSTM may not train well
2026-08-23 23:29:21 | WARNING  | co2_forecast | Very few sequences (3), LSTM may not train well
2026-08-23 23:29:21 | WARNING  | co2_forecast | Very few sequences (3), LSTM may not train well
2026-08-23 23:29:21 | WARNING  | co2_forecast | Very few sequences (2), LSTM may not train well
2026-08-23 23:29:21 | WARNING  | co2_forecast | Very few sequences (6), LSTM may not train well
2026-08-23 23:29:21 | WARNING  | co2_forecast | Very few sequences (2), LSTM may not train well
2026-08-23 23:29:21 | WARNING  | co2_forecast | Very few sequences (2), LSTM may not train well
2026-08-23 23:29:21 | WARNING  | co2_forecast | Very few sequences (3), LSTM may not train well
2026-08-23 23:29:21 | WARNING  | co2_forecast | Very few sequences (7), LSTM may not train well
2026-08-23 23:29:22 | WARNING  | co2_forecast | Very few sequences (3), LSTM may not train well
2026-08-23 23:29:22 | WARNING  | co2_forecast | Very few sequences (3), LSTM may not train well
2026-08-23 23:29:22 | WARNING  | co2_forecast | Very few sequences (4), LSTM may not train well
2026-08-23 23:29:22 | WARNING  | co2_forecast | Very few sequences (8), LSTM may not train well
2026-08-23 23:29:23 | WARNING  | co2_forecast | Very few sequences (4), LSTM may not train well
2026-08-23 23:29:24 | WARNING  | co2_forecast | Very few sequences (4), LSTM may not train well
2026-08-23 23:29:24 | WARNING  | co2_forecast | Very few sequences (2), LSTM may not train well
2026-08-23 23:29:24 | WARNING  | co2_forecast | Very few sequences (6), LSTM may not train well
2026-08-23 23:29:24 | WARNING  | co2_forecast | Very few sequences (2), LSTM may not train well
2026-08-23 23:29:24 | WARNING  | co2_forecast | Very few sequences (2), LSTM may not train well
2026-08-23 23:29:24 | WARNING  | co2_forecast | Very few sequences (3), LSTM may not train well
2026-08-23 23:29:24 | WARNING  | co2_forecast | Very few sequences (7), LSTM may not train well
2026-08-23 23:29:24 | WARNING  | co2_forecast | Very few sequences (3), LSTM may not train well
2026-08-23 23:29:25 | WARNING  | co2_forecast | Very few sequences (3), LSTM may not train well
2026-08-23 23:29:25 | WARNING  | co2_forecast | Very few sequences (4), LSTM may not train well
2026-08-23 23:29:25 | WARNING  | co2_forecast | Very few sequences (8), LSTM may not train well
2026-08-23 23:29:26 | WARNING  | co2_forecast | Very few sequences (4), LSTM may not train well
2026-08-23 23:29:26 | WARNING  | co2_forecast | Very few sequences (4), LSTM may not train well
2026-08-23 23:29:26 | WARNING  | co2_forecast | Very few sequences (3), LSTM may not train well
2026-08-23 23:29:26 | WARNING  | co2_forecast | Very few sequences (7), LSTM may not train well
2026-08-23 23:29:27 | WARNING  | co2_forecast | Very few sequences (3), LSTM may not train well
2026-08-23 23:29:27 | WARNING  | co2_forecast | Very few sequences (3), LSTM may not train well
2026-08-23 23:29:27 | WARNING  | co2_forecast | Very few sequences (4), LSTM may not train well
2026-08-23 23:29:27 | WARNING  | co2_forecast | Very few sequences (8), LSTM may not train well
2026-08-23 23:29:27 | WARNING  | co2_forecast | Very few sequences (4), LSTM may not train well
2026-08-23 23:29:28 | WARNING  | co2_forecast | Very few sequences (4), LSTM may not train well
2026-08-23 23:29:28 | WARNING  | co2_forecast | Very few sequences (2), LSTM may not train well
2026-08-23 23:29:28 | WARNING  | co2_forecast | Very few sequences (6), LSTM may not train well
2026-08-23 23:29:28 | WARNING  | co2_forecast | Very few sequences (2), LSTM may not train well
2026-08-23 23:29:28 | WARNING  | co2_forecast | Very few sequences (2), LSTM may not train well
2026-08-23 23:29:28 | WARNING  | co2_forecast | Very few sequences (4), LSTM may not train well
2026-08-23 23:29:28 | WARNING  | co2_forecast | Very few sequences (8), LSTM may not train well
2026-08-23 23:29:29 | WARNING  | co2_forecast | Very few sequences (4), LSTM may not train well
2026-08-23 23:29:29 | WARNING  | co2_forecast | Very few sequences (4), LSTM may not train well
2026-08-23 23:29:29 | WARNING  | co2_forecast | Very few sequences (4), LSTM may not train well
2026-08-23 23:29:29 | WARNING  | co2_forecast | Very few sequences (8), LSTM may not train well
2026-08-23 23:29:30 | WARNING  | co2_forecast | Very few sequences (4), LSTM may not train well
2026-08-23 23:29:31 | WARNING  | co2_forecast | Very few sequences (4), LSTM may not train well
2026-08-23 23:29:31 | WARNING  | co2_forecast | Very few sequences (3), LSTM may not train well
2026-08-23 23:29:31 | WARNING  | co2_forecast | Very few sequences (7), LSTM may not train well
2026-08-23 23:29:31 | WARNING  | co2_forecast | Very few sequences (3), LSTM may not train well
2026-08-23 23:29:31 | WARNING  | co2_forecast | Very few sequences (3), LSTM may not train well
2026-08-23 23:29:31 | WARNING  | co2_forecast | Very few sequences (4), LSTM may not train well
2026-08-23 23:29:31 | WARNING  | co2_forecast | Very few sequences (8), LSTM may not train well
2026-08-23 23:29:32 | WARNING  | co2_forecast | Very few sequences (4), LSTM may not train well
2026-08-23 23:29:32 | WARNING  | co2_forecast | Very few sequences (4), LSTM may not train well
2026-08-23 23:29:32 | WARNING  | co2_forecast | Very few sequences (4), LSTM may not train well
2026-08-23 23:29:32 | WARNING  | co2_forecast | Very few sequences (8), LSTM may not train well
2026-08-23 23:29:33 | WARNING  | co2_forecast | Very few sequences (4), LSTM may not train well
2026-08-23 23:29:34 | WARNING  | co2_forecast | Very few sequences (4), LSTM may not train well
2026-08-23 23:29:34 | WARNING  | co2_forecast | Very few sequences (4), LSTM may not train well
2026-08-23 23:29:34 | WARNING  | co2_forecast | Very few sequences (8), LSTM may not train well
2026-08-23 23:29:34 | WARNING  | co2_forecast | Very few sequences (4), LSTM may not train well
2026-08-23 23:29:35 | WARNING  | co2_forecast | Very few sequences (4), LSTM may not train well
2026-08-23 23:29:35 | WARNING  | co2_forecast | Very few sequences (4), LSTM may not train well
2026-08-23 23:29:35 | WARNING  | co2_forecast | Very few sequences (8), LSTM may not train well
2026-08-23 23:29:35 | WARNING  | co2_forecast | Very few sequences (4), LSTM may not train well
2026-08-23 23:29:35 | WARNING  | co2_forecast | Very few sequences (4), LSTM may not train well
2026-08-23 23:29:35 | WARNING  | co2_forecast | Very few sequences (3), LSTM may not train well
2026-08-23 23:29:35 | WARNING  | co2_forecast | Very few sequences (7), LSTM may not train well
2026-08-23 23:29:36 | WARNING  | co2_forecast | Very few sequences (3), LSTM may not train well
2026-08-23 23:29:36 | WARNING  | co2_forecast | Very few sequences (3), LSTM may not train well
2026-08-23 23:29:36 | WARNING  | co2_forecast | Very few sequences (4), LSTM may not train well
2026-08-23 23:29:36 | WARNING  | co2_forecast | Very few sequences (8), LSTM may not train well
2026-08-23 23:29:37 | WARNING  | co2_forecast | Very few sequences (4), LSTM may not train well
2026-08-23 23:29:37 | WARNING  | co2_forecast | Very few sequences (4), LSTM may not train well
2026-08-23 23:29:38 | WARNING  | co2_forecast | Very few sequences (4), LSTM may not train well
2026-08-23 23:29:38 | WARNING  | co2_forecast | Very few sequences (8), LSTM may not train well
2026-08-23 23:29:38 | WARNING  | co2_forecast | Very few sequences (4), LSTM may not train well
2026-08-23 23:29:39 | WARNING  | co2_forecast | Very few sequences (4), LSTM may not train well
2026-08-23 23:29:39 | WARNING  | co2_forecast | Very few sequences (4), LSTM may not train well
2026-08-23 23:29:39 | WARNING  | co2_forecast | Very few sequences (8), LSTM may not train well
2026-08-23 23:29:39 | WARNING  | co2_forecast | Very few sequences (4), LSTM may not train well
2026-08-23 23:29:40 | WARNING  | co2_forecast | Very few sequences (4), LSTM may not train well
2026-08-23 23:29:40 | WARNING  | co2_forecast | Very few sequences (4), LSTM may not train well
2026-08-23 23:29:40 | WARNING  | co2_forecast | Very few sequences (8), LSTM may not train well
2026-08-23 23:29:41 | WARNING  | co2_forecast | Very few sequences (4), LSTM may not train well
2026-08-23 23:29:41 | WARNING  | co2_forecast | Very few sequences (4), LSTM may not train well
2026-08-23 23:29:41 | WARNING  | co2_forecast | Very few sequences (4), LSTM may not train well
2026-08-23 23:29:41 | WARNING  | co2_forecast | Very few sequences (8), LSTM may not train well
2026-08-23 23:29:42 | WARNING  | co2_forecast | Very few sequences (4), LSTM may not train well
2026-08-23 23:29:42 | WARNING  | co2_forecast | Very few sequences (4), LSTM may not train well
2026-08-23 23:29:42 | WARNING  | co2_forecast | Very few sequences (4), LSTM may not train well
2026-08-23 23:29:42 | WARNING  | co2_forecast | Very few sequences (8), LSTM may not train well
2026-08-23 23:29:43 | WARNING  | co2_forecast | Very few sequences (4), LSTM may not train well
2026-08-23 23:29:43 | WARNING  | co2_forecast | Very few sequences (4), LSTM may not train well
2026-08-23 23:29:43 | WARNING  | co2_forecast | Very few sequences (4), LSTM may not train well
2026-08-23 23:29:44 | WARNING  | co2_forecast | Very few sequences (8), LSTM may not train well
2026-08-23 23:29:44 | WARNING  | co2_forecast | Very few sequences (4), LSTM may not train well
2026-08-23 23:29:44 | WARNING  | co2_forecast | Very few sequences (4), LSTM may not train well
2026-08-23 23:29:44 | WARNING  | co2_forecast | Very few sequences (4), LSTM may not train well
2026-08-23 23:29:44 | WARNING  | co2_forecast | Very few sequences (8), LSTM may not train well
2026-08-23 23:29:44 | WARNING  | co2_forecast | Very few sequences (4), LSTM may not train well
2026-08-23 23:29:45 | WARNING  | co2_forecast | Very few sequences (4), LSTM may not train well
2026-08-23 23:29:45 | INFO     | co2_forecast |   Iteration 5: Best fitness = 0.763619
2026-08-23 23:29:45 | WARNING  | co2_forecast | Very few sequences (4), LSTM may not train well
2026-08-23 23:29:45 | WARNING  | co2_forecast | Very few sequences (8), LSTM may not train well
2026-08-23 23:29:46 | WARNING  | co2_forecast | Very few sequences (4), LSTM may not train well
2026-08-23 23:29:46 | WARNING  | co2_forecast | Very few sequences (4), LSTM may not train well
2026-08-23 23:29:46 | WARNING  | co2_forecast | Very few sequences (4), LSTM may not train well
2026-08-23 23:29:46 | WARNING  | co2_forecast | Very few sequences (8), LSTM may not train well
2026-08-23 23:29:47 | WARNING  | co2_forecast | Very few sequences (4), LSTM may not train well
2026-08-23 23:29:47 | WARNING  | co2_forecast | Very few sequences (4), LSTM may not train well
2026-08-23 23:29:47 | WARNING  | co2_forecast | Very few sequences (4), LSTM may not train well
2026-08-23 23:29:48 | WARNING  | co2_forecast | Very few sequences (8), LSTM may not train well
2026-08-23 23:29:48 | WARNING  | co2_forecast | Very few sequences (4), LSTM may not train well
2026-08-23 23:29:49 | WARNING  | co2_forecast | Very few sequences (4), LSTM may not train well
2026-08-23 23:29:49 | WARNING  | co2_forecast | Very few sequences (4), LSTM may not train well
2026-08-23 23:29:49 | WARNING  | co2_forecast | Very few sequences (8), LSTM may not train well
2026-08-23 23:29:49 | WARNING  | co2_forecast | Very few sequences (4), LSTM may not train well
2026-08-23 23:29:50 | WARNING  | co2_forecast | Very few sequences (4), LSTM may not train well
2026-08-23 23:29:50 | WARNING  | co2_forecast | Very few sequences (4), LSTM may not train well
2026-08-23 23:29:50 | WARNING  | co2_forecast | Very few sequences (8), LSTM may not train well
2026-08-23 23:29:50 | WARNING  | co2_forecast | Very few sequences (4), LSTM may not train well
2026-08-23 23:29:51 | WARNING  | co2_forecast | Very few sequences (4), LSTM may not train well
2026-08-23 23:29:51 | WARNING  | co2_forecast | Very few sequences (4), LSTM may not train well
2026-08-23 23:29:51 | WARNING  | co2_forecast | Very few sequences (8), LSTM may not train well
2026-08-23 23:29:52 | WARNING  | co2_forecast | Very few sequences (4), LSTM may not train well
2026-08-23 23:29:52 | WARNING  | co2_forecast | Very few sequences (4), LSTM may not train well
2026-08-23 23:29:52 | WARNING  | co2_forecast | Very few sequences (4), LSTM may not train well
2026-08-23 23:29:52 | WARNING  | co2_forecast | Very few sequences (8), LSTM may not train well
2026-08-23 23:29:52 | WARNING  | co2_forecast | Very few sequences (4), LSTM may not train well
2026-08-23 23:29:53 | WARNING  | co2_forecast | Very few sequences (4), LSTM may not train well
2026-08-23 23:29:53 | WARNING  | co2_forecast | Very few sequences (4), LSTM may not train well
2026-08-23 23:29:53 | WARNING  | co2_forecast | Very few sequences (8), LSTM may not train well
2026-08-23 23:29:54 | WARNING  | co2_forecast | Very few sequences (4), LSTM may not train well
2026-08-23 23:29:54 | WARNING  | co2_forecast | Very few sequences (4), LSTM may not train well
2026-08-23 23:29:54 | WARNING  | co2_forecast | Very few sequences (4), LSTM may not train well
2026-08-23 23:29:54 | WARNING  | co2_forecast | Very few sequences (8), LSTM may not train well
2026-08-23 23:29:55 | WARNING  | co2_forecast | Very few sequences (4), LSTM may not train well
2026-08-23 23:29:55 | WARNING  | co2_forecast | Very few sequences (4), LSTM may not train well
2026-08-23 23:29:55 | WARNING  | co2_forecast | Very few sequences (4), LSTM may not train well
2026-08-23 23:29:55 | WARNING  | co2_forecast | Very few sequences (8), LSTM may not train well
2026-08-23 23:29:56 | WARNING  | co2_forecast | Very few sequences (4), LSTM may not train well
2026-08-23 23:29:56 | WARNING  | co2_forecast | Very few sequences (4), LSTM may not train well
2026-08-23 23:29:57 | WARNING  | co2_forecast | Very few sequences (4), LSTM may not train well
2026-08-23 23:29:57 | WARNING  | co2_forecast | Very few sequences (8), LSTM may not train well
2026-08-23 23:29:57 | WARNING  | co2_forecast | Very few sequences (4), LSTM may not train well
2026-08-23 23:29:58 | WARNING  | co2_forecast | Very few sequences (4), LSTM may not train well
2026-08-23 23:29:58 | WARNING  | co2_forecast | Very few sequences (4), LSTM may not train well
2026-08-23 23:29:58 | WARNING  | co2_forecast | Very few sequences (8), LSTM may not train well
2026-08-23 23:29:58 | WARNING  | co2_forecast | Very few sequences (4), LSTM may not train well
2026-08-23 23:29:59 | WARNING  | co2_forecast | Very few sequences (4), LSTM may not train well
2026-08-23 23:29:59 | WARNING  | co2_forecast | Very few sequences (4), LSTM may not train well
2026-08-23 23:29:59 | WARNING  | co2_forecast | Very few sequences (8), LSTM may not train well
2026-08-23 23:30:00 | WARNING  | co2_forecast | Very few sequences (4), LSTM may not train well
2026-08-23 23:30:00 | WARNING  | co2_forecast | Very few sequences (4), LSTM may not train well
2026-08-23 23:30:00 | WARNING  | co2_forecast | Very few sequences (4), LSTM may not train well
2026-08-23 23:30:00 | WARNING  | co2_forecast | Very few sequences (8), LSTM may not train well
2026-08-23 23:30:01 | WARNING  | co2_forecast | Very few sequences (4), LSTM may not train well
2026-08-23 23:30:01 | WARNING  | co2_forecast | Very few sequences (4), LSTM may not train well
2026-08-23 23:30:01 | WARNING  | co2_forecast | Very few sequences (4), LSTM may not train well
2026-08-23 23:30:01 | WARNING  | co2_forecast | Very few sequences (8), LSTM may not train well
2026-08-23 23:30:02 | WARNING  | co2_forecast | Very few sequences (4), LSTM may not train well
2026-08-23 23:30:02 | WARNING  | co2_forecast | Very few sequences (4), LSTM may not train well
2026-08-23 23:30:03 | WARNING  | co2_forecast | Very few sequences (4), LSTM may not train well
2026-08-23 23:30:03 | WARNING  | co2_forecast | Very few sequences (8), LSTM may not train well
2026-08-23 23:30:03 | WARNING  | co2_forecast | Very few sequences (4), LSTM may not train well
2026-08-23 23:30:04 | WARNING  | co2_forecast | Very few sequences (4), LSTM may not train well
2026-08-23 23:30:04 | WARNING  | co2_forecast | Very few sequences (4), LSTM may not train well
2026-08-23 23:30:04 | WARNING  | co2_forecast | Very few sequences (8), LSTM may not train well
2026-08-23 23:30:04 | WARNING  | co2_forecast | Very few sequences (4), LSTM may not train well
2026-08-23 23:30:05 | WARNING  | co2_forecast | Very few sequences (4), LSTM may not train well
2026-08-23 23:30:05 | WARNING  | co2_forecast | Very few sequences (4), LSTM may not train well
2026-08-23 23:30:05 | WARNING  | co2_forecast | Very few sequences (8), LSTM may not train well
2026-08-23 23:30:05 | WARNING  | co2_forecast | Very few sequences (4), LSTM may not train well
2026-08-23 23:30:06 | WARNING  | co2_forecast | Very few sequences (4), LSTM may not train well
2026-08-23 23:30:06 | WARNING  | co2_forecast | Very few sequences (4), LSTM may not train well
2026-08-23 23:30:06 | WARNING  | co2_forecast | Very few sequences (8), LSTM may not train well
2026-08-23 23:30:07 | WARNING  | co2_forecast | Very few sequences (4), LSTM may not train well
2026-08-23 23:30:07 | WARNING  | co2_forecast | Very few sequences (4), LSTM may not train well
2026-08-23 23:30:07 | WARNING  | co2_forecast | Very few sequences (4), LSTM may not train well
2026-08-23 23:30:07 | WARNING  | co2_forecast | Very few sequences (8), LSTM may not train well
2026-08-23 23:30:08 | WARNING  | co2_forecast | Very few sequences (4), LSTM may not train well
2026-08-23 23:30:09 | WARNING  | co2_forecast | Very few sequences (4), LSTM may not train well
2026-08-23 23:30:09 | WARNING  | co2_forecast | Very few sequences (4), LSTM may not train well
2026-08-23 23:30:09 | WARNING  | co2_forecast | Very few sequences (8), LSTM may not train well
2026-08-23 23:30:09 | WARNING  | co2_forecast | Very few sequences (4), LSTM may not train well
2026-08-23 23:30:10 | WARNING  | co2_forecast | Very few sequences (4), LSTM may not train well
2026-08-23 23:30:10 | WARNING  | co2_forecast | Very few sequences (4), LSTM may not train well
2026-08-23 23:30:10 | WARNING  | co2_forecast | Very few sequences (8), LSTM may not train well
2026-08-23 23:30:11 | WARNING  | co2_forecast | Very few sequences (4), LSTM may not train well
2026-08-23 23:30:11 | WARNING  | co2_forecast | Very few sequences (4), LSTM may not train well
2026-08-23 23:30:11 | WARNING  | co2_forecast | Very few sequences (4), LSTM may not train well
2026-08-23 23:30:11 | WARNING  | co2_forecast | Very few sequences (8), LSTM may not train well
2026-08-23 23:30:12 | WARNING  | co2_forecast | Very few sequences (4), LSTM may not train well
2026-08-23 23:30:12 | WARNING  | co2_forecast | Very few sequences (4), LSTM may not train well
2026-08-23 23:30:12 | WARNING  | co2_forecast | Very few sequences (4), LSTM may not train well
2026-08-23 23:30:12 | WARNING  | co2_forecast | Very few sequences (8), LSTM may not train well
2026-08-23 23:30:13 | WARNING  | co2_forecast | Very few sequences (4), LSTM may not train well
2026-08-23 23:30:13 | WARNING  | co2_forecast | Very few sequences (4), LSTM may not train well
2026-08-23 23:30:13 | WARNING  | co2_forecast | Very few sequences (4), LSTM may not train well
2026-08-23 23:30:14 | WARNING  | co2_forecast | Very few sequences (8), LSTM may not train well
2026-08-23 23:30:14 | WARNING  | co2_forecast | Very few sequences (4), LSTM may not train well
2026-08-23 23:30:15 | WARNING  | co2_forecast | Very few sequences (4), LSTM may not train well
2026-08-23 23:30:15 | WARNING  | co2_forecast | Very few sequences (4), LSTM may not train well
2026-08-23 23:30:15 | WARNING  | co2_forecast | Very few sequences (8), LSTM may not train well
2026-08-23 23:30:15 | WARNING  | co2_forecast | Very few sequences (4), LSTM may not train well
2026-08-23 23:30:16 | WARNING  | co2_forecast | Very few sequences (4), LSTM may not train well
2026-08-23 23:30:16 | WARNING  | co2_forecast | Very few sequences (4), LSTM may not train well
2026-08-23 23:30:16 | WARNING  | co2_forecast | Very few sequences (8), LSTM may not train well
2026-08-23 23:30:16 | WARNING  | co2_forecast | Very few sequences (4), LSTM may not train well
2026-08-23 23:30:17 | WARNING  | co2_forecast | Very few sequences (4), LSTM may not train well
2026-08-23 23:30:17 | WARNING  | co2_forecast | Very few sequences (4), LSTM may not train well
2026-08-23 23:30:17 | WARNING  | co2_forecast | Very few sequences (8), LSTM may not train well
2026-08-23 23:30:18 | WARNING  | co2_forecast | Very few sequences (4), LSTM may not train well
2026-08-23 23:30:18 | WARNING  | co2_forecast | Very few sequences (4), LSTM may not train well
2026-08-23 23:30:18 | WARNING  | co2_forecast | Very few sequences (4), LSTM may not train well
2026-08-23 23:30:18 | WARNING  | co2_forecast | Very few sequences (8), LSTM may not train well
2026-08-23 23:30:19 | WARNING  | co2_forecast | Very few sequences (4), LSTM may not train well
2026-08-23 23:30:19 | WARNING  | co2_forecast | Very few sequences (4), LSTM may not train well
2026-08-23 23:30:19 | WARNING  | co2_forecast | Very few sequences (4), LSTM may not train well
2026-08-23 23:30:19 | WARNING  | co2_forecast | Very few sequences (8), LSTM may not train well
2026-08-23 23:30:20 | WARNING  | co2_forecast | Very few sequences (4), LSTM may not train well
2026-08-23 23:30:21 | WARNING  | co2_forecast | Very few sequences (4), LSTM may not train well
2026-08-23 23:30:21 | WARNING  | co2_forecast | Very few sequences (4), LSTM may not train well
2026-08-23 23:30:21 | WARNING  | co2_forecast | Very few sequences (8), LSTM may not train well
2026-08-23 23:30:21 | WARNING  | co2_forecast | Very few sequences (4), LSTM may not train well
2026-08-23 23:30:22 | WARNING  | co2_forecast | Very few sequences (4), LSTM may not train well
2026-08-23 23:30:22 | WARNING  | co2_forecast | Very few sequences (4), LSTM may not train well
2026-08-23 23:30:22 | WARNING  | co2_forecast | Very few sequences (8), LSTM may not train well
2026-08-23 23:30:22 | WARNING  | co2_forecast | Very few sequences (4), LSTM may not train well
2026-08-23 23:30:23 | WARNING  | co2_forecast | Very few sequences (4), LSTM may not train well
2026-08-23 23:30:23 | INFO     | co2_forecast |   Iteration 9: Best fitness = 0.761749
2026-08-23 23:30:23 | INFO     | co2_forecast | PSO complete. Best fitness: 0.761749
2026-08-23 23:30:23 | INFO     | co2_forecast |   Best params: {'lookback': 4, 'hidden_size': 16, 'num_layers': 2, 'dropout': 0.5, 'learning_rate': 0.0001, 'batch_size': 32}
2026-08-23 23:30:23 | INFO     | co2_forecast |   Best fitness: 0.761749
2026-08-23 23:30:23 | INFO     | co2_forecast | [A1/panel2_common_period/all_features/lstm] sweep tuning: best_params={'lookback': 4, 'hidden_size': 16, 'num_layers': 2, 'dropout': 0.5, 'learning_rate': 0.0001, 'batch_size': 32}
2026-08-23 23:30:24 | INFO     | co2_forecast |   -> weighted_mase=0.9077464212824952, runtime=78.1s
2026-08-23 23:30:24 | INFO     | co2_forecast | Stream A cell: A2/ridge (26 features, 28 rows)
2026-08-23 23:30:24 | INFO     | co2_forecast | Creating walk-forward splits for 16 valid samples
2026-08-23 23:30:24 | INFO     | co2_forecast | Created 4 CV folds across horizons [1, 2, 4]
2026-08-23 23:30:24 | INFO     | co2_forecast | Built tuning CV plan: 4 folds from 16 rows before 2022-Q%q (evaluation cutoff) - isolation OK (max tuning date 2021-Q%q)
2026-08-23 23:30:24 | INFO     | co2_forecast | Optimizing ridge...
2026-08-23 23:30:24 | INFO     | co2_forecast | Starting PSO: 8 particles, 10 iterations
2026-08-23 23:30:24 | INFO     | co2_forecast |   Iteration 0: Best fitness = 2.075324
2026-08-23 23:30:24 | INFO     | co2_forecast |   Iteration 5: Best fitness = 1.837793
2026-08-23 23:30:24 | INFO     | co2_forecast |   Iteration 9: Best fitness = 1.837793
2026-08-23 23:30:24 | INFO     | co2_forecast | PSO complete. Best fitness: 1.837793
2026-08-23 23:30:24 | INFO     | co2_forecast |   Best params: {'alpha': 100.0}
2026-08-23 23:30:24 | INFO     | co2_forecast |   Best fitness: 1.837793
2026-08-23 23:30:24 | INFO     | co2_forecast | [A2/panel2_common_period/all_features/ridge] sweep tuning: best_params={'alpha': 100.0}
2026-08-23 23:30:24 | INFO     | co2_forecast |   -> weighted_mase=0.7351227096393935, runtime=0.3s
2026-08-23 23:30:24 | INFO     | co2_forecast | Stream A cell: A2/random_forest (26 features, 28 rows)
2026-08-23 23:30:24 | INFO     | co2_forecast | Creating walk-forward splits for 16 valid samples
2026-08-23 23:30:24 | INFO     | co2_forecast | Created 4 CV folds across horizons [1, 2, 4]
2026-08-23 23:30:24 | INFO     | co2_forecast | Built tuning CV plan: 4 folds from 16 rows before 2022-Q%q (evaluation cutoff) - isolation OK (max tuning date 2021-Q%q)
2026-08-23 23:30:24 | INFO     | co2_forecast | Optimizing random_forest...
2026-08-23 23:30:24 | INFO     | co2_forecast | Starting PSO: 8 particles, 10 iterations
2026-08-23 23:30:30 | INFO     | co2_forecast |   Iteration 0: Best fitness = 0.673233
2026-08-23 23:30:46 | INFO     | co2_forecast |   Iteration 5: Best fitness = 0.334839
2026-08-23 23:30:59 | INFO     | co2_forecast |   Iteration 9: Best fitness = 0.334839
2026-08-23 23:30:59 | INFO     | co2_forecast | PSO complete. Best fitness: 0.334839
2026-08-23 23:30:59 | INFO     | co2_forecast |   Best params: {'n_estimators': 60, 'max_depth': 3, 'min_samples_split': 2, 'min_samples_leaf': 1}
2026-08-23 23:30:59 | INFO     | co2_forecast |   Best fitness: 0.334839
2026-08-23 23:30:59 | INFO     | co2_forecast | [A2/panel2_common_period/all_features/random_forest] sweep tuning: best_params={'n_estimators': 60, 'max_depth': 3, 'min_samples_split': 2, 'min_samples_leaf': 1}
2026-08-23 23:30:59 | INFO     | co2_forecast |   -> weighted_mase=0.6176239222027587, runtime=34.5s
2026-08-23 23:30:59 | INFO     | co2_forecast | Stream A cell: A2/catboost (26 features, 28 rows)
2026-08-23 23:30:59 | INFO     | co2_forecast | Creating walk-forward splits for 16 valid samples
2026-08-23 23:30:59 | INFO     | co2_forecast | Created 4 CV folds across horizons [1, 2, 4]
2026-08-23 23:30:59 | INFO     | co2_forecast | Built tuning CV plan: 4 folds from 16 rows before 2022-Q%q (evaluation cutoff) - isolation OK (max tuning date 2021-Q%q)
2026-08-23 23:30:59 | INFO     | co2_forecast | Optimizing catboost...
2026-08-23 23:30:59 | INFO     | co2_forecast | Starting PSO: 8 particles, 10 iterations
2026-08-23 23:31:33 | INFO     | co2_forecast |   Iteration 0: Best fitness = 0.274423
2026-08-23 23:35:00 | INFO     | co2_forecast |   Iteration 5: Best fitness = 0.253204
2026-08-23 23:37:45 | INFO     | co2_forecast |   Iteration 9: Best fitness = 0.252198
2026-08-23 23:37:45 | INFO     | co2_forecast | PSO complete. Best fitness: 0.252198
2026-08-23 23:37:45 | INFO     | co2_forecast |   Best params: {'iterations': 260, 'learning_rate': 0.14864341649311977, 'depth': 3, 'l2_leaf_reg': 9.637324502340217}
2026-08-23 23:37:45 | INFO     | co2_forecast |   Best fitness: 0.252198
2026-08-23 23:37:45 | INFO     | co2_forecast | [A2/panel2_common_period/all_features/catboost] sweep tuning: best_params={'iterations': 260, 'learning_rate': 0.14864341649311977, 'depth': 3, 'l2_leaf_reg': 9.637324502340217}
2026-08-23 23:37:49 | INFO     | co2_forecast |   -> weighted_mase=0.7153939428487627, runtime=410.0s
2026-08-23 23:37:49 | INFO     | co2_forecast | Stream A cell: A2/lightgbm (26 features, 28 rows)
2026-08-23 23:37:49 | INFO     | co2_forecast | Creating walk-forward splits for 16 valid samples
2026-08-23 23:37:49 | INFO     | co2_forecast | Created 4 CV folds across horizons [1, 2, 4]
2026-08-23 23:37:49 | INFO     | co2_forecast | Built tuning CV plan: 4 folds from 16 rows before 2022-Q%q (evaluation cutoff) - isolation OK (max tuning date 2021-Q%q)
2026-08-23 23:37:49 | INFO     | co2_forecast | Optimizing lightgbm...
2026-08-23 23:37:49 | INFO     | co2_forecast | Starting PSO: 8 particles, 10 iterations
2026-08-23 23:37:49 | INFO     | co2_forecast |   Iteration 0: Best fitness = 0.768990
2026-08-23 23:37:50 | INFO     | co2_forecast |   Iteration 5: Best fitness = 0.605532
2026-08-23 23:37:50 | INFO     | co2_forecast |   Iteration 9: Best fitness = 0.605532
2026-08-23 23:37:50 | INFO     | co2_forecast | PSO complete. Best fitness: 0.605532
2026-08-23 23:37:50 | INFO     | co2_forecast |   Best params: {'n_estimators': 103, 'learning_rate': 0.2971560289648719, 'num_leaves': 124, 'max_depth': 9, 'min_child_samples': 5, 'reg_alpha': 0.001, 'reg_lambda': 0.24577535119141014}
2026-08-23 23:37:50 | INFO     | co2_forecast |   Best fitness: 0.605532
2026-08-23 23:37:50 | INFO     | co2_forecast | [A2/panel2_common_period/all_features/lightgbm] sweep tuning: best_params={'n_estimators': 103, 'learning_rate': 0.2971560289648719, 'num_leaves': 124, 'max_depth': 9, 'min_child_samples': 5, 'reg_alpha': 0.001, 'reg_lambda': 0.24577535119141014}
2026-08-23 23:37:50 | INFO     | co2_forecast |   -> weighted_mase=0.792914899390835, runtime=1.2s
2026-08-23 23:37:50 | INFO     | co2_forecast | Stream A cell: A2/lstm (26 features, 28 rows)
2026-08-23 23:37:50 | INFO     | co2_forecast | Creating walk-forward splits for 16 valid samples
2026-08-23 23:37:50 | INFO     | co2_forecast | Created 4 CV folds across horizons [1, 2, 4]
2026-08-23 23:37:50 | INFO     | co2_forecast | Built tuning CV plan: 4 folds from 16 rows before 2022-Q%q (evaluation cutoff) - isolation OK (max tuning date 2021-Q%q)
2026-08-23 23:37:50 | INFO     | co2_forecast | Optimizing lstm...
2026-08-23 23:37:50 | INFO     | co2_forecast | Starting PSO: 8 particles, 10 iterations
2026-08-23 23:37:50 | WARNING  | co2_forecast | Model training failed with params {'lookback': 7, 'hidden_size': 62, 'num_layers': 2, 'dropout': 0.3394633936788146, 'learning_rate': 0.0016445845403801217, 'batch_size': 8}: LSTM.fit: training data has 8 rows, giving only 1 sequence(s) with lookback=7; at least 2 are required (one is always reserved for validation). Reduce lookback or provide more training history.
2026-08-23 23:37:50 | WARNING  | co2_forecast | Model training failed with params {'lookback': 11, 'hidden_size': 26, 'num_layers': 1, 'dropout': 0.17336180394137352, 'learning_rate': 0.0031119982052994237, 'batch_size': 16}: LSTM.fit: training data has 8 rows, giving only 0 sequence(s) with lookback=11; at least 2 are required (one is always reserved for validation). Reduce lookback or provide more training history.
2026-08-23 23:37:50 | WARNING  | co2_forecast | Model training failed with params {'lookback': 8, 'hidden_size': 54, 'num_layers': 1, 'dropout': 0.3056937753654446, 'learning_rate': 0.005964904231734221, 'batch_size': 8}: LSTM.fit: training data has 8 rows, giving only 0 sequence(s) with lookback=8; at least 2 are required (one is always reserved for validation). Reduce lookback or provide more training history.
2026-08-23 23:37:50 | WARNING  | co2_forecast | Very few sequences (2), LSTM may not train well
2026-08-23 23:37:50 | WARNING  | co2_forecast | Very few sequences (6), LSTM may not train well
2026-08-23 23:37:50 | WARNING  | co2_forecast | Very few sequences (2), LSTM may not train well
2026-08-23 23:37:51 | WARNING  | co2_forecast | Very few sequences (2), LSTM may not train well
2026-08-23 23:37:51 | WARNING  | co2_forecast | Model training failed with params {'lookback': 8, 'hidden_size': 25, 'num_layers': 2, 'dropout': 0.4100531293444458, 'learning_rate': 0.009401039521485473, 'batch_size': 32}: LSTM.fit: training data has 8 rows, giving only 0 sequence(s) with lookback=8; at least 2 are required (one is always reserved for validation). Reduce lookback or provide more training history.
2026-08-23 23:37:51 | WARNING  | co2_forecast | Model training failed with params {'lookback': 7, 'hidden_size': 29, 'num_layers': 2, 'dropout': 0.2427013306774357, 'learning_rate': 0.0028812516459050695, 'batch_size': 16}: LSTM.fit: training data has 8 rows, giving only 1 sequence(s) with lookback=7; at least 2 are required (one is always reserved for validation). Reduce lookback or provide more training history.
2026-08-23 23:37:51 | WARNING  | co2_forecast | Very few sequences (4), LSTM may not train well
2026-08-23 23:37:51 | WARNING  | co2_forecast | Very few sequences (8), LSTM may not train well
2026-08-23 23:37:51 | WARNING  | co2_forecast | Very few sequences (4), LSTM may not train well
2026-08-23 23:37:51 | WARNING  | co2_forecast | Very few sequences (4), LSTM may not train well
2026-08-23 23:37:51 | WARNING  | co2_forecast | Very few sequences (2), LSTM may not train well
2026-08-23 23:37:51 | WARNING  | co2_forecast | Very few sequences (6), LSTM may not train well
2026-08-23 23:37:51 | WARNING  | co2_forecast | Very few sequences (2), LSTM may not train well
2026-08-23 23:37:51 | WARNING  | co2_forecast | Very few sequences (2), LSTM may not train well
2026-08-23 23:37:51 | INFO     | co2_forecast |   Iteration 0: Best fitness = 0.540362
2026-08-23 23:37:51 | WARNING  | co2_forecast | Very few sequences (4), LSTM may not train well
2026-08-23 23:37:52 | WARNING  | co2_forecast | Very few sequences (8), LSTM may not train well
2026-08-23 23:37:52 | WARNING  | co2_forecast | Very few sequences (4), LSTM may not train well
2026-08-23 23:37:52 | WARNING  | co2_forecast | Very few sequences (4), LSTM may not train well
2026-08-23 23:37:52 | WARNING  | co2_forecast | Very few sequences (3), LSTM may not train well
2026-08-23 23:37:52 | WARNING  | co2_forecast | Very few sequences (7), LSTM may not train well
2026-08-23 23:37:52 | WARNING  | co2_forecast | Very few sequences (3), LSTM may not train well
2026-08-23 23:37:52 | WARNING  | co2_forecast | Very few sequences (3), LSTM may not train well
2026-08-23 23:37:52 | WARNING  | co2_forecast | Model training failed with params {'lookback': 7, 'hidden_size': 52, 'num_layers': 1, 'dropout': 0.3509333868153429, 'learning_rate': 0.007024592970449884, 'batch_size': 8}: LSTM.fit: training data has 8 rows, giving only 1 sequence(s) with lookback=7; at least 2 are required (one is always reserved for validation). Reduce lookback or provide more training history.
2026-08-23 23:37:52 | WARNING  | co2_forecast | Very few sequences (4), LSTM may not train well
2026-08-23 23:37:52 | WARNING  | co2_forecast | Very few sequences (8), LSTM may not train well
2026-08-23 23:37:52 | WARNING  | co2_forecast | Very few sequences (4), LSTM may not train well
2026-08-23 23:37:52 | WARNING  | co2_forecast | Very few sequences (4), LSTM may not train well
2026-08-23 23:37:53 | WARNING  | co2_forecast | Very few sequences (4), LSTM may not train well
2026-08-23 23:37:53 | WARNING  | co2_forecast | Very few sequences (8), LSTM may not train well
2026-08-23 23:37:53 | WARNING  | co2_forecast | Very few sequences (4), LSTM may not train well
2026-08-23 23:37:53 | WARNING  | co2_forecast | Very few sequences (4), LSTM may not train well
2026-08-23 23:37:53 | WARNING  | co2_forecast | Very few sequences (4), LSTM may not train well
2026-08-23 23:37:53 | WARNING  | co2_forecast | Very few sequences (8), LSTM may not train well
2026-08-23 23:37:53 | WARNING  | co2_forecast | Very few sequences (4), LSTM may not train well
2026-08-23 23:37:53 | WARNING  | co2_forecast | Very few sequences (4), LSTM may not train well
2026-08-23 23:37:54 | WARNING  | co2_forecast | Very few sequences (4), LSTM may not train well
2026-08-23 23:37:54 | WARNING  | co2_forecast | Very few sequences (8), LSTM may not train well
2026-08-23 23:37:54 | WARNING  | co2_forecast | Very few sequences (4), LSTM may not train well
2026-08-23 23:37:54 | WARNING  | co2_forecast | Very few sequences (4), LSTM may not train well
2026-08-23 23:37:54 | WARNING  | co2_forecast | Very few sequences (3), LSTM may not train well
2026-08-23 23:37:54 | WARNING  | co2_forecast | Very few sequences (7), LSTM may not train well
2026-08-23 23:37:54 | WARNING  | co2_forecast | Very few sequences (3), LSTM may not train well
2026-08-23 23:37:54 | WARNING  | co2_forecast | Very few sequences (3), LSTM may not train well
2026-08-23 23:37:54 | WARNING  | co2_forecast | Very few sequences (4), LSTM may not train well
2026-08-23 23:37:54 | WARNING  | co2_forecast | Very few sequences (8), LSTM may not train well
2026-08-23 23:37:55 | WARNING  | co2_forecast | Very few sequences (4), LSTM may not train well
2026-08-23 23:37:55 | WARNING  | co2_forecast | Very few sequences (4), LSTM may not train well
2026-08-23 23:37:55 | WARNING  | co2_forecast | Very few sequences (4), LSTM may not train well
2026-08-23 23:37:55 | WARNING  | co2_forecast | Very few sequences (8), LSTM may not train well
2026-08-23 23:37:55 | WARNING  | co2_forecast | Very few sequences (4), LSTM may not train well
2026-08-23 23:37:55 | WARNING  | co2_forecast | Very few sequences (4), LSTM may not train well
2026-08-23 23:37:55 | WARNING  | co2_forecast | Very few sequences (2), LSTM may not train well
2026-08-23 23:37:55 | WARNING  | co2_forecast | Very few sequences (6), LSTM may not train well
2026-08-23 23:37:55 | WARNING  | co2_forecast | Very few sequences (2), LSTM may not train well
2026-08-23 23:37:55 | WARNING  | co2_forecast | Very few sequences (2), LSTM may not train well
2026-08-23 23:37:55 | WARNING  | co2_forecast | Very few sequences (4), LSTM may not train well
2026-08-23 23:37:56 | WARNING  | co2_forecast | Very few sequences (8), LSTM may not train well
2026-08-23 23:37:56 | WARNING  | co2_forecast | Very few sequences (4), LSTM may not train well
2026-08-23 23:37:56 | WARNING  | co2_forecast | Very few sequences (4), LSTM may not train well
2026-08-23 23:37:56 | WARNING  | co2_forecast | Very few sequences (4), LSTM may not train well
2026-08-23 23:37:56 | WARNING  | co2_forecast | Very few sequences (8), LSTM may not train well
2026-08-23 23:37:56 | WARNING  | co2_forecast | Very few sequences (4), LSTM may not train well
2026-08-23 23:37:56 | WARNING  | co2_forecast | Very few sequences (4), LSTM may not train well
2026-08-23 23:37:56 | WARNING  | co2_forecast | Very few sequences (4), LSTM may not train well
2026-08-23 23:37:57 | WARNING  | co2_forecast | Very few sequences (8), LSTM may not train well
2026-08-23 23:37:57 | WARNING  | co2_forecast | Very few sequences (4), LSTM may not train well
2026-08-23 23:37:57 | WARNING  | co2_forecast | Very few sequences (4), LSTM may not train well
2026-08-23 23:37:57 | WARNING  | co2_forecast | Very few sequences (4), LSTM may not train well
2026-08-23 23:37:57 | WARNING  | co2_forecast | Very few sequences (8), LSTM may not train well
2026-08-23 23:37:57 | WARNING  | co2_forecast | Very few sequences (4), LSTM may not train well
2026-08-23 23:37:57 | WARNING  | co2_forecast | Very few sequences (4), LSTM may not train well
2026-08-23 23:37:57 | WARNING  | co2_forecast | Very few sequences (4), LSTM may not train well
2026-08-23 23:37:57 | WARNING  | co2_forecast | Very few sequences (8), LSTM may not train well
2026-08-23 23:37:58 | WARNING  | co2_forecast | Very few sequences (4), LSTM may not train well
2026-08-23 23:37:58 | WARNING  | co2_forecast | Very few sequences (4), LSTM may not train well
2026-08-23 23:37:58 | WARNING  | co2_forecast | Very few sequences (4), LSTM may not train well
2026-08-23 23:37:58 | WARNING  | co2_forecast | Very few sequences (8), LSTM may not train well
2026-08-23 23:37:58 | WARNING  | co2_forecast | Very few sequences (4), LSTM may not train well
2026-08-23 23:37:58 | WARNING  | co2_forecast | Very few sequences (4), LSTM may not train well
2026-08-23 23:37:58 | WARNING  | co2_forecast | Very few sequences (4), LSTM may not train well
2026-08-23 23:37:58 | WARNING  | co2_forecast | Very few sequences (8), LSTM may not train well
2026-08-23 23:37:58 | WARNING  | co2_forecast | Very few sequences (4), LSTM may not train well
2026-08-23 23:37:59 | WARNING  | co2_forecast | Very few sequences (4), LSTM may not train well
2026-08-23 23:37:59 | WARNING  | co2_forecast | Very few sequences (3), LSTM may not train well
2026-08-23 23:37:59 | WARNING  | co2_forecast | Very few sequences (7), LSTM may not train well
2026-08-23 23:37:59 | WARNING  | co2_forecast | Very few sequences (3), LSTM may not train well
2026-08-23 23:37:59 | WARNING  | co2_forecast | Very few sequences (3), LSTM may not train well
2026-08-23 23:37:59 | WARNING  | co2_forecast | Very few sequences (4), LSTM may not train well
2026-08-23 23:37:59 | WARNING  | co2_forecast | Very few sequences (8), LSTM may not train well
2026-08-23 23:37:59 | WARNING  | co2_forecast | Very few sequences (4), LSTM may not train well
2026-08-23 23:37:59 | WARNING  | co2_forecast | Very few sequences (4), LSTM may not train well
2026-08-23 23:38:00 | WARNING  | co2_forecast | Very few sequences (4), LSTM may not train well
2026-08-23 23:38:00 | WARNING  | co2_forecast | Very few sequences (8), LSTM may not train well
2026-08-23 23:38:00 | WARNING  | co2_forecast | Very few sequences (4), LSTM may not train well
2026-08-23 23:38:00 | WARNING  | co2_forecast | Very few sequences (4), LSTM may not train well
2026-08-23 23:38:00 | WARNING  | co2_forecast | Very few sequences (4), LSTM may not train well
2026-08-23 23:38:00 | WARNING  | co2_forecast | Very few sequences (8), LSTM may not train well
2026-08-23 23:38:00 | WARNING  | co2_forecast | Very few sequences (4), LSTM may not train well
2026-08-23 23:38:00 | WARNING  | co2_forecast | Very few sequences (4), LSTM may not train well
2026-08-23 23:38:00 | WARNING  | co2_forecast | Very few sequences (4), LSTM may not train well
2026-08-23 23:38:01 | WARNING  | co2_forecast | Very few sequences (8), LSTM may not train well
2026-08-23 23:38:01 | WARNING  | co2_forecast | Very few sequences (4), LSTM may not train well
2026-08-23 23:38:01 | WARNING  | co2_forecast | Very few sequences (4), LSTM may not train well
2026-08-23 23:38:01 | WARNING  | co2_forecast | Very few sequences (4), LSTM may not train well
2026-08-23 23:38:01 | WARNING  | co2_forecast | Very few sequences (8), LSTM may not train well
2026-08-23 23:38:01 | WARNING  | co2_forecast | Very few sequences (4), LSTM may not train well
2026-08-23 23:38:01 | WARNING  | co2_forecast | Very few sequences (4), LSTM may not train well
2026-08-23 23:38:01 | WARNING  | co2_forecast | Very few sequences (4), LSTM may not train well
2026-08-23 23:38:01 | WARNING  | co2_forecast | Very few sequences (8), LSTM may not train well
2026-08-23 23:38:02 | WARNING  | co2_forecast | Very few sequences (4), LSTM may not train well
2026-08-23 23:38:02 | WARNING  | co2_forecast | Very few sequences (4), LSTM may not train well
2026-08-23 23:38:02 | WARNING  | co2_forecast | Very few sequences (4), LSTM may not train well
2026-08-23 23:38:02 | WARNING  | co2_forecast | Very few sequences (8), LSTM may not train well
2026-08-23 23:38:02 | WARNING  | co2_forecast | Very few sequences (4), LSTM may not train well
2026-08-23 23:38:02 | WARNING  | co2_forecast | Very few sequences (4), LSTM may not train well
2026-08-23 23:38:02 | WARNING  | co2_forecast | Very few sequences (4), LSTM may not train well
2026-08-23 23:38:03 | WARNING  | co2_forecast | Very few sequences (8), LSTM may not train well
2026-08-23 23:38:03 | WARNING  | co2_forecast | Very few sequences (4), LSTM may not train well
2026-08-23 23:38:03 | WARNING  | co2_forecast | Very few sequences (4), LSTM may not train well
2026-08-23 23:38:03 | WARNING  | co2_forecast | Very few sequences (4), LSTM may not train well
2026-08-23 23:38:03 | WARNING  | co2_forecast | Very few sequences (8), LSTM may not train well
2026-08-23 23:38:03 | WARNING  | co2_forecast | Very few sequences (4), LSTM may not train well
2026-08-23 23:38:03 | WARNING  | co2_forecast | Very few sequences (4), LSTM may not train well
2026-08-23 23:38:03 | WARNING  | co2_forecast | Very few sequences (4), LSTM may not train well
2026-08-23 23:38:04 | WARNING  | co2_forecast | Very few sequences (8), LSTM may not train well
2026-08-23 23:38:04 | WARNING  | co2_forecast | Very few sequences (4), LSTM may not train well
2026-08-23 23:38:04 | WARNING  | co2_forecast | Very few sequences (4), LSTM may not train well
2026-08-23 23:38:04 | WARNING  | co2_forecast | Very few sequences (4), LSTM may not train well
2026-08-23 23:38:04 | WARNING  | co2_forecast | Very few sequences (8), LSTM may not train well
2026-08-23 23:38:04 | WARNING  | co2_forecast | Very few sequences (4), LSTM may not train well
2026-08-23 23:38:04 | WARNING  | co2_forecast | Very few sequences (4), LSTM may not train well
2026-08-23 23:38:04 | WARNING  | co2_forecast | Very few sequences (4), LSTM may not train well
2026-08-23 23:38:04 | WARNING  | co2_forecast | Very few sequences (8), LSTM may not train well
2026-08-23 23:38:05 | WARNING  | co2_forecast | Very few sequences (4), LSTM may not train well
2026-08-23 23:38:05 | WARNING  | co2_forecast | Very few sequences (4), LSTM may not train well
2026-08-23 23:38:05 | WARNING  | co2_forecast | Very few sequences (4), LSTM may not train well
2026-08-23 23:38:05 | WARNING  | co2_forecast | Very few sequences (8), LSTM may not train well
2026-08-23 23:38:05 | WARNING  | co2_forecast | Very few sequences (4), LSTM may not train well
2026-08-23 23:38:05 | WARNING  | co2_forecast | Very few sequences (4), LSTM may not train well
2026-08-23 23:38:05 | WARNING  | co2_forecast | Very few sequences (4), LSTM may not train well
2026-08-23 23:38:05 | WARNING  | co2_forecast | Very few sequences (8), LSTM may not train well
2026-08-23 23:38:05 | WARNING  | co2_forecast | Very few sequences (4), LSTM may not train well
2026-08-23 23:38:06 | WARNING  | co2_forecast | Very few sequences (4), LSTM may not train well
2026-08-23 23:38:06 | WARNING  | co2_forecast | Very few sequences (4), LSTM may not train well
2026-08-23 23:38:06 | WARNING  | co2_forecast | Very few sequences (8), LSTM may not train well
2026-08-23 23:38:06 | WARNING  | co2_forecast | Very few sequences (4), LSTM may not train well
2026-08-23 23:38:06 | WARNING  | co2_forecast | Very few sequences (4), LSTM may not train well
2026-08-23 23:38:06 | WARNING  | co2_forecast | Very few sequences (4), LSTM may not train well
2026-08-23 23:38:06 | WARNING  | co2_forecast | Very few sequences (8), LSTM may not train well
2026-08-23 23:38:06 | WARNING  | co2_forecast | Very few sequences (4), LSTM may not train well
2026-08-23 23:38:06 | WARNING  | co2_forecast | Very few sequences (4), LSTM may not train well
2026-08-23 23:38:06 | WARNING  | co2_forecast | Very few sequences (4), LSTM may not train well
2026-08-23 23:38:07 | WARNING  | co2_forecast | Very few sequences (8), LSTM may not train well
2026-08-23 23:38:07 | WARNING  | co2_forecast | Very few sequences (4), LSTM may not train well
2026-08-23 23:38:07 | WARNING  | co2_forecast | Very few sequences (4), LSTM may not train well
2026-08-23 23:38:07 | WARNING  | co2_forecast | Very few sequences (4), LSTM may not train well
2026-08-23 23:38:07 | WARNING  | co2_forecast | Very few sequences (8), LSTM may not train well
2026-08-23 23:38:07 | WARNING  | co2_forecast | Very few sequences (4), LSTM may not train well
2026-08-23 23:38:08 | WARNING  | co2_forecast | Very few sequences (4), LSTM may not train well
2026-08-23 23:38:08 | WARNING  | co2_forecast | Very few sequences (4), LSTM may not train well
2026-08-23 23:38:08 | WARNING  | co2_forecast | Very few sequences (8), LSTM may not train well
2026-08-23 23:38:08 | WARNING  | co2_forecast | Very few sequences (4), LSTM may not train well
2026-08-23 23:38:08 | WARNING  | co2_forecast | Very few sequences (4), LSTM may not train well
2026-08-23 23:38:08 | WARNING  | co2_forecast | Very few sequences (4), LSTM may not train well
2026-08-23 23:38:08 | WARNING  | co2_forecast | Very few sequences (8), LSTM may not train well
2026-08-23 23:38:08 | WARNING  | co2_forecast | Very few sequences (4), LSTM may not train well
2026-08-23 23:38:08 | WARNING  | co2_forecast | Very few sequences (4), LSTM may not train well
2026-08-23 23:38:09 | WARNING  | co2_forecast | Very few sequences (4), LSTM may not train well
2026-08-23 23:38:09 | WARNING  | co2_forecast | Very few sequences (8), LSTM may not train well
2026-08-23 23:38:09 | WARNING  | co2_forecast | Very few sequences (4), LSTM may not train well
2026-08-23 23:38:09 | WARNING  | co2_forecast | Very few sequences (4), LSTM may not train well
2026-08-23 23:38:09 | INFO     | co2_forecast |   Iteration 5: Best fitness = 0.535373
2026-08-23 23:38:09 | WARNING  | co2_forecast | Very few sequences (4), LSTM may not train well
2026-08-23 23:38:09 | WARNING  | co2_forecast | Very few sequences (8), LSTM may not train well
2026-08-23 23:38:09 | WARNING  | co2_forecast | Very few sequences (4), LSTM may not train well
2026-08-23 23:38:09 | WARNING  | co2_forecast | Very few sequences (4), LSTM may not train well
2026-08-23 23:38:10 | WARNING  | co2_forecast | Very few sequences (4), LSTM may not train well
2026-08-23 23:38:10 | WARNING  | co2_forecast | Very few sequences (8), LSTM may not train well
2026-08-23 23:38:10 | WARNING  | co2_forecast | Very few sequences (4), LSTM may not train well
2026-08-23 23:38:10 | WARNING  | co2_forecast | Very few sequences (4), LSTM may not train well
2026-08-23 23:38:10 | WARNING  | co2_forecast | Very few sequences (4), LSTM may not train well
2026-08-23 23:38:10 | WARNING  | co2_forecast | Very few sequences (8), LSTM may not train well
2026-08-23 23:38:10 | WARNING  | co2_forecast | Very few sequences (4), LSTM may not train well
2026-08-23 23:38:10 | WARNING  | co2_forecast | Very few sequences (4), LSTM may not train well
2026-08-23 23:38:10 | WARNING  | co2_forecast | Very few sequences (4), LSTM may not train well
2026-08-23 23:38:10 | WARNING  | co2_forecast | Very few sequences (8), LSTM may not train well
2026-08-23 23:38:11 | WARNING  | co2_forecast | Very few sequences (4), LSTM may not train well
2026-08-23 23:38:11 | WARNING  | co2_forecast | Very few sequences (4), LSTM may not train well
2026-08-23 23:38:11 | WARNING  | co2_forecast | Very few sequences (4), LSTM may not train well
2026-08-23 23:38:11 | WARNING  | co2_forecast | Very few sequences (8), LSTM may not train well
2026-08-23 23:38:11 | WARNING  | co2_forecast | Very few sequences (4), LSTM may not train well
2026-08-23 23:38:11 | WARNING  | co2_forecast | Very few sequences (4), LSTM may not train well
2026-08-23 23:38:11 | WARNING  | co2_forecast | Very few sequences (4), LSTM may not train well
2026-08-23 23:38:11 | WARNING  | co2_forecast | Very few sequences (8), LSTM may not train well
2026-08-23 23:38:11 | WARNING  | co2_forecast | Very few sequences (4), LSTM may not train well
2026-08-23 23:38:12 | WARNING  | co2_forecast | Very few sequences (4), LSTM may not train well
2026-08-23 23:38:12 | WARNING  | co2_forecast | Very few sequences (4), LSTM may not train well
2026-08-23 23:38:12 | WARNING  | co2_forecast | Very few sequences (8), LSTM may not train well
2026-08-23 23:38:12 | WARNING  | co2_forecast | Very few sequences (4), LSTM may not train well
2026-08-23 23:38:12 | WARNING  | co2_forecast | Very few sequences (4), LSTM may not train well
2026-08-23 23:38:12 | WARNING  | co2_forecast | Very few sequences (4), LSTM may not train well
2026-08-23 23:38:12 | WARNING  | co2_forecast | Very few sequences (8), LSTM may not train well
2026-08-23 23:38:12 | WARNING  | co2_forecast | Very few sequences (4), LSTM may not train well
2026-08-23 23:38:12 | WARNING  | co2_forecast | Very few sequences (4), LSTM may not train well
2026-08-23 23:38:12 | WARNING  | co2_forecast | Very few sequences (4), LSTM may not train well
2026-08-23 23:38:13 | WARNING  | co2_forecast | Very few sequences (8), LSTM may not train well
2026-08-23 23:38:13 | WARNING  | co2_forecast | Very few sequences (4), LSTM may not train well
2026-08-23 23:38:13 | WARNING  | co2_forecast | Very few sequences (4), LSTM may not train well
2026-08-23 23:38:13 | WARNING  | co2_forecast | Very few sequences (4), LSTM may not train well
2026-08-23 23:38:13 | WARNING  | co2_forecast | Very few sequences (8), LSTM may not train well
2026-08-23 23:38:13 | WARNING  | co2_forecast | Very few sequences (4), LSTM may not train well
2026-08-23 23:38:13 | WARNING  | co2_forecast | Very few sequences (4), LSTM may not train well
2026-08-23 23:38:13 | WARNING  | co2_forecast | Very few sequences (4), LSTM may not train well
2026-08-23 23:38:14 | WARNING  | co2_forecast | Very few sequences (8), LSTM may not train well
2026-08-23 23:38:14 | WARNING  | co2_forecast | Very few sequences (4), LSTM may not train well
2026-08-23 23:38:14 | WARNING  | co2_forecast | Very few sequences (4), LSTM may not train well
2026-08-23 23:38:14 | WARNING  | co2_forecast | Very few sequences (4), LSTM may not train well
2026-08-23 23:38:14 | WARNING  | co2_forecast | Very few sequences (8), LSTM may not train well
2026-08-23 23:38:14 | WARNING  | co2_forecast | Very few sequences (4), LSTM may not train well
2026-08-23 23:38:14 | WARNING  | co2_forecast | Very few sequences (4), LSTM may not train well
2026-08-23 23:38:14 | WARNING  | co2_forecast | Very few sequences (4), LSTM may not train well
2026-08-23 23:38:14 | WARNING  | co2_forecast | Very few sequences (8), LSTM may not train well
2026-08-23 23:38:15 | WARNING  | co2_forecast | Very few sequences (4), LSTM may not train well
2026-08-23 23:38:15 | WARNING  | co2_forecast | Very few sequences (4), LSTM may not train well
2026-08-23 23:38:15 | WARNING  | co2_forecast | Very few sequences (4), LSTM may not train well
2026-08-23 23:38:15 | WARNING  | co2_forecast | Very few sequences (8), LSTM may not train well
2026-08-23 23:38:15 | WARNING  | co2_forecast | Very few sequences (4), LSTM may not train well
2026-08-23 23:38:15 | WARNING  | co2_forecast | Very few sequences (4), LSTM may not train well
2026-08-23 23:38:15 | WARNING  | co2_forecast | Very few sequences (4), LSTM may not train well
2026-08-23 23:38:15 | WARNING  | co2_forecast | Very few sequences (8), LSTM may not train well
2026-08-23 23:38:16 | WARNING  | co2_forecast | Very few sequences (4), LSTM may not train well
2026-08-23 23:38:16 | WARNING  | co2_forecast | Very few sequences (4), LSTM may not train well
2026-08-23 23:38:16 | WARNING  | co2_forecast | Very few sequences (4), LSTM may not train well
2026-08-23 23:38:16 | WARNING  | co2_forecast | Very few sequences (8), LSTM may not train well
2026-08-23 23:38:16 | WARNING  | co2_forecast | Very few sequences (4), LSTM may not train well
2026-08-23 23:38:16 | WARNING  | co2_forecast | Very few sequences (4), LSTM may not train well
2026-08-23 23:38:16 | WARNING  | co2_forecast | Very few sequences (4), LSTM may not train well
2026-08-23 23:38:16 | WARNING  | co2_forecast | Very few sequences (8), LSTM may not train well
2026-08-23 23:38:16 | WARNING  | co2_forecast | Very few sequences (4), LSTM may not train well
2026-08-23 23:38:16 | WARNING  | co2_forecast | Very few sequences (4), LSTM may not train well
2026-08-23 23:38:17 | WARNING  | co2_forecast | Very few sequences (4), LSTM may not train well
2026-08-23 23:38:17 | WARNING  | co2_forecast | Very few sequences (8), LSTM may not train well
2026-08-23 23:38:17 | WARNING  | co2_forecast | Very few sequences (4), LSTM may not train well
2026-08-23 23:38:17 | WARNING  | co2_forecast | Very few sequences (4), LSTM may not train well
2026-08-23 23:38:17 | WARNING  | co2_forecast | Very few sequences (4), LSTM may not train well
2026-08-23 23:38:17 | WARNING  | co2_forecast | Very few sequences (8), LSTM may not train well
2026-08-23 23:38:18 | WARNING  | co2_forecast | Very few sequences (4), LSTM may not train well
2026-08-23 23:38:18 | WARNING  | co2_forecast | Very few sequences (4), LSTM may not train well
2026-08-23 23:38:18 | WARNING  | co2_forecast | Very few sequences (4), LSTM may not train well
2026-08-23 23:38:18 | WARNING  | co2_forecast | Very few sequences (8), LSTM may not train well
2026-08-23 23:38:18 | WARNING  | co2_forecast | Very few sequences (4), LSTM may not train well
2026-08-23 23:38:18 | WARNING  | co2_forecast | Very few sequences (4), LSTM may not train well
2026-08-23 23:38:18 | WARNING  | co2_forecast | Very few sequences (4), LSTM may not train well
2026-08-23 23:38:18 | WARNING  | co2_forecast | Very few sequences (8), LSTM may not train well
2026-08-23 23:38:18 | WARNING  | co2_forecast | Very few sequences (4), LSTM may not train well
2026-08-23 23:38:19 | WARNING  | co2_forecast | Very few sequences (4), LSTM may not train well
2026-08-23 23:38:19 | WARNING  | co2_forecast | Very few sequences (4), LSTM may not train well
2026-08-23 23:38:19 | WARNING  | co2_forecast | Very few sequences (8), LSTM may not train well
2026-08-23 23:38:19 | WARNING  | co2_forecast | Very few sequences (4), LSTM may not train well
2026-08-23 23:38:19 | WARNING  | co2_forecast | Very few sequences (4), LSTM may not train well
2026-08-23 23:38:19 | WARNING  | co2_forecast | Very few sequences (4), LSTM may not train well
2026-08-23 23:38:19 | WARNING  | co2_forecast | Very few sequences (8), LSTM may not train well
2026-08-23 23:38:19 | WARNING  | co2_forecast | Very few sequences (4), LSTM may not train well
2026-08-23 23:38:19 | WARNING  | co2_forecast | Very few sequences (4), LSTM may not train well
2026-08-23 23:38:20 | WARNING  | co2_forecast | Very few sequences (4), LSTM may not train well
2026-08-23 23:38:20 | WARNING  | co2_forecast | Very few sequences (8), LSTM may not train well
2026-08-23 23:38:20 | WARNING  | co2_forecast | Very few sequences (4), LSTM may not train well
2026-08-23 23:38:20 | WARNING  | co2_forecast | Very few sequences (4), LSTM may not train well
2026-08-23 23:38:20 | WARNING  | co2_forecast | Very few sequences (4), LSTM may not train well
2026-08-23 23:38:20 | WARNING  | co2_forecast | Very few sequences (8), LSTM may not train well
2026-08-23 23:38:20 | WARNING  | co2_forecast | Very few sequences (4), LSTM may not train well
2026-08-23 23:38:21 | WARNING  | co2_forecast | Very few sequences (4), LSTM may not train well
2026-08-23 23:38:21 | WARNING  | co2_forecast | Very few sequences (4), LSTM may not train well
2026-08-23 23:38:21 | WARNING  | co2_forecast | Very few sequences (8), LSTM may not train well
2026-08-23 23:38:21 | WARNING  | co2_forecast | Very few sequences (4), LSTM may not train well
2026-08-23 23:38:21 | WARNING  | co2_forecast | Very few sequences (4), LSTM may not train well
2026-08-23 23:38:21 | WARNING  | co2_forecast | Very few sequences (4), LSTM may not train well
2026-08-23 23:38:21 | WARNING  | co2_forecast | Very few sequences (8), LSTM may not train well
2026-08-23 23:38:21 | WARNING  | co2_forecast | Very few sequences (4), LSTM may not train well
2026-08-23 23:38:21 | WARNING  | co2_forecast | Very few sequences (4), LSTM may not train well
2026-08-23 23:38:22 | WARNING  | co2_forecast | Very few sequences (4), LSTM may not train well
2026-08-23 23:38:22 | WARNING  | co2_forecast | Very few sequences (8), LSTM may not train well
2026-08-23 23:38:22 | WARNING  | co2_forecast | Very few sequences (4), LSTM may not train well
2026-08-23 23:38:22 | WARNING  | co2_forecast | Very few sequences (4), LSTM may not train well
2026-08-23 23:38:22 | WARNING  | co2_forecast | Very few sequences (4), LSTM may not train well
2026-08-23 23:38:22 | WARNING  | co2_forecast | Very few sequences (8), LSTM may not train well
2026-08-23 23:38:23 | WARNING  | co2_forecast | Very few sequences (4), LSTM may not train well
2026-08-23 23:38:23 | WARNING  | co2_forecast | Very few sequences (4), LSTM may not train well
2026-08-23 23:38:23 | WARNING  | co2_forecast | Very few sequences (4), LSTM may not train well
2026-08-23 23:38:23 | WARNING  | co2_forecast | Very few sequences (8), LSTM may not train well
2026-08-23 23:38:23 | WARNING  | co2_forecast | Very few sequences (4), LSTM may not train well
2026-08-23 23:38:23 | WARNING  | co2_forecast | Very few sequences (4), LSTM may not train well
2026-08-23 23:38:23 | WARNING  | co2_forecast | Very few sequences (4), LSTM may not train well
2026-08-23 23:38:23 | WARNING  | co2_forecast | Very few sequences (8), LSTM may not train well
2026-08-23 23:38:23 | WARNING  | co2_forecast | Very few sequences (4), LSTM may not train well
2026-08-23 23:38:24 | WARNING  | co2_forecast | Very few sequences (4), LSTM may not train well
2026-08-23 23:38:24 | WARNING  | co2_forecast | Very few sequences (4), LSTM may not train well
2026-08-23 23:38:24 | WARNING  | co2_forecast | Very few sequences (8), LSTM may not train well
2026-08-23 23:38:24 | WARNING  | co2_forecast | Very few sequences (4), LSTM may not train well
2026-08-23 23:38:24 | WARNING  | co2_forecast | Very few sequences (4), LSTM may not train well
2026-08-23 23:38:24 | INFO     | co2_forecast |   Iteration 9: Best fitness = 0.528052
2026-08-23 23:38:24 | INFO     | co2_forecast | PSO complete. Best fitness: 0.528052
2026-08-23 23:38:24 | INFO     | co2_forecast |   Best params: {'lookback': 4, 'hidden_size': 55, 'num_layers': 2, 'dropout': 0.3905555500872708, 'learning_rate': 0.007829717770145073, 'batch_size': 8}
2026-08-23 23:38:24 | INFO     | co2_forecast |   Best fitness: 0.528052
2026-08-23 23:38:24 | INFO     | co2_forecast | [A2/panel2_common_period/all_features/lstm] sweep tuning: best_params={'lookback': 4, 'hidden_size': 55, 'num_layers': 2, 'dropout': 0.3905555500872708, 'learning_rate': 0.007829717770145073, 'batch_size': 8}
2026-08-23 23:38:25 | INFO     | co2_forecast |   -> weighted_mase=0.46603692532893326, runtime=34.5s
2026-08-23 23:38:25 | INFO     | co2_forecast | Stream A cell: A3/ridge (24 features, 28 rows)
2026-08-23 23:38:25 | INFO     | co2_forecast | Creating walk-forward splits for 16 valid samples
2026-08-23 23:38:25 | INFO     | co2_forecast | Created 4 CV folds across horizons [1, 2, 4]
2026-08-23 23:38:25 | INFO     | co2_forecast | Built tuning CV plan: 4 folds from 16 rows before 2022-Q%q (evaluation cutoff) - isolation OK (max tuning date 2021-Q%q)
2026-08-23 23:38:25 | INFO     | co2_forecast | Optimizing ridge...
2026-08-23 23:38:25 | INFO     | co2_forecast | Starting PSO: 8 particles, 10 iterations
2026-08-23 23:38:25 | INFO     | co2_forecast |   Iteration 0: Best fitness = 2.080727
2026-08-23 23:38:25 | INFO     | co2_forecast |   Iteration 5: Best fitness = 1.846847
2026-08-23 23:38:25 | INFO     | co2_forecast |   Iteration 9: Best fitness = 1.846847
2026-08-23 23:38:25 | INFO     | co2_forecast | PSO complete. Best fitness: 1.846847
2026-08-23 23:38:25 | INFO     | co2_forecast |   Best params: {'alpha': 100.0}
2026-08-23 23:38:25 | INFO     | co2_forecast |   Best fitness: 1.846847
2026-08-23 23:38:25 | INFO     | co2_forecast | [A3/panel2_common_period/all_features/ridge] sweep tuning: best_params={'alpha': 100.0}
2026-08-23 23:38:25 | INFO     | co2_forecast |   -> weighted_mase=0.7698148469516242, runtime=0.3s
2026-08-23 23:38:25 | INFO     | co2_forecast | Stream A cell: A3/random_forest (24 features, 28 rows)
2026-08-23 23:38:25 | INFO     | co2_forecast | Creating walk-forward splits for 16 valid samples
2026-08-23 23:38:25 | INFO     | co2_forecast | Created 4 CV folds across horizons [1, 2, 4]
2026-08-23 23:38:25 | INFO     | co2_forecast | Built tuning CV plan: 4 folds from 16 rows before 2022-Q%q (evaluation cutoff) - isolation OK (max tuning date 2021-Q%q)
2026-08-23 23:38:25 | INFO     | co2_forecast | Optimizing random_forest...
2026-08-23 23:38:25 | INFO     | co2_forecast | Starting PSO: 8 particles, 10 iterations
2026-08-23 23:38:30 | INFO     | co2_forecast |   Iteration 0: Best fitness = 0.681303
2026-08-23 23:38:46 | INFO     | co2_forecast |   Iteration 5: Best fitness = 0.461183
2026-08-23 23:38:59 | INFO     | co2_forecast |   Iteration 9: Best fitness = 0.461183
2026-08-23 23:38:59 | INFO     | co2_forecast | PSO complete. Best fitness: 0.461183
2026-08-23 23:38:59 | INFO     | co2_forecast |   Best params: {'n_estimators': 58, 'max_depth': 3, 'min_samples_split': 2, 'min_samples_leaf': 1}
2026-08-23 23:38:59 | INFO     | co2_forecast |   Best fitness: 0.461183
2026-08-23 23:38:59 | INFO     | co2_forecast | [A3/panel2_common_period/all_features/random_forest] sweep tuning: best_params={'n_estimators': 58, 'max_depth': 3, 'min_samples_split': 2, 'min_samples_leaf': 1}
2026-08-23 23:38:59 | INFO     | co2_forecast |   -> weighted_mase=0.5963691795301891, runtime=34.1s
2026-08-23 23:38:59 | INFO     | co2_forecast | Stream A cell: A3/catboost (24 features, 28 rows)
2026-08-23 23:38:59 | INFO     | co2_forecast | Creating walk-forward splits for 16 valid samples
2026-08-23 23:38:59 | INFO     | co2_forecast | Created 4 CV folds across horizons [1, 2, 4]
2026-08-23 23:38:59 | INFO     | co2_forecast | Built tuning CV plan: 4 folds from 16 rows before 2022-Q%q (evaluation cutoff) - isolation OK (max tuning date 2021-Q%q)
2026-08-23 23:38:59 | INFO     | co2_forecast | Optimizing catboost...
2026-08-23 23:38:59 | INFO     | co2_forecast | Starting PSO: 8 particles, 10 iterations
2026-08-23 23:39:37 | INFO     | co2_forecast |   Iteration 0: Best fitness = 0.389865
2026-08-23 23:43:08 | INFO     | co2_forecast |   Iteration 5: Best fitness = 0.377493
2026-08-23 23:46:12 | INFO     | co2_forecast |   Iteration 9: Best fitness = 0.375308
2026-08-23 23:46:12 | INFO     | co2_forecast | PSO complete. Best fitness: 0.375308
2026-08-23 23:46:12 | INFO     | co2_forecast |   Best params: {'iterations': 300, 'learning_rate': 0.12709224503784555, 'depth': 3, 'l2_leaf_reg': 10.0}
2026-08-23 23:46:12 | INFO     | co2_forecast |   Best fitness: 0.375308
2026-08-23 23:46:12 | INFO     | co2_forecast | [A3/panel2_common_period/all_features/catboost] sweep tuning: best_params={'iterations': 300, 'learning_rate': 0.12709224503784555, 'depth': 3, 'l2_leaf_reg': 10.0}
2026-08-23 23:46:16 | INFO     | co2_forecast |   -> weighted_mase=0.5860818955683377, runtime=437.0s
2026-08-23 23:46:16 | INFO     | co2_forecast | Stream A cell: A3/lightgbm (24 features, 28 rows)
2026-08-23 23:46:16 | INFO     | co2_forecast | Creating walk-forward splits for 16 valid samples
2026-08-23 23:46:16 | INFO     | co2_forecast | Created 4 CV folds across horizons [1, 2, 4]
2026-08-23 23:46:16 | INFO     | co2_forecast | Built tuning CV plan: 4 folds from 16 rows before 2022-Q%q (evaluation cutoff) - isolation OK (max tuning date 2021-Q%q)
2026-08-23 23:46:16 | INFO     | co2_forecast | Optimizing lightgbm...
2026-08-23 23:46:16 | INFO     | co2_forecast | Starting PSO: 8 particles, 10 iterations
2026-08-23 23:46:16 | INFO     | co2_forecast |   Iteration 0: Best fitness = 0.768990
2026-08-23 23:46:17 | INFO     | co2_forecast |   Iteration 5: Best fitness = 0.614696
2026-08-23 23:46:18 | INFO     | co2_forecast |   Iteration 9: Best fitness = 0.614696
2026-08-23 23:46:18 | INFO     | co2_forecast | PSO complete. Best fitness: 0.614696
2026-08-23 23:46:18 | INFO     | co2_forecast |   Best params: {'n_estimators': 129, 'learning_rate': 0.3, 'num_leaves': 127, 'max_depth': 8, 'min_child_samples': 6, 'reg_alpha': 0.001, 'reg_lambda': 0.001}
2026-08-23 23:46:18 | INFO     | co2_forecast |   Best fitness: 0.614696
2026-08-23 23:46:18 | INFO     | co2_forecast | [A3/panel2_common_period/all_features/lightgbm] sweep tuning: best_params={'n_estimators': 129, 'learning_rate': 0.3, 'num_leaves': 127, 'max_depth': 8, 'min_child_samples': 6, 'reg_alpha': 0.001, 'reg_lambda': 0.001}
2026-08-23 23:46:18 | INFO     | co2_forecast |   -> weighted_mase=0.28731814839855124, runtime=1.5s
2026-08-23 23:46:18 | INFO     | co2_forecast | Stream A cell: A3/lstm (24 features, 28 rows)
2026-08-23 23:46:18 | INFO     | co2_forecast | Creating walk-forward splits for 16 valid samples
2026-08-23 23:46:18 | INFO     | co2_forecast | Created 4 CV folds across horizons [1, 2, 4]
2026-08-23 23:46:18 | INFO     | co2_forecast | Built tuning CV plan: 4 folds from 16 rows before 2022-Q%q (evaluation cutoff) - isolation OK (max tuning date 2021-Q%q)
2026-08-23 23:46:18 | INFO     | co2_forecast | Optimizing lstm...
2026-08-23 23:46:18 | INFO     | co2_forecast | Starting PSO: 8 particles, 10 iterations
2026-08-23 23:46:18 | WARNING  | co2_forecast | Model training failed with params {'lookback': 7, 'hidden_size': 62, 'num_layers': 2, 'dropout': 0.3394633936788146, 'learning_rate': 0.0016445845403801217, 'batch_size': 8}: LSTM.fit: training data has 8 rows, giving only 1 sequence(s) with lookback=7; at least 2 are required (one is always reserved for validation). Reduce lookback or provide more training history.
2026-08-23 23:46:18 | WARNING  | co2_forecast | Model training failed with params {'lookback': 11, 'hidden_size': 26, 'num_layers': 1, 'dropout': 0.17336180394137352, 'learning_rate': 0.0031119982052994237, 'batch_size': 16}: LSTM.fit: training data has 8 rows, giving only 0 sequence(s) with lookback=11; at least 2 are required (one is always reserved for validation). Reduce lookback or provide more training history.
2026-08-23 23:46:18 | WARNING  | co2_forecast | Model training failed with params {'lookback': 8, 'hidden_size': 54, 'num_layers': 1, 'dropout': 0.3056937753654446, 'learning_rate': 0.005964904231734221, 'batch_size': 8}: LSTM.fit: training data has 8 rows, giving only 0 sequence(s) with lookback=8; at least 2 are required (one is always reserved for validation). Reduce lookback or provide more training history.
2026-08-23 23:46:18 | WARNING  | co2_forecast | Very few sequences (2), LSTM may not train well
2026-08-23 23:46:18 | WARNING  | co2_forecast | Very few sequences (6), LSTM may not train well
2026-08-23 23:46:18 | WARNING  | co2_forecast | Very few sequences (2), LSTM may not train well
2026-08-23 23:46:18 | WARNING  | co2_forecast | Very few sequences (2), LSTM may not train well
2026-08-23 23:46:18 | WARNING  | co2_forecast | Model training failed with params {'lookback': 8, 'hidden_size': 25, 'num_layers': 2, 'dropout': 0.4100531293444458, 'learning_rate': 0.009401039521485473, 'batch_size': 32}: LSTM.fit: training data has 8 rows, giving only 0 sequence(s) with lookback=8; at least 2 are required (one is always reserved for validation). Reduce lookback or provide more training history.
2026-08-23 23:46:18 | WARNING  | co2_forecast | Model training failed with params {'lookback': 7, 'hidden_size': 29, 'num_layers': 2, 'dropout': 0.2427013306774357, 'learning_rate': 0.0028812516459050695, 'batch_size': 16}: LSTM.fit: training data has 8 rows, giving only 1 sequence(s) with lookback=7; at least 2 are required (one is always reserved for validation). Reduce lookback or provide more training history.
2026-08-23 23:46:18 | WARNING  | co2_forecast | Very few sequences (4), LSTM may not train well
2026-08-23 23:46:18 | WARNING  | co2_forecast | Very few sequences (8), LSTM may not train well
2026-08-23 23:46:18 | WARNING  | co2_forecast | Very few sequences (4), LSTM may not train well
2026-08-23 23:46:18 | WARNING  | co2_forecast | Very few sequences (4), LSTM may not train well
2026-08-23 23:46:18 | WARNING  | co2_forecast | Very few sequences (2), LSTM may not train well
2026-08-23 23:46:18 | WARNING  | co2_forecast | Very few sequences (6), LSTM may not train well
2026-08-23 23:46:19 | WARNING  | co2_forecast | Very few sequences (2), LSTM may not train well
2026-08-23 23:46:19 | WARNING  | co2_forecast | Very few sequences (2), LSTM may not train well
2026-08-23 23:46:19 | INFO     | co2_forecast |   Iteration 0: Best fitness = 0.927976
2026-08-23 23:46:19 | WARNING  | co2_forecast | Very few sequences (3), LSTM may not train well
2026-08-23 23:46:19 | WARNING  | co2_forecast | Very few sequences (7), LSTM may not train well
2026-08-23 23:46:19 | WARNING  | co2_forecast | Very few sequences (3), LSTM may not train well
2026-08-23 23:46:20 | WARNING  | co2_forecast | Very few sequences (3), LSTM may not train well
2026-08-23 23:46:20 | WARNING  | co2_forecast | Very few sequences (2), LSTM may not train well
2026-08-23 23:46:20 | WARNING  | co2_forecast | Very few sequences (6), LSTM may not train well
2026-08-23 23:46:20 | WARNING  | co2_forecast | Very few sequences (2), LSTM may not train well
2026-08-23 23:46:20 | WARNING  | co2_forecast | Very few sequences (2), LSTM may not train well
2026-08-23 23:46:20 | WARNING  | co2_forecast | Model training failed with params {'lookback': 8, 'hidden_size': 44, 'num_layers': 1, 'dropout': 0.3238975389966341, 'learning_rate': 0.005520634690128072, 'batch_size': 8}: LSTM.fit: training data has 8 rows, giving only 0 sequence(s) with lookback=8; at least 2 are required (one is always reserved for validation). Reduce lookback or provide more training history.
2026-08-23 23:46:20 | WARNING  | co2_forecast | Very few sequences (3), LSTM may not train well
2026-08-23 23:46:20 | WARNING  | co2_forecast | Very few sequences (7), LSTM may not train well
2026-08-23 23:46:21 | WARNING  | co2_forecast | Very few sequences (3), LSTM may not train well
2026-08-23 23:46:21 | WARNING  | co2_forecast | Very few sequences (3), LSTM may not train well
2026-08-23 23:46:21 | WARNING  | co2_forecast | Very few sequences (2), LSTM may not train well
2026-08-23 23:46:21 | WARNING  | co2_forecast | Very few sequences (6), LSTM may not train well
2026-08-23 23:46:21 | WARNING  | co2_forecast | Very few sequences (2), LSTM may not train well
2026-08-23 23:46:22 | WARNING  | co2_forecast | Very few sequences (2), LSTM may not train well
2026-08-23 23:46:22 | WARNING  | co2_forecast | Very few sequences (3), LSTM may not train well
2026-08-23 23:46:22 | WARNING  | co2_forecast | Very few sequences (7), LSTM may not train well
2026-08-23 23:46:23 | WARNING  | co2_forecast | Very few sequences (3), LSTM may not train well
2026-08-23 23:46:23 | WARNING  | co2_forecast | Very few sequences (3), LSTM may not train well
2026-08-23 23:46:23 | WARNING  | co2_forecast | Very few sequences (4), LSTM may not train well
2026-08-23 23:46:23 | WARNING  | co2_forecast | Very few sequences (8), LSTM may not train well
2026-08-23 23:46:23 | WARNING  | co2_forecast | Very few sequences (4), LSTM may not train well
2026-08-23 23:46:23 | WARNING  | co2_forecast | Very few sequences (4), LSTM may not train well
2026-08-23 23:46:24 | WARNING  | co2_forecast | Very few sequences (2), LSTM may not train well
2026-08-23 23:46:24 | WARNING  | co2_forecast | Very few sequences (6), LSTM may not train well
2026-08-23 23:46:24 | WARNING  | co2_forecast | Very few sequences (2), LSTM may not train well
2026-08-23 23:46:24 | WARNING  | co2_forecast | Very few sequences (2), LSTM may not train well
2026-08-23 23:46:24 | WARNING  | co2_forecast | Very few sequences (3), LSTM may not train well
2026-08-23 23:46:24 | WARNING  | co2_forecast | Very few sequences (7), LSTM may not train well
2026-08-23 23:46:24 | WARNING  | co2_forecast | Very few sequences (3), LSTM may not train well
2026-08-23 23:46:25 | WARNING  | co2_forecast | Very few sequences (3), LSTM may not train well
2026-08-23 23:46:25 | WARNING  | co2_forecast | Very few sequences (4), LSTM may not train well
2026-08-23 23:46:25 | WARNING  | co2_forecast | Very few sequences (8), LSTM may not train well
2026-08-23 23:46:26 | WARNING  | co2_forecast | Very few sequences (4), LSTM may not train well
2026-08-23 23:46:26 | WARNING  | co2_forecast | Very few sequences (4), LSTM may not train well
2026-08-23 23:46:26 | WARNING  | co2_forecast | Model training failed with params {'lookback': 7, 'hidden_size': 35, 'num_layers': 1, 'dropout': 0.31512819649180424, 'learning_rate': 0.004065945490368326, 'batch_size': 8}: LSTM.fit: training data has 8 rows, giving only 1 sequence(s) with lookback=7; at least 2 are required (one is always reserved for validation). Reduce lookback or provide more training history.
2026-08-23 23:46:26 | WARNING  | co2_forecast | Very few sequences (2), LSTM may not train well
2026-08-23 23:46:26 | WARNING  | co2_forecast | Very few sequences (6), LSTM may not train well
2026-08-23 23:46:27 | WARNING  | co2_forecast | Very few sequences (2), LSTM may not train well
2026-08-23 23:46:27 | WARNING  | co2_forecast | Very few sequences (2), LSTM may not train well
2026-08-23 23:46:28 | WARNING  | co2_forecast | Very few sequences (3), LSTM may not train well
2026-08-23 23:46:28 | WARNING  | co2_forecast | Very few sequences (7), LSTM may not train well
2026-08-23 23:46:29 | WARNING  | co2_forecast | Very few sequences (3), LSTM may not train well
2026-08-23 23:46:29 | WARNING  | co2_forecast | Very few sequences (3), LSTM may not train well
2026-08-23 23:46:29 | WARNING  | co2_forecast | Very few sequences (3), LSTM may not train well
2026-08-23 23:46:29 | WARNING  | co2_forecast | Very few sequences (7), LSTM may not train well
2026-08-23 23:46:30 | WARNING  | co2_forecast | Very few sequences (3), LSTM may not train well
2026-08-23 23:46:30 | WARNING  | co2_forecast | Very few sequences (3), LSTM may not train well
2026-08-23 23:46:30 | WARNING  | co2_forecast | Very few sequences (3), LSTM may not train well
2026-08-23 23:46:30 | WARNING  | co2_forecast | Very few sequences (7), LSTM may not train well
2026-08-23 23:46:31 | WARNING  | co2_forecast | Very few sequences (3), LSTM may not train well
2026-08-23 23:46:31 | WARNING  | co2_forecast | Very few sequences (3), LSTM may not train well
2026-08-23 23:46:31 | WARNING  | co2_forecast | Very few sequences (2), LSTM may not train well
2026-08-23 23:46:31 | WARNING  | co2_forecast | Very few sequences (6), LSTM may not train well
2026-08-23 23:46:31 | WARNING  | co2_forecast | Very few sequences (2), LSTM may not train well
2026-08-23 23:46:31 | WARNING  | co2_forecast | Very few sequences (2), LSTM may not train well
2026-08-23 23:46:31 | WARNING  | co2_forecast | Very few sequences (4), LSTM may not train well
2026-08-23 23:46:31 | WARNING  | co2_forecast | Very few sequences (8), LSTM may not train well
2026-08-23 23:46:32 | WARNING  | co2_forecast | Very few sequences (4), LSTM may not train well
2026-08-23 23:46:32 | WARNING  | co2_forecast | Very few sequences (4), LSTM may not train well
2026-08-23 23:46:32 | WARNING  | co2_forecast | Very few sequences (4), LSTM may not train well
2026-08-23 23:46:32 | WARNING  | co2_forecast | Very few sequences (8), LSTM may not train well
2026-08-23 23:46:33 | WARNING  | co2_forecast | Very few sequences (4), LSTM may not train well
2026-08-23 23:46:34 | WARNING  | co2_forecast | Very few sequences (4), LSTM may not train well
2026-08-23 23:46:34 | WARNING  | co2_forecast | Very few sequences (2), LSTM may not train well
2026-08-23 23:46:34 | WARNING  | co2_forecast | Very few sequences (6), LSTM may not train well
2026-08-23 23:46:34 | WARNING  | co2_forecast | Very few sequences (2), LSTM may not train well
2026-08-23 23:46:34 | WARNING  | co2_forecast | Very few sequences (2), LSTM may not train well
2026-08-23 23:46:34 | WARNING  | co2_forecast | Very few sequences (4), LSTM may not train well
2026-08-23 23:46:34 | WARNING  | co2_forecast | Very few sequences (8), LSTM may not train well
2026-08-23 23:46:34 | WARNING  | co2_forecast | Very few sequences (4), LSTM may not train well
2026-08-23 23:46:35 | WARNING  | co2_forecast | Very few sequences (4), LSTM may not train well
2026-08-23 23:46:35 | WARNING  | co2_forecast | Very few sequences (4), LSTM may not train well
2026-08-23 23:46:35 | WARNING  | co2_forecast | Very few sequences (8), LSTM may not train well
2026-08-23 23:46:35 | WARNING  | co2_forecast | Very few sequences (4), LSTM may not train well
2026-08-23 23:46:36 | WARNING  | co2_forecast | Very few sequences (4), LSTM may not train well
2026-08-23 23:46:36 | WARNING  | co2_forecast | Very few sequences (4), LSTM may not train well
2026-08-23 23:46:36 | WARNING  | co2_forecast | Very few sequences (8), LSTM may not train well
2026-08-23 23:46:36 | WARNING  | co2_forecast | Very few sequences (4), LSTM may not train well
2026-08-23 23:46:37 | WARNING  | co2_forecast | Very few sequences (4), LSTM may not train well
2026-08-23 23:46:37 | WARNING  | co2_forecast | Very few sequences (4), LSTM may not train well
2026-08-23 23:46:37 | WARNING  | co2_forecast | Very few sequences (8), LSTM may not train well
2026-08-23 23:46:37 | WARNING  | co2_forecast | Very few sequences (4), LSTM may not train well
2026-08-23 23:46:37 | WARNING  | co2_forecast | Very few sequences (4), LSTM may not train well
2026-08-23 23:46:37 | WARNING  | co2_forecast | Very few sequences (3), LSTM may not train well
2026-08-23 23:46:37 | WARNING  | co2_forecast | Very few sequences (7), LSTM may not train well
2026-08-23 23:46:37 | WARNING  | co2_forecast | Very few sequences (3), LSTM may not train well
2026-08-23 23:46:38 | WARNING  | co2_forecast | Very few sequences (3), LSTM may not train well
2026-08-23 23:46:38 | WARNING  | co2_forecast | Very few sequences (4), LSTM may not train well
2026-08-23 23:46:38 | WARNING  | co2_forecast | Very few sequences (8), LSTM may not train well
2026-08-23 23:46:38 | WARNING  | co2_forecast | Very few sequences (4), LSTM may not train well
2026-08-23 23:46:39 | WARNING  | co2_forecast | Very few sequences (4), LSTM may not train well
2026-08-23 23:46:39 | WARNING  | co2_forecast | Very few sequences (4), LSTM may not train well
2026-08-23 23:46:39 | WARNING  | co2_forecast | Very few sequences (8), LSTM may not train well
2026-08-23 23:46:39 | WARNING  | co2_forecast | Very few sequences (4), LSTM may not train well
2026-08-23 23:46:40 | WARNING  | co2_forecast | Very few sequences (4), LSTM may not train well
2026-08-23 23:46:40 | WARNING  | co2_forecast | Very few sequences (3), LSTM may not train well
2026-08-23 23:46:40 | WARNING  | co2_forecast | Very few sequences (7), LSTM may not train well
2026-08-23 23:46:40 | WARNING  | co2_forecast | Very few sequences (3), LSTM may not train well
2026-08-23 23:46:40 | WARNING  | co2_forecast | Very few sequences (3), LSTM may not train well
2026-08-23 23:46:40 | WARNING  | co2_forecast | Very few sequences (4), LSTM may not train well
2026-08-23 23:46:40 | WARNING  | co2_forecast | Very few sequences (8), LSTM may not train well
2026-08-23 23:46:41 | WARNING  | co2_forecast | Very few sequences (4), LSTM may not train well
2026-08-23 23:46:42 | WARNING  | co2_forecast | Very few sequences (4), LSTM may not train well
2026-08-23 23:46:42 | WARNING  | co2_forecast | Very few sequences (4), LSTM may not train well
2026-08-23 23:46:42 | WARNING  | co2_forecast | Very few sequences (8), LSTM may not train well
2026-08-23 23:46:43 | WARNING  | co2_forecast | Very few sequences (4), LSTM may not train well
2026-08-23 23:46:43 | WARNING  | co2_forecast | Very few sequences (4), LSTM may not train well
2026-08-23 23:46:43 | WARNING  | co2_forecast | Very few sequences (4), LSTM may not train well
2026-08-23 23:46:43 | WARNING  | co2_forecast | Very few sequences (8), LSTM may not train well
2026-08-23 23:46:43 | WARNING  | co2_forecast | Very few sequences (4), LSTM may not train well
2026-08-23 23:46:44 | WARNING  | co2_forecast | Very few sequences (4), LSTM may not train well
2026-08-23 23:46:44 | WARNING  | co2_forecast | Very few sequences (4), LSTM may not train well
2026-08-23 23:46:44 | WARNING  | co2_forecast | Very few sequences (8), LSTM may not train well
2026-08-23 23:46:44 | WARNING  | co2_forecast | Very few sequences (4), LSTM may not train well
2026-08-23 23:46:44 | WARNING  | co2_forecast | Very few sequences (4), LSTM may not train well
2026-08-23 23:46:44 | WARNING  | co2_forecast | Very few sequences (4), LSTM may not train well
2026-08-23 23:46:45 | WARNING  | co2_forecast | Very few sequences (8), LSTM may not train well
2026-08-23 23:46:45 | WARNING  | co2_forecast | Very few sequences (4), LSTM may not train well
2026-08-23 23:46:46 | WARNING  | co2_forecast | Very few sequences (4), LSTM may not train well
2026-08-23 23:46:46 | WARNING  | co2_forecast | Very few sequences (4), LSTM may not train well
2026-08-23 23:46:46 | WARNING  | co2_forecast | Very few sequences (8), LSTM may not train well
2026-08-23 23:46:46 | WARNING  | co2_forecast | Very few sequences (4), LSTM may not train well
2026-08-23 23:46:47 | WARNING  | co2_forecast | Very few sequences (4), LSTM may not train well
2026-08-23 23:46:47 | WARNING  | co2_forecast | Very few sequences (4), LSTM may not train well
2026-08-23 23:46:47 | WARNING  | co2_forecast | Very few sequences (8), LSTM may not train well
2026-08-23 23:46:48 | WARNING  | co2_forecast | Very few sequences (4), LSTM may not train well
2026-08-23 23:46:48 | WARNING  | co2_forecast | Very few sequences (4), LSTM may not train well
2026-08-23 23:46:48 | WARNING  | co2_forecast | Very few sequences (4), LSTM may not train well
2026-08-23 23:46:48 | WARNING  | co2_forecast | Very few sequences (8), LSTM may not train well
2026-08-23 23:46:49 | WARNING  | co2_forecast | Very few sequences (4), LSTM may not train well
2026-08-23 23:46:50 | WARNING  | co2_forecast | Very few sequences (4), LSTM may not train well
2026-08-23 23:46:50 | WARNING  | co2_forecast | Very few sequences (4), LSTM may not train well
2026-08-23 23:46:50 | WARNING  | co2_forecast | Very few sequences (8), LSTM may not train well
2026-08-23 23:46:50 | WARNING  | co2_forecast | Very few sequences (4), LSTM may not train well
2026-08-23 23:46:51 | WARNING  | co2_forecast | Very few sequences (4), LSTM may not train well
2026-08-23 23:46:51 | WARNING  | co2_forecast | Very few sequences (4), LSTM may not train well
2026-08-23 23:46:51 | WARNING  | co2_forecast | Very few sequences (8), LSTM may not train well
2026-08-23 23:46:52 | WARNING  | co2_forecast | Very few sequences (4), LSTM may not train well
2026-08-23 23:46:52 | WARNING  | co2_forecast | Very few sequences (4), LSTM may not train well
2026-08-23 23:46:52 | WARNING  | co2_forecast | Very few sequences (4), LSTM may not train well
2026-08-23 23:46:52 | WARNING  | co2_forecast | Very few sequences (8), LSTM may not train well
2026-08-23 23:46:53 | WARNING  | co2_forecast | Very few sequences (4), LSTM may not train well
2026-08-23 23:46:53 | WARNING  | co2_forecast | Very few sequences (4), LSTM may not train well
2026-08-23 23:46:54 | WARNING  | co2_forecast | Very few sequences (4), LSTM may not train well
2026-08-23 23:46:54 | WARNING  | co2_forecast | Very few sequences (8), LSTM may not train well
2026-08-23 23:46:54 | WARNING  | co2_forecast | Very few sequences (4), LSTM may not train well
2026-08-23 23:46:54 | WARNING  | co2_forecast | Very few sequences (4), LSTM may not train well
2026-08-23 23:46:54 | WARNING  | co2_forecast | Very few sequences (4), LSTM may not train well
2026-08-23 23:46:54 | WARNING  | co2_forecast | Very few sequences (8), LSTM may not train well
2026-08-23 23:46:55 | WARNING  | co2_forecast | Very few sequences (4), LSTM may not train well
2026-08-23 23:46:55 | WARNING  | co2_forecast | Very few sequences (4), LSTM may not train well
2026-08-23 23:46:55 | INFO     | co2_forecast |   Iteration 5: Best fitness = 0.758992
2026-08-23 23:46:55 | WARNING  | co2_forecast | Very few sequences (4), LSTM may not train well
2026-08-23 23:46:55 | WARNING  | co2_forecast | Very few sequences (8), LSTM may not train well
2026-08-23 23:46:56 | WARNING  | co2_forecast | Very few sequences (4), LSTM may not train well
2026-08-23 23:46:57 | WARNING  | co2_forecast | Very few sequences (4), LSTM may not train well
2026-08-23 23:46:57 | WARNING  | co2_forecast | Very few sequences (4), LSTM may not train well
2026-08-23 23:46:57 | WARNING  | co2_forecast | Very few sequences (8), LSTM may not train well
2026-08-23 23:46:57 | WARNING  | co2_forecast | Very few sequences (4), LSTM may not train well
2026-08-23 23:46:57 | WARNING  | co2_forecast | Very few sequences (4), LSTM may not train well
2026-08-23 23:46:57 | WARNING  | co2_forecast | Very few sequences (4), LSTM may not train well
2026-08-23 23:46:57 | WARNING  | co2_forecast | Very few sequences (8), LSTM may not train well
2026-08-23 23:46:58 | WARNING  | co2_forecast | Very few sequences (4), LSTM may not train well
2026-08-23 23:46:59 | WARNING  | co2_forecast | Very few sequences (4), LSTM may not train well
2026-08-23 23:46:59 | WARNING  | co2_forecast | Very few sequences (4), LSTM may not train well
2026-08-23 23:46:59 | WARNING  | co2_forecast | Very few sequences (8), LSTM may not train well
2026-08-23 23:46:59 | WARNING  | co2_forecast | Very few sequences (4), LSTM may not train well
2026-08-23 23:46:59 | WARNING  | co2_forecast | Very few sequences (4), LSTM may not train well
2026-08-23 23:46:59 | WARNING  | co2_forecast | Very few sequences (4), LSTM may not train well
2026-08-23 23:46:59 | WARNING  | co2_forecast | Very few sequences (8), LSTM may not train well
2026-08-23 23:46:59 | WARNING  | co2_forecast | Very few sequences (4), LSTM may not train well
2026-08-23 23:46:59 | WARNING  | co2_forecast | Very few sequences (4), LSTM may not train well
2026-08-23 23:46:59 | WARNING  | co2_forecast | Very few sequences (4), LSTM may not train well
2026-08-23 23:46:59 | WARNING  | co2_forecast | Very few sequences (8), LSTM may not train well
2026-08-23 23:46:59 | WARNING  | co2_forecast | Very few sequences (4), LSTM may not train well
2026-08-23 23:47:00 | WARNING  | co2_forecast | Very few sequences (4), LSTM may not train well
2026-08-23 23:47:00 | WARNING  | co2_forecast | Very few sequences (4), LSTM may not train well
2026-08-23 23:47:00 | WARNING  | co2_forecast | Very few sequences (8), LSTM may not train well
2026-08-23 23:47:00 | WARNING  | co2_forecast | Very few sequences (4), LSTM may not train well
2026-08-23 23:47:00 | WARNING  | co2_forecast | Very few sequences (4), LSTM may not train well
2026-08-23 23:47:00 | WARNING  | co2_forecast | Very few sequences (4), LSTM may not train well
2026-08-23 23:47:00 | WARNING  | co2_forecast | Very few sequences (8), LSTM may not train well
2026-08-23 23:47:01 | WARNING  | co2_forecast | Very few sequences (4), LSTM may not train well
2026-08-23 23:47:02 | WARNING  | co2_forecast | Very few sequences (4), LSTM may not train well
2026-08-23 23:47:02 | WARNING  | co2_forecast | Very few sequences (4), LSTM may not train well
2026-08-23 23:47:02 | WARNING  | co2_forecast | Very few sequences (8), LSTM may not train well
2026-08-23 23:47:02 | WARNING  | co2_forecast | Very few sequences (4), LSTM may not train well
2026-08-23 23:47:02 | WARNING  | co2_forecast | Very few sequences (4), LSTM may not train well
2026-08-23 23:47:02 | WARNING  | co2_forecast | Very few sequences (4), LSTM may not train well
2026-08-23 23:47:02 | WARNING  | co2_forecast | Very few sequences (8), LSTM may not train well
2026-08-23 23:47:03 | WARNING  | co2_forecast | Very few sequences (4), LSTM may not train well
2026-08-23 23:47:03 | WARNING  | co2_forecast | Very few sequences (4), LSTM may not train well
2026-08-23 23:47:04 | WARNING  | co2_forecast | Very few sequences (4), LSTM may not train well
2026-08-23 23:47:04 | WARNING  | co2_forecast | Very few sequences (8), LSTM may not train well
2026-08-23 23:47:04 | WARNING  | co2_forecast | Very few sequences (4), LSTM may not train well
2026-08-23 23:47:05 | WARNING  | co2_forecast | Very few sequences (4), LSTM may not train well
2026-08-23 23:47:05 | WARNING  | co2_forecast | Very few sequences (4), LSTM may not train well
2026-08-23 23:47:05 | WARNING  | co2_forecast | Very few sequences (8), LSTM may not train well
2026-08-23 23:47:05 | WARNING  | co2_forecast | Very few sequences (4), LSTM may not train well
2026-08-23 23:47:05 | WARNING  | co2_forecast | Very few sequences (4), LSTM may not train well
2026-08-23 23:47:05 | WARNING  | co2_forecast | Very few sequences (4), LSTM may not train well
2026-08-23 23:47:05 | WARNING  | co2_forecast | Very few sequences (8), LSTM may not train well
2026-08-23 23:47:06 | WARNING  | co2_forecast | Very few sequences (4), LSTM may not train well
2026-08-23 23:47:07 | WARNING  | co2_forecast | Very few sequences (4), LSTM may not train well
2026-08-23 23:47:07 | WARNING  | co2_forecast | Very few sequences (4), LSTM may not train well
2026-08-23 23:47:07 | WARNING  | co2_forecast | Very few sequences (8), LSTM may not train well
2026-08-23 23:47:07 | WARNING  | co2_forecast | Very few sequences (4), LSTM may not train well
2026-08-23 23:47:08 | WARNING  | co2_forecast | Very few sequences (4), LSTM may not train well
2026-08-23 23:47:08 | WARNING  | co2_forecast | Very few sequences (4), LSTM may not train well
2026-08-23 23:47:08 | WARNING  | co2_forecast | Very few sequences (8), LSTM may not train well
2026-08-23 23:47:08 | WARNING  | co2_forecast | Very few sequences (4), LSTM may not train well
2026-08-23 23:47:08 | WARNING  | co2_forecast | Very few sequences (4), LSTM may not train well
2026-08-23 23:47:08 | WARNING  | co2_forecast | Very few sequences (4), LSTM may not train well
2026-08-23 23:47:08 | WARNING  | co2_forecast | Very few sequences (8), LSTM may not train well
2026-08-23 23:47:09 | WARNING  | co2_forecast | Very few sequences (4), LSTM may not train well
2026-08-23 23:47:10 | WARNING  | co2_forecast | Very few sequences (4), LSTM may not train well
2026-08-23 23:47:10 | WARNING  | co2_forecast | Very few sequences (4), LSTM may not train well
2026-08-23 23:47:10 | WARNING  | co2_forecast | Very few sequences (8), LSTM may not train well
2026-08-23 23:47:10 | WARNING  | co2_forecast | Very few sequences (4), LSTM may not train well
2026-08-23 23:47:10 | WARNING  | co2_forecast | Very few sequences (4), LSTM may not train well
2026-08-23 23:47:10 | WARNING  | co2_forecast | Very few sequences (4), LSTM may not train well
2026-08-23 23:47:10 | WARNING  | co2_forecast | Very few sequences (8), LSTM may not train well
2026-08-23 23:47:11 | WARNING  | co2_forecast | Very few sequences (4), LSTM may not train well
2026-08-23 23:47:11 | WARNING  | co2_forecast | Very few sequences (4), LSTM may not train well
2026-08-23 23:47:11 | WARNING  | co2_forecast | Very few sequences (4), LSTM may not train well
2026-08-23 23:47:11 | WARNING  | co2_forecast | Very few sequences (8), LSTM may not train well
2026-08-23 23:47:12 | WARNING  | co2_forecast | Very few sequences (4), LSTM may not train well
2026-08-23 23:47:12 | WARNING  | co2_forecast | Very few sequences (4), LSTM may not train well
2026-08-23 23:47:12 | WARNING  | co2_forecast | Very few sequences (4), LSTM may not train well
2026-08-23 23:47:13 | WARNING  | co2_forecast | Very few sequences (8), LSTM may not train well
2026-08-23 23:47:13 | WARNING  | co2_forecast | Very few sequences (4), LSTM may not train well
2026-08-23 23:47:14 | WARNING  | co2_forecast | Very few sequences (4), LSTM may not train well
2026-08-23 23:47:14 | WARNING  | co2_forecast | Very few sequences (4), LSTM may not train well
2026-08-23 23:47:14 | WARNING  | co2_forecast | Very few sequences (8), LSTM may not train well
2026-08-23 23:47:14 | WARNING  | co2_forecast | Very few sequences (4), LSTM may not train well
2026-08-23 23:47:15 | WARNING  | co2_forecast | Very few sequences (4), LSTM may not train well
2026-08-23 23:47:15 | WARNING  | co2_forecast | Very few sequences (4), LSTM may not train well
2026-08-23 23:47:15 | WARNING  | co2_forecast | Very few sequences (8), LSTM may not train well
2026-08-23 23:47:15 | WARNING  | co2_forecast | Very few sequences (4), LSTM may not train well
2026-08-23 23:47:16 | WARNING  | co2_forecast | Very few sequences (4), LSTM may not train well
2026-08-23 23:47:16 | WARNING  | co2_forecast | Very few sequences (4), LSTM may not train well
2026-08-23 23:47:16 | WARNING  | co2_forecast | Very few sequences (8), LSTM may not train well
2026-08-23 23:47:16 | WARNING  | co2_forecast | Very few sequences (4), LSTM may not train well
2026-08-23 23:47:16 | WARNING  | co2_forecast | Very few sequences (4), LSTM may not train well
2026-08-23 23:47:16 | WARNING  | co2_forecast | Very few sequences (4), LSTM may not train well
2026-08-23 23:47:16 | WARNING  | co2_forecast | Very few sequences (8), LSTM may not train well
2026-08-23 23:47:16 | WARNING  | co2_forecast | Very few sequences (4), LSTM may not train well
2026-08-23 23:47:17 | WARNING  | co2_forecast | Very few sequences (4), LSTM may not train well
2026-08-23 23:47:17 | WARNING  | co2_forecast | Very few sequences (4), LSTM may not train well
2026-08-23 23:47:17 | WARNING  | co2_forecast | Very few sequences (8), LSTM may not train well
2026-08-23 23:47:18 | WARNING  | co2_forecast | Very few sequences (4), LSTM may not train well
2026-08-23 23:47:18 | WARNING  | co2_forecast | Very few sequences (4), LSTM may not train well
2026-08-23 23:47:18 | WARNING  | co2_forecast | Very few sequences (4), LSTM may not train well
2026-08-23 23:47:18 | WARNING  | co2_forecast | Very few sequences (8), LSTM may not train well
2026-08-23 23:47:19 | WARNING  | co2_forecast | Very few sequences (4), LSTM may not train well
2026-08-23 23:47:19 | WARNING  | co2_forecast | Very few sequences (4), LSTM may not train well
2026-08-23 23:47:20 | WARNING  | co2_forecast | Very few sequences (4), LSTM may not train well
2026-08-23 23:47:20 | WARNING  | co2_forecast | Very few sequences (8), LSTM may not train well
2026-08-23 23:47:20 | WARNING  | co2_forecast | Very few sequences (4), LSTM may not train well
2026-08-23 23:47:20 | WARNING  | co2_forecast | Very few sequences (4), LSTM may not train well
2026-08-23 23:47:20 | WARNING  | co2_forecast | Very few sequences (4), LSTM may not train well
2026-08-23 23:47:20 | WARNING  | co2_forecast | Very few sequences (8), LSTM may not train well
2026-08-23 23:47:21 | WARNING  | co2_forecast | Very few sequences (4), LSTM may not train well
2026-08-23 23:47:21 | WARNING  | co2_forecast | Very few sequences (4), LSTM may not train well
2026-08-23 23:47:21 | WARNING  | co2_forecast | Very few sequences (4), LSTM may not train well
2026-08-23 23:47:21 | WARNING  | co2_forecast | Very few sequences (8), LSTM may not train well
2026-08-23 23:47:22 | WARNING  | co2_forecast | Very few sequences (4), LSTM may not train well
2026-08-23 23:47:23 | WARNING  | co2_forecast | Very few sequences (4), LSTM may not train well
2026-08-23 23:47:23 | WARNING  | co2_forecast | Very few sequences (4), LSTM may not train well
2026-08-23 23:47:23 | WARNING  | co2_forecast | Very few sequences (8), LSTM may not train well
2026-08-23 23:47:23 | WARNING  | co2_forecast | Very few sequences (4), LSTM may not train well
2026-08-23 23:47:24 | WARNING  | co2_forecast | Very few sequences (4), LSTM may not train well
2026-08-23 23:47:24 | WARNING  | co2_forecast | Very few sequences (4), LSTM may not train well
2026-08-23 23:47:24 | WARNING  | co2_forecast | Very few sequences (8), LSTM may not train well
2026-08-23 23:47:24 | WARNING  | co2_forecast | Very few sequences (4), LSTM may not train well
2026-08-23 23:47:24 | WARNING  | co2_forecast | Very few sequences (4), LSTM may not train well
2026-08-23 23:47:24 | WARNING  | co2_forecast | Very few sequences (4), LSTM may not train well
2026-08-23 23:47:24 | WARNING  | co2_forecast | Very few sequences (8), LSTM may not train well
2026-08-23 23:47:25 | WARNING  | co2_forecast | Very few sequences (4), LSTM may not train well
2026-08-23 23:47:25 | WARNING  | co2_forecast | Very few sequences (4), LSTM may not train well
2026-08-23 23:47:25 | INFO     | co2_forecast |   Iteration 9: Best fitness = 0.758915
2026-08-23 23:47:25 | INFO     | co2_forecast | PSO complete. Best fitness: 0.758915
2026-08-23 23:47:25 | INFO     | co2_forecast |   Best params: {'lookback': 4, 'hidden_size': 19, 'num_layers': 2, 'dropout': 0.3214207792305564, 'learning_rate': 0.0001, 'batch_size': 16}
2026-08-23 23:47:25 | INFO     | co2_forecast |   Best fitness: 0.758915
2026-08-23 23:47:25 | INFO     | co2_forecast | [A3/panel2_common_period/all_features/lstm] sweep tuning: best_params={'lookback': 4, 'hidden_size': 19, 'num_layers': 2, 'dropout': 0.3214207792305564, 'learning_rate': 0.0001, 'batch_size': 16}
2026-08-23 23:47:26 | INFO     | co2_forecast |   -> weighted_mase=0.9132195865053311, runtime=68.6s
2026-08-23 23:47:26 | INFO     | co2_forecast | Stream A cell: A4/ridge (38 features, 28 rows)
2026-08-23 23:47:26 | INFO     | co2_forecast | Creating walk-forward splits for 16 valid samples
2026-08-23 23:47:26 | INFO     | co2_forecast | Created 4 CV folds across horizons [1, 2, 4]
2026-08-23 23:47:26 | INFO     | co2_forecast | Built tuning CV plan: 4 folds from 16 rows before 2022-Q%q (evaluation cutoff) - isolation OK (max tuning date 2021-Q%q)
2026-08-23 23:47:26 | INFO     | co2_forecast | Optimizing ridge...
2026-08-23 23:47:26 | INFO     | co2_forecast | Starting PSO: 8 particles, 10 iterations
2026-08-23 23:47:26 | INFO     | co2_forecast |   Iteration 0: Best fitness = 1.746478
2026-08-23 23:47:26 | INFO     | co2_forecast |   Iteration 5: Best fitness = 1.590593
2026-08-23 23:47:26 | INFO     | co2_forecast |   Iteration 9: Best fitness = 1.590593
2026-08-23 23:47:26 | INFO     | co2_forecast | PSO complete. Best fitness: 1.590593
2026-08-23 23:47:26 | INFO     | co2_forecast |   Best params: {'alpha': 100.0}
2026-08-23 23:47:26 | INFO     | co2_forecast |   Best fitness: 1.590593
2026-08-23 23:47:26 | INFO     | co2_forecast | [A4/panel2_common_period/all_features/ridge] sweep tuning: best_params={'alpha': 100.0}
2026-08-23 23:47:26 | INFO     | co2_forecast |   -> weighted_mase=0.6838696503412244, runtime=0.3s
2026-08-23 23:47:26 | INFO     | co2_forecast | Stream A cell: A4/random_forest (38 features, 28 rows)
2026-08-23 23:47:26 | INFO     | co2_forecast | Creating walk-forward splits for 16 valid samples
2026-08-23 23:47:26 | INFO     | co2_forecast | Created 4 CV folds across horizons [1, 2, 4]
2026-08-23 23:47:26 | INFO     | co2_forecast | Built tuning CV plan: 4 folds from 16 rows before 2022-Q%q (evaluation cutoff) - isolation OK (max tuning date 2021-Q%q)
2026-08-23 23:47:26 | INFO     | co2_forecast | Optimizing random_forest...
2026-08-23 23:47:26 | INFO     | co2_forecast | Starting PSO: 8 particles, 10 iterations
2026-08-23 23:47:32 | INFO     | co2_forecast |   Iteration 0: Best fitness = 0.696596
2026-08-23 23:47:48 | INFO     | co2_forecast |   Iteration 5: Best fitness = 0.385722
2026-08-23 23:48:00 | INFO     | co2_forecast |   Iteration 9: Best fitness = 0.385722
2026-08-23 23:48:00 | INFO     | co2_forecast | PSO complete. Best fitness: 0.385722
2026-08-23 23:48:00 | INFO     | co2_forecast |   Best params: {'n_estimators': 56, 'max_depth': 3, 'min_samples_split': 2, 'min_samples_leaf': 1}
2026-08-23 23:48:00 | INFO     | co2_forecast |   Best fitness: 0.385722
2026-08-23 23:48:00 | INFO     | co2_forecast | [A4/panel2_common_period/all_features/random_forest] sweep tuning: best_params={'n_estimators': 56, 'max_depth': 3, 'min_samples_split': 2, 'min_samples_leaf': 1}
2026-08-23 23:48:00 | INFO     | co2_forecast |   -> weighted_mase=0.47525079030728523, runtime=33.5s
2026-08-23 23:48:00 | INFO     | co2_forecast | Stream A cell: A4/catboost (38 features, 28 rows)
2026-08-23 23:48:00 | INFO     | co2_forecast | Creating walk-forward splits for 16 valid samples
2026-08-23 23:48:00 | INFO     | co2_forecast | Created 4 CV folds across horizons [1, 2, 4]
2026-08-23 23:48:00 | INFO     | co2_forecast | Built tuning CV plan: 4 folds from 16 rows before 2022-Q%q (evaluation cutoff) - isolation OK (max tuning date 2021-Q%q)
2026-08-23 23:48:00 | INFO     | co2_forecast | Optimizing catboost...
2026-08-23 23:48:00 | INFO     | co2_forecast | Starting PSO: 8 particles, 10 iterations
2026-08-23 23:48:38 | INFO     | co2_forecast |   Iteration 0: Best fitness = 0.345546
2026-08-23 23:51:54 | INFO     | co2_forecast |   Iteration 5: Best fitness = 0.267613
2026-08-23 23:54:14 | INFO     | co2_forecast |   Iteration 9: Best fitness = 0.250050
2026-08-23 23:54:14 | INFO     | co2_forecast | PSO complete. Best fitness: 0.250050
2026-08-23 23:54:14 | INFO     | co2_forecast |   Best params: {'iterations': 166, 'learning_rate': 0.18991802047996115, 'depth': 3, 'l2_leaf_reg': 1.5871249176147466}
2026-08-23 23:54:14 | INFO     | co2_forecast |   Best fitness: 0.250050
2026-08-23 23:54:14 | INFO     | co2_forecast | [A4/panel2_common_period/all_features/catboost] sweep tuning: best_params={'iterations': 166, 'learning_rate': 0.18991802047996115, 'depth': 3, 'l2_leaf_reg': 1.5871249176147466}
2026-08-23 23:54:17 | INFO     | co2_forecast |   -> weighted_mase=0.6567385044013433, runtime=377.5s
2026-08-23 23:54:17 | INFO     | co2_forecast | Stream A cell: A4/lightgbm (38 features, 28 rows)
2026-08-23 23:54:17 | INFO     | co2_forecast | Creating walk-forward splits for 16 valid samples
2026-08-23 23:54:17 | INFO     | co2_forecast | Created 4 CV folds across horizons [1, 2, 4]
2026-08-23 23:54:17 | INFO     | co2_forecast | Built tuning CV plan: 4 folds from 16 rows before 2022-Q%q (evaluation cutoff) - isolation OK (max tuning date 2021-Q%q)
2026-08-23 23:54:17 | INFO     | co2_forecast | Optimizing lightgbm...
2026-08-23 23:54:17 | INFO     | co2_forecast | Starting PSO: 8 particles, 10 iterations
2026-08-23 23:54:18 | INFO     | co2_forecast |   Iteration 0: Best fitness = 0.768990
2026-08-23 23:54:18 | INFO     | co2_forecast |   Iteration 5: Best fitness = 0.604404
2026-08-23 23:54:19 | INFO     | co2_forecast |   Iteration 9: Best fitness = 0.603759
2026-08-23 23:54:19 | INFO     | co2_forecast | PSO complete. Best fitness: 0.603759
2026-08-23 23:54:19 | INFO     | co2_forecast |   Best params: {'n_estimators': 83, 'learning_rate': 0.3, 'num_leaves': 127, 'max_depth': 8, 'min_child_samples': 5, 'reg_alpha': 0.001, 'reg_lambda': 0.001}
2026-08-23 23:54:19 | INFO     | co2_forecast |   Best fitness: 0.603759
2026-08-23 23:54:19 | INFO     | co2_forecast | [A4/panel2_common_period/all_features/lightgbm] sweep tuning: best_params={'n_estimators': 83, 'learning_rate': 0.3, 'num_leaves': 127, 'max_depth': 8, 'min_child_samples': 5, 'reg_alpha': 0.001, 'reg_lambda': 0.001}
2026-08-23 23:54:19 | INFO     | co2_forecast |   -> weighted_mase=0.5673309443397954, runtime=1.3s
2026-08-23 23:54:19 | INFO     | co2_forecast | Stream A cell: A4/lstm (38 features, 28 rows)
2026-08-23 23:54:19 | INFO     | co2_forecast | Creating walk-forward splits for 16 valid samples
2026-08-23 23:54:19 | INFO     | co2_forecast | Created 4 CV folds across horizons [1, 2, 4]
2026-08-23 23:54:19 | INFO     | co2_forecast | Built tuning CV plan: 4 folds from 16 rows before 2022-Q%q (evaluation cutoff) - isolation OK (max tuning date 2021-Q%q)
2026-08-23 23:54:19 | INFO     | co2_forecast | Optimizing lstm...
2026-08-23 23:54:19 | INFO     | co2_forecast | Starting PSO: 8 particles, 10 iterations
2026-08-23 23:54:19 | WARNING  | co2_forecast | Model training failed with params {'lookback': 7, 'hidden_size': 62, 'num_layers': 2, 'dropout': 0.3394633936788146, 'learning_rate': 0.0016445845403801217, 'batch_size': 8}: LSTM.fit: training data has 8 rows, giving only 1 sequence(s) with lookback=7; at least 2 are required (one is always reserved for validation). Reduce lookback or provide more training history.
2026-08-23 23:54:19 | WARNING  | co2_forecast | Model training failed with params {'lookback': 11, 'hidden_size': 26, 'num_layers': 1, 'dropout': 0.17336180394137352, 'learning_rate': 0.0031119982052994237, 'batch_size': 16}: LSTM.fit: training data has 8 rows, giving only 0 sequence(s) with lookback=11; at least 2 are required (one is always reserved for validation). Reduce lookback or provide more training history.
2026-08-23 23:54:19 | WARNING  | co2_forecast | Model training failed with params {'lookback': 8, 'hidden_size': 54, 'num_layers': 1, 'dropout': 0.3056937753654446, 'learning_rate': 0.005964904231734221, 'batch_size': 8}: LSTM.fit: training data has 8 rows, giving only 0 sequence(s) with lookback=8; at least 2 are required (one is always reserved for validation). Reduce lookback or provide more training history.
2026-08-23 23:54:19 | WARNING  | co2_forecast | Very few sequences (2), LSTM may not train well
2026-08-23 23:54:19 | WARNING  | co2_forecast | Very few sequences (6), LSTM may not train well
2026-08-23 23:54:19 | WARNING  | co2_forecast | Very few sequences (2), LSTM may not train well
2026-08-23 23:54:19 | WARNING  | co2_forecast | Very few sequences (2), LSTM may not train well
2026-08-23 23:54:19 | WARNING  | co2_forecast | Model training failed with params {'lookback': 8, 'hidden_size': 25, 'num_layers': 2, 'dropout': 0.4100531293444458, 'learning_rate': 0.009401039521485473, 'batch_size': 32}: LSTM.fit: training data has 8 rows, giving only 0 sequence(s) with lookback=8; at least 2 are required (one is always reserved for validation). Reduce lookback or provide more training history.
2026-08-23 23:54:19 | WARNING  | co2_forecast | Model training failed with params {'lookback': 7, 'hidden_size': 29, 'num_layers': 2, 'dropout': 0.2427013306774357, 'learning_rate': 0.0028812516459050695, 'batch_size': 16}: LSTM.fit: training data has 8 rows, giving only 1 sequence(s) with lookback=7; at least 2 are required (one is always reserved for validation). Reduce lookback or provide more training history.
2026-08-23 23:54:19 | WARNING  | co2_forecast | Very few sequences (4), LSTM may not train well
2026-08-23 23:54:19 | WARNING  | co2_forecast | Very few sequences (8), LSTM may not train well
2026-08-23 23:54:19 | WARNING  | co2_forecast | Very few sequences (4), LSTM may not train well
2026-08-23 23:54:20 | WARNING  | co2_forecast | Very few sequences (4), LSTM may not train well
2026-08-23 23:54:20 | WARNING  | co2_forecast | Very few sequences (2), LSTM may not train well
2026-08-23 23:54:20 | WARNING  | co2_forecast | Very few sequences (6), LSTM may not train well
2026-08-23 23:54:20 | WARNING  | co2_forecast | Very few sequences (2), LSTM may not train well
2026-08-23 23:54:20 | WARNING  | co2_forecast | Very few sequences (2), LSTM may not train well
2026-08-23 23:54:20 | INFO     | co2_forecast |   Iteration 0: Best fitness = 0.931423
2026-08-23 23:54:20 | WARNING  | co2_forecast | Very few sequences (4), LSTM may not train well
2026-08-23 23:54:20 | WARNING  | co2_forecast | Very few sequences (8), LSTM may not train well
2026-08-23 23:54:20 | WARNING  | co2_forecast | Very few sequences (4), LSTM may not train well
2026-08-23 23:54:20 | WARNING  | co2_forecast | Very few sequences (4), LSTM may not train well
2026-08-23 23:54:20 | WARNING  | co2_forecast | Very few sequences (3), LSTM may not train well
2026-08-23 23:54:20 | WARNING  | co2_forecast | Very few sequences (7), LSTM may not train well
2026-08-23 23:54:21 | WARNING  | co2_forecast | Very few sequences (3), LSTM may not train well
2026-08-23 23:54:21 | WARNING  | co2_forecast | Very few sequences (3), LSTM may not train well
2026-08-23 23:54:21 | WARNING  | co2_forecast | Model training failed with params {'lookback': 7, 'hidden_size': 52, 'num_layers': 1, 'dropout': 0.3509333868153429, 'learning_rate': 0.007024592970449884, 'batch_size': 8}: LSTM.fit: training data has 8 rows, giving only 1 sequence(s) with lookback=7; at least 2 are required (one is always reserved for validation). Reduce lookback or provide more training history.
2026-08-23 23:54:21 | WARNING  | co2_forecast | Very few sequences (4), LSTM may not train well
2026-08-23 23:54:21 | WARNING  | co2_forecast | Very few sequences (8), LSTM may not train well
2026-08-23 23:54:21 | WARNING  | co2_forecast | Very few sequences (4), LSTM may not train well
2026-08-23 23:54:21 | WARNING  | co2_forecast | Very few sequences (4), LSTM may not train well
2026-08-23 23:54:21 | WARNING  | co2_forecast | Very few sequences (4), LSTM may not train well
2026-08-23 23:54:21 | WARNING  | co2_forecast | Very few sequences (8), LSTM may not train well
2026-08-23 23:54:21 | WARNING  | co2_forecast | Very few sequences (4), LSTM may not train well
2026-08-23 23:54:21 | WARNING  | co2_forecast | Very few sequences (4), LSTM may not train well
2026-08-23 23:54:21 | WARNING  | co2_forecast | Very few sequences (4), LSTM may not train well
2026-08-23 23:54:21 | WARNING  | co2_forecast | Very few sequences (8), LSTM may not train well
2026-08-23 23:54:22 | WARNING  | co2_forecast | Very few sequences (4), LSTM may not train well
2026-08-23 23:54:22 | WARNING  | co2_forecast | Very few sequences (4), LSTM may not train well
2026-08-23 23:54:22 | WARNING  | co2_forecast | Very few sequences (4), LSTM may not train well
2026-08-23 23:54:22 | WARNING  | co2_forecast | Very few sequences (8), LSTM may not train well
2026-08-23 23:54:22 | WARNING  | co2_forecast | Very few sequences (4), LSTM may not train well
2026-08-23 23:54:22 | WARNING  | co2_forecast | Very few sequences (4), LSTM may not train well
2026-08-23 23:54:22 | WARNING  | co2_forecast | Very few sequences (3), LSTM may not train well
2026-08-23 23:54:22 | WARNING  | co2_forecast | Very few sequences (7), LSTM may not train well
2026-08-23 23:54:22 | WARNING  | co2_forecast | Very few sequences (3), LSTM may not train well
2026-08-23 23:54:23 | WARNING  | co2_forecast | Very few sequences (3), LSTM may not train well
2026-08-23 23:54:23 | WARNING  | co2_forecast | Very few sequences (4), LSTM may not train well
2026-08-23 23:54:23 | WARNING  | co2_forecast | Very few sequences (8), LSTM may not train well
2026-08-23 23:54:23 | WARNING  | co2_forecast | Very few sequences (4), LSTM may not train well
2026-08-23 23:54:23 | WARNING  | co2_forecast | Very few sequences (4), LSTM may not train well
2026-08-23 23:54:23 | WARNING  | co2_forecast | Very few sequences (4), LSTM may not train well
2026-08-23 23:54:23 | WARNING  | co2_forecast | Very few sequences (8), LSTM may not train well
2026-08-23 23:54:23 | WARNING  | co2_forecast | Very few sequences (4), LSTM may not train well
2026-08-23 23:54:23 | WARNING  | co2_forecast | Very few sequences (4), LSTM may not train well
2026-08-23 23:54:23 | WARNING  | co2_forecast | Very few sequences (2), LSTM may not train well
2026-08-23 23:54:23 | WARNING  | co2_forecast | Very few sequences (6), LSTM may not train well
2026-08-23 23:54:24 | WARNING  | co2_forecast | Very few sequences (2), LSTM may not train well
2026-08-23 23:54:24 | WARNING  | co2_forecast | Very few sequences (2), LSTM may not train well
2026-08-23 23:54:24 | WARNING  | co2_forecast | Very few sequences (4), LSTM may not train well
2026-08-23 23:54:24 | WARNING  | co2_forecast | Very few sequences (8), LSTM may not train well
2026-08-23 23:54:24 | WARNING  | co2_forecast | Very few sequences (4), LSTM may not train well
2026-08-23 23:54:24 | WARNING  | co2_forecast | Very few sequences (4), LSTM may not train well
2026-08-23 23:54:24 | WARNING  | co2_forecast | Very few sequences (4), LSTM may not train well
2026-08-23 23:54:24 | WARNING  | co2_forecast | Very few sequences (8), LSTM may not train well
2026-08-23 23:54:24 | WARNING  | co2_forecast | Very few sequences (4), LSTM may not train well
2026-08-23 23:54:24 | WARNING  | co2_forecast | Very few sequences (4), LSTM may not train well
2026-08-23 23:54:25 | WARNING  | co2_forecast | Very few sequences (4), LSTM may not train well
2026-08-23 23:54:25 | WARNING  | co2_forecast | Very few sequences (8), LSTM may not train well
2026-08-23 23:54:25 | WARNING  | co2_forecast | Very few sequences (4), LSTM may not train well
2026-08-23 23:54:25 | WARNING  | co2_forecast | Very few sequences (4), LSTM may not train well
2026-08-23 23:54:25 | WARNING  | co2_forecast | Very few sequences (4), LSTM may not train well
2026-08-23 23:54:25 | WARNING  | co2_forecast | Very few sequences (8), LSTM may not train well
2026-08-23 23:54:25 | WARNING  | co2_forecast | Very few sequences (4), LSTM may not train well
2026-08-23 23:54:25 | WARNING  | co2_forecast | Very few sequences (4), LSTM may not train well
2026-08-23 23:54:25 | WARNING  | co2_forecast | Very few sequences (4), LSTM may not train well
2026-08-23 23:54:26 | WARNING  | co2_forecast | Very few sequences (8), LSTM may not train well
2026-08-23 23:54:26 | WARNING  | co2_forecast | Very few sequences (4), LSTM may not train well
2026-08-23 23:54:26 | WARNING  | co2_forecast | Very few sequences (4), LSTM may not train well
2026-08-23 23:54:26 | WARNING  | co2_forecast | Very few sequences (3), LSTM may not train well
2026-08-23 23:54:26 | WARNING  | co2_forecast | Very few sequences (7), LSTM may not train well
2026-08-23 23:54:26 | WARNING  | co2_forecast | Very few sequences (3), LSTM may not train well
2026-08-23 23:54:26 | WARNING  | co2_forecast | Very few sequences (3), LSTM may not train well
2026-08-23 23:54:26 | WARNING  | co2_forecast | Very few sequences (4), LSTM may not train well
2026-08-23 23:54:26 | WARNING  | co2_forecast | Very few sequences (8), LSTM may not train well
2026-08-23 23:54:26 | WARNING  | co2_forecast | Very few sequences (4), LSTM may not train well
2026-08-23 23:54:27 | WARNING  | co2_forecast | Very few sequences (4), LSTM may not train well
2026-08-23 23:54:27 | WARNING  | co2_forecast | Very few sequences (3), LSTM may not train well
2026-08-23 23:54:27 | WARNING  | co2_forecast | Very few sequences (7), LSTM may not train well
2026-08-23 23:54:27 | WARNING  | co2_forecast | Very few sequences (3), LSTM may not train well
2026-08-23 23:54:27 | WARNING  | co2_forecast | Very few sequences (3), LSTM may not train well
2026-08-23 23:54:27 | WARNING  | co2_forecast | Very few sequences (3), LSTM may not train well
2026-08-23 23:54:27 | WARNING  | co2_forecast | Very few sequences (7), LSTM may not train well
2026-08-23 23:54:27 | WARNING  | co2_forecast | Very few sequences (3), LSTM may not train well
2026-08-23 23:54:28 | WARNING  | co2_forecast | Very few sequences (3), LSTM may not train well
2026-08-23 23:54:28 | WARNING  | co2_forecast | Very few sequences (4), LSTM may not train well
2026-08-23 23:54:28 | WARNING  | co2_forecast | Very few sequences (8), LSTM may not train well
2026-08-23 23:54:28 | WARNING  | co2_forecast | Very few sequences (4), LSTM may not train well
2026-08-23 23:54:28 | WARNING  | co2_forecast | Very few sequences (4), LSTM may not train well
2026-08-23 23:54:28 | WARNING  | co2_forecast | Very few sequences (3), LSTM may not train well
2026-08-23 23:54:28 | WARNING  | co2_forecast | Very few sequences (7), LSTM may not train well
2026-08-23 23:54:28 | WARNING  | co2_forecast | Very few sequences (3), LSTM may not train well
2026-08-23 23:54:28 | WARNING  | co2_forecast | Very few sequences (3), LSTM may not train well
2026-08-23 23:54:29 | WARNING  | co2_forecast | Very few sequences (3), LSTM may not train well
2026-08-23 23:54:29 | WARNING  | co2_forecast | Very few sequences (7), LSTM may not train well
2026-08-23 23:54:29 | WARNING  | co2_forecast | Very few sequences (3), LSTM may not train well
2026-08-23 23:54:29 | WARNING  | co2_forecast | Very few sequences (3), LSTM may not train well
2026-08-23 23:54:29 | WARNING  | co2_forecast | Very few sequences (4), LSTM may not train well
2026-08-23 23:54:29 | WARNING  | co2_forecast | Very few sequences (8), LSTM may not train well
2026-08-23 23:54:29 | WARNING  | co2_forecast | Very few sequences (4), LSTM may not train well
2026-08-23 23:54:29 | WARNING  | co2_forecast | Very few sequences (4), LSTM may not train well
2026-08-23 23:54:29 | WARNING  | co2_forecast | Model training failed with params {'lookback': 7, 'hidden_size': 53, 'num_layers': 1, 'dropout': 0.3362932605777516, 'learning_rate': 0.006180443565376336, 'batch_size': 8}: LSTM.fit: training data has 8 rows, giving only 1 sequence(s) with lookback=7; at least 2 are required (one is always reserved for validation). Reduce lookback or provide more training history.
2026-08-23 23:54:29 | WARNING  | co2_forecast | Very few sequences (3), LSTM may not train well
2026-08-23 23:54:29 | WARNING  | co2_forecast | Very few sequences (7), LSTM may not train well
2026-08-23 23:54:30 | WARNING  | co2_forecast | Very few sequences (3), LSTM may not train well
2026-08-23 23:54:30 | WARNING  | co2_forecast | Very few sequences (3), LSTM may not train well
2026-08-23 23:54:30 | WARNING  | co2_forecast | Very few sequences (3), LSTM may not train well
2026-08-23 23:54:30 | WARNING  | co2_forecast | Very few sequences (7), LSTM may not train well
2026-08-23 23:54:30 | WARNING  | co2_forecast | Very few sequences (3), LSTM may not train well
2026-08-23 23:54:30 | WARNING  | co2_forecast | Very few sequences (3), LSTM may not train well
2026-08-23 23:54:30 | WARNING  | co2_forecast | Model training failed with params {'lookback': 7, 'hidden_size': 43, 'num_layers': 1, 'dropout': 0.3084421535333016, 'learning_rate': 0.006084819398089935, 'batch_size': 8}: LSTM.fit: training data has 8 rows, giving only 1 sequence(s) with lookback=7; at least 2 are required (one is always reserved for validation). Reduce lookback or provide more training history.
2026-08-23 23:54:30 | WARNING  | co2_forecast | Very few sequences (2), LSTM may not train well
2026-08-23 23:54:30 | WARNING  | co2_forecast | Very few sequences (6), LSTM may not train well
2026-08-23 23:54:31 | WARNING  | co2_forecast | Very few sequences (2), LSTM may not train well
2026-08-23 23:54:31 | WARNING  | co2_forecast | Very few sequences (2), LSTM may not train well
2026-08-23 23:54:31 | WARNING  | co2_forecast | Model training failed with params {'lookback': 7, 'hidden_size': 42, 'num_layers': 1, 'dropout': 0.2974848275529484, 'learning_rate': 0.00599903403366885, 'batch_size': 8}: LSTM.fit: training data has 8 rows, giving only 1 sequence(s) with lookback=7; at least 2 are required (one is always reserved for validation). Reduce lookback or provide more training history.
2026-08-23 23:54:31 | WARNING  | co2_forecast | Very few sequences (4), LSTM may not train well
2026-08-23 23:54:31 | WARNING  | co2_forecast | Very few sequences (8), LSTM may not train well
2026-08-23 23:54:31 | WARNING  | co2_forecast | Very few sequences (4), LSTM may not train well
2026-08-23 23:54:31 | WARNING  | co2_forecast | Very few sequences (4), LSTM may not train well
2026-08-23 23:54:31 | WARNING  | co2_forecast | Very few sequences (4), LSTM may not train well
2026-08-23 23:54:32 | WARNING  | co2_forecast | Very few sequences (8), LSTM may not train well
2026-08-23 23:54:32 | WARNING  | co2_forecast | Very few sequences (4), LSTM may not train well
2026-08-23 23:54:32 | WARNING  | co2_forecast | Very few sequences (4), LSTM may not train well
2026-08-23 23:54:32 | WARNING  | co2_forecast | Very few sequences (2), LSTM may not train well
2026-08-23 23:54:32 | WARNING  | co2_forecast | Very few sequences (6), LSTM may not train well
2026-08-23 23:54:32 | WARNING  | co2_forecast | Very few sequences (2), LSTM may not train well
2026-08-23 23:54:32 | WARNING  | co2_forecast | Very few sequences (2), LSTM may not train well
2026-08-23 23:54:32 | WARNING  | co2_forecast | Very few sequences (2), LSTM may not train well
2026-08-23 23:54:32 | WARNING  | co2_forecast | Very few sequences (6), LSTM may not train well
2026-08-23 23:54:33 | WARNING  | co2_forecast | Very few sequences (2), LSTM may not train well
2026-08-23 23:54:33 | WARNING  | co2_forecast | Very few sequences (2), LSTM may not train well
2026-08-23 23:54:33 | WARNING  | co2_forecast | Very few sequences (3), LSTM may not train well
2026-08-23 23:54:33 | WARNING  | co2_forecast | Very few sequences (7), LSTM may not train well
2026-08-23 23:54:33 | WARNING  | co2_forecast | Very few sequences (3), LSTM may not train well
2026-08-23 23:54:33 | WARNING  | co2_forecast | Very few sequences (3), LSTM may not train well
2026-08-23 23:54:33 | WARNING  | co2_forecast | Model training failed with params {'lookback': 7, 'hidden_size': 44, 'num_layers': 1, 'dropout': 0.37860021832026247, 'learning_rate': 0.008075162645272, 'batch_size': 8}: LSTM.fit: training data has 8 rows, giving only 1 sequence(s) with lookback=7; at least 2 are required (one is always reserved for validation). Reduce lookback or provide more training history.
2026-08-23 23:54:33 | WARNING  | co2_forecast | Model training failed with params {'lookback': 7, 'hidden_size': 39, 'num_layers': 1, 'dropout': 0.3925697724428971, 'learning_rate': 0.00937345414432114, 'batch_size': 8}: LSTM.fit: training data has 8 rows, giving only 1 sequence(s) with lookback=7; at least 2 are required (one is always reserved for validation). Reduce lookback or provide more training history.
2026-08-23 23:54:33 | WARNING  | co2_forecast | Model training failed with params {'lookback': 7, 'hidden_size': 45, 'num_layers': 1, 'dropout': 0.3926435672555745, 'learning_rate': 0.008476556982167281, 'batch_size': 8}: LSTM.fit: training data has 8 rows, giving only 1 sequence(s) with lookback=7; at least 2 are required (one is always reserved for validation). Reduce lookback or provide more training history.
2026-08-23 23:54:33 | WARNING  | co2_forecast | Very few sequences (4), LSTM may not train well
2026-08-23 23:54:33 | WARNING  | co2_forecast | Very few sequences (8), LSTM may not train well
2026-08-23 23:54:33 | WARNING  | co2_forecast | Very few sequences (4), LSTM may not train well
2026-08-23 23:54:34 | WARNING  | co2_forecast | Very few sequences (4), LSTM may not train well
2026-08-23 23:54:34 | WARNING  | co2_forecast | Very few sequences (3), LSTM may not train well
2026-08-23 23:54:34 | WARNING  | co2_forecast | Very few sequences (7), LSTM may not train well
2026-08-23 23:54:34 | WARNING  | co2_forecast | Very few sequences (3), LSTM may not train well
2026-08-23 23:54:34 | WARNING  | co2_forecast | Very few sequences (3), LSTM may not train well
2026-08-23 23:54:34 | INFO     | co2_forecast |   Iteration 5: Best fitness = 0.695928
2026-08-23 23:54:34 | WARNING  | co2_forecast | Very few sequences (3), LSTM may not train well
2026-08-23 23:54:34 | WARNING  | co2_forecast | Very few sequences (7), LSTM may not train well
2026-08-23 23:54:34 | WARNING  | co2_forecast | Very few sequences (3), LSTM may not train well
2026-08-23 23:54:34 | WARNING  | co2_forecast | Very few sequences (3), LSTM may not train well
2026-08-23 23:54:34 | WARNING  | co2_forecast | Very few sequences (2), LSTM may not train well
2026-08-23 23:54:34 | WARNING  | co2_forecast | Very few sequences (6), LSTM may not train well
2026-08-23 23:54:35 | WARNING  | co2_forecast | Very few sequences (2), LSTM may not train well
2026-08-23 23:54:35 | WARNING  | co2_forecast | Very few sequences (2), LSTM may not train well
2026-08-23 23:54:35 | WARNING  | co2_forecast | Very few sequences (2), LSTM may not train well
2026-08-23 23:54:35 | WARNING  | co2_forecast | Very few sequences (6), LSTM may not train well
2026-08-23 23:54:35 | WARNING  | co2_forecast | Very few sequences (2), LSTM may not train well
2026-08-23 23:54:35 | WARNING  | co2_forecast | Very few sequences (2), LSTM may not train well
2026-08-23 23:54:35 | WARNING  | co2_forecast | Very few sequences (2), LSTM may not train well
2026-08-23 23:54:35 | WARNING  | co2_forecast | Very few sequences (6), LSTM may not train well
2026-08-23 23:54:35 | WARNING  | co2_forecast | Very few sequences (2), LSTM may not train well
2026-08-23 23:54:36 | WARNING  | co2_forecast | Very few sequences (2), LSTM may not train well
2026-08-23 23:54:36 | WARNING  | co2_forecast | Very few sequences (2), LSTM may not train well
2026-08-23 23:54:36 | WARNING  | co2_forecast | Very few sequences (6), LSTM may not train well
2026-08-23 23:54:36 | WARNING  | co2_forecast | Very few sequences (2), LSTM may not train well
2026-08-23 23:54:36 | WARNING  | co2_forecast | Very few sequences (2), LSTM may not train well
2026-08-23 23:54:36 | WARNING  | co2_forecast | Very few sequences (3), LSTM may not train well
2026-08-23 23:54:36 | WARNING  | co2_forecast | Very few sequences (7), LSTM may not train well
2026-08-23 23:54:36 | WARNING  | co2_forecast | Very few sequences (3), LSTM may not train well
2026-08-23 23:54:36 | WARNING  | co2_forecast | Very few sequences (3), LSTM may not train well
2026-08-23 23:54:37 | WARNING  | co2_forecast | Very few sequences (3), LSTM may not train well
2026-08-23 23:54:37 | WARNING  | co2_forecast | Very few sequences (7), LSTM may not train well
2026-08-23 23:54:37 | WARNING  | co2_forecast | Very few sequences (3), LSTM may not train well
2026-08-23 23:54:37 | WARNING  | co2_forecast | Very few sequences (3), LSTM may not train well
2026-08-23 23:54:37 | WARNING  | co2_forecast | Very few sequences (2), LSTM may not train well
2026-08-23 23:54:37 | WARNING  | co2_forecast | Very few sequences (6), LSTM may not train well
2026-08-23 23:54:37 | WARNING  | co2_forecast | Very few sequences (2), LSTM may not train well
2026-08-23 23:54:37 | WARNING  | co2_forecast | Very few sequences (2), LSTM may not train well
2026-08-23 23:54:37 | WARNING  | co2_forecast | Very few sequences (3), LSTM may not train well
2026-08-23 23:54:37 | WARNING  | co2_forecast | Very few sequences (7), LSTM may not train well
2026-08-23 23:54:38 | WARNING  | co2_forecast | Very few sequences (3), LSTM may not train well
2026-08-23 23:54:38 | WARNING  | co2_forecast | Very few sequences (3), LSTM may not train well
2026-08-23 23:54:38 | WARNING  | co2_forecast | Very few sequences (3), LSTM may not train well
2026-08-23 23:54:38 | WARNING  | co2_forecast | Very few sequences (7), LSTM may not train well
2026-08-23 23:54:38 | WARNING  | co2_forecast | Very few sequences (3), LSTM may not train well
2026-08-23 23:54:38 | WARNING  | co2_forecast | Very few sequences (3), LSTM may not train well
2026-08-23 23:54:38 | WARNING  | co2_forecast | Very few sequences (2), LSTM may not train well
2026-08-23 23:54:38 | WARNING  | co2_forecast | Very few sequences (6), LSTM may not train well
2026-08-23 23:54:39 | WARNING  | co2_forecast | Very few sequences (2), LSTM may not train well
2026-08-23 23:54:39 | WARNING  | co2_forecast | Very few sequences (2), LSTM may not train well
2026-08-23 23:54:39 | WARNING  | co2_forecast | Very few sequences (4), LSTM may not train well
2026-08-23 23:54:39 | WARNING  | co2_forecast | Very few sequences (8), LSTM may not train well
2026-08-23 23:54:39 | WARNING  | co2_forecast | Very few sequences (4), LSTM may not train well
2026-08-23 23:54:39 | WARNING  | co2_forecast | Very few sequences (4), LSTM may not train well
2026-08-23 23:54:39 | WARNING  | co2_forecast | Very few sequences (4), LSTM may not train well
2026-08-23 23:54:39 | WARNING  | co2_forecast | Very few sequences (8), LSTM may not train well
2026-08-23 23:54:39 | WARNING  | co2_forecast | Very few sequences (4), LSTM may not train well
2026-08-23 23:54:40 | WARNING  | co2_forecast | Very few sequences (4), LSTM may not train well
2026-08-23 23:54:40 | WARNING  | co2_forecast | Very few sequences (4), LSTM may not train well
2026-08-23 23:54:40 | WARNING  | co2_forecast | Very few sequences (8), LSTM may not train well
2026-08-23 23:54:40 | WARNING  | co2_forecast | Very few sequences (4), LSTM may not train well
2026-08-23 23:54:40 | WARNING  | co2_forecast | Very few sequences (4), LSTM may not train well
2026-08-23 23:54:40 | WARNING  | co2_forecast | Very few sequences (2), LSTM may not train well
2026-08-23 23:54:40 | WARNING  | co2_forecast | Very few sequences (6), LSTM may not train well
2026-08-23 23:54:40 | WARNING  | co2_forecast | Very few sequences (2), LSTM may not train well
2026-08-23 23:54:40 | WARNING  | co2_forecast | Very few sequences (2), LSTM may not train well
2026-08-23 23:54:40 | WARNING  | co2_forecast | Very few sequences (2), LSTM may not train well
2026-08-23 23:54:41 | WARNING  | co2_forecast | Very few sequences (6), LSTM may not train well
2026-08-23 23:54:41 | WARNING  | co2_forecast | Very few sequences (2), LSTM may not train well
2026-08-23 23:54:41 | WARNING  | co2_forecast | Very few sequences (2), LSTM may not train well
2026-08-23 23:54:41 | WARNING  | co2_forecast | Very few sequences (3), LSTM may not train well
2026-08-23 23:54:41 | WARNING  | co2_forecast | Very few sequences (7), LSTM may not train well
2026-08-23 23:54:41 | WARNING  | co2_forecast | Very few sequences (3), LSTM may not train well
2026-08-23 23:54:41 | WARNING  | co2_forecast | Very few sequences (3), LSTM may not train well
2026-08-23 23:54:41 | WARNING  | co2_forecast | Very few sequences (2), LSTM may not train well
2026-08-23 23:54:41 | WARNING  | co2_forecast | Very few sequences (6), LSTM may not train well
2026-08-23 23:54:41 | WARNING  | co2_forecast | Very few sequences (2), LSTM may not train well
2026-08-23 23:54:42 | WARNING  | co2_forecast | Very few sequences (2), LSTM may not train well
2026-08-23 23:54:42 | WARNING  | co2_forecast | Very few sequences (2), LSTM may not train well
2026-08-23 23:54:42 | WARNING  | co2_forecast | Very few sequences (6), LSTM may not train well
2026-08-23 23:54:42 | WARNING  | co2_forecast | Very few sequences (2), LSTM may not train well
2026-08-23 23:54:42 | WARNING  | co2_forecast | Very few sequences (2), LSTM may not train well
2026-08-23 23:54:42 | WARNING  | co2_forecast | Very few sequences (4), LSTM may not train well
2026-08-23 23:54:42 | WARNING  | co2_forecast | Very few sequences (8), LSTM may not train well
2026-08-23 23:54:42 | WARNING  | co2_forecast | Very few sequences (4), LSTM may not train well
2026-08-23 23:54:42 | WARNING  | co2_forecast | Very few sequences (4), LSTM may not train well
2026-08-23 23:54:42 | WARNING  | co2_forecast | Very few sequences (2), LSTM may not train well
2026-08-23 23:54:42 | WARNING  | co2_forecast | Very few sequences (6), LSTM may not train well
2026-08-23 23:54:43 | WARNING  | co2_forecast | Very few sequences (2), LSTM may not train well
2026-08-23 23:54:43 | WARNING  | co2_forecast | Very few sequences (2), LSTM may not train well
2026-08-23 23:54:43 | WARNING  | co2_forecast | Very few sequences (3), LSTM may not train well
2026-08-23 23:54:43 | WARNING  | co2_forecast | Very few sequences (7), LSTM may not train well
2026-08-23 23:54:43 | WARNING  | co2_forecast | Very few sequences (3), LSTM may not train well
2026-08-23 23:54:43 | WARNING  | co2_forecast | Very few sequences (3), LSTM may not train well
2026-08-23 23:54:43 | WARNING  | co2_forecast | Very few sequences (3), LSTM may not train well
2026-08-23 23:54:43 | WARNING  | co2_forecast | Very few sequences (7), LSTM may not train well
2026-08-23 23:54:43 | WARNING  | co2_forecast | Very few sequences (3), LSTM may not train well
2026-08-23 23:54:43 | WARNING  | co2_forecast | Very few sequences (3), LSTM may not train well
2026-08-23 23:54:43 | WARNING  | co2_forecast | Very few sequences (2), LSTM may not train well
2026-08-23 23:54:43 | WARNING  | co2_forecast | Very few sequences (6), LSTM may not train well
2026-08-23 23:54:44 | WARNING  | co2_forecast | Very few sequences (2), LSTM may not train well
2026-08-23 23:54:44 | WARNING  | co2_forecast | Very few sequences (2), LSTM may not train well
2026-08-23 23:54:44 | WARNING  | co2_forecast | Very few sequences (3), LSTM may not train well
2026-08-23 23:54:44 | WARNING  | co2_forecast | Very few sequences (7), LSTM may not train well
2026-08-23 23:54:44 | WARNING  | co2_forecast | Very few sequences (3), LSTM may not train well
2026-08-23 23:54:44 | WARNING  | co2_forecast | Very few sequences (3), LSTM may not train well
2026-08-23 23:54:44 | WARNING  | co2_forecast | Very few sequences (2), LSTM may not train well
2026-08-23 23:54:44 | WARNING  | co2_forecast | Very few sequences (6), LSTM may not train well
2026-08-23 23:54:45 | WARNING  | co2_forecast | Very few sequences (2), LSTM may not train well
2026-08-23 23:54:45 | WARNING  | co2_forecast | Very few sequences (2), LSTM may not train well
2026-08-23 23:54:45 | WARNING  | co2_forecast | Very few sequences (2), LSTM may not train well
2026-08-23 23:54:45 | WARNING  | co2_forecast | Very few sequences (6), LSTM may not train well
2026-08-23 23:54:45 | WARNING  | co2_forecast | Very few sequences (2), LSTM may not train well
2026-08-23 23:54:45 | WARNING  | co2_forecast | Very few sequences (2), LSTM may not train well
2026-08-23 23:54:45 | WARNING  | co2_forecast | Very few sequences (3), LSTM may not train well
2026-08-23 23:54:45 | WARNING  | co2_forecast | Very few sequences (7), LSTM may not train well
2026-08-23 23:54:45 | WARNING  | co2_forecast | Very few sequences (3), LSTM may not train well
2026-08-23 23:54:45 | WARNING  | co2_forecast | Very few sequences (3), LSTM may not train well
2026-08-23 23:54:46 | WARNING  | co2_forecast | Very few sequences (2), LSTM may not train well
2026-08-23 23:54:46 | WARNING  | co2_forecast | Very few sequences (6), LSTM may not train well
2026-08-23 23:54:46 | WARNING  | co2_forecast | Very few sequences (2), LSTM may not train well
2026-08-23 23:54:46 | WARNING  | co2_forecast | Very few sequences (2), LSTM may not train well
2026-08-23 23:54:46 | WARNING  | co2_forecast | Very few sequences (3), LSTM may not train well
2026-08-23 23:54:46 | WARNING  | co2_forecast | Very few sequences (7), LSTM may not train well
2026-08-23 23:54:46 | WARNING  | co2_forecast | Very few sequences (3), LSTM may not train well
2026-08-23 23:54:46 | WARNING  | co2_forecast | Very few sequences (3), LSTM may not train well
2026-08-23 23:54:46 | WARNING  | co2_forecast | Very few sequences (4), LSTM may not train well
2026-08-23 23:54:46 | WARNING  | co2_forecast | Very few sequences (8), LSTM may not train well
2026-08-23 23:54:46 | WARNING  | co2_forecast | Very few sequences (4), LSTM may not train well
2026-08-23 23:54:47 | WARNING  | co2_forecast | Very few sequences (4), LSTM may not train well
2026-08-23 23:54:47 | WARNING  | co2_forecast | Very few sequences (2), LSTM may not train well
2026-08-23 23:54:47 | WARNING  | co2_forecast | Very few sequences (6), LSTM may not train well
2026-08-23 23:54:47 | WARNING  | co2_forecast | Very few sequences (2), LSTM may not train well
2026-08-23 23:54:47 | WARNING  | co2_forecast | Very few sequences (2), LSTM may not train well
2026-08-23 23:54:47 | INFO     | co2_forecast |   Iteration 9: Best fitness = 0.629786
2026-08-23 23:54:47 | INFO     | co2_forecast | PSO complete. Best fitness: 0.629786
2026-08-23 23:54:47 | INFO     | co2_forecast |   Best params: {'lookback': 5, 'hidden_size': 51, 'num_layers': 1, 'dropout': 0.39124695853403557, 'learning_rate': 0.00842198706265226, 'batch_size': 8}
2026-08-23 23:54:47 | INFO     | co2_forecast |   Best fitness: 0.629786
2026-08-23 23:54:47 | INFO     | co2_forecast | [A4/panel2_common_period/all_features/lstm] sweep tuning: best_params={'lookback': 5, 'hidden_size': 51, 'num_layers': 1, 'dropout': 0.39124695853403557, 'learning_rate': 0.00842198706265226, 'batch_size': 8}
2026-08-23 23:54:48 | INFO     | co2_forecast |   -> weighted_mase=0.8288732703193067, runtime=28.8s
2026-08-23 23:54:48 | INFO     | co2_forecast | Stream A complete: 20/20 candidates produced a result
2026-08-23 23:54:48 | INFO     | co2_forecast | Scenario M3 complete in 1975.0s
2026-08-23 23:54:48 | INFO     | co2_forecast | Wrote outputs/robustness/mobility_sensitivity_results.csv (16 rows)
2026-08-23 23:54:48 | INFO     | co2_forecast | Saved outputs/figures/pdf/sensitivity/fig_mobility_robustness.pdf
2026-08-23 23:54:48 | INFO     | co2_forecast | ============================================================
2026-08-23 23:54:48 | INFO     | co2_forecast | Script 18 complete!
2026-08-23 23:54:48 | INFO     | co2_forecast | ============================================================
