2026-08-01 16:07:51 | INFO     | co2_forecast | Logging to: outputs/runs/my_run/logs/my_run.log
2026-08-01 16:07:51 | INFO     | co2_forecast | ============================================================
2026-08-01 16:07:51 | INFO     | co2_forecast | Script 00: Make Dataset
2026-08-01 16:07:51 | INFO     | co2_forecast | ============================================================
2026-08-01 16:07:51 | INFO     | co2_forecast | Run ID: my_run
2026-08-01 16:07:51 | INFO     | co2_forecast | Input: data/raw/data 1999-2025Q1.xlsx
2026-08-01 16:07:51 | INFO     | co2_forecast | ----------------------------------------
2026-08-01 16:07:51 | INFO     | co2_forecast | Step 1: Loading raw data...
2026-08-01 16:07:51 | INFO     | co2_forecast | Loading data from: data/raw/data 1999-2025Q1.xlsx
2026-08-01 16:07:51 | INFO     | co2_forecast | Loaded sheet: Sheet1 (header row: 2)
2026-08-01 16:07:51 | INFO     | co2_forecast | Loaded 105 rows, 9 columns
2026-08-01 16:07:51 | INFO     | co2_forecast | Columns: ['Time_Period', 'CO2e', 'GDP', 'Population', 'Air_Temp', 'Rainfall', 'TEC', 'CEI', 'COVID_Deaths']
2026-08-01 16:07:51 | WARNING  | co2_forecast | Some expected features not found: ['GDP_growth', 'Industrial_Production', 'GDP_per_capita', 'Consumption', 'Investment']...
2026-08-01 16:07:51 | WARNING  | co2_forecast | Additional columns found: ['Air_Temp', 'Rainfall', 'TEC', 'CEI', 'COVID_Deaths']...
2026-08-01 16:07:51 | INFO     | co2_forecast | Date range: 1999-01-01 00:00:00 to 2025-01-01 00:00:00
2026-08-01 16:07:51 | INFO     | co2_forecast | Target column: CO2e
2026-08-01 16:07:51 | INFO     | co2_forecast | Data prepared: 105 rows, 8 columns
2026-08-01 16:07:51 | INFO     | co2_forecast | Loaded 105 rows, 8 columns
2026-08-01 16:07:51 | INFO     | co2_forecast | ----------------------------------------
2026-08-01 16:07:51 | INFO     | co2_forecast | Step 2: Data quality audit...
2026-08-01 16:07:51 | INFO     | co2_forecast | Generating data quality report...
2026-08-01 16:07:51 | INFO     | co2_forecast | Quality report saved to: outputs/runs/my_run/tables
2026-08-01 16:07:51 | INFO     | co2_forecast | Quality report saved to outputs/runs/my_run/tables
2026-08-01 16:07:51 | INFO     | co2_forecast | ----------------------------------------
2026-08-01 16:07:51 | INFO     | co2_forecast | Step 3: Cleaning data...
2026-08-01 16:07:51 | INFO     | co2_forecast | Cleaning complete. Shape: (105, 8)
2026-08-01 16:07:51 | INFO     | co2_forecast | Cleaned data: 105 rows, 8 columns
2026-08-01 16:07:51 | INFO     | co2_forecast | ----------------------------------------
2026-08-01 16:07:51 | INFO     | co2_forecast | Step 4: Feature engineering...
2026-08-01 16:07:51 | INFO     | co2_forecast | Starting feature engineering...
2026-08-01 16:07:51 | INFO     | co2_forecast | Applied log transform to target. Range: 11.3635 to 12.1308
2026-08-01 16:07:51 | INFO     | co2_forecast | Dropped removed raw columns per spec section 2: ['TEC', 'CEI']
2026-08-01 16:07:51 | INFO     | co2_forecast | Created 4 lag features
2026-08-01 16:07:51 | INFO     | co2_forecast | Created 2 rate-of-change features
2026-08-01 16:07:51 | INFO     | co2_forecast | Created 2 rate-of-change features
2026-08-01 16:07:51 | INFO     | co2_forecast | Created 1 intensity features (numerator and denominator both lagged by 1 quarter(s))
2026-08-01 16:07:51 | INFO     | co2_forecast | Created 1 intensity features
2026-08-01 16:07:51 | INFO     | co2_forecast | Created 2 weather features
2026-08-01 16:07:51 | INFO     | co2_forecast | Created 2 weather features
2026-08-01 16:07:51 | INFO     | co2_forecast | Created quarter dummy features (Q2, Q3, Q4)
2026-08-01 16:07:51 | INFO     | co2_forecast | Created COVID dummy (2020Q1 to 2021Q4)
2026-08-01 16:07:51 | INFO     | co2_forecast | Created Energy Crisis dummy (2022Q1 to 2023Q4)
2026-08-01 16:07:51 | INFO     | co2_forecast | Loaded feature registry: 37 candidate predictors from config/feature_registry.yaml
2026-08-01 16:07:51 | INFO     | co2_forecast | Feature registry governance enforced: all 19 X columns are known and retained_after_audit (overrides: none)
2026-08-01 16:07:51 | INFO     | co2_forecast | Feature engineering complete. Total features: 19
2026-08-01 16:07:51 | INFO     | co2_forecast | Features: 19 columns, 101 valid rows
2026-08-01 16:07:51 | INFO     | co2_forecast | ----------------------------------------
2026-08-01 16:07:51 | INFO     | co2_forecast | Step 4b: Building A1-A4 configuration matrices...
2026-08-01 16:07:51 | INFO     | co2_forecast | Loaded feature registry: 37 candidate predictors from config/feature_registry.yaml
2026-08-01 16:07:51 | INFO     | co2_forecast | Exported registry to metadata/feature_registry.csv (spec section 15)
2026-08-01 16:07:51 | INFO     | co2_forecast | Aggregating cached mobility data from data/raw/mobility...
2026-08-01 16:07:52 | INFO     | co2_forecast | Aggregated mobility data to 10 quarters (min_completeness=0.8, primary_cutoff=2022Q3); 2 quarter(s) excluded
2026-08-01 16:07:52 | INFO     | co2_forecast | Mobility quarterly features: 10 quarter(s) with genuine reporting-window data, 91 quarter(s) neutral-zeroed outside the window
2026-08-01 16:07:52 | INFO     | co2_forecast | Aggregating cached grid data from data/raw/grid_cache...
2026-08-01 16:07:57 | INFO     | co2_forecast | Loaded 150257 half-hourly grid intervals from data/raw/grid_cache (2017-12-31 23:30:00+00:00 to 2026-08-01 01:00:00+00:00)
2026-08-01 16:07:57 | INFO     | co2_forecast | Aggregated grid data to 34 quarters (min_completeness=0.95); 2 quarter(s) excluded for incompleteness
2026-08-01 16:07:57 | INFO     | co2_forecast | Grid quarterly features: 34 quarters [2018-01-01 00:00:00 - 2026-04-01 00:00:00], 2 quarter(s) excluded for incompleteness
2026-08-01 16:07:57 | INFO     | co2_forecast | OWID one-year-lagged shares merged into grid block (68 non-NaN cells across 2 columns)
2026-08-01 16:07:57 | INFO     | co2_forecast | Mobility features merged into all four configurations (A1: 11 cols)
2026-08-01 16:07:57 | WARNING  | co2_forecast | A3: dropped 1 quarter(s) with partially-missing grid features after merge (e.g. a generation-mix sub-field fully absent for that quarter despite passing the overall completeness check)
2026-08-01 16:07:57 | WARNING  | co2_forecast | A4: dropped 1 quarter(s) with partially-missing grid features after merge (e.g. a generation-mix sub-field fully absent for that quarter despite passing the overall completeness check)
2026-08-01 16:07:57 | INFO     | co2_forecast | Grid features merged into A3 (23 cols) and A4 (37 cols) over 28 common quarters
2026-08-01 16:07:57 | INFO     | co2_forecast | Configuration A1: 11 features, 101 rows
2026-08-01 16:07:57 | INFO     | co2_forecast | Configuration A2: 25 features, 101 rows
2026-08-01 16:07:57 | INFO     | co2_forecast | Configuration A3: 23 features, 28 rows
2026-08-01 16:07:57 | INFO     | co2_forecast | Configuration A4: 37 features, 28 rows
2026-08-01 16:07:57 | INFO     | co2_forecast |   A1: 11 features (raw=11, engineered=0, grid=0, nominal_max=11)
2026-08-01 16:07:57 | INFO     | co2_forecast |   A2: 25 features (raw=11, engineered=14, grid=0, nominal_max=25)
2026-08-01 16:07:57 | INFO     | co2_forecast |   A3: 23 features (raw=11, engineered=0, grid=12, nominal_max=None)
2026-08-01 16:07:57 | INFO     | co2_forecast |   A4: 37 features (raw=11, engineered=14, grid=12, nominal_max=None)
2026-08-01 16:07:57 | INFO     | co2_forecast | ----------------------------------------
2026-08-01 16:07:57 | INFO     | co2_forecast | Step 5: Creating walk-forward CV splits (sensitivity-only: full period, A1/A2)...
2026-08-01 16:07:57 | INFO     | co2_forecast | Creating walk-forward splits for 101 valid samples
2026-08-01 16:07:57 | INFO     | co2_forecast | Created 44 CV folds across horizons [1, 2, 4]
2026-08-01 16:07:57 | INFO     | co2_forecast | Created 44 CV folds (sensitivity-only)
2026-08-01 16:07:57 | INFO     | co2_forecast | Creating walk-forward splits for 28 valid samples
2026-08-01 16:07:57 | INFO     | co2_forecast | Created 7 CV folds across horizons [1, 2, 4]
2026-08-01 16:07:57 | INFO     | co2_forecast | Built Panel 2 (common period) CV plan: 7 folds over 28 quarters [2018-04-01 00:00:00 - 2025-01-01 00:00:00]
2026-08-01 16:07:57 | INFO     | co2_forecast | PRIMARY common-period CV plan: 7 folds
2026-08-01 16:07:57 | INFO     | co2_forecast | ============================================================
2026-08-01 16:07:57 | INFO     | co2_forecast | Dataset creation complete!
2026-08-01 16:07:57 | INFO     | co2_forecast |   Raw data: 105 rows
2026-08-01 16:07:57 | INFO     | co2_forecast |   Clean data: 105 rows
2026-08-01 16:07:57 | INFO     | co2_forecast |   Features: 19 columns
2026-08-01 16:07:57 | INFO     | co2_forecast |   Valid samples: 101
2026-08-01 16:07:57 | INFO     | co2_forecast |   CV folds: 44
2026-08-01 16:07:57 | INFO     | co2_forecast |   Outputs saved to: outputs/runs/my_run
2026-08-01 16:07:57 | INFO     | co2_forecast | ============================================================
2026-08-01 16:32:40 | INFO     | co2_forecast | Logging to: outputs/runs/my_run/logs/my_run.log
2026-08-01 16:32:40 | INFO     | co2_forecast | ============================================================
2026-08-01 16:32:40 | INFO     | co2_forecast | Script 00: Make Dataset
2026-08-01 16:32:40 | INFO     | co2_forecast | ============================================================
2026-08-01 16:32:40 | INFO     | co2_forecast | Run ID: my_run
2026-08-01 16:32:40 | INFO     | co2_forecast | Input: data/raw/data 1999-2025Q1.xlsx
2026-08-01 16:32:40 | INFO     | co2_forecast | ----------------------------------------
2026-08-01 16:32:40 | INFO     | co2_forecast | Step 1: Loading raw data...
2026-08-01 16:32:40 | INFO     | co2_forecast | Loading data from: data/raw/data 1999-2025Q1.xlsx
2026-08-01 16:32:40 | INFO     | co2_forecast | Loaded sheet: Sheet1 (header row: 2)
2026-08-01 16:32:40 | INFO     | co2_forecast | Loaded 105 rows, 9 columns
2026-08-01 16:32:40 | INFO     | co2_forecast | Columns: ['Time_Period', 'CO2e', 'GDP', 'Population', 'Air_Temp', 'Rainfall', 'TEC', 'CEI', 'COVID_Deaths']
2026-08-01 16:32:40 | WARNING  | co2_forecast | Some expected features not found: ['GDP_growth', 'Industrial_Production', 'GDP_per_capita', 'Consumption', 'Investment']...
2026-08-01 16:32:40 | WARNING  | co2_forecast | Additional columns found: ['Air_Temp', 'Rainfall', 'TEC', 'CEI', 'COVID_Deaths']...
2026-08-01 16:32:40 | INFO     | co2_forecast | Date range: 1999-01-01 00:00:00 to 2025-01-01 00:00:00
2026-08-01 16:32:40 | INFO     | co2_forecast | Target column: CO2e
2026-08-01 16:32:40 | INFO     | co2_forecast | Data prepared: 105 rows, 8 columns
2026-08-01 16:32:40 | INFO     | co2_forecast | Loaded 105 rows, 8 columns
2026-08-01 16:32:40 | INFO     | co2_forecast | ----------------------------------------
2026-08-01 16:32:40 | INFO     | co2_forecast | Step 2: Data quality audit...
2026-08-01 16:32:40 | INFO     | co2_forecast | Generating data quality report...
2026-08-01 16:32:40 | INFO     | co2_forecast | Quality report saved to: outputs/runs/my_run/tables
2026-08-01 16:32:40 | INFO     | co2_forecast | Quality report saved to outputs/runs/my_run/tables
2026-08-01 16:32:40 | INFO     | co2_forecast | ----------------------------------------
2026-08-01 16:32:40 | INFO     | co2_forecast | Step 3: Cleaning data...
2026-08-01 16:32:40 | INFO     | co2_forecast | Cleaning complete. Shape: (105, 8)
2026-08-01 16:32:40 | INFO     | co2_forecast | Cleaned data: 105 rows, 8 columns
2026-08-01 16:32:40 | INFO     | co2_forecast | ----------------------------------------
2026-08-01 16:32:40 | INFO     | co2_forecast | Step 4: Feature engineering...
2026-08-01 16:32:40 | INFO     | co2_forecast | Starting feature engineering...
2026-08-01 16:32:40 | INFO     | co2_forecast | Applied log transform to target. Range: 11.3635 to 12.1308
2026-08-01 16:32:40 | INFO     | co2_forecast | Dropped removed raw columns per spec section 2: ['TEC', 'CEI']
2026-08-01 16:32:40 | INFO     | co2_forecast | Created 4 lag features
2026-08-01 16:32:40 | INFO     | co2_forecast | Created 2 rate-of-change features
2026-08-01 16:32:40 | INFO     | co2_forecast | Created 2 rate-of-change features
2026-08-01 16:32:40 | INFO     | co2_forecast | Created 1 intensity features (numerator and denominator both lagged by 1 quarter(s))
2026-08-01 16:32:40 | INFO     | co2_forecast | Created 1 intensity features
2026-08-01 16:32:40 | INFO     | co2_forecast | Created 2 weather features
2026-08-01 16:32:40 | INFO     | co2_forecast | Created 2 weather features
2026-08-01 16:32:40 | INFO     | co2_forecast | Created quarter dummy features (Q2, Q3, Q4)
2026-08-01 16:32:40 | INFO     | co2_forecast | Created COVID dummy (2020Q1 to 2021Q4)
2026-08-01 16:32:40 | INFO     | co2_forecast | Created Energy Crisis dummy (2022Q1 to 2023Q4)
2026-08-01 16:32:40 | INFO     | co2_forecast | Loaded feature registry: 37 candidate predictors from config/feature_registry.yaml
2026-08-01 16:32:40 | INFO     | co2_forecast | Feature registry governance enforced: all 19 X columns are known and retained_after_audit (overrides: none)
2026-08-01 16:32:40 | INFO     | co2_forecast | Feature engineering complete. Total features: 19
2026-08-01 16:32:40 | INFO     | co2_forecast | Features: 19 columns, 101 valid rows
2026-08-01 16:32:40 | INFO     | co2_forecast | ----------------------------------------
2026-08-01 16:32:40 | INFO     | co2_forecast | Step 4b: Building A1-A4 configuration matrices...
2026-08-01 16:32:40 | INFO     | co2_forecast | Loaded feature registry: 37 candidate predictors from config/feature_registry.yaml
2026-08-01 16:32:40 | INFO     | co2_forecast | Exported registry to metadata/feature_registry.csv (spec section 15)
2026-08-01 16:32:40 | INFO     | co2_forecast | Aggregating cached mobility data from data/raw/mobility...
2026-08-01 16:32:40 | INFO     | co2_forecast | Aggregated mobility data to 10 quarters (min_completeness=0.8, primary_cutoff=2022Q3); 2 quarter(s) excluded
2026-08-01 16:32:40 | INFO     | co2_forecast | Mobility quarterly features: 10 quarter(s) with genuine reporting-window data, 91 quarter(s) neutral-zeroed outside the window
2026-08-01 16:32:40 | INFO     | co2_forecast | Aggregating cached grid data from data/raw/grid_cache...
2026-08-01 16:32:46 | INFO     | co2_forecast | Loaded 150257 half-hourly grid intervals from data/raw/grid_cache (2017-12-31 23:30:00+00:00 to 2026-08-01 01:00:00+00:00)
2026-08-01 16:32:46 | INFO     | co2_forecast | Aggregated grid data to 34 quarters (min_completeness=0.95); 2 quarter(s) excluded for incompleteness
2026-08-01 16:32:46 | INFO     | co2_forecast | Grid quarterly features: 34 quarters [2018-01-01 00:00:00 - 2026-04-01 00:00:00], 2 quarter(s) excluded for incompleteness
2026-08-01 16:32:46 | INFO     | co2_forecast | OWID one-year-lagged shares merged into grid block (68 non-NaN cells across 2 columns)
2026-08-01 16:32:46 | INFO     | co2_forecast | Mobility features merged into all four configurations (A1: 11 cols)
2026-08-01 16:32:46 | WARNING  | co2_forecast | A3: dropped 1 quarter(s) with partially-missing grid features after merge (e.g. a generation-mix sub-field fully absent for that quarter despite passing the overall completeness check)
2026-08-01 16:32:46 | WARNING  | co2_forecast | A4: dropped 1 quarter(s) with partially-missing grid features after merge (e.g. a generation-mix sub-field fully absent for that quarter despite passing the overall completeness check)
2026-08-01 16:32:46 | INFO     | co2_forecast | Grid features merged into A3 (23 cols) and A4 (37 cols) over 28 common quarters
2026-08-01 16:32:46 | INFO     | co2_forecast | Configuration A1: 11 features, 101 rows
2026-08-01 16:32:46 | INFO     | co2_forecast | Configuration A2: 25 features, 101 rows
2026-08-01 16:32:46 | INFO     | co2_forecast | Configuration A3: 23 features, 28 rows
2026-08-01 16:32:46 | INFO     | co2_forecast | Configuration A4: 37 features, 28 rows
2026-08-01 16:32:46 | INFO     | co2_forecast |   A1: 11 features (raw=11, engineered=0, grid=0, nominal_max=11)
2026-08-01 16:32:46 | INFO     | co2_forecast |   A2: 25 features (raw=11, engineered=14, grid=0, nominal_max=25)
2026-08-01 16:32:46 | INFO     | co2_forecast |   A3: 23 features (raw=11, engineered=0, grid=12, nominal_max=None)
2026-08-01 16:32:46 | INFO     | co2_forecast |   A4: 37 features (raw=11, engineered=14, grid=12, nominal_max=None)
2026-08-01 16:32:46 | INFO     | co2_forecast | ----------------------------------------
2026-08-01 16:32:46 | INFO     | co2_forecast | Step 5: Creating walk-forward CV splits (sensitivity-only: full period, A1/A2)...
2026-08-01 16:32:46 | INFO     | co2_forecast | Creating walk-forward splits for 101 valid samples
2026-08-01 16:32:46 | INFO     | co2_forecast | Created 44 CV folds across horizons [1, 2, 4]
2026-08-01 16:32:46 | INFO     | co2_forecast | Created 44 CV folds (sensitivity-only)
2026-08-01 16:32:46 | INFO     | co2_forecast | Creating walk-forward splits for 28 valid samples
2026-08-01 16:32:46 | INFO     | co2_forecast | Created 7 CV folds across horizons [1, 2, 4]
2026-08-01 16:32:46 | INFO     | co2_forecast | Built Panel 2 (common period) CV plan: 7 folds over 28 quarters [2018-04-01 00:00:00 - 2025-01-01 00:00:00]
2026-08-01 16:32:46 | INFO     | co2_forecast | PRIMARY common-period CV plan: 7 folds
2026-08-01 16:32:46 | INFO     | co2_forecast | ============================================================
2026-08-01 16:32:46 | INFO     | co2_forecast | Dataset creation complete!
2026-08-01 16:32:46 | INFO     | co2_forecast |   Raw data: 105 rows
2026-08-01 16:32:46 | INFO     | co2_forecast |   Clean data: 105 rows
2026-08-01 16:32:46 | INFO     | co2_forecast |   Features: 19 columns
2026-08-01 16:32:46 | INFO     | co2_forecast |   Valid samples: 101
2026-08-01 16:32:46 | INFO     | co2_forecast |   CV folds: 44
2026-08-01 16:32:46 | INFO     | co2_forecast |   Outputs saved to: outputs/runs/my_run
2026-08-01 16:32:46 | INFO     | co2_forecast | ============================================================
2026-08-01 16:32:50 | INFO     | co2_forecast | Logging to: outputs/runs/my_run/logs/my_run.log
2026-08-01 16:32:50 | INFO     | co2_forecast | ============================================================
2026-08-01 16:32:50 | INFO     | co2_forecast | Script 10: Stream A / Stream B experimental grid
2026-08-01 16:32:50 | INFO     | co2_forecast | ============================================================
2026-08-01 16:32:50 | INFO     | co2_forecast | Models: ['ridge', 'random_forest', 'lightgbm', 'catboost', 'lstm']
2026-08-01 16:32:50 | INFO     | co2_forecast | seed: 42
2026-08-01 16:32:50 | INFO     | co2_forecast | nested_retuning: False
2026-08-01 16:32:50 | INFO     | co2_forecast | Slicing all configurations to the primary common period [2018-04-01 00:00:00 - 2025-01-01 00:00:00] (reference: A3)
2026-08-01 16:32:50 | INFO     | co2_forecast | ============================================================
2026-08-01 16:32:50 | INFO     | co2_forecast | Naive reference baselines (naive_lag1, naive_lag4) - not part of Stream A/B counts
2026-08-01 16:32:50 | INFO     | co2_forecast | ============================================================
2026-08-01 16:32:50 | INFO     | co2_forecast |   naive_lag1 -> weighted_mase=1.2439162541181543
2026-08-01 16:32:50 | INFO     | co2_forecast |   naive_lag4 -> weighted_mase=1.321785513357674
2026-08-01 16:32:50 | INFO     | co2_forecast | ============================================================
2026-08-01 16:32:50 | INFO     | co2_forecast | Stream A: 4 configurations x 5 models, NO feature selection (20 candidates)
2026-08-01 16:32:50 | INFO     | co2_forecast | ============================================================
2026-08-01 16:32:50 | INFO     | co2_forecast | Stream A cell: A1/ridge (11 features, 28 rows)
2026-08-01 16:32:50 | INFO     | co2_forecast | Creating walk-forward splits for 16 valid samples
2026-08-01 16:32:50 | INFO     | co2_forecast | Created 4 CV folds across horizons [1, 2, 4]
2026-08-01 16:32:50 | INFO     | co2_forecast | Built tuning CV plan: 4 folds from 16 rows before 2022-Q%q (evaluation cutoff) - isolation OK (max tuning date 2021-Q%q)
2026-08-01 16:32:50 | INFO     | co2_forecast | Optimizing ridge...
2026-08-01 16:32:50 | INFO     | co2_forecast | Starting PSO: 5 particles, 8 iterations
2026-08-01 16:32:50 | INFO     | co2_forecast |   Iteration 0: Best fitness = 2.764518
2026-08-01 16:32:50 | INFO     | co2_forecast |   Iteration 5: Best fitness = 2.134233
2026-08-01 16:32:50 | INFO     | co2_forecast |   Iteration 7: Best fitness = 2.134233
2026-08-01 16:32:50 | INFO     | co2_forecast | PSO complete. Best fitness: 2.134233
2026-08-01 16:32:50 | INFO     | co2_forecast |   Best params: {'alpha': 100.0}
2026-08-01 16:32:50 | INFO     | co2_forecast |   Best fitness: 2.134233
2026-08-01 16:32:50 | INFO     | co2_forecast | [A1/panel2_common_period/all_features/ridge] sweep tuning: best_params={'alpha': 100.0}
2026-08-01 16:32:50 | INFO     | co2_forecast |   -> weighted_mase=0.9051731374752952, runtime=0.2s
2026-08-01 16:32:50 | INFO     | co2_forecast | Stream A cell: A1/random_forest (11 features, 28 rows)
2026-08-01 16:32:50 | INFO     | co2_forecast | Creating walk-forward splits for 16 valid samples
2026-08-01 16:32:50 | INFO     | co2_forecast | Created 4 CV folds across horizons [1, 2, 4]
2026-08-01 16:32:50 | INFO     | co2_forecast | Built tuning CV plan: 4 folds from 16 rows before 2022-Q%q (evaluation cutoff) - isolation OK (max tuning date 2021-Q%q)
2026-08-01 16:32:50 | INFO     | co2_forecast | Optimizing random_forest...
2026-08-01 16:32:50 | INFO     | co2_forecast | Starting PSO: 5 particles, 8 iterations
2026-08-01 16:32:54 | INFO     | co2_forecast |   Iteration 0: Best fitness = 0.748939
2026-08-01 16:33:10 | INFO     | co2_forecast |   Iteration 5: Best fitness = 0.314876
2026-08-01 16:33:16 | INFO     | co2_forecast |   Iteration 7: Best fitness = 0.314876
2026-08-01 16:33:16 | INFO     | co2_forecast | PSO complete. Best fitness: 0.314876
2026-08-01 16:33:16 | INFO     | co2_forecast |   Best params: {'n_estimators': 98, 'max_depth': 3, 'min_samples_split': 2, 'min_samples_leaf': 1}
2026-08-01 16:33:16 | INFO     | co2_forecast |   Best fitness: 0.314876
2026-08-01 16:33:16 | INFO     | co2_forecast | [A1/panel2_common_period/all_features/random_forest] sweep tuning: best_params={'n_estimators': 98, 'max_depth': 3, 'min_samples_split': 2, 'min_samples_leaf': 1}
2026-08-01 16:33:17 | INFO     | co2_forecast |   -> weighted_mase=0.7471041069090396, runtime=27.0s
2026-08-01 16:33:17 | INFO     | co2_forecast | Stream A cell: A1/lightgbm (11 features, 28 rows)
2026-08-01 16:33:17 | INFO     | co2_forecast | Creating walk-forward splits for 16 valid samples
2026-08-01 16:33:17 | INFO     | co2_forecast | Created 4 CV folds across horizons [1, 2, 4]
2026-08-01 16:33:17 | INFO     | co2_forecast | Built tuning CV plan: 4 folds from 16 rows before 2022-Q%q (evaluation cutoff) - isolation OK (max tuning date 2021-Q%q)
2026-08-01 16:33:17 | INFO     | co2_forecast | Optimizing lightgbm...
2026-08-01 16:33:17 | INFO     | co2_forecast | Starting PSO: 5 particles, 8 iterations
2026-08-01 16:33:17 | WARNING  | co2_forecast | LightGBM has no GPU-enabled build installed; using CPU. The pip wheel ships CPU-only - install a CUDA/OpenCL build (e.g. build from source with -DUSE_CUDA=1, or a conda-forge lightgbm=*=cuda* package) to enable GPU training.
2026-08-01 16:33:17 | INFO     | co2_forecast |   Iteration 0: Best fitness = 0.768990
2026-08-01 16:33:18 | INFO     | co2_forecast |   Iteration 5: Best fitness = 0.653962
2026-08-01 16:33:18 | INFO     | co2_forecast |   Iteration 7: Best fitness = 0.653962
2026-08-01 16:33:18 | INFO     | co2_forecast | PSO complete. Best fitness: 0.653962
2026-08-01 16:33:18 | INFO     | co2_forecast |   Best params: {'n_estimators': 164, 'learning_rate': 0.3, 'num_leaves': 127, 'max_depth': 10, 'min_child_samples': 6, 'reg_alpha': 0.001, 'reg_lambda': 0.001}
2026-08-01 16:33:18 | INFO     | co2_forecast |   Best fitness: 0.653962
2026-08-01 16:33:18 | INFO     | co2_forecast | [A1/panel2_common_period/all_features/lightgbm] sweep tuning: best_params={'n_estimators': 164, 'learning_rate': 0.3, 'num_leaves': 127, 'max_depth': 10, 'min_child_samples': 6, 'reg_alpha': 0.001, 'reg_lambda': 0.001}
2026-08-01 16:33:18 | INFO     | co2_forecast |   -> weighted_mase=0.7610224286063254, runtime=1.3s
2026-08-01 16:33:18 | INFO     | co2_forecast | Stream A cell: A1/catboost (11 features, 28 rows)
2026-08-01 16:33:18 | INFO     | co2_forecast | Creating walk-forward splits for 16 valid samples
2026-08-01 16:33:18 | INFO     | co2_forecast | Created 4 CV folds across horizons [1, 2, 4]
2026-08-01 16:33:18 | INFO     | co2_forecast | Built tuning CV plan: 4 folds from 16 rows before 2022-Q%q (evaluation cutoff) - isolation OK (max tuning date 2021-Q%q)
2026-08-01 16:33:18 | INFO     | co2_forecast | Optimizing catboost...
2026-08-01 16:33:18 | INFO     | co2_forecast | Starting PSO: 5 particles, 8 iterations
2026-08-01 16:39:23 | INFO     | co2_forecast |   Iteration 0: Best fitness = 0.304603
2026-08-01 17:02:02 | INFO     | co2_forecast |   Iteration 5: Best fitness = 0.283234
2026-08-01 17:07:23 | INFO     | co2_forecast |   Iteration 7: Best fitness = 0.280292
2026-08-01 17:07:23 | INFO     | co2_forecast | PSO complete. Best fitness: 0.280292
2026-08-01 17:07:23 | INFO     | co2_forecast |   Best params: {'iterations': 209, 'learning_rate': 0.18274991866954116, 'depth': 4, 'l2_leaf_reg': 8.182426570824473}
2026-08-01 17:07:23 | INFO     | co2_forecast |   Best fitness: 0.280292
2026-08-01 17:07:23 | INFO     | co2_forecast | [A1/panel2_common_period/all_features/catboost] sweep tuning: best_params={'iterations': 209, 'learning_rate': 0.18274991866954116, 'depth': 4, 'l2_leaf_reg': 8.182426570824473}
2026-08-01 17:10:36 | INFO     | co2_forecast |   -> weighted_mase=0.6294096386011814, runtime=2237.5s
2026-08-01 17:10:36 | INFO     | co2_forecast | Stream A cell: A1/lstm (11 features, 28 rows)
2026-08-01 17:10:36 | INFO     | co2_forecast | Creating walk-forward splits for 16 valid samples
2026-08-01 17:10:36 | INFO     | co2_forecast | Created 4 CV folds across horizons [1, 2, 4]
2026-08-01 17:10:36 | INFO     | co2_forecast | Built tuning CV plan: 4 folds from 16 rows before 2022-Q%q (evaluation cutoff) - isolation OK (max tuning date 2021-Q%q)
2026-08-01 17:10:36 | INFO     | co2_forecast | Optimizing lstm...
2026-08-01 17:10:36 | INFO     | co2_forecast | Starting PSO: 5 particles, 8 iterations
2026-08-01 17:10:36 | WARNING  | co2_forecast | Model training failed with params {'lookback': 7, 'hidden_size': 62, 'num_layers': 2, 'dropout': 0.3394633936788146, 'learning_rate': 0.0016445845403801217, 'batch_size': 8}: LSTM.fit: training data has 8 rows, giving only 1 sequence(s) with lookback=7; at least 2 are required (one is always reserved for validation). Reduce lookback or provide more training history.
2026-08-01 17:10:36 | WARNING  | co2_forecast | Model training failed with params {'lookback': 11, 'hidden_size': 26, 'num_layers': 1, 'dropout': 0.17336180394137352, 'learning_rate': 0.0031119982052994237, 'batch_size': 16}: LSTM.fit: training data has 8 rows, giving only 0 sequence(s) with lookback=11; at least 2 are required (one is always reserved for validation). Reduce lookback or provide more training history.
2026-08-01 17:10:36 | WARNING  | co2_forecast | Model training failed with params {'lookback': 8, 'hidden_size': 54, 'num_layers': 1, 'dropout': 0.3056937753654446, 'learning_rate': 0.005964904231734221, 'batch_size': 8}: LSTM.fit: training data has 8 rows, giving only 0 sequence(s) with lookback=8; at least 2 are required (one is always reserved for validation). Reduce lookback or provide more training history.
2026-08-01 17:10:36 | WARNING  | co2_forecast | Very few sequences (2), LSTM may not train well
2026-08-01 17:10:40 | WARNING  | co2_forecast | Very few sequences (6), LSTM may not train well
2026-08-01 17:10:40 | WARNING  | co2_forecast | Very few sequences (2), LSTM may not train well
2026-08-01 17:10:40 | WARNING  | co2_forecast | Very few sequences (2), LSTM may not train well
2026-08-01 17:10:41 | WARNING  | co2_forecast | Model training failed with params {'lookback': 8, 'hidden_size': 25, 'num_layers': 2, 'dropout': 0.4100531293444458, 'learning_rate': 0.009401039521485473, 'batch_size': 32}: LSTM.fit: training data has 8 rows, giving only 0 sequence(s) with lookback=8; at least 2 are required (one is always reserved for validation). Reduce lookback or provide more training history.
2026-08-01 17:10:41 | INFO     | co2_forecast |   Iteration 0: Best fitness = 0.996182
2026-08-01 17:10:41 | WARNING  | co2_forecast | Very few sequences (3), LSTM may not train well
2026-08-01 17:10:41 | WARNING  | co2_forecast | Very few sequences (7), LSTM may not train well
2026-08-01 17:10:42 | WARNING  | co2_forecast | Very few sequences (3), LSTM may not train well
2026-08-01 17:10:42 | WARNING  | co2_forecast | Very few sequences (3), LSTM may not train well
2026-08-01 17:10:42 | WARNING  | co2_forecast | Very few sequences (2), LSTM may not train well
2026-08-01 17:10:43 | WARNING  | co2_forecast | Very few sequences (6), LSTM may not train well
2026-08-01 17:10:43 | WARNING  | co2_forecast | Very few sequences (2), LSTM may not train well
2026-08-01 17:10:43 | WARNING  | co2_forecast | Very few sequences (2), LSTM may not train well
2026-08-01 17:10:43 | WARNING  | co2_forecast | Model training failed with params {'lookback': 8, 'hidden_size': 44, 'num_layers': 1, 'dropout': 0.3238975389966341, 'learning_rate': 0.005520634690128072, 'batch_size': 8}: LSTM.fit: training data has 8 rows, giving only 0 sequence(s) with lookback=8; at least 2 are required (one is always reserved for validation). Reduce lookback or provide more training history.
2026-08-01 17:10:43 | WARNING  | co2_forecast | Very few sequences (3), LSTM may not train well
2026-08-01 17:10:43 | WARNING  | co2_forecast | Very few sequences (7), LSTM may not train well
2026-08-01 17:10:44 | WARNING  | co2_forecast | Very few sequences (3), LSTM may not train well
2026-08-01 17:10:44 | WARNING  | co2_forecast | Very few sequences (3), LSTM may not train well
2026-08-01 17:10:44 | WARNING  | co2_forecast | Very few sequences (2), LSTM may not train well
2026-08-01 17:10:44 | WARNING  | co2_forecast | Very few sequences (6), LSTM may not train well
2026-08-01 17:10:45 | WARNING  | co2_forecast | Very few sequences (2), LSTM may not train well
2026-08-01 17:10:45 | WARNING  | co2_forecast | Very few sequences (2), LSTM may not train well
2026-08-01 17:10:46 | WARNING  | co2_forecast | Very few sequences (4), LSTM may not train well
2026-08-01 17:10:46 | WARNING  | co2_forecast | Very few sequences (8), LSTM may not train well
2026-08-01 17:10:47 | WARNING  | co2_forecast | Very few sequences (4), LSTM may not train well
2026-08-01 17:10:47 | WARNING  | co2_forecast | Very few sequences (4), LSTM may not train well
2026-08-01 17:10:47 | WARNING  | co2_forecast | Very few sequences (4), LSTM may not train well
2026-08-01 17:10:47 | WARNING  | co2_forecast | Very few sequences (8), LSTM may not train well
2026-08-01 17:10:48 | WARNING  | co2_forecast | Very few sequences (4), LSTM may not train well
2026-08-01 17:10:48 | WARNING  | co2_forecast | Very few sequences (4), LSTM may not train well
2026-08-01 17:10:48 | WARNING  | co2_forecast | Model training failed with params {'lookback': 7, 'hidden_size': 33, 'num_layers': 1, 'dropout': 0.3174646446740698, 'learning_rate': 0.004142028037008457, 'batch_size': 16}: LSTM.fit: training data has 8 rows, giving only 1 sequence(s) with lookback=7; at least 2 are required (one is always reserved for validation). Reduce lookback or provide more training history.
2026-08-01 17:10:48 | WARNING  | co2_forecast | Very few sequences (3), LSTM may not train well
2026-08-01 17:10:48 | WARNING  | co2_forecast | Very few sequences (7), LSTM may not train well
2026-08-01 17:10:49 | WARNING  | co2_forecast | Very few sequences (3), LSTM may not train well
2026-08-01 17:10:50 | WARNING  | co2_forecast | Very few sequences (3), LSTM may not train well
2026-08-01 17:10:50 | WARNING  | co2_forecast | Very few sequences (4), LSTM may not train well
2026-08-01 17:10:50 | WARNING  | co2_forecast | Very few sequences (8), LSTM may not train well
2026-08-01 17:10:51 | WARNING  | co2_forecast | Very few sequences (4), LSTM may not train well
2026-08-01 17:10:51 | WARNING  | co2_forecast | Very few sequences (4), LSTM may not train well
2026-08-01 17:10:51 | WARNING  | co2_forecast | Very few sequences (4), LSTM may not train well
2026-08-01 17:10:51 | WARNING  | co2_forecast | Very few sequences (8), LSTM may not train well
2026-08-01 17:10:52 | WARNING  | co2_forecast | Very few sequences (4), LSTM may not train well
2026-08-01 17:10:52 | WARNING  | co2_forecast | Very few sequences (4), LSTM may not train well
2026-08-01 17:10:52 | WARNING  | co2_forecast | Very few sequences (4), LSTM may not train well
2026-08-01 17:10:52 | WARNING  | co2_forecast | Very few sequences (8), LSTM may not train well
2026-08-01 17:10:53 | WARNING  | co2_forecast | Very few sequences (4), LSTM may not train well
2026-08-01 17:10:53 | WARNING  | co2_forecast | Very few sequences (4), LSTM may not train well
2026-08-01 17:10:53 | WARNING  | co2_forecast | Very few sequences (2), LSTM may not train well
2026-08-01 17:10:53 | WARNING  | co2_forecast | Very few sequences (6), LSTM may not train well
2026-08-01 17:10:54 | WARNING  | co2_forecast | Very few sequences (2), LSTM may not train well
2026-08-01 17:10:54 | WARNING  | co2_forecast | Very few sequences (2), LSTM may not train well
2026-08-01 17:10:54 | WARNING  | co2_forecast | Very few sequences (4), LSTM may not train well
2026-08-01 17:10:54 | WARNING  | co2_forecast | Very few sequences (8), LSTM may not train well
2026-08-01 17:10:55 | WARNING  | co2_forecast | Very few sequences (4), LSTM may not train well
2026-08-01 17:10:55 | WARNING  | co2_forecast | Very few sequences (4), LSTM may not train well
2026-08-01 17:10:55 | WARNING  | co2_forecast | Very few sequences (4), LSTM may not train well
2026-08-01 17:10:55 | WARNING  | co2_forecast | Very few sequences (8), LSTM may not train well
2026-08-01 17:10:56 | WARNING  | co2_forecast | Very few sequences (4), LSTM may not train well
2026-08-01 17:10:56 | WARNING  | co2_forecast | Very few sequences (4), LSTM may not train well
2026-08-01 17:10:56 | WARNING  | co2_forecast | Very few sequences (4), LSTM may not train well
2026-08-01 17:10:56 | WARNING  | co2_forecast | Very few sequences (8), LSTM may not train well
2026-08-01 17:10:58 | WARNING  | co2_forecast | Very few sequences (4), LSTM may not train well
2026-08-01 17:10:58 | WARNING  | co2_forecast | Very few sequences (4), LSTM may not train well
2026-08-01 17:10:58 | WARNING  | co2_forecast | Very few sequences (4), LSTM may not train well
2026-08-01 17:10:58 | WARNING  | co2_forecast | Very few sequences (8), LSTM may not train well
2026-08-01 17:10:59 | WARNING  | co2_forecast | Very few sequences (4), LSTM may not train well
2026-08-01 17:10:59 | WARNING  | co2_forecast | Very few sequences (4), LSTM may not train well
2026-08-01 17:10:59 | WARNING  | co2_forecast | Very few sequences (3), LSTM may not train well
2026-08-01 17:10:59 | WARNING  | co2_forecast | Very few sequences (7), LSTM may not train well
2026-08-01 17:10:59 | WARNING  | co2_forecast | Very few sequences (3), LSTM may not train well
2026-08-01 17:11:00 | WARNING  | co2_forecast | Very few sequences (3), LSTM may not train well
2026-08-01 17:11:00 | WARNING  | co2_forecast | Very few sequences (4), LSTM may not train well
2026-08-01 17:11:00 | WARNING  | co2_forecast | Very few sequences (8), LSTM may not train well
2026-08-01 17:11:00 | WARNING  | co2_forecast | Very few sequences (4), LSTM may not train well
2026-08-01 17:11:01 | WARNING  | co2_forecast | Very few sequences (4), LSTM may not train well
2026-08-01 17:11:01 | WARNING  | co2_forecast | Very few sequences (4), LSTM may not train well
2026-08-01 17:11:01 | WARNING  | co2_forecast | Very few sequences (8), LSTM may not train well
2026-08-01 17:11:01 | WARNING  | co2_forecast | Very few sequences (4), LSTM may not train well
2026-08-01 17:11:02 | WARNING  | co2_forecast | Very few sequences (4), LSTM may not train well
2026-08-01 17:11:02 | WARNING  | co2_forecast | Very few sequences (4), LSTM may not train well
2026-08-01 17:11:02 | WARNING  | co2_forecast | Very few sequences (8), LSTM may not train well
2026-08-01 17:11:03 | WARNING  | co2_forecast | Very few sequences (4), LSTM may not train well
2026-08-01 17:11:03 | WARNING  | co2_forecast | Very few sequences (4), LSTM may not train well
2026-08-01 17:11:03 | WARNING  | co2_forecast | Very few sequences (4), LSTM may not train well
2026-08-01 17:11:03 | WARNING  | co2_forecast | Very few sequences (8), LSTM may not train well
2026-08-01 17:11:04 | WARNING  | co2_forecast | Very few sequences (4), LSTM may not train well
2026-08-01 17:11:04 | WARNING  | co2_forecast | Very few sequences (4), LSTM may not train well
2026-08-01 17:11:04 | WARNING  | co2_forecast | Very few sequences (4), LSTM may not train well
2026-08-01 17:11:04 | WARNING  | co2_forecast | Very few sequences (8), LSTM may not train well
2026-08-01 17:11:05 | WARNING  | co2_forecast | Very few sequences (4), LSTM may not train well
2026-08-01 17:11:05 | WARNING  | co2_forecast | Very few sequences (4), LSTM may not train well
2026-08-01 17:11:05 | WARNING  | co2_forecast | Very few sequences (4), LSTM may not train well
2026-08-01 17:11:05 | WARNING  | co2_forecast | Very few sequences (8), LSTM may not train well
2026-08-01 17:11:06 | WARNING  | co2_forecast | Very few sequences (4), LSTM may not train well
2026-08-01 17:11:06 | WARNING  | co2_forecast | Very few sequences (4), LSTM may not train well
2026-08-01 17:11:06 | WARNING  | co2_forecast | Very few sequences (4), LSTM may not train well
2026-08-01 17:11:06 | WARNING  | co2_forecast | Very few sequences (8), LSTM may not train well
2026-08-01 17:11:07 | WARNING  | co2_forecast | Very few sequences (4), LSTM may not train well
2026-08-01 17:11:07 | WARNING  | co2_forecast | Very few sequences (4), LSTM may not train well
2026-08-01 17:11:07 | INFO     | co2_forecast |   Iteration 5: Best fitness = 0.762056
2026-08-01 17:11:07 | WARNING  | co2_forecast | Very few sequences (4), LSTM may not train well
2026-08-01 17:11:08 | WARNING  | co2_forecast | Very few sequences (8), LSTM may not train well
2026-08-01 17:11:08 | WARNING  | co2_forecast | Very few sequences (4), LSTM may not train well
2026-08-01 17:11:09 | WARNING  | co2_forecast | Very few sequences (4), LSTM may not train well
2026-08-01 17:11:09 | WARNING  | co2_forecast | Very few sequences (4), LSTM may not train well
2026-08-01 17:11:09 | WARNING  | co2_forecast | Very few sequences (8), LSTM may not train well
2026-08-01 17:11:10 | WARNING  | co2_forecast | Very few sequences (4), LSTM may not train well
2026-08-01 17:11:10 | WARNING  | co2_forecast | Very few sequences (4), LSTM may not train well
2026-08-01 17:11:10 | WARNING  | co2_forecast | Very few sequences (4), LSTM may not train well
2026-08-01 17:11:10 | WARNING  | co2_forecast | Very few sequences (8), LSTM may not train well
2026-08-01 17:11:11 | WARNING  | co2_forecast | Very few sequences (4), LSTM may not train well
2026-08-01 17:11:11 | WARNING  | co2_forecast | Very few sequences (4), LSTM may not train well
2026-08-01 17:11:11 | WARNING  | co2_forecast | Very few sequences (4), LSTM may not train well
2026-08-01 17:11:12 | WARNING  | co2_forecast | Very few sequences (8), LSTM may not train well
2026-08-01 17:11:13 | WARNING  | co2_forecast | Very few sequences (4), LSTM may not train well
2026-08-01 17:11:13 | WARNING  | co2_forecast | Very few sequences (4), LSTM may not train well
2026-08-01 17:11:13 | WARNING  | co2_forecast | Very few sequences (4), LSTM may not train well
2026-08-01 17:11:13 | WARNING  | co2_forecast | Very few sequences (8), LSTM may not train well
2026-08-01 17:11:14 | WARNING  | co2_forecast | Very few sequences (4), LSTM may not train well
2026-08-01 17:11:14 | WARNING  | co2_forecast | Very few sequences (4), LSTM may not train well
2026-08-01 17:11:14 | WARNING  | co2_forecast | Very few sequences (4), LSTM may not train well
2026-08-01 17:11:14 | WARNING  | co2_forecast | Very few sequences (8), LSTM may not train well
2026-08-01 17:11:15 | WARNING  | co2_forecast | Very few sequences (4), LSTM may not train well
2026-08-01 17:11:15 | WARNING  | co2_forecast | Very few sequences (4), LSTM may not train well
2026-08-01 17:11:15 | WARNING  | co2_forecast | Very few sequences (4), LSTM may not train well
2026-08-01 17:11:15 | WARNING  | co2_forecast | Very few sequences (8), LSTM may not train well
2026-08-01 17:11:16 | WARNING  | co2_forecast | Very few sequences (4), LSTM may not train well
2026-08-01 17:11:16 | WARNING  | co2_forecast | Very few sequences (4), LSTM may not train well
2026-08-01 17:11:16 | WARNING  | co2_forecast | Very few sequences (4), LSTM may not train well
2026-08-01 17:11:17 | WARNING  | co2_forecast | Very few sequences (8), LSTM may not train well
2026-08-01 17:11:17 | WARNING  | co2_forecast | Very few sequences (4), LSTM may not train well
2026-08-01 17:11:18 | WARNING  | co2_forecast | Very few sequences (4), LSTM may not train well
2026-08-01 17:11:18 | WARNING  | co2_forecast | Very few sequences (4), LSTM may not train well
2026-08-01 17:11:18 | WARNING  | co2_forecast | Very few sequences (8), LSTM may not train well
2026-08-01 17:11:19 | WARNING  | co2_forecast | Very few sequences (4), LSTM may not train well
2026-08-01 17:11:19 | WARNING  | co2_forecast | Very few sequences (4), LSTM may not train well
2026-08-01 17:11:19 | WARNING  | co2_forecast | Very few sequences (4), LSTM may not train well
2026-08-01 17:11:19 | WARNING  | co2_forecast | Very few sequences (8), LSTM may not train well
2026-08-01 17:11:20 | WARNING  | co2_forecast | Very few sequences (4), LSTM may not train well
2026-08-01 17:11:20 | WARNING  | co2_forecast | Very few sequences (4), LSTM may not train well
2026-08-01 17:11:20 | INFO     | co2_forecast |   Iteration 7: Best fitness = 0.761869
2026-08-01 17:11:20 | INFO     | co2_forecast | PSO complete. Best fitness: 0.761869
2026-08-01 17:11:20 | INFO     | co2_forecast |   Best params: {'lookback': 4, 'hidden_size': 16, 'num_layers': 2, 'dropout': 0.5, 'learning_rate': 0.0001, 'batch_size': 32}
2026-08-01 17:11:20 | INFO     | co2_forecast |   Best fitness: 0.761869
2026-08-01 17:11:20 | INFO     | co2_forecast | [A1/panel2_common_period/all_features/lstm] sweep tuning: best_params={'lookback': 4, 'hidden_size': 16, 'num_layers': 2, 'dropout': 0.5, 'learning_rate': 0.0001, 'batch_size': 32}
2026-08-01 17:11:24 | INFO     | co2_forecast |   -> weighted_mase=1.0201003381189613, runtime=48.3s
2026-08-01 17:11:24 | INFO     | co2_forecast | Stream A cell: A2/ridge (25 features, 28 rows)
2026-08-01 17:11:24 | INFO     | co2_forecast | Creating walk-forward splits for 16 valid samples
2026-08-01 17:11:24 | INFO     | co2_forecast | Created 4 CV folds across horizons [1, 2, 4]
2026-08-01 17:11:24 | INFO     | co2_forecast | Built tuning CV plan: 4 folds from 16 rows before 2022-Q%q (evaluation cutoff) - isolation OK (max tuning date 2021-Q%q)
2026-08-01 17:11:24 | INFO     | co2_forecast | Optimizing ridge...
2026-08-01 17:11:24 | INFO     | co2_forecast | Starting PSO: 5 particles, 8 iterations
2026-08-01 17:11:24 | INFO     | co2_forecast |   Iteration 0: Best fitness = 2.245033
2026-08-01 17:11:24 | INFO     | co2_forecast |   Iteration 5: Best fitness = 1.835999
2026-08-01 17:11:24 | INFO     | co2_forecast |   Iteration 7: Best fitness = 1.835999
2026-08-01 17:11:24 | INFO     | co2_forecast | PSO complete. Best fitness: 1.835999
2026-08-01 17:11:24 | INFO     | co2_forecast |   Best params: {'alpha': 100.0}
2026-08-01 17:11:24 | INFO     | co2_forecast |   Best fitness: 1.835999
2026-08-01 17:11:24 | INFO     | co2_forecast | [A2/panel2_common_period/all_features/ridge] sweep tuning: best_params={'alpha': 100.0}
2026-08-01 17:11:24 | INFO     | co2_forecast |   -> weighted_mase=0.7339160346445478, runtime=0.2s
2026-08-01 17:11:24 | INFO     | co2_forecast | Stream A cell: A2/random_forest (25 features, 28 rows)
2026-08-01 17:11:24 | INFO     | co2_forecast | Creating walk-forward splits for 16 valid samples
2026-08-01 17:11:24 | INFO     | co2_forecast | Created 4 CV folds across horizons [1, 2, 4]
2026-08-01 17:11:24 | INFO     | co2_forecast | Built tuning CV plan: 4 folds from 16 rows before 2022-Q%q (evaluation cutoff) - isolation OK (max tuning date 2021-Q%q)
2026-08-01 17:11:24 | INFO     | co2_forecast | Optimizing random_forest...
2026-08-01 17:11:24 | INFO     | co2_forecast | Starting PSO: 5 particles, 8 iterations
2026-08-01 17:11:28 | INFO     | co2_forecast |   Iteration 0: Best fitness = 0.758083
2026-08-01 17:11:47 | INFO     | co2_forecast |   Iteration 5: Best fitness = 0.329687
2026-08-01 17:11:54 | INFO     | co2_forecast |   Iteration 7: Best fitness = 0.329430
2026-08-01 17:11:54 | INFO     | co2_forecast | PSO complete. Best fitness: 0.329430
2026-08-01 17:11:54 | INFO     | co2_forecast |   Best params: {'n_estimators': 113, 'max_depth': 3, 'min_samples_split': 2, 'min_samples_leaf': 1}
2026-08-01 17:11:54 | INFO     | co2_forecast |   Best fitness: 0.329430
2026-08-01 17:11:54 | INFO     | co2_forecast | [A2/panel2_common_period/all_features/random_forest] sweep tuning: best_params={'n_estimators': 113, 'max_depth': 3, 'min_samples_split': 2, 'min_samples_leaf': 1}
2026-08-01 17:11:56 | INFO     | co2_forecast |   -> weighted_mase=0.7204208117491967, runtime=31.2s
2026-08-01 17:11:56 | INFO     | co2_forecast | Stream A cell: A2/lightgbm (25 features, 28 rows)
2026-08-01 17:11:56 | INFO     | co2_forecast | Creating walk-forward splits for 16 valid samples
2026-08-01 17:11:56 | INFO     | co2_forecast | Created 4 CV folds across horizons [1, 2, 4]
2026-08-01 17:11:56 | INFO     | co2_forecast | Built tuning CV plan: 4 folds from 16 rows before 2022-Q%q (evaluation cutoff) - isolation OK (max tuning date 2021-Q%q)
2026-08-01 17:11:56 | INFO     | co2_forecast | Optimizing lightgbm...
2026-08-01 17:11:56 | INFO     | co2_forecast | Starting PSO: 5 particles, 8 iterations
2026-08-01 17:11:56 | INFO     | co2_forecast |   Iteration 0: Best fitness = 0.768990
2026-08-01 17:11:56 | INFO     | co2_forecast |   Iteration 5: Best fitness = 0.634602
2026-08-01 17:11:57 | INFO     | co2_forecast |   Iteration 7: Best fitness = 0.616799
2026-08-01 17:11:57 | INFO     | co2_forecast | PSO complete. Best fitness: 0.616799
2026-08-01 17:11:57 | INFO     | co2_forecast |   Best params: {'n_estimators': 170, 'learning_rate': 0.2926262038381652, 'num_leaves': 127, 'max_depth': 8, 'min_child_samples': 5, 'reg_alpha': 0.001, 'reg_lambda': 0.001}
2026-08-01 17:11:57 | INFO     | co2_forecast |   Best fitness: 0.616799
2026-08-01 17:11:57 | INFO     | co2_forecast | [A2/panel2_common_period/all_features/lightgbm] sweep tuning: best_params={'n_estimators': 170, 'learning_rate': 0.2926262038381652, 'num_leaves': 127, 'max_depth': 8, 'min_child_samples': 5, 'reg_alpha': 0.001, 'reg_lambda': 0.001}
2026-08-01 17:11:57 | INFO     | co2_forecast |   -> weighted_mase=0.9333299143099474, runtime=1.5s
2026-08-01 17:11:57 | INFO     | co2_forecast | Stream A cell: A2/catboost (25 features, 28 rows)
2026-08-01 17:11:57 | INFO     | co2_forecast | Creating walk-forward splits for 16 valid samples
2026-08-01 17:11:57 | INFO     | co2_forecast | Created 4 CV folds across horizons [1, 2, 4]
2026-08-01 17:11:57 | INFO     | co2_forecast | Built tuning CV plan: 4 folds from 16 rows before 2022-Q%q (evaluation cutoff) - isolation OK (max tuning date 2021-Q%q)
2026-08-01 17:11:57 | INFO     | co2_forecast | Optimizing catboost...
2026-08-01 17:11:57 | INFO     | co2_forecast | Starting PSO: 5 particles, 8 iterations
2026-08-01 17:17:34 | INFO     | co2_forecast |   Iteration 0: Best fitness = 0.271564
2026-08-01 17:42:57 | INFO     | co2_forecast |   Iteration 5: Best fitness = 0.232967
2026-08-01 17:44:18 | INFO     | co2_forecast |   Iteration 7: Best fitness = 0.232967
2026-08-01 17:44:18 | INFO     | co2_forecast | PSO complete. Best fitness: 0.232967
2026-08-01 17:44:18 | INFO     | co2_forecast |   Best params: {'iterations': 286, 'learning_rate': 0.16386561750653766, 'depth': 3, 'l2_leaf_reg': 7.723093260675209}
2026-08-01 17:44:18 | INFO     | co2_forecast |   Best fitness: 0.232967
2026-08-01 17:44:18 | INFO     | co2_forecast | [A2/panel2_common_period/all_features/catboost] sweep tuning: best_params={'iterations': 286, 'learning_rate': 0.16386561750653766, 'depth': 3, 'l2_leaf_reg': 7.723093260675209}
2026-08-01 17:44:34 | INFO     | co2_forecast |   -> weighted_mase=0.7222742293341955, runtime=1956.6s
2026-08-01 17:44:34 | INFO     | co2_forecast | Stream A cell: A2/lstm (25 features, 28 rows)
2026-08-01 17:44:34 | INFO     | co2_forecast | Creating walk-forward splits for 16 valid samples
2026-08-01 17:44:34 | INFO     | co2_forecast | Created 4 CV folds across horizons [1, 2, 4]
2026-08-01 17:44:34 | INFO     | co2_forecast | Built tuning CV plan: 4 folds from 16 rows before 2022-Q%q (evaluation cutoff) - isolation OK (max tuning date 2021-Q%q)
2026-08-01 17:44:34 | INFO     | co2_forecast | Optimizing lstm...
2026-08-01 17:44:34 | INFO     | co2_forecast | Starting PSO: 5 particles, 8 iterations
2026-08-01 17:44:34 | WARNING  | co2_forecast | Model training failed with params {'lookback': 7, 'hidden_size': 62, 'num_layers': 2, 'dropout': 0.3394633936788146, 'learning_rate': 0.0016445845403801217, 'batch_size': 8}: LSTM.fit: training data has 8 rows, giving only 1 sequence(s) with lookback=7; at least 2 are required (one is always reserved for validation). Reduce lookback or provide more training history.
2026-08-01 17:44:34 | WARNING  | co2_forecast | Model training failed with params {'lookback': 11, 'hidden_size': 26, 'num_layers': 1, 'dropout': 0.17336180394137352, 'learning_rate': 0.0031119982052994237, 'batch_size': 16}: LSTM.fit: training data has 8 rows, giving only 0 sequence(s) with lookback=11; at least 2 are required (one is always reserved for validation). Reduce lookback or provide more training history.
2026-08-01 17:44:34 | WARNING  | co2_forecast | Model training failed with params {'lookback': 8, 'hidden_size': 54, 'num_layers': 1, 'dropout': 0.3056937753654446, 'learning_rate': 0.005964904231734221, 'batch_size': 8}: LSTM.fit: training data has 8 rows, giving only 0 sequence(s) with lookback=8; at least 2 are required (one is always reserved for validation). Reduce lookback or provide more training history.
2026-08-01 17:44:34 | WARNING  | co2_forecast | Very few sequences (2), LSTM may not train well
2026-08-01 17:44:34 | WARNING  | co2_forecast | Very few sequences (6), LSTM may not train well
2026-08-01 17:44:34 | WARNING  | co2_forecast | Very few sequences (2), LSTM may not train well
2026-08-01 17:44:34 | WARNING  | co2_forecast | Very few sequences (2), LSTM may not train well
2026-08-01 17:44:34 | WARNING  | co2_forecast | Model training failed with params {'lookback': 8, 'hidden_size': 25, 'num_layers': 2, 'dropout': 0.4100531293444458, 'learning_rate': 0.009401039521485473, 'batch_size': 32}: LSTM.fit: training data has 8 rows, giving only 0 sequence(s) with lookback=8; at least 2 are required (one is always reserved for validation). Reduce lookback or provide more training history.
2026-08-01 17:44:34 | INFO     | co2_forecast |   Iteration 0: Best fitness = 0.981357
2026-08-01 17:44:34 | WARNING  | co2_forecast | Very few sequences (3), LSTM may not train well
2026-08-01 17:44:34 | WARNING  | co2_forecast | Very few sequences (7), LSTM may not train well
2026-08-01 17:44:35 | WARNING  | co2_forecast | Very few sequences (3), LSTM may not train well
2026-08-01 17:44:36 | WARNING  | co2_forecast | Very few sequences (3), LSTM may not train well
2026-08-01 17:44:36 | WARNING  | co2_forecast | Very few sequences (2), LSTM may not train well
2026-08-01 17:44:36 | WARNING  | co2_forecast | Very few sequences (6), LSTM may not train well
2026-08-01 17:44:37 | WARNING  | co2_forecast | Very few sequences (2), LSTM may not train well
2026-08-01 17:44:37 | WARNING  | co2_forecast | Very few sequences (2), LSTM may not train well
2026-08-01 17:44:37 | WARNING  | co2_forecast | Model training failed with params {'lookback': 8, 'hidden_size': 44, 'num_layers': 1, 'dropout': 0.3238975389966341, 'learning_rate': 0.005520634690128072, 'batch_size': 8}: LSTM.fit: training data has 8 rows, giving only 0 sequence(s) with lookback=8; at least 2 are required (one is always reserved for validation). Reduce lookback or provide more training history.
2026-08-01 17:44:37 | WARNING  | co2_forecast | Very few sequences (3), LSTM may not train well
2026-08-01 17:44:37 | WARNING  | co2_forecast | Very few sequences (7), LSTM may not train well
2026-08-01 17:44:37 | WARNING  | co2_forecast | Very few sequences (3), LSTM may not train well
2026-08-01 17:44:38 | WARNING  | co2_forecast | Very few sequences (3), LSTM may not train well
2026-08-01 17:44:38 | WARNING  | co2_forecast | Very few sequences (2), LSTM may not train well
2026-08-01 17:44:38 | WARNING  | co2_forecast | Very few sequences (6), LSTM may not train well
2026-08-01 17:44:39 | WARNING  | co2_forecast | Very few sequences (2), LSTM may not train well
2026-08-01 17:44:40 | WARNING  | co2_forecast | Very few sequences (2), LSTM may not train well
2026-08-01 17:44:40 | WARNING  | co2_forecast | Very few sequences (4), LSTM may not train well
2026-08-01 17:44:40 | WARNING  | co2_forecast | Very few sequences (8), LSTM may not train well
2026-08-01 17:44:41 | WARNING  | co2_forecast | Very few sequences (4), LSTM may not train well
2026-08-01 17:44:42 | WARNING  | co2_forecast | Very few sequences (4), LSTM may not train well
2026-08-01 17:44:42 | WARNING  | co2_forecast | Very few sequences (4), LSTM may not train well
2026-08-01 17:44:42 | WARNING  | co2_forecast | Very few sequences (8), LSTM may not train well
2026-08-01 17:44:43 | WARNING  | co2_forecast | Very few sequences (4), LSTM may not train well
2026-08-01 17:44:44 | WARNING  | co2_forecast | Very few sequences (4), LSTM may not train well
2026-08-01 17:44:44 | WARNING  | co2_forecast | Model training failed with params {'lookback': 7, 'hidden_size': 35, 'num_layers': 1, 'dropout': 0.32318881720160564, 'learning_rate': 0.004269982802289501, 'batch_size': 8}: LSTM.fit: training data has 8 rows, giving only 1 sequence(s) with lookback=7; at least 2 are required (one is always reserved for validation). Reduce lookback or provide more training history.
2026-08-01 17:44:44 | WARNING  | co2_forecast | Very few sequences (3), LSTM may not train well
2026-08-01 17:44:44 | WARNING  | co2_forecast | Very few sequences (7), LSTM may not train well
2026-08-01 17:44:44 | WARNING  | co2_forecast | Very few sequences (3), LSTM may not train well
2026-08-01 17:44:45 | WARNING  | co2_forecast | Very few sequences (3), LSTM may not train well
2026-08-01 17:44:45 | WARNING  | co2_forecast | Very few sequences (4), LSTM may not train well
2026-08-01 17:44:45 | WARNING  | co2_forecast | Very few sequences (8), LSTM may not train well
2026-08-01 17:44:46 | WARNING  | co2_forecast | Very few sequences (4), LSTM may not train well
2026-08-01 17:44:47 | WARNING  | co2_forecast | Very few sequences (4), LSTM may not train well
2026-08-01 17:44:47 | WARNING  | co2_forecast | Very few sequences (3), LSTM may not train well
2026-08-01 17:44:47 | WARNING  | co2_forecast | Very few sequences (7), LSTM may not train well
2026-08-01 17:44:47 | WARNING  | co2_forecast | Very few sequences (3), LSTM may not train well
2026-08-01 17:44:48 | WARNING  | co2_forecast | Very few sequences (3), LSTM may not train well
2026-08-01 17:44:48 | WARNING  | co2_forecast | Very few sequences (4), LSTM may not train well
2026-08-01 17:44:48 | WARNING  | co2_forecast | Very few sequences (8), LSTM may not train well
2026-08-01 17:44:49 | WARNING  | co2_forecast | Very few sequences (4), LSTM may not train well
2026-08-01 17:44:49 | WARNING  | co2_forecast | Very few sequences (4), LSTM may not train well
2026-08-01 17:44:49 | WARNING  | co2_forecast | Very few sequences (2), LSTM may not train well
2026-08-01 17:44:50 | WARNING  | co2_forecast | Very few sequences (6), LSTM may not train well
2026-08-01 17:44:50 | WARNING  | co2_forecast | Very few sequences (2), LSTM may not train well
2026-08-01 17:44:50 | WARNING  | co2_forecast | Very few sequences (2), LSTM may not train well
2026-08-01 17:44:50 | WARNING  | co2_forecast | Very few sequences (3), LSTM may not train well
2026-08-01 17:44:50 | WARNING  | co2_forecast | Very few sequences (7), LSTM may not train well
2026-08-01 17:44:50 | WARNING  | co2_forecast | Very few sequences (3), LSTM may not train well
2026-08-01 17:44:51 | WARNING  | co2_forecast | Very few sequences (3), LSTM may not train well
2026-08-01 17:44:51 | WARNING  | co2_forecast | Very few sequences (3), LSTM may not train well
2026-08-01 17:44:51 | WARNING  | co2_forecast | Very few sequences (7), LSTM may not train well
2026-08-01 17:44:51 | WARNING  | co2_forecast | Very few sequences (3), LSTM may not train well
2026-08-01 17:44:52 | WARNING  | co2_forecast | Very few sequences (3), LSTM may not train well
2026-08-01 17:44:52 | WARNING  | co2_forecast | Very few sequences (2), LSTM may not train well
2026-08-01 17:44:52 | WARNING  | co2_forecast | Very few sequences (6), LSTM may not train well
2026-08-01 17:44:52 | WARNING  | co2_forecast | Very few sequences (2), LSTM may not train well
2026-08-01 17:44:52 | WARNING  | co2_forecast | Very few sequences (2), LSTM may not train well
2026-08-01 17:44:53 | WARNING  | co2_forecast | Very few sequences (3), LSTM may not train well
2026-08-01 17:44:53 | WARNING  | co2_forecast | Very few sequences (7), LSTM may not train well
2026-08-01 17:44:53 | WARNING  | co2_forecast | Very few sequences (3), LSTM may not train well
2026-08-01 17:44:53 | WARNING  | co2_forecast | Very few sequences (3), LSTM may not train well
2026-08-01 17:44:53 | WARNING  | co2_forecast | Very few sequences (3), LSTM may not train well
2026-08-01 17:44:53 | WARNING  | co2_forecast | Very few sequences (7), LSTM may not train well
2026-08-01 17:44:54 | WARNING  | co2_forecast | Very few sequences (3), LSTM may not train well
2026-08-01 17:44:54 | WARNING  | co2_forecast | Very few sequences (3), LSTM may not train well
2026-08-01 17:44:54 | WARNING  | co2_forecast | Very few sequences (2), LSTM may not train well
2026-08-01 17:44:54 | WARNING  | co2_forecast | Very few sequences (6), LSTM may not train well
2026-08-01 17:44:55 | WARNING  | co2_forecast | Very few sequences (2), LSTM may not train well
2026-08-01 17:44:55 | WARNING  | co2_forecast | Very few sequences (2), LSTM may not train well
2026-08-01 17:44:55 | WARNING  | co2_forecast | Model training failed with params {'lookback': 7, 'hidden_size': 32, 'num_layers': 1, 'dropout': 0.39875520756138, 'learning_rate': 0.0014196851462022668, 'batch_size': 32}: LSTM.fit: training data has 8 rows, giving only 1 sequence(s) with lookback=7; at least 2 are required (one is always reserved for validation). Reduce lookback or provide more training history.
2026-08-01 17:44:55 | WARNING  | co2_forecast | Very few sequences (3), LSTM may not train well
2026-08-01 17:44:55 | WARNING  | co2_forecast | Very few sequences (7), LSTM may not train well
2026-08-01 17:44:55 | WARNING  | co2_forecast | Very few sequences (3), LSTM may not train well
2026-08-01 17:44:56 | WARNING  | co2_forecast | Very few sequences (3), LSTM may not train well
2026-08-01 17:44:56 | WARNING  | co2_forecast | Very few sequences (3), LSTM may not train well
2026-08-01 17:44:56 | WARNING  | co2_forecast | Very few sequences (7), LSTM may not train well
2026-08-01 17:44:56 | WARNING  | co2_forecast | Very few sequences (3), LSTM may not train well
2026-08-01 17:44:56 | WARNING  | co2_forecast | Very few sequences (3), LSTM may not train well
2026-08-01 17:44:56 | WARNING  | co2_forecast | Very few sequences (3), LSTM may not train well
2026-08-01 17:44:57 | WARNING  | co2_forecast | Very few sequences (7), LSTM may not train well
2026-08-01 17:44:57 | WARNING  | co2_forecast | Very few sequences (3), LSTM may not train well
2026-08-01 17:44:57 | WARNING  | co2_forecast | Very few sequences (3), LSTM may not train well
2026-08-01 17:44:57 | WARNING  | co2_forecast | Very few sequences (3), LSTM may not train well
2026-08-01 17:44:58 | WARNING  | co2_forecast | Very few sequences (7), LSTM may not train well
2026-08-01 17:44:58 | WARNING  | co2_forecast | Very few sequences (3), LSTM may not train well
2026-08-01 17:44:58 | WARNING  | co2_forecast | Very few sequences (3), LSTM may not train well
2026-08-01 17:44:58 | WARNING  | co2_forecast | Very few sequences (4), LSTM may not train well
2026-08-01 17:44:58 | WARNING  | co2_forecast | Very few sequences (8), LSTM may not train well
2026-08-01 17:44:59 | WARNING  | co2_forecast | Very few sequences (4), LSTM may not train well
2026-08-01 17:44:59 | WARNING  | co2_forecast | Very few sequences (4), LSTM may not train well
2026-08-01 17:44:59 | INFO     | co2_forecast |   Iteration 5: Best fitness = 0.656131
2026-08-01 17:44:59 | WARNING  | co2_forecast | Very few sequences (3), LSTM may not train well
2026-08-01 17:44:59 | WARNING  | co2_forecast | Very few sequences (7), LSTM may not train well
2026-08-01 17:45:00 | WARNING  | co2_forecast | Very few sequences (3), LSTM may not train well
2026-08-01 17:45:00 | WARNING  | co2_forecast | Very few sequences (3), LSTM may not train well
2026-08-01 17:45:00 | WARNING  | co2_forecast | Very few sequences (3), LSTM may not train well
2026-08-01 17:45:00 | WARNING  | co2_forecast | Very few sequences (7), LSTM may not train well
2026-08-01 17:45:00 | WARNING  | co2_forecast | Very few sequences (3), LSTM may not train well
2026-08-01 17:45:00 | WARNING  | co2_forecast | Very few sequences (3), LSTM may not train well
2026-08-01 17:45:01 | WARNING  | co2_forecast | Very few sequences (3), LSTM may not train well
2026-08-01 17:45:01 | WARNING  | co2_forecast | Very few sequences (7), LSTM may not train well
2026-08-01 17:45:01 | WARNING  | co2_forecast | Very few sequences (3), LSTM may not train well
2026-08-01 17:45:01 | WARNING  | co2_forecast | Very few sequences (3), LSTM may not train well
2026-08-01 17:45:01 | WARNING  | co2_forecast | Very few sequences (3), LSTM may not train well
2026-08-01 17:45:02 | WARNING  | co2_forecast | Very few sequences (7), LSTM may not train well
2026-08-01 17:45:02 | WARNING  | co2_forecast | Very few sequences (3), LSTM may not train well
2026-08-01 17:45:02 | WARNING  | co2_forecast | Very few sequences (3), LSTM may not train well
2026-08-01 17:45:02 | WARNING  | co2_forecast | Very few sequences (4), LSTM may not train well
2026-08-01 17:45:02 | WARNING  | co2_forecast | Very few sequences (8), LSTM may not train well
2026-08-01 17:45:02 | WARNING  | co2_forecast | Very few sequences (4), LSTM may not train well
2026-08-01 17:45:03 | WARNING  | co2_forecast | Very few sequences (4), LSTM may not train well
2026-08-01 17:45:03 | WARNING  | co2_forecast | Very few sequences (3), LSTM may not train well
2026-08-01 17:45:03 | WARNING  | co2_forecast | Very few sequences (7), LSTM may not train well
2026-08-01 17:45:03 | WARNING  | co2_forecast | Very few sequences (3), LSTM may not train well
2026-08-01 17:45:03 | WARNING  | co2_forecast | Very few sequences (3), LSTM may not train well
2026-08-01 17:45:03 | WARNING  | co2_forecast | Very few sequences (3), LSTM may not train well
2026-08-01 17:45:03 | WARNING  | co2_forecast | Very few sequences (7), LSTM may not train well
2026-08-01 17:45:04 | WARNING  | co2_forecast | Very few sequences (3), LSTM may not train well
2026-08-01 17:45:04 | WARNING  | co2_forecast | Very few sequences (3), LSTM may not train well
2026-08-01 17:45:04 | WARNING  | co2_forecast | Very few sequences (3), LSTM may not train well
2026-08-01 17:45:04 | WARNING  | co2_forecast | Very few sequences (7), LSTM may not train well
2026-08-01 17:45:05 | WARNING  | co2_forecast | Very few sequences (3), LSTM may not train well
2026-08-01 17:45:05 | WARNING  | co2_forecast | Very few sequences (3), LSTM may not train well
2026-08-01 17:45:05 | WARNING  | co2_forecast | Very few sequences (3), LSTM may not train well
2026-08-01 17:45:05 | WARNING  | co2_forecast | Very few sequences (7), LSTM may not train well
2026-08-01 17:45:06 | WARNING  | co2_forecast | Very few sequences (3), LSTM may not train well
2026-08-01 17:45:06 | WARNING  | co2_forecast | Very few sequences (3), LSTM may not train well
2026-08-01 17:45:06 | WARNING  | co2_forecast | Very few sequences (2), LSTM may not train well
2026-08-01 17:45:06 | WARNING  | co2_forecast | Very few sequences (6), LSTM may not train well
2026-08-01 17:45:06 | WARNING  | co2_forecast | Very few sequences (2), LSTM may not train well
2026-08-01 17:45:06 | WARNING  | co2_forecast | Very few sequences (2), LSTM may not train well
2026-08-01 17:45:07 | INFO     | co2_forecast |   Iteration 7: Best fitness = 0.645941
2026-08-01 17:45:07 | INFO     | co2_forecast | PSO complete. Best fitness: 0.645941
2026-08-01 17:45:07 | INFO     | co2_forecast |   Best params: {'lookback': 5, 'hidden_size': 38, 'num_layers': 1, 'dropout': 0.26870311034493505, 'learning_rate': 0.004350582693632429, 'batch_size': 16}
2026-08-01 17:45:07 | INFO     | co2_forecast |   Best fitness: 0.645941
2026-08-01 17:45:07 | INFO     | co2_forecast | [A2/panel2_common_period/all_features/lstm] sweep tuning: best_params={'lookback': 5, 'hidden_size': 38, 'num_layers': 1, 'dropout': 0.26870311034493505, 'learning_rate': 0.004350582693632429, 'batch_size': 16}
2026-08-01 17:45:08 | INFO     | co2_forecast |   -> weighted_mase=0.7103405382870454, runtime=34.4s
2026-08-01 17:45:08 | INFO     | co2_forecast | Stream A cell: A3/ridge (23 features, 28 rows)
2026-08-01 17:45:08 | INFO     | co2_forecast | Creating walk-forward splits for 16 valid samples
2026-08-01 17:45:08 | INFO     | co2_forecast | Created 4 CV folds across horizons [1, 2, 4]
2026-08-01 17:45:08 | INFO     | co2_forecast | Built tuning CV plan: 4 folds from 16 rows before 2022-Q%q (evaluation cutoff) - isolation OK (max tuning date 2021-Q%q)
2026-08-01 17:45:08 | INFO     | co2_forecast | Optimizing ridge...
2026-08-01 17:45:08 | INFO     | co2_forecast | Starting PSO: 5 particles, 8 iterations
2026-08-01 17:45:08 | INFO     | co2_forecast |   Iteration 0: Best fitness = 2.249382
2026-08-01 17:45:08 | INFO     | co2_forecast |   Iteration 5: Best fitness = 1.845967
2026-08-01 17:45:08 | INFO     | co2_forecast |   Iteration 7: Best fitness = 1.845967
2026-08-01 17:45:08 | INFO     | co2_forecast | PSO complete. Best fitness: 1.845967
2026-08-01 17:45:08 | INFO     | co2_forecast |   Best params: {'alpha': 100.0}
2026-08-01 17:45:08 | INFO     | co2_forecast |   Best fitness: 1.845967
2026-08-01 17:45:08 | INFO     | co2_forecast | [A3/panel2_common_period/all_features/ridge] sweep tuning: best_params={'alpha': 100.0}
2026-08-01 17:45:08 | INFO     | co2_forecast |   -> weighted_mase=0.8393501161305349, runtime=0.2s
2026-08-01 17:45:08 | INFO     | co2_forecast | Stream A cell: A3/random_forest (23 features, 28 rows)
2026-08-01 17:45:08 | INFO     | co2_forecast | Creating walk-forward splits for 16 valid samples
2026-08-01 17:45:08 | INFO     | co2_forecast | Created 4 CV folds across horizons [1, 2, 4]
2026-08-01 17:45:08 | INFO     | co2_forecast | Built tuning CV plan: 4 folds from 16 rows before 2022-Q%q (evaluation cutoff) - isolation OK (max tuning date 2021-Q%q)
2026-08-01 17:45:08 | INFO     | co2_forecast | Optimizing random_forest...
2026-08-01 17:45:08 | INFO     | co2_forecast | Starting PSO: 5 particles, 8 iterations
2026-08-01 17:45:12 | INFO     | co2_forecast |   Iteration 0: Best fitness = 0.748939
2026-08-01 17:45:30 | INFO     | co2_forecast |   Iteration 5: Best fitness = 0.428045
2026-08-01 17:45:37 | INFO     | co2_forecast |   Iteration 7: Best fitness = 0.422919
2026-08-01 17:45:37 | INFO     | co2_forecast | PSO complete. Best fitness: 0.422919
2026-08-01 17:45:37 | INFO     | co2_forecast |   Best params: {'n_estimators': 122, 'max_depth': 3, 'min_samples_split': 2, 'min_samples_leaf': 1}
2026-08-01 17:45:37 | INFO     | co2_forecast |   Best fitness: 0.422919
2026-08-01 17:45:37 | INFO     | co2_forecast | [A3/panel2_common_period/all_features/random_forest] sweep tuning: best_params={'n_estimators': 122, 'max_depth': 3, 'min_samples_split': 2, 'min_samples_leaf': 1}
2026-08-01 17:45:38 | INFO     | co2_forecast |   -> weighted_mase=0.6833291103349601, runtime=29.7s
2026-08-01 17:45:38 | INFO     | co2_forecast | Stream A cell: A3/lightgbm (23 features, 28 rows)
2026-08-01 17:45:38 | INFO     | co2_forecast | Creating walk-forward splits for 16 valid samples
2026-08-01 17:45:38 | INFO     | co2_forecast | Created 4 CV folds across horizons [1, 2, 4]
2026-08-01 17:45:38 | INFO     | co2_forecast | Built tuning CV plan: 4 folds from 16 rows before 2022-Q%q (evaluation cutoff) - isolation OK (max tuning date 2021-Q%q)
2026-08-01 17:45:38 | INFO     | co2_forecast | Optimizing lightgbm...
2026-08-01 17:45:38 | INFO     | co2_forecast | Starting PSO: 5 particles, 8 iterations
2026-08-01 17:45:38 | INFO     | co2_forecast |   Iteration 0: Best fitness = 0.768990
2026-08-01 17:45:39 | INFO     | co2_forecast |   Iteration 5: Best fitness = 0.611536
2026-08-01 17:45:39 | INFO     | co2_forecast |   Iteration 7: Best fitness = 0.611536
2026-08-01 17:45:39 | INFO     | co2_forecast | PSO complete. Best fitness: 0.611536
2026-08-01 17:45:39 | INFO     | co2_forecast |   Best params: {'n_estimators': 164, 'learning_rate': 0.3, 'num_leaves': 127, 'max_depth': 10, 'min_child_samples': 6, 'reg_alpha': 0.001, 'reg_lambda': 0.001}
2026-08-01 17:45:39 | INFO     | co2_forecast |   Best fitness: 0.611536
2026-08-01 17:45:39 | INFO     | co2_forecast | [A3/panel2_common_period/all_features/lightgbm] sweep tuning: best_params={'n_estimators': 164, 'learning_rate': 0.3, 'num_leaves': 127, 'max_depth': 10, 'min_child_samples': 6, 'reg_alpha': 0.001, 'reg_lambda': 0.001}
2026-08-01 17:45:40 | INFO     | co2_forecast |   -> weighted_mase=0.4541120170628795, runtime=1.8s
2026-08-01 17:45:40 | INFO     | co2_forecast | Stream A cell: A3/catboost (23 features, 28 rows)
2026-08-01 17:45:40 | INFO     | co2_forecast | Creating walk-forward splits for 16 valid samples
2026-08-01 17:45:40 | INFO     | co2_forecast | Created 4 CV folds across horizons [1, 2, 4]
2026-08-01 17:45:40 | INFO     | co2_forecast | Built tuning CV plan: 4 folds from 16 rows before 2022-Q%q (evaluation cutoff) - isolation OK (max tuning date 2021-Q%q)
2026-08-01 17:45:40 | INFO     | co2_forecast | Optimizing catboost...
2026-08-01 17:45:40 | INFO     | co2_forecast | Starting PSO: 5 particles, 8 iterations
2026-08-01 17:51:05 | INFO     | co2_forecast |   Iteration 0: Best fitness = 0.370189
2026-08-01 18:24:46 | INFO     | co2_forecast |   Iteration 5: Best fitness = 0.361260
2026-08-01 18:30:14 | INFO     | co2_forecast |   Iteration 7: Best fitness = 0.361260
2026-08-01 18:30:14 | INFO     | co2_forecast | PSO complete. Best fitness: 0.361260
2026-08-01 18:30:14 | INFO     | co2_forecast |   Best params: {'iterations': 269, 'learning_rate': 0.23138959162300096, 'depth': 3, 'l2_leaf_reg': 10.0}
2026-08-01 18:30:14 | INFO     | co2_forecast |   Best fitness: 0.361260
2026-08-01 18:30:14 | INFO     | co2_forecast | [A3/panel2_common_period/all_features/catboost] sweep tuning: best_params={'iterations': 269, 'learning_rate': 0.23138959162300096, 'depth': 3, 'l2_leaf_reg': 10.0}
2026-08-01 18:30:27 | INFO     | co2_forecast |   -> weighted_mase=0.6228073310154414, runtime=2686.9s
2026-08-01 18:30:27 | INFO     | co2_forecast | Stream A cell: A3/lstm (23 features, 28 rows)
2026-08-01 18:30:27 | INFO     | co2_forecast | Creating walk-forward splits for 16 valid samples
2026-08-01 18:30:27 | INFO     | co2_forecast | Created 4 CV folds across horizons [1, 2, 4]
2026-08-01 18:30:27 | INFO     | co2_forecast | Built tuning CV plan: 4 folds from 16 rows before 2022-Q%q (evaluation cutoff) - isolation OK (max tuning date 2021-Q%q)
2026-08-01 18:30:27 | INFO     | co2_forecast | Optimizing lstm...
2026-08-01 18:30:27 | INFO     | co2_forecast | Starting PSO: 5 particles, 8 iterations
2026-08-01 18:30:27 | WARNING  | co2_forecast | Model training failed with params {'lookback': 7, 'hidden_size': 62, 'num_layers': 2, 'dropout': 0.3394633936788146, 'learning_rate': 0.0016445845403801217, 'batch_size': 8}: LSTM.fit: training data has 8 rows, giving only 1 sequence(s) with lookback=7; at least 2 are required (one is always reserved for validation). Reduce lookback or provide more training history.
2026-08-01 18:30:27 | WARNING  | co2_forecast | Model training failed with params {'lookback': 11, 'hidden_size': 26, 'num_layers': 1, 'dropout': 0.17336180394137352, 'learning_rate': 0.0031119982052994237, 'batch_size': 16}: LSTM.fit: training data has 8 rows, giving only 0 sequence(s) with lookback=11; at least 2 are required (one is always reserved for validation). Reduce lookback or provide more training history.
2026-08-01 18:30:27 | WARNING  | co2_forecast | Model training failed with params {'lookback': 8, 'hidden_size': 54, 'num_layers': 1, 'dropout': 0.3056937753654446, 'learning_rate': 0.005964904231734221, 'batch_size': 8}: LSTM.fit: training data has 8 rows, giving only 0 sequence(s) with lookback=8; at least 2 are required (one is always reserved for validation). Reduce lookback or provide more training history.
2026-08-01 18:30:27 | WARNING  | co2_forecast | Very few sequences (2), LSTM may not train well
2026-08-01 18:30:27 | WARNING  | co2_forecast | Very few sequences (6), LSTM may not train well
2026-08-01 18:30:27 | WARNING  | co2_forecast | Very few sequences (2), LSTM may not train well
2026-08-01 18:30:27 | WARNING  | co2_forecast | Very few sequences (2), LSTM may not train well
2026-08-01 18:30:28 | WARNING  | co2_forecast | Model training failed with params {'lookback': 8, 'hidden_size': 25, 'num_layers': 2, 'dropout': 0.4100531293444458, 'learning_rate': 0.009401039521485473, 'batch_size': 32}: LSTM.fit: training data has 8 rows, giving only 0 sequence(s) with lookback=8; at least 2 are required (one is always reserved for validation). Reduce lookback or provide more training history.
2026-08-01 18:30:28 | INFO     | co2_forecast |   Iteration 0: Best fitness = 1.188176
2026-08-01 18:30:28 | WARNING  | co2_forecast | Very few sequences (3), LSTM may not train well
2026-08-01 18:30:28 | WARNING  | co2_forecast | Very few sequences (7), LSTM may not train well
2026-08-01 18:30:28 | WARNING  | co2_forecast | Very few sequences (3), LSTM may not train well
2026-08-01 18:30:29 | WARNING  | co2_forecast | Very few sequences (3), LSTM may not train well
2026-08-01 18:30:29 | WARNING  | co2_forecast | Very few sequences (2), LSTM may not train well
2026-08-01 18:30:29 | WARNING  | co2_forecast | Very few sequences (6), LSTM may not train well
2026-08-01 18:30:30 | WARNING  | co2_forecast | Very few sequences (2), LSTM may not train well
2026-08-01 18:30:30 | WARNING  | co2_forecast | Very few sequences (2), LSTM may not train well
2026-08-01 18:30:30 | WARNING  | co2_forecast | Model training failed with params {'lookback': 8, 'hidden_size': 44, 'num_layers': 1, 'dropout': 0.3238975389966341, 'learning_rate': 0.005520634690128072, 'batch_size': 8}: LSTM.fit: training data has 8 rows, giving only 0 sequence(s) with lookback=8; at least 2 are required (one is always reserved for validation). Reduce lookback or provide more training history.
2026-08-01 18:30:30 | WARNING  | co2_forecast | Very few sequences (3), LSTM may not train well
2026-08-01 18:30:30 | WARNING  | co2_forecast | Very few sequences (7), LSTM may not train well
2026-08-01 18:30:31 | WARNING  | co2_forecast | Very few sequences (3), LSTM may not train well
2026-08-01 18:30:31 | WARNING  | co2_forecast | Very few sequences (3), LSTM may not train well
2026-08-01 18:30:31 | WARNING  | co2_forecast | Very few sequences (2), LSTM may not train well
2026-08-01 18:30:31 | WARNING  | co2_forecast | Very few sequences (6), LSTM may not train well
2026-08-01 18:30:32 | WARNING  | co2_forecast | Very few sequences (2), LSTM may not train well
2026-08-01 18:30:33 | WARNING  | co2_forecast | Very few sequences (2), LSTM may not train well
2026-08-01 18:30:34 | WARNING  | co2_forecast | Very few sequences (3), LSTM may not train well
2026-08-01 18:30:34 | WARNING  | co2_forecast | Very few sequences (7), LSTM may not train well
2026-08-01 18:30:35 | WARNING  | co2_forecast | Very few sequences (3), LSTM may not train well
2026-08-01 18:30:36 | WARNING  | co2_forecast | Very few sequences (3), LSTM may not train well
2026-08-01 18:30:36 | WARNING  | co2_forecast | Very few sequences (4), LSTM may not train well
2026-08-01 18:30:36 | WARNING  | co2_forecast | Very few sequences (8), LSTM may not train well
2026-08-01 18:30:37 | WARNING  | co2_forecast | Very few sequences (4), LSTM may not train well
2026-08-01 18:30:38 | WARNING  | co2_forecast | Very few sequences (4), LSTM may not train well
2026-08-01 18:30:38 | WARNING  | co2_forecast | Model training failed with params {'lookback': 7, 'hidden_size': 35, 'num_layers': 1, 'dropout': 0.31512819649180424, 'learning_rate': 0.004065945490368326, 'batch_size': 8}: LSTM.fit: training data has 8 rows, giving only 1 sequence(s) with lookback=7; at least 2 are required (one is always reserved for validation). Reduce lookback or provide more training history.
2026-08-01 18:30:38 | WARNING  | co2_forecast | Very few sequences (2), LSTM may not train well
2026-08-01 18:30:38 | WARNING  | co2_forecast | Very few sequences (6), LSTM may not train well
2026-08-01 18:30:39 | WARNING  | co2_forecast | Very few sequences (2), LSTM may not train well
2026-08-01 18:30:39 | WARNING  | co2_forecast | Very few sequences (2), LSTM may not train well
2026-08-01 18:30:40 | WARNING  | co2_forecast | Very few sequences (3), LSTM may not train well
2026-08-01 18:30:40 | WARNING  | co2_forecast | Very few sequences (7), LSTM may not train well
2026-08-01 18:30:40 | WARNING  | co2_forecast | Very few sequences (3), LSTM may not train well
2026-08-01 18:30:41 | WARNING  | co2_forecast | Very few sequences (3), LSTM may not train well
2026-08-01 18:30:41 | WARNING  | co2_forecast | Very few sequences (3), LSTM may not train well
2026-08-01 18:30:41 | WARNING  | co2_forecast | Very few sequences (7), LSTM may not train well
2026-08-01 18:30:42 | WARNING  | co2_forecast | Very few sequences (3), LSTM may not train well
2026-08-01 18:30:43 | WARNING  | co2_forecast | Very few sequences (3), LSTM may not train well
2026-08-01 18:30:43 | WARNING  | co2_forecast | Very few sequences (4), LSTM may not train well
2026-08-01 18:30:43 | WARNING  | co2_forecast | Very few sequences (8), LSTM may not train well
2026-08-01 18:30:44 | WARNING  | co2_forecast | Very few sequences (4), LSTM may not train well
2026-08-01 18:30:45 | WARNING  | co2_forecast | Very few sequences (4), LSTM may not train well
2026-08-01 18:30:45 | WARNING  | co2_forecast | Very few sequences (2), LSTM may not train well
2026-08-01 18:30:45 | WARNING  | co2_forecast | Very few sequences (6), LSTM may not train well
2026-08-01 18:30:45 | WARNING  | co2_forecast | Very few sequences (2), LSTM may not train well
2026-08-01 18:30:46 | WARNING  | co2_forecast | Very few sequences (2), LSTM may not train well
2026-08-01 18:30:46 | WARNING  | co2_forecast | Very few sequences (3), LSTM may not train well
2026-08-01 18:30:46 | WARNING  | co2_forecast | Very few sequences (7), LSTM may not train well
2026-08-01 18:30:46 | WARNING  | co2_forecast | Very few sequences (3), LSTM may not train well
2026-08-01 18:30:47 | WARNING  | co2_forecast | Very few sequences (3), LSTM may not train well
2026-08-01 18:30:47 | WARNING  | co2_forecast | Very few sequences (4), LSTM may not train well
2026-08-01 18:30:47 | WARNING  | co2_forecast | Very few sequences (8), LSTM may not train well
2026-08-01 18:30:48 | WARNING  | co2_forecast | Very few sequences (4), LSTM may not train well
2026-08-01 18:30:50 | WARNING  | co2_forecast | Very few sequences (4), LSTM may not train well
2026-08-01 18:30:50 | WARNING  | co2_forecast | Very few sequences (3), LSTM may not train well
2026-08-01 18:30:50 | WARNING  | co2_forecast | Very few sequences (7), LSTM may not train well
2026-08-01 18:30:51 | WARNING  | co2_forecast | Very few sequences (3), LSTM may not train well
2026-08-01 18:30:52 | WARNING  | co2_forecast | Very few sequences (3), LSTM may not train well
2026-08-01 18:30:52 | WARNING  | co2_forecast | Very few sequences (4), LSTM may not train well
2026-08-01 18:30:52 | WARNING  | co2_forecast | Very few sequences (8), LSTM may not train well
2026-08-01 18:30:53 | WARNING  | co2_forecast | Very few sequences (4), LSTM may not train well
2026-08-01 18:30:54 | WARNING  | co2_forecast | Very few sequences (4), LSTM may not train well
2026-08-01 18:30:55 | WARNING  | co2_forecast | Very few sequences (3), LSTM may not train well
2026-08-01 18:30:55 | WARNING  | co2_forecast | Very few sequences (7), LSTM may not train well
2026-08-01 18:30:55 | WARNING  | co2_forecast | Very few sequences (3), LSTM may not train well
2026-08-01 18:30:55 | WARNING  | co2_forecast | Very few sequences (3), LSTM may not train well
2026-08-01 18:30:55 | WARNING  | co2_forecast | Very few sequences (3), LSTM may not train well
2026-08-01 18:30:55 | WARNING  | co2_forecast | Very few sequences (7), LSTM may not train well
2026-08-01 18:30:57 | WARNING  | co2_forecast | Very few sequences (3), LSTM may not train well
2026-08-01 18:30:58 | WARNING  | co2_forecast | Very few sequences (3), LSTM may not train well
2026-08-01 18:30:58 | WARNING  | co2_forecast | Very few sequences (3), LSTM may not train well
2026-08-01 18:30:58 | WARNING  | co2_forecast | Very few sequences (7), LSTM may not train well
2026-08-01 18:30:59 | WARNING  | co2_forecast | Very few sequences (3), LSTM may not train well
2026-08-01 18:31:00 | WARNING  | co2_forecast | Very few sequences (3), LSTM may not train well
2026-08-01 18:31:00 | WARNING  | co2_forecast | Very few sequences (3), LSTM may not train well
2026-08-01 18:31:00 | WARNING  | co2_forecast | Very few sequences (7), LSTM may not train well
2026-08-01 18:31:01 | WARNING  | co2_forecast | Very few sequences (3), LSTM may not train well
2026-08-01 18:31:02 | WARNING  | co2_forecast | Very few sequences (3), LSTM may not train well
2026-08-01 18:31:03 | WARNING  | co2_forecast | Very few sequences (3), LSTM may not train well
2026-08-01 18:31:03 | WARNING  | co2_forecast | Very few sequences (7), LSTM may not train well
2026-08-01 18:31:04 | WARNING  | co2_forecast | Very few sequences (3), LSTM may not train well
2026-08-01 18:31:05 | WARNING  | co2_forecast | Very few sequences (3), LSTM may not train well
2026-08-01 18:31:05 | WARNING  | co2_forecast | Very few sequences (3), LSTM may not train well
2026-08-01 18:31:05 | WARNING  | co2_forecast | Very few sequences (7), LSTM may not train well
2026-08-01 18:31:06 | WARNING  | co2_forecast | Very few sequences (3), LSTM may not train well
2026-08-01 18:31:07 | WARNING  | co2_forecast | Very few sequences (3), LSTM may not train well
2026-08-01 18:31:07 | WARNING  | co2_forecast | Very few sequences (3), LSTM may not train well
2026-08-01 18:31:07 | WARNING  | co2_forecast | Very few sequences (7), LSTM may not train well
2026-08-01 18:31:08 | WARNING  | co2_forecast | Very few sequences (3), LSTM may not train well
2026-08-01 18:31:09 | WARNING  | co2_forecast | Very few sequences (3), LSTM may not train well
2026-08-01 18:31:09 | WARNING  | co2_forecast | Very few sequences (2), LSTM may not train well
2026-08-01 18:31:09 | WARNING  | co2_forecast | Very few sequences (6), LSTM may not train well
2026-08-01 18:31:09 | WARNING  | co2_forecast | Very few sequences (2), LSTM may not train well
2026-08-01 18:31:10 | WARNING  | co2_forecast | Very few sequences (2), LSTM may not train well
2026-08-01 18:31:11 | INFO     | co2_forecast |   Iteration 5: Best fitness = 0.745027
2026-08-01 18:31:11 | WARNING  | co2_forecast | Very few sequences (3), LSTM may not train well
2026-08-01 18:31:12 | WARNING  | co2_forecast | Very few sequences (7), LSTM may not train well
2026-08-01 18:31:13 | WARNING  | co2_forecast | Very few sequences (3), LSTM may not train well
2026-08-01 18:31:14 | WARNING  | co2_forecast | Very few sequences (3), LSTM may not train well
2026-08-01 18:31:14 | WARNING  | co2_forecast | Very few sequences (3), LSTM may not train well
2026-08-01 18:31:14 | WARNING  | co2_forecast | Very few sequences (7), LSTM may not train well
2026-08-01 18:31:15 | WARNING  | co2_forecast | Very few sequences (3), LSTM may not train well
2026-08-01 18:31:16 | WARNING  | co2_forecast | Very few sequences (3), LSTM may not train well
2026-08-01 18:31:16 | WARNING  | co2_forecast | Very few sequences (3), LSTM may not train well
2026-08-01 18:31:16 | WARNING  | co2_forecast | Very few sequences (7), LSTM may not train well
2026-08-01 18:31:17 | WARNING  | co2_forecast | Very few sequences (3), LSTM may not train well
2026-08-01 18:31:18 | WARNING  | co2_forecast | Very few sequences (3), LSTM may not train well
2026-08-01 18:31:18 | WARNING  | co2_forecast | Very few sequences (3), LSTM may not train well
2026-08-01 18:31:18 | WARNING  | co2_forecast | Very few sequences (7), LSTM may not train well
2026-08-01 18:31:19 | WARNING  | co2_forecast | Very few sequences (3), LSTM may not train well
2026-08-01 18:31:20 | WARNING  | co2_forecast | Very few sequences (3), LSTM may not train well
2026-08-01 18:31:20 | WARNING  | co2_forecast | Very few sequences (3), LSTM may not train well
2026-08-01 18:31:20 | WARNING  | co2_forecast | Very few sequences (7), LSTM may not train well
2026-08-01 18:31:21 | WARNING  | co2_forecast | Very few sequences (3), LSTM may not train well
2026-08-01 18:31:22 | WARNING  | co2_forecast | Very few sequences (3), LSTM may not train well
2026-08-01 18:31:22 | WARNING  | co2_forecast | Very few sequences (3), LSTM may not train well
2026-08-01 18:31:23 | WARNING  | co2_forecast | Very few sequences (7), LSTM may not train well
2026-08-01 18:31:23 | WARNING  | co2_forecast | Very few sequences (3), LSTM may not train well
2026-08-01 18:31:24 | WARNING  | co2_forecast | Very few sequences (3), LSTM may not train well
2026-08-01 18:31:24 | WARNING  | co2_forecast | Very few sequences (4), LSTM may not train well
2026-08-01 18:31:25 | WARNING  | co2_forecast | Very few sequences (8), LSTM may not train well
2026-08-01 18:31:26 | WARNING  | co2_forecast | Very few sequences (4), LSTM may not train well
2026-08-01 18:31:27 | WARNING  | co2_forecast | Very few sequences (4), LSTM may not train well
2026-08-01 18:31:27 | WARNING  | co2_forecast | Very few sequences (3), LSTM may not train well
2026-08-01 18:31:27 | WARNING  | co2_forecast | Very few sequences (7), LSTM may not train well
2026-08-01 18:31:28 | WARNING  | co2_forecast | Very few sequences (3), LSTM may not train well
2026-08-01 18:31:29 | WARNING  | co2_forecast | Very few sequences (3), LSTM may not train well
2026-08-01 18:31:29 | WARNING  | co2_forecast | Very few sequences (3), LSTM may not train well
2026-08-01 18:31:29 | WARNING  | co2_forecast | Very few sequences (7), LSTM may not train well
2026-08-01 18:31:29 | WARNING  | co2_forecast | Very few sequences (3), LSTM may not train well
2026-08-01 18:31:30 | WARNING  | co2_forecast | Very few sequences (3), LSTM may not train well
2026-08-01 18:31:31 | WARNING  | co2_forecast | Very few sequences (4), LSTM may not train well
2026-08-01 18:31:31 | WARNING  | co2_forecast | Very few sequences (8), LSTM may not train well
2026-08-01 18:31:32 | WARNING  | co2_forecast | Very few sequences (4), LSTM may not train well
2026-08-01 18:31:33 | WARNING  | co2_forecast | Very few sequences (4), LSTM may not train well
2026-08-01 18:31:33 | INFO     | co2_forecast |   Iteration 7: Best fitness = 0.744750
2026-08-01 18:31:33 | INFO     | co2_forecast | PSO complete. Best fitness: 0.744750
2026-08-01 18:31:33 | INFO     | co2_forecast |   Best params: {'lookback': 5, 'hidden_size': 23, 'num_layers': 2, 'dropout': 0.16079150978034004, 'learning_rate': 0.0001, 'batch_size': 8}
2026-08-01 18:31:33 | INFO     | co2_forecast |   Best fitness: 0.744750
2026-08-01 18:31:33 | INFO     | co2_forecast | [A3/panel2_common_period/all_features/lstm] sweep tuning: best_params={'lookback': 5, 'hidden_size': 23, 'num_layers': 2, 'dropout': 0.16079150978034004, 'learning_rate': 0.0001, 'batch_size': 8}
2026-08-01 18:31:39 | INFO     | co2_forecast |   -> weighted_mase=1.0179928029700325, runtime=72.3s
2026-08-01 18:31:39 | INFO     | co2_forecast | Stream A cell: A4/ridge (37 features, 28 rows)
2026-08-01 18:31:39 | INFO     | co2_forecast | Creating walk-forward splits for 16 valid samples
2026-08-01 18:31:39 | INFO     | co2_forecast | Created 4 CV folds across horizons [1, 2, 4]
2026-08-01 18:31:39 | INFO     | co2_forecast | Built tuning CV plan: 4 folds from 16 rows before 2022-Q%q (evaluation cutoff) - isolation OK (max tuning date 2021-Q%q)
2026-08-01 18:31:39 | INFO     | co2_forecast | Optimizing ridge...
2026-08-01 18:31:39 | INFO     | co2_forecast | Starting PSO: 5 particles, 8 iterations
2026-08-01 18:31:39 | INFO     | co2_forecast |   Iteration 0: Best fitness = 1.852606
2026-08-01 18:31:39 | INFO     | co2_forecast |   Iteration 5: Best fitness = 1.589715
2026-08-01 18:31:39 | INFO     | co2_forecast |   Iteration 7: Best fitness = 1.589715
2026-08-01 18:31:39 | INFO     | co2_forecast | PSO complete. Best fitness: 1.589715
2026-08-01 18:31:39 | INFO     | co2_forecast |   Best params: {'alpha': 100.0}
2026-08-01 18:31:39 | INFO     | co2_forecast |   Best fitness: 1.589715
2026-08-01 18:31:39 | INFO     | co2_forecast | [A4/panel2_common_period/all_features/ridge] sweep tuning: best_params={'alpha': 100.0}
2026-08-01 18:31:39 | INFO     | co2_forecast |   -> weighted_mase=0.705983112183878, runtime=0.2s
2026-08-01 18:31:39 | INFO     | co2_forecast | Stream A cell: A4/random_forest (37 features, 28 rows)
2026-08-01 18:31:39 | INFO     | co2_forecast | Creating walk-forward splits for 16 valid samples
2026-08-01 18:31:39 | INFO     | co2_forecast | Created 4 CV folds across horizons [1, 2, 4]
2026-08-01 18:31:39 | INFO     | co2_forecast | Built tuning CV plan: 4 folds from 16 rows before 2022-Q%q (evaluation cutoff) - isolation OK (max tuning date 2021-Q%q)
2026-08-01 18:31:39 | INFO     | co2_forecast | Optimizing random_forest...
2026-08-01 18:31:39 | INFO     | co2_forecast | Starting PSO: 5 particles, 8 iterations
2026-08-01 18:31:44 | INFO     | co2_forecast |   Iteration 0: Best fitness = 0.758099
2026-08-01 18:32:04 | INFO     | co2_forecast |   Iteration 5: Best fitness = 0.416176
2026-08-01 18:32:10 | INFO     | co2_forecast |   Iteration 7: Best fitness = 0.412307
2026-08-01 18:32:10 | INFO     | co2_forecast | PSO complete. Best fitness: 0.412307
2026-08-01 18:32:10 | INFO     | co2_forecast |   Best params: {'n_estimators': 123, 'max_depth': 3, 'min_samples_split': 2, 'min_samples_leaf': 1}
2026-08-01 18:32:10 | INFO     | co2_forecast |   Best fitness: 0.412307
2026-08-01 18:32:10 | INFO     | co2_forecast | [A4/panel2_common_period/all_features/random_forest] sweep tuning: best_params={'n_estimators': 123, 'max_depth': 3, 'min_samples_split': 2, 'min_samples_leaf': 1}
2026-08-01 18:32:11 | INFO     | co2_forecast |   -> weighted_mase=0.6992468508403759, runtime=32.2s
2026-08-01 18:32:11 | INFO     | co2_forecast | Stream A cell: A4/lightgbm (37 features, 28 rows)
2026-08-01 18:32:11 | INFO     | co2_forecast | Creating walk-forward splits for 16 valid samples
2026-08-01 18:32:11 | INFO     | co2_forecast | Created 4 CV folds across horizons [1, 2, 4]
2026-08-01 18:32:11 | INFO     | co2_forecast | Built tuning CV plan: 4 folds from 16 rows before 2022-Q%q (evaluation cutoff) - isolation OK (max tuning date 2021-Q%q)
2026-08-01 18:32:11 | INFO     | co2_forecast | Optimizing lightgbm...
2026-08-01 18:32:11 | INFO     | co2_forecast | Starting PSO: 5 particles, 8 iterations
2026-08-01 18:32:12 | INFO     | co2_forecast |   Iteration 0: Best fitness = 0.768990
2026-08-01 18:32:12 | INFO     | co2_forecast |   Iteration 5: Best fitness = 0.627731
2026-08-01 18:32:12 | INFO     | co2_forecast |   Iteration 7: Best fitness = 0.625820
2026-08-01 18:32:12 | INFO     | co2_forecast | PSO complete. Best fitness: 0.625820
2026-08-01 18:32:12 | INFO     | co2_forecast |   Best params: {'n_estimators': 170, 'learning_rate': 0.2926262038381652, 'num_leaves': 127, 'max_depth': 8, 'min_child_samples': 5, 'reg_alpha': 0.001, 'reg_lambda': 0.001}
2026-08-01 18:32:12 | INFO     | co2_forecast |   Best fitness: 0.625820
2026-08-01 18:32:12 | INFO     | co2_forecast | [A4/panel2_common_period/all_features/lightgbm] sweep tuning: best_params={'n_estimators': 170, 'learning_rate': 0.2926262038381652, 'num_leaves': 127, 'max_depth': 8, 'min_child_samples': 5, 'reg_alpha': 0.001, 'reg_lambda': 0.001}
2026-08-01 18:32:12 | INFO     | co2_forecast |   -> weighted_mase=0.7218276274534372, runtime=0.9s
2026-08-01 18:32:12 | INFO     | co2_forecast | Stream A cell: A4/catboost (37 features, 28 rows)
2026-08-01 18:32:12 | INFO     | co2_forecast | Creating walk-forward splits for 16 valid samples
2026-08-01 18:32:12 | INFO     | co2_forecast | Created 4 CV folds across horizons [1, 2, 4]
2026-08-01 18:32:12 | INFO     | co2_forecast | Built tuning CV plan: 4 folds from 16 rows before 2022-Q%q (evaluation cutoff) - isolation OK (max tuning date 2021-Q%q)
2026-08-01 18:32:12 | INFO     | co2_forecast | Optimizing catboost...
2026-08-01 18:32:12 | INFO     | co2_forecast | Starting PSO: 5 particles, 8 iterations
2026-08-01 18:37:58 | INFO     | co2_forecast |   Iteration 0: Best fitness = 0.341319
2026-08-01 19:08:26 | INFO     | co2_forecast |   Iteration 5: Best fitness = 0.278348
2026-08-01 19:12:57 | INFO     | co2_forecast |   Iteration 7: Best fitness = 0.265694
2026-08-01 19:12:57 | INFO     | co2_forecast | PSO complete. Best fitness: 0.265694
2026-08-01 19:12:57 | INFO     | co2_forecast |   Best params: {'iterations': 245, 'learning_rate': 0.1971330851985354, 'depth': 3, 'l2_leaf_reg': 1.4011116636210497}
2026-08-01 19:12:57 | INFO     | co2_forecast |   Best fitness: 0.265694
2026-08-01 19:12:57 | INFO     | co2_forecast | [A4/panel2_common_period/all_features/catboost] sweep tuning: best_params={'iterations': 245, 'learning_rate': 0.1971330851985354, 'depth': 3, 'l2_leaf_reg': 1.4011116636210497}
2026-08-01 19:13:11 | INFO     | co2_forecast |   -> weighted_mase=0.6147095126058257, runtime=2458.3s
2026-08-01 19:13:11 | INFO     | co2_forecast | Stream A cell: A4/lstm (37 features, 28 rows)
2026-08-01 19:13:11 | INFO     | co2_forecast | Creating walk-forward splits for 16 valid samples
2026-08-01 19:13:11 | INFO     | co2_forecast | Created 4 CV folds across horizons [1, 2, 4]
2026-08-01 19:13:11 | INFO     | co2_forecast | Built tuning CV plan: 4 folds from 16 rows before 2022-Q%q (evaluation cutoff) - isolation OK (max tuning date 2021-Q%q)
2026-08-01 19:13:11 | INFO     | co2_forecast | Optimizing lstm...
2026-08-01 19:13:11 | INFO     | co2_forecast | Starting PSO: 5 particles, 8 iterations
2026-08-01 19:13:11 | WARNING  | co2_forecast | Model training failed with params {'lookback': 7, 'hidden_size': 62, 'num_layers': 2, 'dropout': 0.3394633936788146, 'learning_rate': 0.0016445845403801217, 'batch_size': 8}: LSTM.fit: training data has 8 rows, giving only 1 sequence(s) with lookback=7; at least 2 are required (one is always reserved for validation). Reduce lookback or provide more training history.
2026-08-01 19:13:11 | WARNING  | co2_forecast | Model training failed with params {'lookback': 11, 'hidden_size': 26, 'num_layers': 1, 'dropout': 0.17336180394137352, 'learning_rate': 0.0031119982052994237, 'batch_size': 16}: LSTM.fit: training data has 8 rows, giving only 0 sequence(s) with lookback=11; at least 2 are required (one is always reserved for validation). Reduce lookback or provide more training history.
2026-08-01 19:13:11 | WARNING  | co2_forecast | Model training failed with params {'lookback': 8, 'hidden_size': 54, 'num_layers': 1, 'dropout': 0.3056937753654446, 'learning_rate': 0.005964904231734221, 'batch_size': 8}: LSTM.fit: training data has 8 rows, giving only 0 sequence(s) with lookback=8; at least 2 are required (one is always reserved for validation). Reduce lookback or provide more training history.
2026-08-01 19:13:11 | WARNING  | co2_forecast | Very few sequences (2), LSTM may not train well
2026-08-01 19:13:11 | WARNING  | co2_forecast | Very few sequences (6), LSTM may not train well
2026-08-01 19:13:11 | WARNING  | co2_forecast | Very few sequences (2), LSTM may not train well
2026-08-01 19:13:11 | WARNING  | co2_forecast | Very few sequences (2), LSTM may not train well
2026-08-01 19:13:11 | WARNING  | co2_forecast | Model training failed with params {'lookback': 8, 'hidden_size': 25, 'num_layers': 2, 'dropout': 0.4100531293444458, 'learning_rate': 0.009401039521485473, 'batch_size': 32}: LSTM.fit: training data has 8 rows, giving only 0 sequence(s) with lookback=8; at least 2 are required (one is always reserved for validation). Reduce lookback or provide more training history.
2026-08-01 19:13:11 | INFO     | co2_forecast |   Iteration 0: Best fitness = 1.100299
2026-08-01 19:13:11 | WARNING  | co2_forecast | Very few sequences (3), LSTM may not train well
2026-08-01 19:13:11 | WARNING  | co2_forecast | Very few sequences (7), LSTM may not train well
2026-08-01 19:13:12 | WARNING  | co2_forecast | Very few sequences (3), LSTM may not train well
2026-08-01 19:13:13 | WARNING  | co2_forecast | Very few sequences (3), LSTM may not train well
2026-08-01 19:13:13 | WARNING  | co2_forecast | Very few sequences (2), LSTM may not train well
2026-08-01 19:13:13 | WARNING  | co2_forecast | Very few sequences (6), LSTM may not train well
2026-08-01 19:13:13 | WARNING  | co2_forecast | Very few sequences (2), LSTM may not train well
2026-08-01 19:13:13 | WARNING  | co2_forecast | Very few sequences (2), LSTM may not train well
2026-08-01 19:13:13 | WARNING  | co2_forecast | Model training failed with params {'lookback': 8, 'hidden_size': 44, 'num_layers': 1, 'dropout': 0.3238975389966341, 'learning_rate': 0.005520634690128072, 'batch_size': 8}: LSTM.fit: training data has 8 rows, giving only 0 sequence(s) with lookback=8; at least 2 are required (one is always reserved for validation). Reduce lookback or provide more training history.
2026-08-01 19:13:13 | WARNING  | co2_forecast | Very few sequences (3), LSTM may not train well
2026-08-01 19:13:14 | WARNING  | co2_forecast | Very few sequences (7), LSTM may not train well
2026-08-01 19:13:14 | WARNING  | co2_forecast | Very few sequences (3), LSTM may not train well
2026-08-01 19:13:14 | WARNING  | co2_forecast | Very few sequences (3), LSTM may not train well
2026-08-01 19:13:14 | WARNING  | co2_forecast | Very few sequences (2), LSTM may not train well
2026-08-01 19:13:14 | WARNING  | co2_forecast | Very few sequences (6), LSTM may not train well
2026-08-01 19:13:14 | WARNING  | co2_forecast | Very few sequences (2), LSTM may not train well
2026-08-01 19:13:15 | WARNING  | co2_forecast | Very few sequences (2), LSTM may not train well
2026-08-01 19:13:16 | WARNING  | co2_forecast | Very few sequences (4), LSTM may not train well
2026-08-01 19:13:16 | WARNING  | co2_forecast | Very few sequences (8), LSTM may not train well
2026-08-01 19:13:17 | WARNING  | co2_forecast | Very few sequences (4), LSTM may not train well
2026-08-01 19:13:17 | WARNING  | co2_forecast | Very few sequences (4), LSTM may not train well
2026-08-01 19:13:18 | WARNING  | co2_forecast | Very few sequences (4), LSTM may not train well
2026-08-01 19:13:18 | WARNING  | co2_forecast | Very few sequences (8), LSTM may not train well
2026-08-01 19:13:18 | WARNING  | co2_forecast | Very few sequences (4), LSTM may not train well
2026-08-01 19:13:18 | WARNING  | co2_forecast | Very few sequences (4), LSTM may not train well
2026-08-01 19:13:18 | WARNING  | co2_forecast | Model training failed with params {'lookback': 7, 'hidden_size': 35, 'num_layers': 1, 'dropout': 0.32318881720160564, 'learning_rate': 0.004269982802289501, 'batch_size': 8}: LSTM.fit: training data has 8 rows, giving only 1 sequence(s) with lookback=7; at least 2 are required (one is always reserved for validation). Reduce lookback or provide more training history.
2026-08-01 19:13:18 | WARNING  | co2_forecast | Very few sequences (3), LSTM may not train well
2026-08-01 19:13:18 | WARNING  | co2_forecast | Very few sequences (7), LSTM may not train well
2026-08-01 19:13:19 | WARNING  | co2_forecast | Very few sequences (3), LSTM may not train well
2026-08-01 19:13:19 | WARNING  | co2_forecast | Very few sequences (3), LSTM may not train well
2026-08-01 19:13:19 | WARNING  | co2_forecast | Very few sequences (4), LSTM may not train well
2026-08-01 19:13:19 | WARNING  | co2_forecast | Very few sequences (8), LSTM may not train well
2026-08-01 19:13:19 | WARNING  | co2_forecast | Very few sequences (4), LSTM may not train well
2026-08-01 19:13:19 | WARNING  | co2_forecast | Very few sequences (4), LSTM may not train well
2026-08-01 19:13:20 | WARNING  | co2_forecast | Very few sequences (4), LSTM may not train well
2026-08-01 19:13:20 | WARNING  | co2_forecast | Very few sequences (8), LSTM may not train well
2026-08-01 19:13:21 | WARNING  | co2_forecast | Very few sequences (4), LSTM may not train well
2026-08-01 19:13:21 | WARNING  | co2_forecast | Very few sequences (4), LSTM may not train well
2026-08-01 19:13:21 | WARNING  | co2_forecast | Very few sequences (4), LSTM may not train well
2026-08-01 19:13:22 | WARNING  | co2_forecast | Very few sequences (8), LSTM may not train well
2026-08-01 19:13:22 | WARNING  | co2_forecast | Very few sequences (4), LSTM may not train well
2026-08-01 19:13:22 | WARNING  | co2_forecast | Very few sequences (4), LSTM may not train well
2026-08-01 19:13:22 | WARNING  | co2_forecast | Very few sequences (2), LSTM may not train well
2026-08-01 19:13:22 | WARNING  | co2_forecast | Very few sequences (6), LSTM may not train well
2026-08-01 19:13:22 | WARNING  | co2_forecast | Very few sequences (2), LSTM may not train well
2026-08-01 19:13:23 | WARNING  | co2_forecast | Very few sequences (2), LSTM may not train well
2026-08-01 19:13:23 | WARNING  | co2_forecast | Very few sequences (4), LSTM may not train well
2026-08-01 19:13:23 | WARNING  | co2_forecast | Very few sequences (8), LSTM may not train well
2026-08-01 19:13:24 | WARNING  | co2_forecast | Very few sequences (4), LSTM may not train well
2026-08-01 19:13:25 | WARNING  | co2_forecast | Very few sequences (4), LSTM may not train well
2026-08-01 19:13:25 | WARNING  | co2_forecast | Very few sequences (4), LSTM may not train well
2026-08-01 19:13:25 | WARNING  | co2_forecast | Very few sequences (8), LSTM may not train well
2026-08-01 19:13:26 | WARNING  | co2_forecast | Very few sequences (4), LSTM may not train well
2026-08-01 19:13:27 | WARNING  | co2_forecast | Very few sequences (4), LSTM may not train well
2026-08-01 19:13:27 | WARNING  | co2_forecast | Very few sequences (2), LSTM may not train well
2026-08-01 19:13:27 | WARNING  | co2_forecast | Very few sequences (6), LSTM may not train well
2026-08-01 19:13:27 | WARNING  | co2_forecast | Very few sequences (2), LSTM may not train well
2026-08-01 19:13:27 | WARNING  | co2_forecast | Very few sequences (2), LSTM may not train well
2026-08-01 19:13:27 | WARNING  | co2_forecast | Very few sequences (4), LSTM may not train well
2026-08-01 19:13:27 | WARNING  | co2_forecast | Very few sequences (8), LSTM may not train well
2026-08-01 19:13:28 | WARNING  | co2_forecast | Very few sequences (4), LSTM may not train well
2026-08-01 19:13:28 | WARNING  | co2_forecast | Very few sequences (4), LSTM may not train well
2026-08-01 19:13:28 | WARNING  | co2_forecast | Very few sequences (3), LSTM may not train well
2026-08-01 19:13:28 | WARNING  | co2_forecast | Very few sequences (7), LSTM may not train well
2026-08-01 19:13:29 | WARNING  | co2_forecast | Very few sequences (3), LSTM may not train well
2026-08-01 19:13:29 | WARNING  | co2_forecast | Very few sequences (3), LSTM may not train well
2026-08-01 19:13:29 | WARNING  | co2_forecast | Very few sequences (2), LSTM may not train well
2026-08-01 19:13:29 | WARNING  | co2_forecast | Very few sequences (6), LSTM may not train well
2026-08-01 19:13:29 | WARNING  | co2_forecast | Very few sequences (2), LSTM may not train well
2026-08-01 19:13:29 | WARNING  | co2_forecast | Very few sequences (2), LSTM may not train well
2026-08-01 19:13:30 | WARNING  | co2_forecast | Very few sequences (3), LSTM may not train well
2026-08-01 19:13:30 | WARNING  | co2_forecast | Very few sequences (7), LSTM may not train well
2026-08-01 19:13:30 | WARNING  | co2_forecast | Very few sequences (3), LSTM may not train well
2026-08-01 19:13:31 | WARNING  | co2_forecast | Very few sequences (3), LSTM may not train well
2026-08-01 19:13:31 | WARNING  | co2_forecast | Very few sequences (2), LSTM may not train well
2026-08-01 19:13:31 | WARNING  | co2_forecast | Very few sequences (6), LSTM may not train well
2026-08-01 19:13:31 | WARNING  | co2_forecast | Very few sequences (2), LSTM may not train well
2026-08-01 19:13:31 | WARNING  | co2_forecast | Very few sequences (2), LSTM may not train well
2026-08-01 19:13:31 | WARNING  | co2_forecast | Very few sequences (2), LSTM may not train well
2026-08-01 19:13:31 | WARNING  | co2_forecast | Very few sequences (6), LSTM may not train well
2026-08-01 19:13:31 | WARNING  | co2_forecast | Very few sequences (2), LSTM may not train well
2026-08-01 19:13:32 | WARNING  | co2_forecast | Very few sequences (2), LSTM may not train well
2026-08-01 19:13:32 | WARNING  | co2_forecast | Very few sequences (3), LSTM may not train well
2026-08-01 19:13:32 | WARNING  | co2_forecast | Very few sequences (7), LSTM may not train well
2026-08-01 19:13:32 | WARNING  | co2_forecast | Very few sequences (3), LSTM may not train well
2026-08-01 19:13:32 | WARNING  | co2_forecast | Very few sequences (3), LSTM may not train well
2026-08-01 19:13:32 | WARNING  | co2_forecast | Model training failed with params {'lookback': 7, 'hidden_size': 36, 'num_layers': 1, 'dropout': 0.3135837455347443, 'learning_rate': 0.004451835018664915, 'batch_size': 16}: LSTM.fit: training data has 8 rows, giving only 1 sequence(s) with lookback=7; at least 2 are required (one is always reserved for validation). Reduce lookback or provide more training history.
2026-08-01 19:13:32 | WARNING  | co2_forecast | Very few sequences (2), LSTM may not train well
2026-08-01 19:13:33 | WARNING  | co2_forecast | Very few sequences (6), LSTM may not train well
2026-08-01 19:13:33 | WARNING  | co2_forecast | Very few sequences (2), LSTM may not train well
2026-08-01 19:13:33 | WARNING  | co2_forecast | Very few sequences (2), LSTM may not train well
2026-08-01 19:13:33 | INFO     | co2_forecast |   Iteration 5: Best fitness = 0.728967
2026-08-01 19:13:33 | WARNING  | co2_forecast | Very few sequences (2), LSTM may not train well
2026-08-01 19:13:33 | WARNING  | co2_forecast | Very few sequences (6), LSTM may not train well
2026-08-01 19:13:33 | WARNING  | co2_forecast | Very few sequences (2), LSTM may not train well
2026-08-01 19:13:33 | WARNING  | co2_forecast | Very few sequences (2), LSTM may not train well
2026-08-01 19:13:33 | WARNING  | co2_forecast | Very few sequences (3), LSTM may not train well
2026-08-01 19:13:34 | WARNING  | co2_forecast | Very few sequences (7), LSTM may not train well
2026-08-01 19:13:34 | WARNING  | co2_forecast | Very few sequences (3), LSTM may not train well
2026-08-01 19:13:34 | WARNING  | co2_forecast | Very few sequences (3), LSTM may not train well
2026-08-01 19:13:34 | WARNING  | co2_forecast | Very few sequences (3), LSTM may not train well
2026-08-01 19:13:34 | WARNING  | co2_forecast | Very few sequences (7), LSTM may not train well
2026-08-01 19:13:35 | WARNING  | co2_forecast | Very few sequences (3), LSTM may not train well
2026-08-01 19:13:35 | WARNING  | co2_forecast | Very few sequences (3), LSTM may not train well
2026-08-01 19:13:35 | WARNING  | co2_forecast | Very few sequences (2), LSTM may not train well
2026-08-01 19:13:35 | WARNING  | co2_forecast | Very few sequences (6), LSTM may not train well
2026-08-01 19:13:35 | WARNING  | co2_forecast | Very few sequences (2), LSTM may not train well
2026-08-01 19:13:36 | WARNING  | co2_forecast | Very few sequences (2), LSTM may not train well
2026-08-01 19:13:36 | WARNING  | co2_forecast | Model training failed with params {'lookback': 7, 'hidden_size': 29, 'num_layers': 1, 'dropout': 0.16575447423707784, 'learning_rate': 0.004526347612632504, 'batch_size': 16}: LSTM.fit: training data has 8 rows, giving only 1 sequence(s) with lookback=7; at least 2 are required (one is always reserved for validation). Reduce lookback or provide more training history.
2026-08-01 19:13:36 | WARNING  | co2_forecast | Very few sequences (2), LSTM may not train well
2026-08-01 19:13:36 | WARNING  | co2_forecast | Very few sequences (6), LSTM may not train well
2026-08-01 19:13:36 | WARNING  | co2_forecast | Very few sequences (2), LSTM may not train well
2026-08-01 19:13:36 | WARNING  | co2_forecast | Very few sequences (2), LSTM may not train well
2026-08-01 19:13:36 | WARNING  | co2_forecast | Very few sequences (4), LSTM may not train well
2026-08-01 19:13:36 | WARNING  | co2_forecast | Very few sequences (8), LSTM may not train well
2026-08-01 19:13:37 | WARNING  | co2_forecast | Very few sequences (4), LSTM may not train well
2026-08-01 19:13:37 | WARNING  | co2_forecast | Very few sequences (4), LSTM may not train well
2026-08-01 19:13:37 | WARNING  | co2_forecast | Very few sequences (2), LSTM may not train well
2026-08-01 19:13:37 | WARNING  | co2_forecast | Very few sequences (6), LSTM may not train well
2026-08-01 19:13:37 | WARNING  | co2_forecast | Very few sequences (2), LSTM may not train well
2026-08-01 19:13:37 | WARNING  | co2_forecast | Very few sequences (2), LSTM may not train well
2026-08-01 19:13:37 | WARNING  | co2_forecast | Very few sequences (3), LSTM may not train well
2026-08-01 19:13:37 | WARNING  | co2_forecast | Very few sequences (7), LSTM may not train well
2026-08-01 19:13:38 | WARNING  | co2_forecast | Very few sequences (3), LSTM may not train well
2026-08-01 19:13:38 | WARNING  | co2_forecast | Very few sequences (3), LSTM may not train well
2026-08-01 19:13:38 | WARNING  | co2_forecast | Very few sequences (3), LSTM may not train well
2026-08-01 19:13:38 | WARNING  | co2_forecast | Very few sequences (7), LSTM may not train well
2026-08-01 19:13:39 | WARNING  | co2_forecast | Very few sequences (3), LSTM may not train well
2026-08-01 19:13:39 | WARNING  | co2_forecast | Very few sequences (3), LSTM may not train well
2026-08-01 19:13:39 | INFO     | co2_forecast |   Iteration 7: Best fitness = 0.725202
2026-08-01 19:13:39 | INFO     | co2_forecast | PSO complete. Best fitness: 0.725202
2026-08-01 19:13:39 | INFO     | co2_forecast |   Best params: {'lookback': 6, 'hidden_size': 31, 'num_layers': 1, 'dropout': 0.1694126508516633, 'learning_rate': 0.0033271422438714182, 'batch_size': 8}
2026-08-01 19:13:39 | INFO     | co2_forecast |   Best fitness: 0.725202
2026-08-01 19:13:39 | INFO     | co2_forecast | [A4/panel2_common_period/all_features/lstm] sweep tuning: best_params={'lookback': 6, 'hidden_size': 31, 'num_layers': 1, 'dropout': 0.1694126508516633, 'learning_rate': 0.0033271422438714182, 'batch_size': 8}
2026-08-01 19:13:41 | INFO     | co2_forecast |   -> weighted_mase=0.9490328573272203, runtime=30.1s
2026-08-01 19:13:41 | INFO     | co2_forecast | Stream A complete: 20/20 candidates produced a result
2026-08-01 19:13:41 | INFO     | co2_forecast | Stream A saved: 20 cells, 540 predictions
2026-08-01 19:13:41 | INFO     | co2_forecast | ============================================================
2026-08-01 19:13:41 | INFO     | co2_forecast | Stream B: 4 configurations x 5 FS strategies x 5 models (100 candidates)
2026-08-01 19:13:41 | INFO     | co2_forecast | ============================================================
2026-08-01 19:13:41 | INFO     | co2_forecast | Running FS1-FS5 on A1 (11 candidate features)...
2026-08-01 19:13:41 | INFO     | co2_forecast | Creating walk-forward splits for 16 valid samples
2026-08-01 19:13:41 | INFO     | co2_forecast | Created 4 CV folds across horizons [1, 2, 4]
2026-08-01 19:13:41 | INFO     | co2_forecast | Built tuning CV plan: 4 folds from 16 rows before 2022-Q%q (evaluation cutoff) - isolation OK (max tuning date 2021-Q%q)
2026-08-01 19:13:41 | INFO     | co2_forecast | Running all feature selection options...
2026-08-01 19:13:41 | INFO     | co2_forecast | ==================================================
2026-08-01 19:13:41 | INFO     | co2_forecast | Running linear feature selection (FS_linear)...
2026-08-01 19:13:41 | INFO     | co2_forecast | Iteration 0: Removed 'Mobility_Residential' (VIF=599.07)
2026-08-01 19:13:41 | INFO     | co2_forecast | Iteration 1: Removed 'Mobility_Transit_Stations' (VIF=203.66)
2026-08-01 19:13:41 | INFO     | co2_forecast | Iteration 2: Removed 'Mobility_Retail_Recreation' (VIF=50.81)
2026-08-01 19:13:41 | INFO     | co2_forecast | Iteration 3: Removed 'Mobility_Workplaces' (VIF=16.99)
2026-08-01 19:13:41 | INFO     | co2_forecast | Iteration 4: Removed 'Mobility_Grocery_Pharmacy' (VIF=11.82)
2026-08-01 19:13:41 | INFO     | co2_forecast | VIF filter: 11 -> 6 features
2026-08-01 19:13:41 | INFO     | co2_forecast | Ridge stability: Selected 6 features (stability >= 0.5)
2026-08-01 19:13:41 | INFO     | co2_forecast | ElasticNet: Only 0 features passed threshold, adding top features to reach 3
2026-08-01 19:13:41 | INFO     | co2_forecast | ElasticNet stability: Selected 3 features (stability >= 0.5)
2026-08-01 19:13:41 | INFO     | co2_forecast | FS_linear final: 6 features selected
2026-08-01 19:13:41 | INFO     | co2_forecast | ==================================================
2026-08-01 19:13:41 | INFO     | co2_forecast | Running wrapper feature selection (FS_wrapper)...
2026-08-01 19:13:41 | INFO     | co2_forecast | ==================================================
2026-08-01 19:13:41 | INFO     | co2_forecast | Running ALL wrapper-based feature selection methods...
2026-08-01 19:13:41 | INFO     | co2_forecast | Running RFE feature selection (target: 5 features)...
2026-08-01 19:13:41 | INFO     | co2_forecast | RFE: Selected 9 features using ridge (stability >= 0.5 across 2 folds)
2026-08-01 19:13:41 | INFO     | co2_forecast | Running RFE feature selection (target: 5 features)...
2026-08-01 19:13:43 | INFO     | co2_forecast | RFE: Selected 7 features using random_forest (stability >= 0.5 across 2 folds)
2026-08-01 19:13:43 | INFO     | co2_forecast | Running Sequential Forward Selection (target: 5 features)...
2026-08-01 19:15:00 | INFO     | co2_forecast | SFS: Selected 5 features using ridge
2026-08-01 19:15:00 | INFO     | co2_forecast | Running Sequential Backward Selection (target: 5 features)...
2026-08-01 19:15:01 | INFO     | co2_forecast | SBS: Selected 5 features using ridge
2026-08-01 19:15:01 | INFO     | co2_forecast | Wrapper methods complete: 4 methods run
2026-08-01 19:15:01 | INFO     | co2_forecast | FS_wrapper final: 11 features selected
2026-08-01 19:15:01 | INFO     | co2_forecast | ==================================================
2026-08-01 19:15:01 | INFO     | co2_forecast | Running XGBoost-SHAP stability feature selection (FS_xgboost_shap)...
2026-08-01 19:15:01 | INFO     | co2_forecast | XGBoost-SHAP stability: Selected 5 features (stability >= 0.5)
2026-08-01 19:15:01 | INFO     | co2_forecast | FS_xgboost_shap final: 5 features selected
2026-08-01 19:15:01 | INFO     | co2_forecast | ==================================================
2026-08-01 19:15:01 | INFO     | co2_forecast | Running permutation stability feature selection (FS_permutation_stability)...
2026-08-01 19:15:01 | INFO     | co2_forecast | Permutation stability: Selected 5 features (stability >= 0.5)
2026-08-01 19:15:01 | INFO     | co2_forecast | FS_permutation_stability final: 5 features selected
2026-08-01 19:15:01 | INFO     | co2_forecast | ==================================================
2026-08-01 19:15:01 | INFO     | co2_forecast | Running consensus feature selection (FS_consensus)...
2026-08-01 19:15:01 | INFO     | co2_forecast | Vote-based selection: 10 features with >= 2 votes
2026-08-01 19:15:01 | INFO     | co2_forecast | FS_consensus final: 10 features selected
2026-08-01 19:15:01 | INFO     | co2_forecast | ==================================================
2026-08-01 19:15:01 | INFO     | co2_forecast | Total FS options: 5
2026-08-01 19:15:01 | INFO     | co2_forecast |   fs_linear: 6 features
2026-08-01 19:15:01 | INFO     | co2_forecast |   fs_wrapper: 11 features
2026-08-01 19:15:01 | INFO     | co2_forecast |   fs_xgboost_shap: 5 features
2026-08-01 19:15:01 | INFO     | co2_forecast |   fs_permutation_stability: 5 features
2026-08-01 19:15:01 | INFO     | co2_forecast |   fs_consensus: 10 features
2026-08-01 19:15:01 | INFO     | co2_forecast | Stream B cell: A1/fs_linear/ridge (6 features)
2026-08-01 19:15:01 | INFO     | co2_forecast | Creating walk-forward splits for 16 valid samples
2026-08-01 19:15:01 | INFO     | co2_forecast | Created 4 CV folds across horizons [1, 2, 4]
2026-08-01 19:15:01 | INFO     | co2_forecast | Built tuning CV plan: 4 folds from 16 rows before 2022-Q%q (evaluation cutoff) - isolation OK (max tuning date 2021-Q%q)
2026-08-01 19:15:01 | INFO     | co2_forecast | Optimizing ridge...
2026-08-01 19:15:01 | INFO     | co2_forecast | Starting PSO: 5 particles, 8 iterations
2026-08-01 19:15:01 | INFO     | co2_forecast |   Iteration 0: Best fitness = 2.775727
2026-08-01 19:15:02 | INFO     | co2_forecast |   Iteration 5: Best fitness = 2.143104
2026-08-01 19:15:02 | INFO     | co2_forecast |   Iteration 7: Best fitness = 2.143104
2026-08-01 19:15:02 | INFO     | co2_forecast | PSO complete. Best fitness: 2.143104
2026-08-01 19:15:02 | INFO     | co2_forecast |   Best params: {'alpha': 100.0}
2026-08-01 19:15:02 | INFO     | co2_forecast |   Best fitness: 2.143104
2026-08-01 19:15:02 | INFO     | co2_forecast | [A1/panel2_common_period/fs_linear/ridge] sweep tuning: best_params={'alpha': 100.0}
2026-08-01 19:15:02 | INFO     | co2_forecast |   -> weighted_mase=0.8796317971671495, runtime=0.7s
2026-08-01 19:15:02 | INFO     | co2_forecast | Stream B cell: A1/fs_linear/random_forest (6 features)
2026-08-01 19:15:02 | INFO     | co2_forecast | Creating walk-forward splits for 16 valid samples
2026-08-01 19:15:02 | INFO     | co2_forecast | Created 4 CV folds across horizons [1, 2, 4]
2026-08-01 19:15:02 | INFO     | co2_forecast | Built tuning CV plan: 4 folds from 16 rows before 2022-Q%q (evaluation cutoff) - isolation OK (max tuning date 2021-Q%q)
2026-08-01 19:15:02 | INFO     | co2_forecast | Optimizing random_forest...
2026-08-01 19:15:02 | INFO     | co2_forecast | Starting PSO: 5 particles, 8 iterations
2026-08-01 19:15:06 | INFO     | co2_forecast |   Iteration 0: Best fitness = 0.748939
2026-08-01 19:15:25 | INFO     | co2_forecast |   Iteration 5: Best fitness = 0.325243
2026-08-01 19:15:37 | INFO     | co2_forecast |   Iteration 7: Best fitness = 0.321195
2026-08-01 19:15:37 | INFO     | co2_forecast | PSO complete. Best fitness: 0.321195
2026-08-01 19:15:37 | INFO     | co2_forecast |   Best params: {'n_estimators': 182, 'max_depth': 3, 'min_samples_split': 2, 'min_samples_leaf': 1}
2026-08-01 19:15:37 | INFO     | co2_forecast |   Best fitness: 0.321195
2026-08-01 19:15:37 | INFO     | co2_forecast | [A1/panel2_common_period/fs_linear/random_forest] sweep tuning: best_params={'n_estimators': 182, 'max_depth': 3, 'min_samples_split': 2, 'min_samples_leaf': 1}
2026-08-01 19:15:38 | INFO     | co2_forecast |   -> weighted_mase=0.7113986869693464, runtime=36.2s
2026-08-01 19:15:38 | INFO     | co2_forecast | Stream B cell: A1/fs_linear/lightgbm (6 features)
2026-08-01 19:15:38 | INFO     | co2_forecast | Creating walk-forward splits for 16 valid samples
2026-08-01 19:15:38 | INFO     | co2_forecast | Created 4 CV folds across horizons [1, 2, 4]
2026-08-01 19:15:38 | INFO     | co2_forecast | Built tuning CV plan: 4 folds from 16 rows before 2022-Q%q (evaluation cutoff) - isolation OK (max tuning date 2021-Q%q)
2026-08-01 19:15:38 | INFO     | co2_forecast | Optimizing lightgbm...
2026-08-01 19:15:38 | INFO     | co2_forecast | Starting PSO: 5 particles, 8 iterations
2026-08-01 19:15:38 | INFO     | co2_forecast |   Iteration 0: Best fitness = 0.768990
2026-08-01 19:15:40 | INFO     | co2_forecast |   Iteration 5: Best fitness = 0.653962
2026-08-01 19:15:40 | INFO     | co2_forecast |   Iteration 7: Best fitness = 0.653962
2026-08-01 19:15:40 | INFO     | co2_forecast | PSO complete. Best fitness: 0.653962
2026-08-01 19:15:40 | INFO     | co2_forecast |   Best params: {'n_estimators': 164, 'learning_rate': 0.3, 'num_leaves': 127, 'max_depth': 10, 'min_child_samples': 6, 'reg_alpha': 0.001, 'reg_lambda': 0.001}
2026-08-01 19:15:40 | INFO     | co2_forecast |   Best fitness: 0.653962
2026-08-01 19:15:40 | INFO     | co2_forecast | [A1/panel2_common_period/fs_linear/lightgbm] sweep tuning: best_params={'n_estimators': 164, 'learning_rate': 0.3, 'num_leaves': 127, 'max_depth': 10, 'min_child_samples': 6, 'reg_alpha': 0.001, 'reg_lambda': 0.001}
2026-08-01 19:15:41 | INFO     | co2_forecast |   -> weighted_mase=0.7880111458925376, runtime=2.2s
2026-08-01 19:15:41 | INFO     | co2_forecast | Stream B cell: A1/fs_linear/catboost (6 features)
2026-08-01 19:15:41 | INFO     | co2_forecast | Creating walk-forward splits for 16 valid samples
2026-08-01 19:15:41 | INFO     | co2_forecast | Created 4 CV folds across horizons [1, 2, 4]
2026-08-01 19:15:41 | INFO     | co2_forecast | Built tuning CV plan: 4 folds from 16 rows before 2022-Q%q (evaluation cutoff) - isolation OK (max tuning date 2021-Q%q)
2026-08-01 19:15:41 | INFO     | co2_forecast | Optimizing catboost...
2026-08-01 19:15:41 | INFO     | co2_forecast | Starting PSO: 5 particles, 8 iterations
2026-08-01 19:21:27 | INFO     | co2_forecast |   Iteration 0: Best fitness = 0.293522
2026-08-01 19:45:50 | INFO     | co2_forecast |   Iteration 5: Best fitness = 0.270995
2026-08-01 19:54:57 | INFO     | co2_forecast |   Iteration 7: Best fitness = 0.270995
2026-08-01 19:54:57 | INFO     | co2_forecast | PSO complete. Best fitness: 0.270995
2026-08-01 19:54:57 | INFO     | co2_forecast |   Best params: {'iterations': 206, 'learning_rate': 0.18548569310579693, 'depth': 3, 'l2_leaf_reg': 8.731303322108246}
2026-08-01 19:54:57 | INFO     | co2_forecast |   Best fitness: 0.270995
2026-08-01 19:54:57 | INFO     | co2_forecast | [A1/panel2_common_period/fs_linear/catboost] sweep tuning: best_params={'iterations': 206, 'learning_rate': 0.18548569310579693, 'depth': 3, 'l2_leaf_reg': 8.731303322108246}
2026-08-01 19:55:10 | INFO     | co2_forecast |   -> weighted_mase=0.6548666323253567, runtime=2369.1s
2026-08-01 19:55:10 | INFO     | co2_forecast | Stream B cell: A1/fs_linear/lstm (6 features)
2026-08-01 19:55:10 | INFO     | co2_forecast | Creating walk-forward splits for 16 valid samples
2026-08-01 19:55:10 | INFO     | co2_forecast | Created 4 CV folds across horizons [1, 2, 4]
2026-08-01 19:55:10 | INFO     | co2_forecast | Built tuning CV plan: 4 folds from 16 rows before 2022-Q%q (evaluation cutoff) - isolation OK (max tuning date 2021-Q%q)
2026-08-01 19:55:10 | INFO     | co2_forecast | Optimizing lstm...
2026-08-01 19:55:10 | INFO     | co2_forecast | Starting PSO: 5 particles, 8 iterations
2026-08-01 19:55:10 | WARNING  | co2_forecast | Model training failed with params {'lookback': 7, 'hidden_size': 62, 'num_layers': 2, 'dropout': 0.3394633936788146, 'learning_rate': 0.0016445845403801217, 'batch_size': 8}: LSTM.fit: training data has 8 rows, giving only 1 sequence(s) with lookback=7; at least 2 are required (one is always reserved for validation). Reduce lookback or provide more training history.
2026-08-01 19:55:10 | WARNING  | co2_forecast | Model training failed with params {'lookback': 11, 'hidden_size': 26, 'num_layers': 1, 'dropout': 0.17336180394137352, 'learning_rate': 0.0031119982052994237, 'batch_size': 16}: LSTM.fit: training data has 8 rows, giving only 0 sequence(s) with lookback=11; at least 2 are required (one is always reserved for validation). Reduce lookback or provide more training history.
2026-08-01 19:55:10 | WARNING  | co2_forecast | Model training failed with params {'lookback': 8, 'hidden_size': 54, 'num_layers': 1, 'dropout': 0.3056937753654446, 'learning_rate': 0.005964904231734221, 'batch_size': 8}: LSTM.fit: training data has 8 rows, giving only 0 sequence(s) with lookback=8; at least 2 are required (one is always reserved for validation). Reduce lookback or provide more training history.
2026-08-01 19:55:10 | WARNING  | co2_forecast | Very few sequences (2), LSTM may not train well
2026-08-01 19:55:10 | WARNING  | co2_forecast | Very few sequences (6), LSTM may not train well
2026-08-01 19:55:10 | WARNING  | co2_forecast | Very few sequences (2), LSTM may not train well
2026-08-01 19:55:10 | WARNING  | co2_forecast | Very few sequences (2), LSTM may not train well
2026-08-01 19:55:10 | WARNING  | co2_forecast | Model training failed with params {'lookback': 8, 'hidden_size': 25, 'num_layers': 2, 'dropout': 0.4100531293444458, 'learning_rate': 0.009401039521485473, 'batch_size': 32}: LSTM.fit: training data has 8 rows, giving only 0 sequence(s) with lookback=8; at least 2 are required (one is always reserved for validation). Reduce lookback or provide more training history.
2026-08-01 19:55:10 | INFO     | co2_forecast |   Iteration 0: Best fitness = 1.097285
2026-08-01 19:55:10 | WARNING  | co2_forecast | Very few sequences (3), LSTM may not train well
2026-08-01 19:55:10 | WARNING  | co2_forecast | Very few sequences (7), LSTM may not train well
2026-08-01 19:55:11 | WARNING  | co2_forecast | Very few sequences (3), LSTM may not train well
2026-08-01 19:55:11 | WARNING  | co2_forecast | Very few sequences (3), LSTM may not train well
2026-08-01 19:55:11 | WARNING  | co2_forecast | Very few sequences (2), LSTM may not train well
2026-08-01 19:55:11 | WARNING  | co2_forecast | Very few sequences (6), LSTM may not train well
2026-08-01 19:55:12 | WARNING  | co2_forecast | Very few sequences (2), LSTM may not train well
2026-08-01 19:55:12 | WARNING  | co2_forecast | Very few sequences (2), LSTM may not train well
2026-08-01 19:55:12 | WARNING  | co2_forecast | Model training failed with params {'lookback': 8, 'hidden_size': 44, 'num_layers': 1, 'dropout': 0.3238975389966341, 'learning_rate': 0.005520634690128072, 'batch_size': 8}: LSTM.fit: training data has 8 rows, giving only 0 sequence(s) with lookback=8; at least 2 are required (one is always reserved for validation). Reduce lookback or provide more training history.
2026-08-01 19:55:12 | WARNING  | co2_forecast | Very few sequences (3), LSTM may not train well
2026-08-01 19:55:12 | WARNING  | co2_forecast | Very few sequences (7), LSTM may not train well
2026-08-01 19:55:13 | WARNING  | co2_forecast | Very few sequences (3), LSTM may not train well
2026-08-01 19:55:13 | WARNING  | co2_forecast | Very few sequences (3), LSTM may not train well
2026-08-01 19:55:13 | WARNING  | co2_forecast | Very few sequences (2), LSTM may not train well
2026-08-01 19:55:13 | WARNING  | co2_forecast | Very few sequences (6), LSTM may not train well
2026-08-01 19:55:14 | WARNING  | co2_forecast | Very few sequences (2), LSTM may not train well
2026-08-01 19:55:15 | WARNING  | co2_forecast | Very few sequences (2), LSTM may not train well
2026-08-01 19:55:16 | WARNING  | co2_forecast | Very few sequences (4), LSTM may not train well
2026-08-01 19:55:16 | WARNING  | co2_forecast | Very few sequences (8), LSTM may not train well
2026-08-01 19:55:16 | WARNING  | co2_forecast | Very few sequences (4), LSTM may not train well
2026-08-01 19:55:17 | WARNING  | co2_forecast | Very few sequences (4), LSTM may not train well
2026-08-01 19:55:17 | WARNING  | co2_forecast | Very few sequences (4), LSTM may not train well
2026-08-01 19:55:17 | WARNING  | co2_forecast | Very few sequences (8), LSTM may not train well
2026-08-01 19:55:18 | WARNING  | co2_forecast | Very few sequences (4), LSTM may not train well
2026-08-01 19:55:18 | WARNING  | co2_forecast | Very few sequences (4), LSTM may not train well
2026-08-01 19:55:18 | WARNING  | co2_forecast | Model training failed with params {'lookback': 7, 'hidden_size': 33, 'num_layers': 1, 'dropout': 0.3174646446740698, 'learning_rate': 0.004142028037008457, 'batch_size': 16}: LSTM.fit: training data has 8 rows, giving only 1 sequence(s) with lookback=7; at least 2 are required (one is always reserved for validation). Reduce lookback or provide more training history.
2026-08-01 19:55:18 | WARNING  | co2_forecast | Very few sequences (3), LSTM may not train well
2026-08-01 19:55:18 | WARNING  | co2_forecast | Very few sequences (7), LSTM may not train well
2026-08-01 19:55:18 | WARNING  | co2_forecast | Very few sequences (3), LSTM may not train well
2026-08-01 19:55:19 | WARNING  | co2_forecast | Very few sequences (3), LSTM may not train well
2026-08-01 19:55:19 | WARNING  | co2_forecast | Very few sequences (4), LSTM may not train well
2026-08-01 19:55:19 | WARNING  | co2_forecast | Very few sequences (8), LSTM may not train well
2026-08-01 19:55:20 | WARNING  | co2_forecast | Very few sequences (4), LSTM may not train well
2026-08-01 19:55:20 | WARNING  | co2_forecast | Very few sequences (4), LSTM may not train well
2026-08-01 19:55:20 | WARNING  | co2_forecast | Very few sequences (4), LSTM may not train well
2026-08-01 19:55:20 | WARNING  | co2_forecast | Very few sequences (8), LSTM may not train well
2026-08-01 19:55:21 | WARNING  | co2_forecast | Very few sequences (4), LSTM may not train well
2026-08-01 19:55:21 | WARNING  | co2_forecast | Very few sequences (4), LSTM may not train well
2026-08-01 19:55:21 | WARNING  | co2_forecast | Very few sequences (4), LSTM may not train well
2026-08-01 19:55:21 | WARNING  | co2_forecast | Very few sequences (8), LSTM may not train well
2026-08-01 19:55:22 | WARNING  | co2_forecast | Very few sequences (4), LSTM may not train well
2026-08-01 19:55:22 | WARNING  | co2_forecast | Very few sequences (4), LSTM may not train well
2026-08-01 19:55:22 | WARNING  | co2_forecast | Very few sequences (2), LSTM may not train well
2026-08-01 19:55:22 | WARNING  | co2_forecast | Very few sequences (6), LSTM may not train well
2026-08-01 19:55:22 | WARNING  | co2_forecast | Very few sequences (2), LSTM may not train well
2026-08-01 19:55:22 | WARNING  | co2_forecast | Very few sequences (2), LSTM may not train well
2026-08-01 19:55:23 | WARNING  | co2_forecast | Very few sequences (4), LSTM may not train well
2026-08-01 19:55:23 | WARNING  | co2_forecast | Very few sequences (8), LSTM may not train well
2026-08-01 19:55:23 | WARNING  | co2_forecast | Very few sequences (4), LSTM may not train well
2026-08-01 19:55:23 | WARNING  | co2_forecast | Very few sequences (4), LSTM may not train well
2026-08-01 19:55:24 | WARNING  | co2_forecast | Very few sequences (4), LSTM may not train well
2026-08-01 19:55:24 | WARNING  | co2_forecast | Very few sequences (8), LSTM may not train well
2026-08-01 19:55:25 | WARNING  | co2_forecast | Very few sequences (4), LSTM may not train well
2026-08-01 19:55:25 | WARNING  | co2_forecast | Very few sequences (4), LSTM may not train well
2026-08-01 19:55:25 | WARNING  | co2_forecast | Very few sequences (4), LSTM may not train well
2026-08-01 19:55:25 | WARNING  | co2_forecast | Very few sequences (8), LSTM may not train well
2026-08-01 19:55:26 | WARNING  | co2_forecast | Very few sequences (4), LSTM may not train well
2026-08-01 19:55:26 | WARNING  | co2_forecast | Very few sequences (4), LSTM may not train well
2026-08-01 19:55:26 | WARNING  | co2_forecast | Very few sequences (4), LSTM may not train well
2026-08-01 19:55:26 | WARNING  | co2_forecast | Very few sequences (8), LSTM may not train well
2026-08-01 19:55:27 | WARNING  | co2_forecast | Very few sequences (4), LSTM may not train well
2026-08-01 19:55:27 | WARNING  | co2_forecast | Very few sequences (4), LSTM may not train well
2026-08-01 19:55:27 | WARNING  | co2_forecast | Very few sequences (3), LSTM may not train well
2026-08-01 19:55:27 | WARNING  | co2_forecast | Very few sequences (7), LSTM may not train well
2026-08-01 19:55:28 | WARNING  | co2_forecast | Very few sequences (3), LSTM may not train well
2026-08-01 19:55:28 | WARNING  | co2_forecast | Very few sequences (3), LSTM may not train well
2026-08-01 19:55:28 | WARNING  | co2_forecast | Very few sequences (4), LSTM may not train well
2026-08-01 19:55:28 | WARNING  | co2_forecast | Very few sequences (8), LSTM may not train well
2026-08-01 19:55:29 | WARNING  | co2_forecast | Very few sequences (4), LSTM may not train well
2026-08-01 19:55:29 | WARNING  | co2_forecast | Very few sequences (4), LSTM may not train well
2026-08-01 19:55:29 | WARNING  | co2_forecast | Very few sequences (4), LSTM may not train well
2026-08-01 19:55:29 | WARNING  | co2_forecast | Very few sequences (8), LSTM may not train well
2026-08-01 19:55:30 | WARNING  | co2_forecast | Very few sequences (4), LSTM may not train well
2026-08-01 19:55:30 | WARNING  | co2_forecast | Very few sequences (4), LSTM may not train well
2026-08-01 19:55:30 | WARNING  | co2_forecast | Very few sequences (4), LSTM may not train well
2026-08-01 19:55:30 | WARNING  | co2_forecast | Very few sequences (8), LSTM may not train well
2026-08-01 19:55:31 | WARNING  | co2_forecast | Very few sequences (4), LSTM may not train well
2026-08-01 19:55:31 | WARNING  | co2_forecast | Very few sequences (4), LSTM may not train well
2026-08-01 19:55:31 | WARNING  | co2_forecast | Very few sequences (4), LSTM may not train well
2026-08-01 19:55:32 | WARNING  | co2_forecast | Very few sequences (8), LSTM may not train well
2026-08-01 19:55:32 | WARNING  | co2_forecast | Very few sequences (4), LSTM may not train well
2026-08-01 19:55:33 | WARNING  | co2_forecast | Very few sequences (4), LSTM may not train well
2026-08-01 19:55:33 | WARNING  | co2_forecast | Very few sequences (4), LSTM may not train well
2026-08-01 19:55:33 | WARNING  | co2_forecast | Very few sequences (8), LSTM may not train well
2026-08-01 19:55:34 | WARNING  | co2_forecast | Very few sequences (4), LSTM may not train well
2026-08-01 19:55:34 | WARNING  | co2_forecast | Very few sequences (4), LSTM may not train well
2026-08-01 19:55:34 | WARNING  | co2_forecast | Very few sequences (4), LSTM may not train well
2026-08-01 19:55:34 | WARNING  | co2_forecast | Very few sequences (8), LSTM may not train well
2026-08-01 19:55:35 | WARNING  | co2_forecast | Very few sequences (4), LSTM may not train well
2026-08-01 19:55:35 | WARNING  | co2_forecast | Very few sequences (4), LSTM may not train well
2026-08-01 19:55:35 | WARNING  | co2_forecast | Very few sequences (4), LSTM may not train well
2026-08-01 19:55:35 | WARNING  | co2_forecast | Very few sequences (8), LSTM may not train well
2026-08-01 19:55:36 | WARNING  | co2_forecast | Very few sequences (4), LSTM may not train well
2026-08-01 19:55:36 | WARNING  | co2_forecast | Very few sequences (4), LSTM may not train well
2026-08-01 19:55:36 | INFO     | co2_forecast |   Iteration 5: Best fitness = 0.764094
2026-08-01 19:55:36 | WARNING  | co2_forecast | Very few sequences (4), LSTM may not train well
2026-08-01 19:55:36 | WARNING  | co2_forecast | Very few sequences (8), LSTM may not train well
2026-08-01 19:55:37 | WARNING  | co2_forecast | Very few sequences (4), LSTM may not train well
2026-08-01 19:55:37 | WARNING  | co2_forecast | Very few sequences (4), LSTM may not train well
2026-08-01 19:55:37 | WARNING  | co2_forecast | Very few sequences (4), LSTM may not train well
2026-08-01 19:55:37 | WARNING  | co2_forecast | Very few sequences (8), LSTM may not train well
2026-08-01 19:55:38 | WARNING  | co2_forecast | Very few sequences (4), LSTM may not train well
2026-08-01 19:55:38 | WARNING  | co2_forecast | Very few sequences (4), LSTM may not train well
2026-08-01 19:55:38 | WARNING  | co2_forecast | Very few sequences (4), LSTM may not train well
2026-08-01 19:55:38 | WARNING  | co2_forecast | Very few sequences (8), LSTM may not train well
2026-08-01 19:55:39 | WARNING  | co2_forecast | Very few sequences (4), LSTM may not train well
2026-08-01 19:55:39 | WARNING  | co2_forecast | Very few sequences (4), LSTM may not train well
2026-08-01 19:55:39 | WARNING  | co2_forecast | Very few sequences (4), LSTM may not train well
2026-08-01 19:55:40 | WARNING  | co2_forecast | Very few sequences (8), LSTM may not train well
2026-08-01 19:55:40 | WARNING  | co2_forecast | Very few sequences (4), LSTM may not train well
2026-08-01 19:55:41 | WARNING  | co2_forecast | Very few sequences (4), LSTM may not train well
2026-08-01 19:55:41 | WARNING  | co2_forecast | Very few sequences (4), LSTM may not train well
2026-08-01 19:55:41 | WARNING  | co2_forecast | Very few sequences (8), LSTM may not train well
2026-08-01 19:55:42 | WARNING  | co2_forecast | Very few sequences (4), LSTM may not train well
2026-08-01 19:55:42 | WARNING  | co2_forecast | Very few sequences (4), LSTM may not train well
2026-08-01 19:55:42 | WARNING  | co2_forecast | Very few sequences (4), LSTM may not train well
2026-08-01 19:55:42 | WARNING  | co2_forecast | Very few sequences (8), LSTM may not train well
2026-08-01 19:55:43 | WARNING  | co2_forecast | Very few sequences (4), LSTM may not train well
2026-08-01 19:55:43 | WARNING  | co2_forecast | Very few sequences (4), LSTM may not train well
2026-08-01 19:55:43 | WARNING  | co2_forecast | Very few sequences (4), LSTM may not train well
2026-08-01 19:55:43 | WARNING  | co2_forecast | Very few sequences (8), LSTM may not train well
2026-08-01 19:55:44 | WARNING  | co2_forecast | Very few sequences (4), LSTM may not train well
2026-08-01 19:55:44 | WARNING  | co2_forecast | Very few sequences (4), LSTM may not train well
2026-08-01 19:55:44 | WARNING  | co2_forecast | Very few sequences (4), LSTM may not train well
2026-08-01 19:55:44 | WARNING  | co2_forecast | Very few sequences (8), LSTM may not train well
2026-08-01 19:55:45 | WARNING  | co2_forecast | Very few sequences (4), LSTM may not train well
2026-08-01 19:55:45 | WARNING  | co2_forecast | Very few sequences (4), LSTM may not train well
2026-08-01 19:55:45 | WARNING  | co2_forecast | Very few sequences (4), LSTM may not train well
2026-08-01 19:55:45 | WARNING  | co2_forecast | Very few sequences (8), LSTM may not train well
2026-08-01 19:55:46 | WARNING  | co2_forecast | Very few sequences (4), LSTM may not train well
2026-08-01 19:55:46 | WARNING  | co2_forecast | Very few sequences (4), LSTM may not train well
2026-08-01 19:55:46 | WARNING  | co2_forecast | Very few sequences (4), LSTM may not train well
2026-08-01 19:55:47 | WARNING  | co2_forecast | Very few sequences (8), LSTM may not train well
2026-08-01 19:55:47 | WARNING  | co2_forecast | Very few sequences (4), LSTM may not train well
2026-08-01 19:55:48 | WARNING  | co2_forecast | Very few sequences (4), LSTM may not train well
2026-08-01 19:55:48 | INFO     | co2_forecast |   Iteration 7: Best fitness = 0.764094
2026-08-01 19:55:48 | INFO     | co2_forecast | PSO complete. Best fitness: 0.764094
2026-08-01 19:55:48 | INFO     | co2_forecast |   Best params: {'lookback': 4, 'hidden_size': 16, 'num_layers': 2, 'dropout': 0.5, 'learning_rate': 0.0001, 'batch_size': 32}
2026-08-01 19:55:48 | INFO     | co2_forecast |   Best fitness: 0.764094
2026-08-01 19:55:48 | INFO     | co2_forecast | [A1/panel2_common_period/fs_linear/lstm] sweep tuning: best_params={'lookback': 4, 'hidden_size': 16, 'num_layers': 2, 'dropout': 0.5, 'learning_rate': 0.0001, 'batch_size': 32}
2026-08-01 19:55:50 | INFO     | co2_forecast |   -> weighted_mase=1.0246371666122587, runtime=40.5s
2026-08-01 19:55:50 | INFO     | co2_forecast | Stream B cell: A1/fs_wrapper/ridge (11 features)
2026-08-01 19:55:50 | INFO     | co2_forecast | Creating walk-forward splits for 16 valid samples
2026-08-01 19:55:50 | INFO     | co2_forecast | Created 4 CV folds across horizons [1, 2, 4]
2026-08-01 19:55:50 | INFO     | co2_forecast | Built tuning CV plan: 4 folds from 16 rows before 2022-Q%q (evaluation cutoff) - isolation OK (max tuning date 2021-Q%q)
2026-08-01 19:55:50 | INFO     | co2_forecast | Optimizing ridge...
2026-08-01 19:55:50 | INFO     | co2_forecast | Starting PSO: 5 particles, 8 iterations
2026-08-01 19:55:50 | INFO     | co2_forecast |   Iteration 0: Best fitness = 2.764518
2026-08-01 19:55:51 | INFO     | co2_forecast |   Iteration 5: Best fitness = 2.134233
2026-08-01 19:55:51 | INFO     | co2_forecast |   Iteration 7: Best fitness = 2.134233
2026-08-01 19:55:51 | INFO     | co2_forecast | PSO complete. Best fitness: 2.134233
2026-08-01 19:55:51 | INFO     | co2_forecast |   Best params: {'alpha': 100.0}
2026-08-01 19:55:51 | INFO     | co2_forecast |   Best fitness: 2.134233
2026-08-01 19:55:51 | INFO     | co2_forecast | [A1/panel2_common_period/fs_wrapper/ridge] sweep tuning: best_params={'alpha': 100.0}
2026-08-01 19:55:51 | INFO     | co2_forecast |   -> weighted_mase=0.9051731374752952, runtime=0.6s
2026-08-01 19:55:51 | INFO     | co2_forecast | Stream B cell: A1/fs_wrapper/random_forest (11 features)
2026-08-01 19:55:51 | INFO     | co2_forecast | Creating walk-forward splits for 16 valid samples
2026-08-01 19:55:51 | INFO     | co2_forecast | Created 4 CV folds across horizons [1, 2, 4]
2026-08-01 19:55:51 | INFO     | co2_forecast | Built tuning CV plan: 4 folds from 16 rows before 2022-Q%q (evaluation cutoff) - isolation OK (max tuning date 2021-Q%q)
2026-08-01 19:55:51 | INFO     | co2_forecast | Optimizing random_forest...
2026-08-01 19:55:51 | INFO     | co2_forecast | Starting PSO: 5 particles, 8 iterations
2026-08-01 19:55:55 | INFO     | co2_forecast |   Iteration 0: Best fitness = 0.748939
2026-08-01 19:56:15 | INFO     | co2_forecast |   Iteration 5: Best fitness = 0.314876
2026-08-01 19:56:22 | INFO     | co2_forecast |   Iteration 7: Best fitness = 0.314876
2026-08-01 19:56:22 | INFO     | co2_forecast | PSO complete. Best fitness: 0.314876
2026-08-01 19:56:22 | INFO     | co2_forecast |   Best params: {'n_estimators': 98, 'max_depth': 3, 'min_samples_split': 2, 'min_samples_leaf': 1}
2026-08-01 19:56:22 | INFO     | co2_forecast |   Best fitness: 0.314876
2026-08-01 19:56:22 | INFO     | co2_forecast | [A1/panel2_common_period/fs_wrapper/random_forest] sweep tuning: best_params={'n_estimators': 98, 'max_depth': 3, 'min_samples_split': 2, 'min_samples_leaf': 1}
2026-08-01 19:56:23 | INFO     | co2_forecast |   -> weighted_mase=0.7471041069090252, runtime=32.6s
2026-08-01 19:56:23 | INFO     | co2_forecast | Stream B cell: A1/fs_wrapper/lightgbm (11 features)
2026-08-01 19:56:23 | INFO     | co2_forecast | Creating walk-forward splits for 16 valid samples
2026-08-01 19:56:23 | INFO     | co2_forecast | Created 4 CV folds across horizons [1, 2, 4]
2026-08-01 19:56:23 | INFO     | co2_forecast | Built tuning CV plan: 4 folds from 16 rows before 2022-Q%q (evaluation cutoff) - isolation OK (max tuning date 2021-Q%q)
2026-08-01 19:56:23 | INFO     | co2_forecast | Optimizing lightgbm...
2026-08-01 19:56:23 | INFO     | co2_forecast | Starting PSO: 5 particles, 8 iterations
2026-08-01 19:56:24 | INFO     | co2_forecast |   Iteration 0: Best fitness = 0.768990
2026-08-01 19:56:25 | INFO     | co2_forecast |   Iteration 5: Best fitness = 0.653962
2026-08-01 19:56:27 | INFO     | co2_forecast |   Iteration 7: Best fitness = 0.653962
2026-08-01 19:56:27 | INFO     | co2_forecast | PSO complete. Best fitness: 0.653962
2026-08-01 19:56:27 | INFO     | co2_forecast |   Best params: {'n_estimators': 164, 'learning_rate': 0.3, 'num_leaves': 127, 'max_depth': 10, 'min_child_samples': 6, 'reg_alpha': 0.001, 'reg_lambda': 0.001}
2026-08-01 19:56:27 | INFO     | co2_forecast |   Best fitness: 0.653962
2026-08-01 19:56:27 | INFO     | co2_forecast | [A1/panel2_common_period/fs_wrapper/lightgbm] sweep tuning: best_params={'n_estimators': 164, 'learning_rate': 0.3, 'num_leaves': 127, 'max_depth': 10, 'min_child_samples': 6, 'reg_alpha': 0.001, 'reg_lambda': 0.001}
2026-08-01 19:56:27 | INFO     | co2_forecast |   -> weighted_mase=0.7610224286063254, runtime=4.0s
2026-08-01 19:56:27 | INFO     | co2_forecast | Stream B cell: A1/fs_wrapper/catboost (11 features)
2026-08-01 19:56:27 | INFO     | co2_forecast | Creating walk-forward splits for 16 valid samples
2026-08-01 19:56:27 | INFO     | co2_forecast | Created 4 CV folds across horizons [1, 2, 4]
2026-08-01 19:56:27 | INFO     | co2_forecast | Built tuning CV plan: 4 folds from 16 rows before 2022-Q%q (evaluation cutoff) - isolation OK (max tuning date 2021-Q%q)
2026-08-01 19:56:27 | INFO     | co2_forecast | Optimizing catboost...
2026-08-01 19:56:27 | INFO     | co2_forecast | Starting PSO: 5 particles, 8 iterations
2026-08-01 20:02:59 | INFO     | co2_forecast |   Iteration 0: Best fitness = 0.304603
2026-08-01 20:33:48 | INFO     | co2_forecast |   Iteration 5: Best fitness = 0.283234
2026-08-01 20:44:21 | INFO     | co2_forecast |   Iteration 7: Best fitness = 0.280292
2026-08-01 20:44:21 | INFO     | co2_forecast | PSO complete. Best fitness: 0.280292
2026-08-01 20:44:21 | INFO     | co2_forecast |   Best params: {'iterations': 209, 'learning_rate': 0.18274991866954116, 'depth': 4, 'l2_leaf_reg': 8.182426570824473}
2026-08-01 20:44:21 | INFO     | co2_forecast |   Best fitness: 0.280292
2026-08-01 20:44:21 | INFO     | co2_forecast | [A1/panel2_common_period/fs_wrapper/catboost] sweep tuning: best_params={'iterations': 209, 'learning_rate': 0.18274991866954116, 'depth': 4, 'l2_leaf_reg': 8.182426570824473}
2026-08-01 20:44:38 | INFO     | co2_forecast |   -> weighted_mase=0.6294096386011814, runtime=2891.0s
2026-08-01 20:44:38 | INFO     | co2_forecast | Stream B cell: A1/fs_wrapper/lstm (11 features)
2026-08-01 20:44:38 | INFO     | co2_forecast | Creating walk-forward splits for 16 valid samples
2026-08-01 20:44:38 | INFO     | co2_forecast | Created 4 CV folds across horizons [1, 2, 4]
2026-08-01 20:44:38 | INFO     | co2_forecast | Built tuning CV plan: 4 folds from 16 rows before 2022-Q%q (evaluation cutoff) - isolation OK (max tuning date 2021-Q%q)
2026-08-01 20:44:38 | INFO     | co2_forecast | Optimizing lstm...
2026-08-01 20:44:38 | INFO     | co2_forecast | Starting PSO: 5 particles, 8 iterations
2026-08-01 20:44:38 | WARNING  | co2_forecast | Model training failed with params {'lookback': 7, 'hidden_size': 62, 'num_layers': 2, 'dropout': 0.3394633936788146, 'learning_rate': 0.0016445845403801217, 'batch_size': 8}: LSTM.fit: training data has 8 rows, giving only 1 sequence(s) with lookback=7; at least 2 are required (one is always reserved for validation). Reduce lookback or provide more training history.
2026-08-01 20:44:38 | WARNING  | co2_forecast | Model training failed with params {'lookback': 11, 'hidden_size': 26, 'num_layers': 1, 'dropout': 0.17336180394137352, 'learning_rate': 0.0031119982052994237, 'batch_size': 16}: LSTM.fit: training data has 8 rows, giving only 0 sequence(s) with lookback=11; at least 2 are required (one is always reserved for validation). Reduce lookback or provide more training history.
2026-08-01 20:44:38 | WARNING  | co2_forecast | Model training failed with params {'lookback': 8, 'hidden_size': 54, 'num_layers': 1, 'dropout': 0.3056937753654446, 'learning_rate': 0.005964904231734221, 'batch_size': 8}: LSTM.fit: training data has 8 rows, giving only 0 sequence(s) with lookback=8; at least 2 are required (one is always reserved for validation). Reduce lookback or provide more training history.
2026-08-01 20:44:38 | WARNING  | co2_forecast | Very few sequences (2), LSTM may not train well
2026-08-01 20:44:38 | WARNING  | co2_forecast | Very few sequences (6), LSTM may not train well
2026-08-01 20:44:39 | WARNING  | co2_forecast | Very few sequences (2), LSTM may not train well
2026-08-01 20:44:39 | WARNING  | co2_forecast | Very few sequences (2), LSTM may not train well
2026-08-01 20:44:39 | WARNING  | co2_forecast | Model training failed with params {'lookback': 8, 'hidden_size': 25, 'num_layers': 2, 'dropout': 0.4100531293444458, 'learning_rate': 0.009401039521485473, 'batch_size': 32}: LSTM.fit: training data has 8 rows, giving only 0 sequence(s) with lookback=8; at least 2 are required (one is always reserved for validation). Reduce lookback or provide more training history.
2026-08-01 20:44:39 | INFO     | co2_forecast |   Iteration 0: Best fitness = 0.996182
2026-08-01 20:44:39 | WARNING  | co2_forecast | Very few sequences (3), LSTM may not train well
2026-08-01 20:44:39 | WARNING  | co2_forecast | Very few sequences (7), LSTM may not train well
2026-08-01 20:44:40 | WARNING  | co2_forecast | Very few sequences (3), LSTM may not train well
2026-08-01 20:44:41 | WARNING  | co2_forecast | Very few sequences (3), LSTM may not train well
2026-08-01 20:44:41 | WARNING  | co2_forecast | Very few sequences (2), LSTM may not train well
2026-08-01 20:44:41 | WARNING  | co2_forecast | Very few sequences (6), LSTM may not train well
2026-08-01 20:44:41 | WARNING  | co2_forecast | Very few sequences (2), LSTM may not train well
2026-08-01 20:44:41 | WARNING  | co2_forecast | Very few sequences (2), LSTM may not train well
2026-08-01 20:44:41 | WARNING  | co2_forecast | Model training failed with params {'lookback': 8, 'hidden_size': 44, 'num_layers': 1, 'dropout': 0.3238975389966341, 'learning_rate': 0.005520634690128072, 'batch_size': 8}: LSTM.fit: training data has 8 rows, giving only 0 sequence(s) with lookback=8; at least 2 are required (one is always reserved for validation). Reduce lookback or provide more training history.
2026-08-01 20:44:41 | WARNING  | co2_forecast | Very few sequences (3), LSTM may not train well
2026-08-01 20:44:42 | WARNING  | co2_forecast | Very few sequences (7), LSTM may not train well
2026-08-01 20:44:42 | WARNING  | co2_forecast | Very few sequences (3), LSTM may not train well
2026-08-01 20:44:42 | WARNING  | co2_forecast | Very few sequences (3), LSTM may not train well
2026-08-01 20:44:42 | WARNING  | co2_forecast | Very few sequences (2), LSTM may not train well
2026-08-01 20:44:42 | WARNING  | co2_forecast | Very few sequences (6), LSTM may not train well
2026-08-01 20:44:43 | WARNING  | co2_forecast | Very few sequences (2), LSTM may not train well
2026-08-01 20:44:44 | WARNING  | co2_forecast | Very few sequences (2), LSTM may not train well
2026-08-01 20:44:44 | WARNING  | co2_forecast | Very few sequences (4), LSTM may not train well
2026-08-01 20:44:44 | WARNING  | co2_forecast | Very few sequences (8), LSTM may not train well
2026-08-01 20:44:45 | WARNING  | co2_forecast | Very few sequences (4), LSTM may not train well
2026-08-01 20:44:45 | WARNING  | co2_forecast | Very few sequences (4), LSTM may not train well
2026-08-01 20:44:45 | WARNING  | co2_forecast | Very few sequences (4), LSTM may not train well
2026-08-01 20:44:45 | WARNING  | co2_forecast | Very few sequences (8), LSTM may not train well
2026-08-01 20:44:46 | WARNING  | co2_forecast | Very few sequences (4), LSTM may not train well
2026-08-01 20:44:46 | WARNING  | co2_forecast | Very few sequences (4), LSTM may not train well
2026-08-01 20:44:47 | WARNING  | co2_forecast | Model training failed with params {'lookback': 7, 'hidden_size': 33, 'num_layers': 1, 'dropout': 0.3174646446740698, 'learning_rate': 0.004142028037008457, 'batch_size': 16}: LSTM.fit: training data has 8 rows, giving only 1 sequence(s) with lookback=7; at least 2 are required (one is always reserved for validation). Reduce lookback or provide more training history.
2026-08-01 20:44:47 | WARNING  | co2_forecast | Very few sequences (3), LSTM may not train well
2026-08-01 20:44:47 | WARNING  | co2_forecast | Very few sequences (7), LSTM may not train well
2026-08-01 20:44:47 | WARNING  | co2_forecast | Very few sequences (3), LSTM may not train well
2026-08-01 20:44:48 | WARNING  | co2_forecast | Very few sequences (3), LSTM may not train well
2026-08-01 20:44:48 | WARNING  | co2_forecast | Very few sequences (4), LSTM may not train well
2026-08-01 20:44:48 | WARNING  | co2_forecast | Very few sequences (8), LSTM may not train well
2026-08-01 20:44:49 | WARNING  | co2_forecast | Very few sequences (4), LSTM may not train well
2026-08-01 20:44:49 | WARNING  | co2_forecast | Very few sequences (4), LSTM may not train well
2026-08-01 20:44:49 | WARNING  | co2_forecast | Very few sequences (4), LSTM may not train well
2026-08-01 20:44:50 | WARNING  | co2_forecast | Very few sequences (8), LSTM may not train well
2026-08-01 20:44:50 | WARNING  | co2_forecast | Very few sequences (4), LSTM may not train well
2026-08-01 20:44:50 | WARNING  | co2_forecast | Very few sequences (4), LSTM may not train well
2026-08-01 20:44:51 | WARNING  | co2_forecast | Very few sequences (4), LSTM may not train well
2026-08-01 20:44:51 | WARNING  | co2_forecast | Very few sequences (8), LSTM may not train well
2026-08-01 20:44:51 | WARNING  | co2_forecast | Very few sequences (4), LSTM may not train well
2026-08-01 20:44:51 | WARNING  | co2_forecast | Very few sequences (4), LSTM may not train well
2026-08-01 20:44:52 | WARNING  | co2_forecast | Very few sequences (2), LSTM may not train well
2026-08-01 20:44:52 | WARNING  | co2_forecast | Very few sequences (6), LSTM may not train well
2026-08-01 20:44:52 | WARNING  | co2_forecast | Very few sequences (2), LSTM may not train well
2026-08-01 20:44:52 | WARNING  | co2_forecast | Very few sequences (2), LSTM may not train well
2026-08-01 20:44:52 | WARNING  | co2_forecast | Very few sequences (4), LSTM may not train well
2026-08-01 20:44:52 | WARNING  | co2_forecast | Very few sequences (8), LSTM may not train well
2026-08-01 20:44:53 | WARNING  | co2_forecast | Very few sequences (4), LSTM may not train well
2026-08-01 20:44:53 | WARNING  | co2_forecast | Very few sequences (4), LSTM may not train well
2026-08-01 20:44:53 | WARNING  | co2_forecast | Very few sequences (4), LSTM may not train well
2026-08-01 20:44:53 | WARNING  | co2_forecast | Very few sequences (8), LSTM may not train well
2026-08-01 20:44:54 | WARNING  | co2_forecast | Very few sequences (4), LSTM may not train well
2026-08-01 20:44:54 | WARNING  | co2_forecast | Very few sequences (4), LSTM may not train well
2026-08-01 20:44:54 | WARNING  | co2_forecast | Very few sequences (4), LSTM may not train well
2026-08-01 20:44:54 | WARNING  | co2_forecast | Very few sequences (8), LSTM may not train well
2026-08-01 20:44:55 | WARNING  | co2_forecast | Very few sequences (4), LSTM may not train well
2026-08-01 20:44:55 | WARNING  | co2_forecast | Very few sequences (4), LSTM may not train well
2026-08-01 20:44:55 | WARNING  | co2_forecast | Very few sequences (4), LSTM may not train well
2026-08-01 20:44:55 | WARNING  | co2_forecast | Very few sequences (8), LSTM may not train well
2026-08-01 20:44:56 | WARNING  | co2_forecast | Very few sequences (4), LSTM may not train well
2026-08-01 20:44:56 | WARNING  | co2_forecast | Very few sequences (4), LSTM may not train well
2026-08-01 20:44:56 | WARNING  | co2_forecast | Very few sequences (3), LSTM may not train well
2026-08-01 20:44:57 | WARNING  | co2_forecast | Very few sequences (7), LSTM may not train well
2026-08-01 20:44:57 | WARNING  | co2_forecast | Very few sequences (3), LSTM may not train well
2026-08-01 20:44:57 | WARNING  | co2_forecast | Very few sequences (3), LSTM may not train well
2026-08-01 20:44:57 | WARNING  | co2_forecast | Very few sequences (4), LSTM may not train well
2026-08-01 20:44:58 | WARNING  | co2_forecast | Very few sequences (8), LSTM may not train well
2026-08-01 20:44:58 | WARNING  | co2_forecast | Very few sequences (4), LSTM may not train well
2026-08-01 20:44:59 | WARNING  | co2_forecast | Very few sequences (4), LSTM may not train well
2026-08-01 20:44:59 | WARNING  | co2_forecast | Very few sequences (4), LSTM may not train well
2026-08-01 20:44:59 | WARNING  | co2_forecast | Very few sequences (8), LSTM may not train well
2026-08-01 20:44:59 | WARNING  | co2_forecast | Very few sequences (4), LSTM may not train well
2026-08-01 20:45:00 | WARNING  | co2_forecast | Very few sequences (4), LSTM may not train well
2026-08-01 20:45:00 | WARNING  | co2_forecast | Very few sequences (4), LSTM may not train well
2026-08-01 20:45:00 | WARNING  | co2_forecast | Very few sequences (8), LSTM may not train well
2026-08-01 20:45:01 | WARNING  | co2_forecast | Very few sequences (4), LSTM may not train well
2026-08-01 20:45:01 | WARNING  | co2_forecast | Very few sequences (4), LSTM may not train well
2026-08-01 20:45:01 | WARNING  | co2_forecast | Very few sequences (4), LSTM may not train well
2026-08-01 20:45:01 | WARNING  | co2_forecast | Very few sequences (8), LSTM may not train well
2026-08-01 20:45:02 | WARNING  | co2_forecast | Very few sequences (4), LSTM may not train well
2026-08-01 20:45:02 | WARNING  | co2_forecast | Very few sequences (4), LSTM may not train well
2026-08-01 20:45:02 | WARNING  | co2_forecast | Very few sequences (4), LSTM may not train well
2026-08-01 20:45:02 | WARNING  | co2_forecast | Very few sequences (8), LSTM may not train well
2026-08-01 20:45:03 | WARNING  | co2_forecast | Very few sequences (4), LSTM may not train well
2026-08-01 20:45:03 | WARNING  | co2_forecast | Very few sequences (4), LSTM may not train well
2026-08-01 20:45:03 | WARNING  | co2_forecast | Very few sequences (4), LSTM may not train well
2026-08-01 20:45:03 | WARNING  | co2_forecast | Very few sequences (8), LSTM may not train well
2026-08-01 20:45:04 | WARNING  | co2_forecast | Very few sequences (4), LSTM may not train well
2026-08-01 20:45:04 | WARNING  | co2_forecast | Very few sequences (4), LSTM may not train well
2026-08-01 20:45:04 | WARNING  | co2_forecast | Very few sequences (4), LSTM may not train well
2026-08-01 20:45:04 | WARNING  | co2_forecast | Very few sequences (8), LSTM may not train well
2026-08-01 20:45:05 | WARNING  | co2_forecast | Very few sequences (4), LSTM may not train well
2026-08-01 20:45:05 | WARNING  | co2_forecast | Very few sequences (4), LSTM may not train well
2026-08-01 20:45:05 | INFO     | co2_forecast |   Iteration 5: Best fitness = 0.762056
2026-08-01 20:45:05 | WARNING  | co2_forecast | Very few sequences (4), LSTM may not train well
2026-08-01 20:45:05 | WARNING  | co2_forecast | Very few sequences (8), LSTM may not train well
2026-08-01 20:45:06 | WARNING  | co2_forecast | Very few sequences (4), LSTM may not train well
2026-08-01 20:45:06 | WARNING  | co2_forecast | Very few sequences (4), LSTM may not train well
2026-08-01 20:45:06 | WARNING  | co2_forecast | Very few sequences (4), LSTM may not train well
2026-08-01 20:45:06 | WARNING  | co2_forecast | Very few sequences (8), LSTM may not train well
2026-08-01 20:45:07 | WARNING  | co2_forecast | Very few sequences (4), LSTM may not train well
2026-08-01 20:45:07 | WARNING  | co2_forecast | Very few sequences (4), LSTM may not train well
2026-08-01 20:45:07 | WARNING  | co2_forecast | Very few sequences (4), LSTM may not train well
2026-08-01 20:45:07 | WARNING  | co2_forecast | Very few sequences (8), LSTM may not train well
2026-08-01 20:45:08 | WARNING  | co2_forecast | Very few sequences (4), LSTM may not train well
2026-08-01 20:45:08 | WARNING  | co2_forecast | Very few sequences (4), LSTM may not train well
2026-08-01 20:45:08 | WARNING  | co2_forecast | Very few sequences (4), LSTM may not train well
2026-08-01 20:45:08 | WARNING  | co2_forecast | Very few sequences (8), LSTM may not train well
2026-08-01 20:45:09 | WARNING  | co2_forecast | Very few sequences (4), LSTM may not train well
2026-08-01 20:45:09 | WARNING  | co2_forecast | Very few sequences (4), LSTM may not train well
2026-08-01 20:45:09 | WARNING  | co2_forecast | Very few sequences (4), LSTM may not train well
2026-08-01 20:45:09 | WARNING  | co2_forecast | Very few sequences (8), LSTM may not train well
2026-08-01 20:45:10 | WARNING  | co2_forecast | Very few sequences (4), LSTM may not train well
2026-08-01 20:45:10 | WARNING  | co2_forecast | Very few sequences (4), LSTM may not train well
2026-08-01 20:45:10 | WARNING  | co2_forecast | Very few sequences (4), LSTM may not train well
2026-08-01 20:45:10 | WARNING  | co2_forecast | Very few sequences (8), LSTM may not train well
2026-08-01 20:45:11 | WARNING  | co2_forecast | Very few sequences (4), LSTM may not train well
2026-08-01 20:45:11 | WARNING  | co2_forecast | Very few sequences (4), LSTM may not train well
2026-08-01 20:45:11 | WARNING  | co2_forecast | Very few sequences (4), LSTM may not train well
2026-08-01 20:45:12 | WARNING  | co2_forecast | Very few sequences (8), LSTM may not train well
2026-08-01 20:45:12 | WARNING  | co2_forecast | Very few sequences (4), LSTM may not train well
2026-08-01 20:45:12 | WARNING  | co2_forecast | Very few sequences (4), LSTM may not train well
2026-08-01 20:45:13 | WARNING  | co2_forecast | Very few sequences (4), LSTM may not train well
2026-08-01 20:45:13 | WARNING  | co2_forecast | Very few sequences (8), LSTM may not train well
2026-08-01 20:45:13 | WARNING  | co2_forecast | Very few sequences (4), LSTM may not train well
2026-08-01 20:45:13 | WARNING  | co2_forecast | Very few sequences (4), LSTM may not train well
2026-08-01 20:45:14 | WARNING  | co2_forecast | Very few sequences (4), LSTM may not train well
2026-08-01 20:45:14 | WARNING  | co2_forecast | Very few sequences (8), LSTM may not train well
2026-08-01 20:45:14 | WARNING  | co2_forecast | Very few sequences (4), LSTM may not train well
2026-08-01 20:45:14 | WARNING  | co2_forecast | Very few sequences (4), LSTM may not train well
2026-08-01 20:45:15 | WARNING  | co2_forecast | Very few sequences (4), LSTM may not train well
2026-08-01 20:45:15 | WARNING  | co2_forecast | Very few sequences (8), LSTM may not train well
2026-08-01 20:45:15 | WARNING  | co2_forecast | Very few sequences (4), LSTM may not train well
2026-08-01 20:45:16 | WARNING  | co2_forecast | Very few sequences (4), LSTM may not train well
2026-08-01 20:45:16 | INFO     | co2_forecast |   Iteration 7: Best fitness = 0.761869
2026-08-01 20:45:16 | INFO     | co2_forecast | PSO complete. Best fitness: 0.761869
2026-08-01 20:45:16 | INFO     | co2_forecast |   Best params: {'lookback': 4, 'hidden_size': 16, 'num_layers': 2, 'dropout': 0.5, 'learning_rate': 0.0001, 'batch_size': 32}
2026-08-01 20:45:16 | INFO     | co2_forecast |   Best fitness: 0.761869
2026-08-01 20:45:16 | INFO     | co2_forecast | [A1/panel2_common_period/fs_wrapper/lstm] sweep tuning: best_params={'lookback': 4, 'hidden_size': 16, 'num_layers': 2, 'dropout': 0.5, 'learning_rate': 0.0001, 'batch_size': 32}
2026-08-01 20:45:19 | INFO     | co2_forecast |   -> weighted_mase=1.0201003381189613, runtime=41.2s
2026-08-01 20:45:19 | INFO     | co2_forecast | Stream B cell: A1/fs_xgboost_shap/ridge (5 features)
2026-08-01 20:45:19 | INFO     | co2_forecast | Creating walk-forward splits for 16 valid samples
2026-08-01 20:45:19 | INFO     | co2_forecast | Created 4 CV folds across horizons [1, 2, 4]
2026-08-01 20:45:19 | INFO     | co2_forecast | Built tuning CV plan: 4 folds from 16 rows before 2022-Q%q (evaluation cutoff) - isolation OK (max tuning date 2021-Q%q)
2026-08-01 20:45:19 | INFO     | co2_forecast | Optimizing ridge...
2026-08-01 20:45:19 | INFO     | co2_forecast | Starting PSO: 5 particles, 8 iterations
2026-08-01 20:45:19 | INFO     | co2_forecast |   Iteration 0: Best fitness = 0.648440
2026-08-01 20:45:20 | INFO     | co2_forecast |   Iteration 5: Best fitness = 0.620518
2026-08-01 20:45:20 | INFO     | co2_forecast |   Iteration 7: Best fitness = 0.616938
2026-08-01 20:45:20 | INFO     | co2_forecast | PSO complete. Best fitness: 0.616938
2026-08-01 20:45:20 | INFO     | co2_forecast |   Best params: {'alpha': 90.87659797032974}
2026-08-01 20:45:20 | INFO     | co2_forecast |   Best fitness: 0.616938
2026-08-01 20:45:20 | INFO     | co2_forecast | [A1/panel2_common_period/fs_xgboost_shap/ridge] sweep tuning: best_params={'alpha': 90.87659797032974}
2026-08-01 20:45:20 | INFO     | co2_forecast |   -> weighted_mase=0.8803982273796316, runtime=0.2s
2026-08-01 20:45:20 | INFO     | co2_forecast | Stream B cell: A1/fs_xgboost_shap/random_forest (5 features)
2026-08-01 20:45:20 | INFO     | co2_forecast | Creating walk-forward splits for 16 valid samples
2026-08-01 20:45:20 | INFO     | co2_forecast | Created 4 CV folds across horizons [1, 2, 4]
2026-08-01 20:45:20 | INFO     | co2_forecast | Built tuning CV plan: 4 folds from 16 rows before 2022-Q%q (evaluation cutoff) - isolation OK (max tuning date 2021-Q%q)
2026-08-01 20:45:20 | INFO     | co2_forecast | Optimizing random_forest...
2026-08-01 20:45:20 | INFO     | co2_forecast | Starting PSO: 5 particles, 8 iterations
2026-08-01 20:45:24 | INFO     | co2_forecast |   Iteration 0: Best fitness = 0.748939
2026-08-01 20:45:43 | INFO     | co2_forecast |   Iteration 5: Best fitness = 0.349094
2026-08-01 20:45:55 | INFO     | co2_forecast |   Iteration 7: Best fitness = 0.338746
2026-08-01 20:45:55 | INFO     | co2_forecast | PSO complete. Best fitness: 0.338746
2026-08-01 20:45:55 | INFO     | co2_forecast |   Best params: {'n_estimators': 250, 'max_depth': 3, 'min_samples_split': 2, 'min_samples_leaf': 1}
2026-08-01 20:45:55 | INFO     | co2_forecast |   Best fitness: 0.338746
2026-08-01 20:45:55 | INFO     | co2_forecast | [A1/panel2_common_period/fs_xgboost_shap/random_forest] sweep tuning: best_params={'n_estimators': 250, 'max_depth': 3, 'min_samples_split': 2, 'min_samples_leaf': 1}
2026-08-01 20:45:57 | INFO     | co2_forecast |   -> weighted_mase=0.7307607799408982, runtime=37.2s
2026-08-01 20:45:57 | INFO     | co2_forecast | Stream B cell: A1/fs_xgboost_shap/lightgbm (5 features)
2026-08-01 20:45:57 | INFO     | co2_forecast | Creating walk-forward splits for 16 valid samples
2026-08-01 20:45:57 | INFO     | co2_forecast | Created 4 CV folds across horizons [1, 2, 4]
2026-08-01 20:45:57 | INFO     | co2_forecast | Built tuning CV plan: 4 folds from 16 rows before 2022-Q%q (evaluation cutoff) - isolation OK (max tuning date 2021-Q%q)
2026-08-01 20:45:57 | INFO     | co2_forecast | Optimizing lightgbm...
2026-08-01 20:45:57 | INFO     | co2_forecast | Starting PSO: 5 particles, 8 iterations
2026-08-01 20:46:00 | INFO     | co2_forecast |   Iteration 0: Best fitness = 0.768990
2026-08-01 20:46:01 | INFO     | co2_forecast |   Iteration 5: Best fitness = 0.653962
2026-08-01 20:46:01 | INFO     | co2_forecast |   Iteration 7: Best fitness = 0.653962
2026-08-01 20:46:01 | INFO     | co2_forecast | PSO complete. Best fitness: 0.653962
2026-08-01 20:46:01 | INFO     | co2_forecast |   Best params: {'n_estimators': 295, 'learning_rate': 0.3, 'num_leaves': 127, 'max_depth': 9, 'min_child_samples': 5, 'reg_alpha': 0.001, 'reg_lambda': 0.001}
2026-08-01 20:46:01 | INFO     | co2_forecast |   Best fitness: 0.653962
2026-08-01 20:46:01 | INFO     | co2_forecast | [A1/panel2_common_period/fs_xgboost_shap/lightgbm] sweep tuning: best_params={'n_estimators': 295, 'learning_rate': 0.3, 'num_leaves': 127, 'max_depth': 9, 'min_child_samples': 5, 'reg_alpha': 0.001, 'reg_lambda': 0.001}
2026-08-01 20:46:01 | INFO     | co2_forecast |   -> weighted_mase=0.9460139742265479, runtime=4.4s
2026-08-01 20:46:01 | INFO     | co2_forecast | Stream B cell: A1/fs_xgboost_shap/catboost (5 features)
2026-08-01 20:46:01 | INFO     | co2_forecast | Creating walk-forward splits for 16 valid samples
2026-08-01 20:46:01 | INFO     | co2_forecast | Created 4 CV folds across horizons [1, 2, 4]
2026-08-01 20:46:01 | INFO     | co2_forecast | Built tuning CV plan: 4 folds from 16 rows before 2022-Q%q (evaluation cutoff) - isolation OK (max tuning date 2021-Q%q)
2026-08-01 20:46:01 | INFO     | co2_forecast | Optimizing catboost...
2026-08-01 20:46:01 | INFO     | co2_forecast | Starting PSO: 5 particles, 8 iterations
2026-08-01 20:46:31 | INFO     | co2_forecast |   Iteration 0: Best fitness = 0.326669
2026-08-01 21:14:57 | INFO     | co2_forecast |   Iteration 5: Best fitness = 0.302495
2026-08-01 21:28:18 | INFO     | co2_forecast |   Iteration 7: Best fitness = 0.290379
2026-08-01 21:28:18 | INFO     | co2_forecast | PSO complete. Best fitness: 0.290379
2026-08-01 21:28:18 | INFO     | co2_forecast |   Best params: {'iterations': 158, 'learning_rate': 0.22054847910699169, 'depth': 4, 'l2_leaf_reg': 9.16209838980899}
2026-08-01 21:28:18 | INFO     | co2_forecast |   Best fitness: 0.290379
2026-08-01 21:28:18 | INFO     | co2_forecast | [A1/panel2_common_period/fs_xgboost_shap/catboost] sweep tuning: best_params={'iterations': 158, 'learning_rate': 0.22054847910699169, 'depth': 4, 'l2_leaf_reg': 9.16209838980899}
2026-08-01 21:29:54 | INFO     | co2_forecast |   -> weighted_mase=0.6867493142637012, runtime=2632.7s
2026-08-01 21:29:54 | INFO     | co2_forecast | Stream B cell: A1/fs_xgboost_shap/lstm (5 features)
2026-08-01 21:29:54 | INFO     | co2_forecast | Creating walk-forward splits for 16 valid samples
2026-08-01 21:29:54 | INFO     | co2_forecast | Created 4 CV folds across horizons [1, 2, 4]
2026-08-01 21:29:54 | INFO     | co2_forecast | Built tuning CV plan: 4 folds from 16 rows before 2022-Q%q (evaluation cutoff) - isolation OK (max tuning date 2021-Q%q)
2026-08-01 21:29:54 | INFO     | co2_forecast | Optimizing lstm...
2026-08-01 21:29:54 | INFO     | co2_forecast | Starting PSO: 5 particles, 8 iterations
2026-08-01 21:29:54 | WARNING  | co2_forecast | Model training failed with params {'lookback': 7, 'hidden_size': 62, 'num_layers': 2, 'dropout': 0.3394633936788146, 'learning_rate': 0.0016445845403801217, 'batch_size': 8}: LSTM.fit: training data has 8 rows, giving only 1 sequence(s) with lookback=7; at least 2 are required (one is always reserved for validation). Reduce lookback or provide more training history.
2026-08-01 21:29:54 | WARNING  | co2_forecast | Model training failed with params {'lookback': 11, 'hidden_size': 26, 'num_layers': 1, 'dropout': 0.17336180394137352, 'learning_rate': 0.0031119982052994237, 'batch_size': 16}: LSTM.fit: training data has 8 rows, giving only 0 sequence(s) with lookback=11; at least 2 are required (one is always reserved for validation). Reduce lookback or provide more training history.
2026-08-01 21:29:54 | WARNING  | co2_forecast | Model training failed with params {'lookback': 8, 'hidden_size': 54, 'num_layers': 1, 'dropout': 0.3056937753654446, 'learning_rate': 0.005964904231734221, 'batch_size': 8}: LSTM.fit: training data has 8 rows, giving only 0 sequence(s) with lookback=8; at least 2 are required (one is always reserved for validation). Reduce lookback or provide more training history.
2026-08-01 21:29:54 | WARNING  | co2_forecast | Very few sequences (2), LSTM may not train well
2026-08-01 21:29:54 | WARNING  | co2_forecast | Very few sequences (6), LSTM may not train well
2026-08-01 21:29:54 | WARNING  | co2_forecast | Very few sequences (2), LSTM may not train well
2026-08-01 21:29:55 | WARNING  | co2_forecast | Very few sequences (2), LSTM may not train well
2026-08-01 21:29:55 | WARNING  | co2_forecast | Model training failed with params {'lookback': 8, 'hidden_size': 25, 'num_layers': 2, 'dropout': 0.4100531293444458, 'learning_rate': 0.009401039521485473, 'batch_size': 32}: LSTM.fit: training data has 8 rows, giving only 0 sequence(s) with lookback=8; at least 2 are required (one is always reserved for validation). Reduce lookback or provide more training history.
2026-08-01 21:29:55 | INFO     | co2_forecast |   Iteration 0: Best fitness = 1.015703
2026-08-01 21:29:55 | WARNING  | co2_forecast | Very few sequences (3), LSTM may not train well
2026-08-01 21:29:55 | WARNING  | co2_forecast | Very few sequences (7), LSTM may not train well
2026-08-01 21:29:55 | WARNING  | co2_forecast | Very few sequences (3), LSTM may not train well
2026-08-01 21:29:56 | WARNING  | co2_forecast | Very few sequences (3), LSTM may not train well
2026-08-01 21:29:56 | WARNING  | co2_forecast | Very few sequences (2), LSTM may not train well
2026-08-01 21:29:56 | WARNING  | co2_forecast | Very few sequences (6), LSTM may not train well
2026-08-01 21:29:56 | WARNING  | co2_forecast | Very few sequences (2), LSTM may not train well
2026-08-01 21:29:57 | WARNING  | co2_forecast | Very few sequences (2), LSTM may not train well
2026-08-01 21:29:57 | WARNING  | co2_forecast | Model training failed with params {'lookback': 8, 'hidden_size': 44, 'num_layers': 1, 'dropout': 0.3238975389966341, 'learning_rate': 0.005520634690128072, 'batch_size': 8}: LSTM.fit: training data has 8 rows, giving only 0 sequence(s) with lookback=8; at least 2 are required (one is always reserved for validation). Reduce lookback or provide more training history.
2026-08-01 21:29:57 | WARNING  | co2_forecast | Very few sequences (3), LSTM may not train well
2026-08-01 21:29:57 | WARNING  | co2_forecast | Very few sequences (7), LSTM may not train well
2026-08-01 21:29:57 | WARNING  | co2_forecast | Very few sequences (3), LSTM may not train well
2026-08-01 21:29:58 | WARNING  | co2_forecast | Very few sequences (3), LSTM may not train well
2026-08-01 21:29:58 | WARNING  | co2_forecast | Very few sequences (2), LSTM may not train well
2026-08-01 21:29:58 | WARNING  | co2_forecast | Very few sequences (6), LSTM may not train well
2026-08-01 21:29:59 | WARNING  | co2_forecast | Very few sequences (2), LSTM may not train well
2026-08-01 21:30:00 | WARNING  | co2_forecast | Very few sequences (2), LSTM may not train well
2026-08-01 21:30:01 | WARNING  | co2_forecast | Very few sequences (4), LSTM may not train well
2026-08-01 21:30:01 | WARNING  | co2_forecast | Very few sequences (8), LSTM may not train well
2026-08-01 21:30:01 | WARNING  | co2_forecast | Very few sequences (4), LSTM may not train well
2026-08-01 21:30:01 | WARNING  | co2_forecast | Very few sequences (4), LSTM may not train well
2026-08-01 21:30:01 | WARNING  | co2_forecast | Very few sequences (4), LSTM may not train well
2026-08-01 21:30:01 | WARNING  | co2_forecast | Very few sequences (8), LSTM may not train well
2026-08-01 21:30:01 | WARNING  | co2_forecast | Very few sequences (4), LSTM may not train well
2026-08-01 21:30:01 | WARNING  | co2_forecast | Very few sequences (4), LSTM may not train well
2026-08-01 21:30:02 | WARNING  | co2_forecast | Model training failed with params {'lookback': 7, 'hidden_size': 33, 'num_layers': 1, 'dropout': 0.3174646446740698, 'learning_rate': 0.004142028037008457, 'batch_size': 16}: LSTM.fit: training data has 8 rows, giving only 1 sequence(s) with lookback=7; at least 2 are required (one is always reserved for validation). Reduce lookback or provide more training history.
2026-08-01 21:30:02 | WARNING  | co2_forecast | Very few sequences (3), LSTM may not train well
2026-08-01 21:30:02 | WARNING  | co2_forecast | Very few sequences (7), LSTM may not train well
2026-08-01 21:30:02 | WARNING  | co2_forecast | Very few sequences (3), LSTM may not train well
2026-08-01 21:30:03 | WARNING  | co2_forecast | Very few sequences (3), LSTM may not train well
2026-08-01 21:30:03 | WARNING  | co2_forecast | Very few sequences (4), LSTM may not train well
2026-08-01 21:30:03 | WARNING  | co2_forecast | Very few sequences (8), LSTM may not train well
2026-08-01 21:30:03 | WARNING  | co2_forecast | Very few sequences (4), LSTM may not train well
2026-08-01 21:30:03 | WARNING  | co2_forecast | Very few sequences (4), LSTM may not train well
2026-08-01 21:30:03 | WARNING  | co2_forecast | Very few sequences (4), LSTM may not train well
2026-08-01 21:30:03 | WARNING  | co2_forecast | Very few sequences (8), LSTM may not train well
2026-08-01 21:30:03 | WARNING  | co2_forecast | Very few sequences (4), LSTM may not train well
2026-08-01 21:30:03 | WARNING  | co2_forecast | Very few sequences (4), LSTM may not train well
2026-08-01 21:30:04 | WARNING  | co2_forecast | Very few sequences (4), LSTM may not train well
2026-08-01 21:30:04 | WARNING  | co2_forecast | Very few sequences (8), LSTM may not train well
2026-08-01 21:30:04 | WARNING  | co2_forecast | Very few sequences (4), LSTM may not train well
2026-08-01 21:30:04 | WARNING  | co2_forecast | Very few sequences (4), LSTM may not train well
2026-08-01 21:30:04 | WARNING  | co2_forecast | Very few sequences (2), LSTM may not train well
2026-08-01 21:30:04 | WARNING  | co2_forecast | Very few sequences (6), LSTM may not train well
2026-08-01 21:30:04 | WARNING  | co2_forecast | Very few sequences (2), LSTM may not train well
2026-08-01 21:30:04 | WARNING  | co2_forecast | Very few sequences (2), LSTM may not train well
2026-08-01 21:30:05 | WARNING  | co2_forecast | Very few sequences (4), LSTM may not train well
2026-08-01 21:30:05 | WARNING  | co2_forecast | Very few sequences (8), LSTM may not train well
2026-08-01 21:30:05 | WARNING  | co2_forecast | Very few sequences (4), LSTM may not train well
2026-08-01 21:30:05 | WARNING  | co2_forecast | Very few sequences (4), LSTM may not train well
2026-08-01 21:30:05 | WARNING  | co2_forecast | Very few sequences (4), LSTM may not train well
2026-08-01 21:30:05 | WARNING  | co2_forecast | Very few sequences (8), LSTM may not train well
2026-08-01 21:30:05 | WARNING  | co2_forecast | Very few sequences (4), LSTM may not train well
2026-08-01 21:30:05 | WARNING  | co2_forecast | Very few sequences (4), LSTM may not train well
2026-08-01 21:30:05 | WARNING  | co2_forecast | Very few sequences (4), LSTM may not train well
2026-08-01 21:30:05 | WARNING  | co2_forecast | Very few sequences (8), LSTM may not train well
2026-08-01 21:30:06 | WARNING  | co2_forecast | Very few sequences (4), LSTM may not train well
2026-08-01 21:30:06 | WARNING  | co2_forecast | Very few sequences (4), LSTM may not train well
2026-08-01 21:30:06 | WARNING  | co2_forecast | Very few sequences (4), LSTM may not train well
2026-08-01 21:30:06 | WARNING  | co2_forecast | Very few sequences (8), LSTM may not train well
2026-08-01 21:30:06 | WARNING  | co2_forecast | Very few sequences (4), LSTM may not train well
2026-08-01 21:30:06 | WARNING  | co2_forecast | Very few sequences (4), LSTM may not train well
2026-08-01 21:30:06 | WARNING  | co2_forecast | Very few sequences (3), LSTM may not train well
2026-08-01 21:30:06 | WARNING  | co2_forecast | Very few sequences (7), LSTM may not train well
2026-08-01 21:30:07 | WARNING  | co2_forecast | Very few sequences (3), LSTM may not train well
2026-08-01 21:30:07 | WARNING  | co2_forecast | Very few sequences (3), LSTM may not train well
2026-08-01 21:30:07 | WARNING  | co2_forecast | Very few sequences (4), LSTM may not train well
2026-08-01 21:30:07 | WARNING  | co2_forecast | Very few sequences (8), LSTM may not train well
2026-08-01 21:30:07 | WARNING  | co2_forecast | Very few sequences (4), LSTM may not train well
2026-08-01 21:30:08 | WARNING  | co2_forecast | Very few sequences (4), LSTM may not train well
2026-08-01 21:30:08 | WARNING  | co2_forecast | Very few sequences (4), LSTM may not train well
2026-08-01 21:30:08 | WARNING  | co2_forecast | Very few sequences (8), LSTM may not train well
2026-08-01 21:30:08 | WARNING  | co2_forecast | Very few sequences (4), LSTM may not train well
2026-08-01 21:30:08 | WARNING  | co2_forecast | Very few sequences (4), LSTM may not train well
2026-08-01 21:30:08 | WARNING  | co2_forecast | Very few sequences (4), LSTM may not train well
2026-08-01 21:30:08 | WARNING  | co2_forecast | Very few sequences (8), LSTM may not train well
2026-08-01 21:30:08 | WARNING  | co2_forecast | Very few sequences (4), LSTM may not train well
2026-08-01 21:30:08 | WARNING  | co2_forecast | Very few sequences (4), LSTM may not train well
2026-08-01 21:30:09 | WARNING  | co2_forecast | Very few sequences (4), LSTM may not train well
2026-08-01 21:30:09 | WARNING  | co2_forecast | Very few sequences (8), LSTM may not train well
2026-08-01 21:30:09 | WARNING  | co2_forecast | Very few sequences (4), LSTM may not train well
2026-08-01 21:30:09 | WARNING  | co2_forecast | Very few sequences (4), LSTM may not train well
2026-08-01 21:30:09 | WARNING  | co2_forecast | Very few sequences (4), LSTM may not train well
2026-08-01 21:30:09 | WARNING  | co2_forecast | Very few sequences (8), LSTM may not train well
2026-08-01 21:30:09 | WARNING  | co2_forecast | Very few sequences (4), LSTM may not train well
2026-08-01 21:30:09 | WARNING  | co2_forecast | Very few sequences (4), LSTM may not train well
2026-08-01 21:30:09 | WARNING  | co2_forecast | Very few sequences (4), LSTM may not train well
2026-08-01 21:30:09 | WARNING  | co2_forecast | Very few sequences (8), LSTM may not train well
2026-08-01 21:30:10 | WARNING  | co2_forecast | Very few sequences (4), LSTM may not train well
2026-08-01 21:30:10 | WARNING  | co2_forecast | Very few sequences (4), LSTM may not train well
2026-08-01 21:30:10 | WARNING  | co2_forecast | Very few sequences (4), LSTM may not train well
2026-08-01 21:30:10 | WARNING  | co2_forecast | Very few sequences (8), LSTM may not train well
2026-08-01 21:30:10 | WARNING  | co2_forecast | Very few sequences (4), LSTM may not train well
2026-08-01 21:30:10 | WARNING  | co2_forecast | Very few sequences (4), LSTM may not train well
2026-08-01 21:30:10 | INFO     | co2_forecast |   Iteration 5: Best fitness = 0.773557
2026-08-01 21:30:10 | WARNING  | co2_forecast | Very few sequences (4), LSTM may not train well
2026-08-01 21:30:10 | WARNING  | co2_forecast | Very few sequences (8), LSTM may not train well
2026-08-01 21:30:10 | WARNING  | co2_forecast | Very few sequences (4), LSTM may not train well
2026-08-01 21:30:10 | WARNING  | co2_forecast | Very few sequences (4), LSTM may not train well
2026-08-01 21:30:11 | WARNING  | co2_forecast | Very few sequences (4), LSTM may not train well
2026-08-01 21:30:11 | WARNING  | co2_forecast | Very few sequences (8), LSTM may not train well
2026-08-01 21:30:11 | WARNING  | co2_forecast | Very few sequences (4), LSTM may not train well
2026-08-01 21:30:11 | WARNING  | co2_forecast | Very few sequences (4), LSTM may not train well
2026-08-01 21:30:11 | WARNING  | co2_forecast | Very few sequences (4), LSTM may not train well
2026-08-01 21:30:11 | WARNING  | co2_forecast | Very few sequences (8), LSTM may not train well
2026-08-01 21:30:11 | WARNING  | co2_forecast | Very few sequences (4), LSTM may not train well
2026-08-01 21:30:11 | WARNING  | co2_forecast | Very few sequences (4), LSTM may not train well
2026-08-01 21:30:11 | WARNING  | co2_forecast | Very few sequences (4), LSTM may not train well
2026-08-01 21:30:11 | WARNING  | co2_forecast | Very few sequences (8), LSTM may not train well
2026-08-01 21:30:12 | WARNING  | co2_forecast | Very few sequences (4), LSTM may not train well
2026-08-01 21:30:12 | WARNING  | co2_forecast | Very few sequences (4), LSTM may not train well
2026-08-01 21:30:12 | WARNING  | co2_forecast | Very few sequences (4), LSTM may not train well
2026-08-01 21:30:12 | WARNING  | co2_forecast | Very few sequences (8), LSTM may not train well
2026-08-01 21:30:12 | WARNING  | co2_forecast | Very few sequences (4), LSTM may not train well
2026-08-01 21:30:12 | WARNING  | co2_forecast | Very few sequences (4), LSTM may not train well
2026-08-01 21:30:12 | WARNING  | co2_forecast | Very few sequences (4), LSTM may not train well
2026-08-01 21:30:12 | WARNING  | co2_forecast | Very few sequences (8), LSTM may not train well
2026-08-01 21:30:12 | WARNING  | co2_forecast | Very few sequences (4), LSTM may not train well
2026-08-01 21:30:12 | WARNING  | co2_forecast | Very few sequences (4), LSTM may not train well
2026-08-01 21:30:13 | WARNING  | co2_forecast | Very few sequences (4), LSTM may not train well
2026-08-01 21:30:13 | WARNING  | co2_forecast | Very few sequences (8), LSTM may not train well
2026-08-01 21:30:13 | WARNING  | co2_forecast | Very few sequences (4), LSTM may not train well
2026-08-01 21:30:13 | WARNING  | co2_forecast | Very few sequences (4), LSTM may not train well
2026-08-01 21:30:13 | WARNING  | co2_forecast | Very few sequences (4), LSTM may not train well
2026-08-01 21:30:13 | WARNING  | co2_forecast | Very few sequences (8), LSTM may not train well
2026-08-01 21:30:13 | WARNING  | co2_forecast | Very few sequences (4), LSTM may not train well
2026-08-01 21:30:13 | WARNING  | co2_forecast | Very few sequences (4), LSTM may not train well
2026-08-01 21:30:13 | WARNING  | co2_forecast | Very few sequences (4), LSTM may not train well
2026-08-01 21:30:13 | WARNING  | co2_forecast | Very few sequences (8), LSTM may not train well
2026-08-01 21:30:14 | WARNING  | co2_forecast | Very few sequences (4), LSTM may not train well
2026-08-01 21:30:14 | WARNING  | co2_forecast | Very few sequences (4), LSTM may not train well
2026-08-01 21:30:14 | WARNING  | co2_forecast | Very few sequences (4), LSTM may not train well
2026-08-01 21:30:14 | WARNING  | co2_forecast | Very few sequences (8), LSTM may not train well
2026-08-01 21:30:14 | WARNING  | co2_forecast | Very few sequences (4), LSTM may not train well
2026-08-01 21:30:14 | WARNING  | co2_forecast | Very few sequences (4), LSTM may not train well
2026-08-01 21:30:14 | INFO     | co2_forecast |   Iteration 7: Best fitness = 0.773557
2026-08-01 21:30:14 | INFO     | co2_forecast | PSO complete. Best fitness: 0.773557
2026-08-01 21:30:14 | INFO     | co2_forecast |   Best params: {'lookback': 4, 'hidden_size': 16, 'num_layers': 2, 'dropout': 0.14520465023938992, 'learning_rate': 0.0001493198589315643, 'batch_size': 16}
2026-08-01 21:30:14 | INFO     | co2_forecast |   Best fitness: 0.773557
2026-08-01 21:30:14 | INFO     | co2_forecast | [A1/panel2_common_period/fs_xgboost_shap/lstm] sweep tuning: best_params={'lookback': 4, 'hidden_size': 16, 'num_layers': 2, 'dropout': 0.14520465023938992, 'learning_rate': 0.0001493198589315643, 'batch_size': 16}
2026-08-01 21:30:17 | INFO     | co2_forecast |   -> weighted_mase=1.0282831083596797, runtime=22.8s
2026-08-01 21:30:17 | INFO     | co2_forecast | Stream B cell: A1/fs_permutation_stability/ridge (5 features)
2026-08-01 21:30:17 | INFO     | co2_forecast | Creating walk-forward splits for 16 valid samples
2026-08-01 21:30:17 | INFO     | co2_forecast | Created 4 CV folds across horizons [1, 2, 4]
2026-08-01 21:30:17 | INFO     | co2_forecast | Built tuning CV plan: 4 folds from 16 rows before 2022-Q%q (evaluation cutoff) - isolation OK (max tuning date 2021-Q%q)
2026-08-01 21:30:17 | INFO     | co2_forecast | Optimizing ridge...
2026-08-01 21:30:17 | INFO     | co2_forecast | Starting PSO: 5 particles, 8 iterations
2026-08-01 21:30:17 | INFO     | co2_forecast |   Iteration 0: Best fitness = 0.738720
2026-08-01 21:30:17 | INFO     | co2_forecast |   Iteration 5: Best fitness = 0.729100
2026-08-01 21:30:17 | INFO     | co2_forecast |   Iteration 7: Best fitness = 0.729100
2026-08-01 21:30:17 | INFO     | co2_forecast | PSO complete. Best fitness: 0.729100
2026-08-01 21:30:17 | INFO     | co2_forecast |   Best params: {'alpha': 3.535316417294956}
2026-08-01 21:30:17 | INFO     | co2_forecast |   Best fitness: 0.729100
2026-08-01 21:30:17 | INFO     | co2_forecast | [A1/panel2_common_period/fs_permutation_stability/ridge] sweep tuning: best_params={'alpha': 3.535316417294956}
2026-08-01 21:30:17 | INFO     | co2_forecast |   -> weighted_mase=1.1155946709737063, runtime=0.2s
2026-08-01 21:30:17 | INFO     | co2_forecast | Stream B cell: A1/fs_permutation_stability/random_forest (5 features)
2026-08-01 21:30:17 | INFO     | co2_forecast | Creating walk-forward splits for 16 valid samples
2026-08-01 21:30:17 | INFO     | co2_forecast | Created 4 CV folds across horizons [1, 2, 4]
2026-08-01 21:30:17 | INFO     | co2_forecast | Built tuning CV plan: 4 folds from 16 rows before 2022-Q%q (evaluation cutoff) - isolation OK (max tuning date 2021-Q%q)
2026-08-01 21:30:17 | INFO     | co2_forecast | Optimizing random_forest...
2026-08-01 21:30:17 | INFO     | co2_forecast | Starting PSO: 5 particles, 8 iterations
2026-08-01 21:30:21 | INFO     | co2_forecast |   Iteration 0: Best fitness = 0.771606
2026-08-01 21:30:36 | INFO     | co2_forecast |   Iteration 5: Best fitness = 0.769627
2026-08-01 21:30:41 | INFO     | co2_forecast |   Iteration 7: Best fitness = 0.768515
2026-08-01 21:30:41 | INFO     | co2_forecast | PSO complete. Best fitness: 0.768515
2026-08-01 21:30:41 | INFO     | co2_forecast |   Best params: {'n_estimators': 75, 'max_depth': 17, 'min_samples_split': 16, 'min_samples_leaf': 7}
2026-08-01 21:30:41 | INFO     | co2_forecast |   Best fitness: 0.768515
2026-08-01 21:30:41 | INFO     | co2_forecast | [A1/panel2_common_period/fs_permutation_stability/random_forest] sweep tuning: best_params={'n_estimators': 75, 'max_depth': 17, 'min_samples_split': 16, 'min_samples_leaf': 7}
2026-08-01 21:30:42 | INFO     | co2_forecast |   -> weighted_mase=1.032261565833856, runtime=24.8s
2026-08-01 21:30:42 | INFO     | co2_forecast | Stream B cell: A1/fs_permutation_stability/lightgbm (5 features)
2026-08-01 21:30:42 | INFO     | co2_forecast | Creating walk-forward splits for 16 valid samples
2026-08-01 21:30:42 | INFO     | co2_forecast | Created 4 CV folds across horizons [1, 2, 4]
2026-08-01 21:30:42 | INFO     | co2_forecast | Built tuning CV plan: 4 folds from 16 rows before 2022-Q%q (evaluation cutoff) - isolation OK (max tuning date 2021-Q%q)
2026-08-01 21:30:42 | INFO     | co2_forecast | Optimizing lightgbm...
2026-08-01 21:30:42 | INFO     | co2_forecast | Starting PSO: 5 particles, 8 iterations
2026-08-01 21:30:42 | INFO     | co2_forecast |   Iteration 0: Best fitness = 0.768990
2026-08-01 21:30:43 | INFO     | co2_forecast |   Iteration 5: Best fitness = 0.768990
2026-08-01 21:30:43 | INFO     | co2_forecast |   Iteration 7: Best fitness = 0.768990
2026-08-01 21:30:43 | INFO     | co2_forecast | PSO complete. Best fitness: 0.768990
2026-08-01 21:30:43 | INFO     | co2_forecast |   Best params: {'n_estimators': 144, 'learning_rate': 0.28570714885887566, 'num_leaves': 97, 'max_depth': 10, 'min_child_samples': 12, 'reg_alpha': 1.5607892088416901, 'reg_lambda': 0.5817780380698264}
2026-08-01 21:30:43 | INFO     | co2_forecast |   Best fitness: 0.768990
2026-08-01 21:30:43 | INFO     | co2_forecast | [A1/panel2_common_period/fs_permutation_stability/lightgbm] sweep tuning: best_params={'n_estimators': 144, 'learning_rate': 0.28570714885887566, 'num_leaves': 97, 'max_depth': 10, 'min_child_samples': 12, 'reg_alpha': 1.5607892088416901, 'reg_lambda': 0.5817780380698264}
2026-08-01 21:30:43 | INFO     | co2_forecast |   -> weighted_mase=1.0410666416960128, runtime=1.4s
2026-08-01 21:30:43 | INFO     | co2_forecast | Stream B cell: A1/fs_permutation_stability/catboost (5 features)
2026-08-01 21:30:43 | INFO     | co2_forecast | Creating walk-forward splits for 16 valid samples
2026-08-01 21:30:43 | INFO     | co2_forecast | Created 4 CV folds across horizons [1, 2, 4]
2026-08-01 21:30:43 | INFO     | co2_forecast | Built tuning CV plan: 4 folds from 16 rows before 2022-Q%q (evaluation cutoff) - isolation OK (max tuning date 2021-Q%q)
2026-08-01 21:30:43 | INFO     | co2_forecast | Optimizing catboost...
2026-08-01 21:30:43 | INFO     | co2_forecast | Starting PSO: 5 particles, 8 iterations
2026-08-01 21:31:02 | WARNING  | co2_forecast | Model training failed with params {'iterations': 144, 'learning_rate': 0.28570714885887566, 'depth': 8, 'l2_leaf_reg': 6.026718993550662}: catboost/libs/data/quantization.cpp:2420: All features are either constant or ignored.
2026-08-01 21:31:23 | WARNING  | co2_forecast | Model training failed with params {'iterations': 200, 'learning_rate': 0.21534104756085318, 'depth': 3, 'l2_leaf_reg': 9.702107536403744}: catboost/libs/data/quantization.cpp:2420: All features are either constant or ignored.
2026-08-01 21:31:42 | WARNING  | co2_forecast | Model training failed with params {'iterations': 126, 'learning_rate': 0.16217936517334897, 'depth': 6, 'l2_leaf_reg': 2.983168487960615}: catboost/libs/data/quantization.cpp:2420: All features are either constant or ignored.
2026-08-01 21:32:11 | WARNING  | co2_forecast | Model training failed with params {'iterations': 164, 'learning_rate': 0.23770102880397392, 'depth': 4, 'l2_leaf_reg': 5.190920940294755}: catboost/libs/data/quantization.cpp:2420: All features are either constant or ignored.
2026-08-01 21:32:14 | WARNING  | co2_forecast | Model training failed with params {'iterations': 66, 'learning_rate': 0.2851768058034666, 'depth': 10, 'l2_leaf_reg': 8.103133746352965}: catboost/libs/data/quantization.cpp:2420: All features are either constant or ignored.
2026-08-01 21:32:14 | INFO     | co2_forecast |   Iteration 0: Best fitness = inf
2026-08-01 21:32:37 | WARNING  | co2_forecast | Model training failed with params {'iterations': 132, 'learning_rate': 0.2717405263845255, 'depth': 8, 'l2_leaf_reg': 6.534239131594722}: catboost/libs/data/quantization.cpp:2420: All features are either constant or ignored.
2026-08-01 21:32:42 | WARNING  | co2_forecast | Model training failed with params {'iterations': 135, 'learning_rate': 0.29964001274194235, 'depth': 10, 'l2_leaf_reg': 4.250147505686233}: catboost/libs/data/quantization.cpp:2420: All features are either constant or ignored.
2026-08-01 21:33:00 | WARNING  | co2_forecast | Model training failed with params {'iterations': 148, 'learning_rate': 0.2703026800586014, 'depth': 8, 'l2_leaf_reg': 5.822576053031024}: catboost/libs/data/quantization.cpp:2420: All features are either constant or ignored.
2026-08-01 21:33:09 | WARNING  | co2_forecast | Model training failed with params {'iterations': 152, 'learning_rate': 0.25673658735247157, 'depth': 7, 'l2_leaf_reg': 5.38627513521694}: catboost/libs/data/quantization.cpp:2420: All features are either constant or ignored.
2026-08-01 21:33:10 | WARNING  | co2_forecast | Model training failed with params {'iterations': 81, 'learning_rate': 0.2689893480472499, 'depth': 10, 'l2_leaf_reg': 7.44443332481439}: catboost/libs/data/quantization.cpp:2420: All features are either constant or ignored.
2026-08-01 21:33:11 | WARNING  | co2_forecast | Model training failed with params {'iterations': 155, 'learning_rate': 0.29861337195622495, 'depth': 8, 'l2_leaf_reg': 5.557731724794483}: catboost/libs/data/quantization.cpp:2420: All features are either constant or ignored.
2026-08-01 21:33:11 | WARNING  | co2_forecast | Model training failed with params {'iterations': 194, 'learning_rate': 0.2205597512600221, 'depth': 3, 'l2_leaf_reg': 10.0}: catboost/libs/data/quantization.cpp:2420: All features are either constant or ignored.
2026-08-01 21:33:12 | WARNING  | co2_forecast | Model training failed with params {'iterations': 138, 'learning_rate': 0.2695632200925517, 'depth': 7, 'l2_leaf_reg': 5.526054086827735}: catboost/libs/data/quantization.cpp:2420: All features are either constant or ignored.
2026-08-01 21:33:13 | WARNING  | co2_forecast | Model training failed with params {'iterations': 143, 'learning_rate': 0.2759180734755844, 'depth': 9, 'l2_leaf_reg': 5.683998550918017}: catboost/libs/data/quantization.cpp:2420: All features are either constant or ignored.
2026-08-01 21:33:14 | WARNING  | co2_forecast | Model training failed with params {'iterations': 121, 'learning_rate': 0.2670278235667139, 'depth': 9, 'l2_leaf_reg': 6.340802575617012}: catboost/libs/data/quantization.cpp:2420: All features are either constant or ignored.
2026-08-01 21:33:15 | WARNING  | co2_forecast | Model training failed with params {'iterations': 160, 'learning_rate': 0.3, 'depth': 8, 'l2_leaf_reg': 5.352095200926489}: catboost/libs/data/quantization.cpp:2420: All features are either constant or ignored.
2026-08-01 21:33:16 | WARNING  | co2_forecast | Model training failed with params {'iterations': 215, 'learning_rate': 0.1946800792363757, 'depth': 3, 'l2_leaf_reg': 10.0}: catboost/libs/data/quantization.cpp:2420: All features are either constant or ignored.
2026-08-01 21:33:17 | WARNING  | co2_forecast | Model training failed with params {'iterations': 131, 'learning_rate': 0.23694602321094804, 'depth': 7, 'l2_leaf_reg': 4.658606108891374}: catboost/libs/data/quantization.cpp:2420: All features are either constant or ignored.
2026-08-01 21:33:17 | WARNING  | co2_forecast | Model training failed with params {'iterations': 142, 'learning_rate': 0.29277850463358446, 'depth': 8, 'l2_leaf_reg': 6.196421741017712}: catboost/libs/data/quantization.cpp:2420: All features are either constant or ignored.
2026-08-01 21:33:18 | WARNING  | co2_forecast | Model training failed with params {'iterations': 176, 'learning_rate': 0.29536318110119564, 'depth': 7, 'l2_leaf_reg': 5.315761536035135}: catboost/libs/data/quantization.cpp:2420: All features are either constant or ignored.
2026-08-01 21:33:19 | WARNING  | co2_forecast | Model training failed with params {'iterations': 140, 'learning_rate': 0.283026943916598, 'depth': 8, 'l2_leaf_reg': 6.194974494237032}: catboost/libs/data/quantization.cpp:2420: All features are either constant or ignored.
2026-08-01 21:33:20 | WARNING  | co2_forecast | Model training failed with params {'iterations': 142, 'learning_rate': 0.2886171000810596, 'depth': 7, 'l2_leaf_reg': 6.372611753877718}: catboost/libs/data/quantization.cpp:2420: All features are either constant or ignored.
2026-08-01 21:33:21 | WARNING  | co2_forecast | Model training failed with params {'iterations': 135, 'learning_rate': 0.18883889296443102, 'depth': 7, 'l2_leaf_reg': 3.7890304446493532}: catboost/libs/data/quantization.cpp:2420: All features are either constant or ignored.
2026-08-01 21:33:21 | WARNING  | co2_forecast | Model training failed with params {'iterations': 167, 'learning_rate': 0.23972543634813284, 'depth': 3, 'l2_leaf_reg': 5.362346539267432}: catboost/libs/data/quantization.cpp:2420: All features are either constant or ignored.
2026-08-01 21:33:22 | WARNING  | co2_forecast | Model training failed with params {'iterations': 149, 'learning_rate': 0.3, 'depth': 7, 'l2_leaf_reg': 6.241877202159969}: catboost/libs/data/quantization.cpp:2420: All features are either constant or ignored.
2026-08-01 21:33:23 | WARNING  | co2_forecast | Model training failed with params {'iterations': 136, 'learning_rate': 0.27758976013238873, 'depth': 8, 'l2_leaf_reg': 6.386598178276442}: catboost/libs/data/quantization.cpp:2420: All features are either constant or ignored.
2026-08-01 21:33:23 | WARNING  | co2_forecast | Model training failed with params {'iterations': 122, 'learning_rate': 0.3, 'depth': 8, 'l2_leaf_reg': 5.553102288171776}: catboost/libs/data/quantization.cpp:2420: All features are either constant or ignored.
2026-08-01 21:33:24 | WARNING  | co2_forecast | Model training failed with params {'iterations': 138, 'learning_rate': 0.19130477991085074, 'depth': 7, 'l2_leaf_reg': 3.919888065803886}: catboost/libs/data/quantization.cpp:2420: All features are either constant or ignored.
2026-08-01 21:33:25 | WARNING  | co2_forecast | Model training failed with params {'iterations': 159, 'learning_rate': 0.24581008650670771, 'depth': 5, 'l2_leaf_reg': 5.249253690461204}: catboost/libs/data/quantization.cpp:2420: All features are either constant or ignored.
2026-08-01 21:33:26 | WARNING  | co2_forecast | Model training failed with params {'iterations': 50, 'learning_rate': 0.2782787122407423, 'depth': 10, 'l2_leaf_reg': 9.189207720487346}: catboost/libs/data/quantization.cpp:2420: All features are either constant or ignored.
2026-08-01 21:33:26 | INFO     | co2_forecast |   Iteration 5: Best fitness = inf
2026-08-01 21:33:27 | WARNING  | co2_forecast | Model training failed with params {'iterations': 143, 'learning_rate': 0.28411098202574897, 'depth': 8, 'l2_leaf_reg': 6.064578581676263}: catboost/libs/data/quantization.cpp:2420: All features are either constant or ignored.
2026-08-01 21:33:27 | WARNING  | co2_forecast | Model training failed with params {'iterations': 216, 'learning_rate': 0.20900796714447578, 'depth': 3, 'l2_leaf_reg': 10.0}: catboost/libs/data/quantization.cpp:2420: All features are either constant or ignored.
2026-08-01 21:33:28 | WARNING  | co2_forecast | Model training failed with params {'iterations': 131, 'learning_rate': 0.22918740648759084, 'depth': 7, 'l2_leaf_reg': 4.48424474737538}: catboost/libs/data/quantization.cpp:2420: All features are either constant or ignored.
2026-08-01 21:33:29 | WARNING  | co2_forecast | Model training failed with params {'iterations': 148, 'learning_rate': 0.26908873572373954, 'depth': 8, 'l2_leaf_reg': 5.626827364532254}: catboost/libs/data/quantization.cpp:2420: All features are either constant or ignored.
2026-08-01 21:33:30 | WARNING  | co2_forecast | Model training failed with params {'iterations': 50, 'learning_rate': 0.2652842144821291, 'depth': 10, 'l2_leaf_reg': 10.0}: catboost/libs/data/quantization.cpp:2420: All features are either constant or ignored.
2026-08-01 21:33:30 | WARNING  | co2_forecast | Model training failed with params {'iterations': 149, 'learning_rate': 0.2900076778212071, 'depth': 8, 'l2_leaf_reg': 5.814429843022461}: catboost/libs/data/quantization.cpp:2420: All features are either constant or ignored.
2026-08-01 21:33:31 | WARNING  | co2_forecast | Model training failed with params {'iterations': 216, 'learning_rate': 0.21053762860916964, 'depth': 3, 'l2_leaf_reg': 9.852120424696395}: catboost/libs/data/quantization.cpp:2420: All features are either constant or ignored.
2026-08-01 21:33:32 | WARNING  | co2_forecast | Model training failed with params {'iterations': 124, 'learning_rate': 0.1840669463176068, 'depth': 6, 'l2_leaf_reg': 3.3894767094661566}: catboost/libs/data/quantization.cpp:2420: All features are either constant or ignored.
2026-08-01 21:33:33 | WARNING  | co2_forecast | Model training failed with params {'iterations': 146, 'learning_rate': 0.2839428291015004, 'depth': 7, 'l2_leaf_reg': 6.060537082459409}: catboost/libs/data/quantization.cpp:2420: All features are either constant or ignored.
2026-08-01 21:33:33 | WARNING  | co2_forecast | Model training failed with params {'iterations': 50, 'learning_rate': 0.26590568737024683, 'depth': 10, 'l2_leaf_reg': 9.818655700079226}: catboost/libs/data/quantization.cpp:2420: All features are either constant or ignored.
2026-08-01 21:33:33 | INFO     | co2_forecast |   Iteration 7: Best fitness = inf
2026-08-01 21:33:33 | INFO     | co2_forecast | PSO complete. Best fitness: inf
2026-08-01 21:33:33 | INFO     | co2_forecast |   Best params: {'iterations': 144, 'learning_rate': 0.28570714885887566, 'depth': 8, 'l2_leaf_reg': 6.026718993550662}
2026-08-01 21:33:33 | INFO     | co2_forecast |   Best fitness: inf
2026-08-01 21:33:33 | INFO     | co2_forecast | [A1/panel2_common_period/fs_permutation_stability/catboost] sweep tuning: best_params={'iterations': 144, 'learning_rate': 0.28570714885887566, 'depth': 8, 'l2_leaf_reg': 6.026718993550662}
2026-08-01 21:33:50 | INFO     | co2_forecast |   -> weighted_mase=1.1752559814861314, runtime=187.2s
2026-08-01 21:33:50 | INFO     | co2_forecast | Stream B cell: A1/fs_permutation_stability/lstm (5 features)
2026-08-01 21:33:50 | INFO     | co2_forecast | Creating walk-forward splits for 16 valid samples
2026-08-01 21:33:50 | INFO     | co2_forecast | Created 4 CV folds across horizons [1, 2, 4]
2026-08-01 21:33:50 | INFO     | co2_forecast | Built tuning CV plan: 4 folds from 16 rows before 2022-Q%q (evaluation cutoff) - isolation OK (max tuning date 2021-Q%q)
2026-08-01 21:33:50 | INFO     | co2_forecast | Optimizing lstm...
2026-08-01 21:33:50 | INFO     | co2_forecast | Starting PSO: 5 particles, 8 iterations
2026-08-01 21:33:50 | WARNING  | co2_forecast | Model training failed with params {'lookback': 7, 'hidden_size': 62, 'num_layers': 2, 'dropout': 0.3394633936788146, 'learning_rate': 0.0016445845403801217, 'batch_size': 8}: LSTM.fit: training data has 8 rows, giving only 1 sequence(s) with lookback=7; at least 2 are required (one is always reserved for validation). Reduce lookback or provide more training history.
2026-08-01 21:33:50 | WARNING  | co2_forecast | Model training failed with params {'lookback': 11, 'hidden_size': 26, 'num_layers': 1, 'dropout': 0.17336180394137352, 'learning_rate': 0.0031119982052994237, 'batch_size': 16}: LSTM.fit: training data has 8 rows, giving only 0 sequence(s) with lookback=11; at least 2 are required (one is always reserved for validation). Reduce lookback or provide more training history.
2026-08-01 21:33:50 | WARNING  | co2_forecast | Model training failed with params {'lookback': 8, 'hidden_size': 54, 'num_layers': 1, 'dropout': 0.3056937753654446, 'learning_rate': 0.005964904231734221, 'batch_size': 8}: LSTM.fit: training data has 8 rows, giving only 0 sequence(s) with lookback=8; at least 2 are required (one is always reserved for validation). Reduce lookback or provide more training history.
2026-08-01 21:33:50 | WARNING  | co2_forecast | Very few sequences (2), LSTM may not train well
2026-08-01 21:33:50 | WARNING  | co2_forecast | Very few sequences (6), LSTM may not train well
2026-08-01 21:33:50 | WARNING  | co2_forecast | Very few sequences (2), LSTM may not train well
2026-08-01 21:33:51 | WARNING  | co2_forecast | Very few sequences (2), LSTM may not train well
2026-08-01 21:33:51 | WARNING  | co2_forecast | Model training failed with params {'lookback': 8, 'hidden_size': 25, 'num_layers': 2, 'dropout': 0.4100531293444458, 'learning_rate': 0.009401039521485473, 'batch_size': 32}: LSTM.fit: training data has 8 rows, giving only 0 sequence(s) with lookback=8; at least 2 are required (one is always reserved for validation). Reduce lookback or provide more training history.
2026-08-01 21:33:51 | INFO     | co2_forecast |   Iteration 0: Best fitness = 1.060178
2026-08-01 21:33:51 | WARNING  | co2_forecast | Very few sequences (3), LSTM may not train well
2026-08-01 21:33:51 | WARNING  | co2_forecast | Very few sequences (7), LSTM may not train well
2026-08-01 21:33:51 | WARNING  | co2_forecast | Very few sequences (3), LSTM may not train well
2026-08-01 21:33:52 | WARNING  | co2_forecast | Very few sequences (3), LSTM may not train well
2026-08-01 21:33:52 | WARNING  | co2_forecast | Very few sequences (2), LSTM may not train well
2026-08-01 21:33:52 | WARNING  | co2_forecast | Very few sequences (6), LSTM may not train well
2026-08-01 21:33:52 | WARNING  | co2_forecast | Very few sequences (2), LSTM may not train well
2026-08-01 21:33:53 | WARNING  | co2_forecast | Very few sequences (2), LSTM may not train well
2026-08-01 21:33:53 | WARNING  | co2_forecast | Model training failed with params {'lookback': 8, 'hidden_size': 44, 'num_layers': 1, 'dropout': 0.3238975389966341, 'learning_rate': 0.005520634690128072, 'batch_size': 8}: LSTM.fit: training data has 8 rows, giving only 0 sequence(s) with lookback=8; at least 2 are required (one is always reserved for validation). Reduce lookback or provide more training history.
2026-08-01 21:33:53 | WARNING  | co2_forecast | Very few sequences (3), LSTM may not train well
2026-08-01 21:33:53 | WARNING  | co2_forecast | Very few sequences (7), LSTM may not train well
2026-08-01 21:33:53 | WARNING  | co2_forecast | Very few sequences (3), LSTM may not train well
2026-08-01 21:33:54 | WARNING  | co2_forecast | Very few sequences (3), LSTM may not train well
2026-08-01 21:33:54 | WARNING  | co2_forecast | Very few sequences (2), LSTM may not train well
2026-08-01 21:33:54 | WARNING  | co2_forecast | Very few sequences (6), LSTM may not train well
2026-08-01 21:33:55 | WARNING  | co2_forecast | Very few sequences (2), LSTM may not train well
2026-08-01 21:33:55 | WARNING  | co2_forecast | Very few sequences (2), LSTM may not train well
2026-08-01 21:33:56 | WARNING  | co2_forecast | Very few sequences (4), LSTM may not train well
2026-08-01 21:33:56 | WARNING  | co2_forecast | Very few sequences (8), LSTM may not train well
2026-08-01 21:33:56 | WARNING  | co2_forecast | Very few sequences (4), LSTM may not train well
2026-08-01 21:33:56 | WARNING  | co2_forecast | Very few sequences (4), LSTM may not train well
2026-08-01 21:33:57 | WARNING  | co2_forecast | Very few sequences (4), LSTM may not train well
2026-08-01 21:33:57 | WARNING  | co2_forecast | Very few sequences (8), LSTM may not train well
2026-08-01 21:33:57 | WARNING  | co2_forecast | Very few sequences (4), LSTM may not train well
2026-08-01 21:33:57 | WARNING  | co2_forecast | Very few sequences (4), LSTM may not train well
2026-08-01 21:33:57 | WARNING  | co2_forecast | Model training failed with params {'lookback': 7, 'hidden_size': 33, 'num_layers': 1, 'dropout': 0.3174646446740698, 'learning_rate': 0.004142028037008457, 'batch_size': 16}: LSTM.fit: training data has 8 rows, giving only 1 sequence(s) with lookback=7; at least 2 are required (one is always reserved for validation). Reduce lookback or provide more training history.
2026-08-01 21:33:57 | WARNING  | co2_forecast | Very few sequences (3), LSTM may not train well
2026-08-01 21:33:57 | WARNING  | co2_forecast | Very few sequences (7), LSTM may not train well
2026-08-01 21:33:57 | WARNING  | co2_forecast | Very few sequences (3), LSTM may not train well
2026-08-01 21:33:58 | WARNING  | co2_forecast | Very few sequences (3), LSTM may not train well
2026-08-01 21:33:58 | WARNING  | co2_forecast | Very few sequences (4), LSTM may not train well
2026-08-01 21:33:58 | WARNING  | co2_forecast | Very few sequences (8), LSTM may not train well
2026-08-01 21:33:58 | WARNING  | co2_forecast | Very few sequences (4), LSTM may not train well
2026-08-01 21:33:58 | WARNING  | co2_forecast | Very few sequences (4), LSTM may not train well
2026-08-01 21:33:58 | WARNING  | co2_forecast | Very few sequences (4), LSTM may not train well
2026-08-01 21:33:59 | WARNING  | co2_forecast | Very few sequences (8), LSTM may not train well
2026-08-01 21:33:59 | WARNING  | co2_forecast | Very few sequences (4), LSTM may not train well
2026-08-01 21:33:59 | WARNING  | co2_forecast | Very few sequences (4), LSTM may not train well
2026-08-01 21:33:59 | WARNING  | co2_forecast | Very few sequences (4), LSTM may not train well
2026-08-01 21:33:59 | WARNING  | co2_forecast | Very few sequences (8), LSTM may not train well
2026-08-01 21:33:59 | WARNING  | co2_forecast | Very few sequences (4), LSTM may not train well
2026-08-01 21:33:59 | WARNING  | co2_forecast | Very few sequences (4), LSTM may not train well
2026-08-01 21:33:59 | WARNING  | co2_forecast | Very few sequences (2), LSTM may not train well
2026-08-01 21:33:59 | WARNING  | co2_forecast | Very few sequences (6), LSTM may not train well
2026-08-01 21:33:59 | WARNING  | co2_forecast | Very few sequences (2), LSTM may not train well
2026-08-01 21:34:00 | WARNING  | co2_forecast | Very few sequences (2), LSTM may not train well
2026-08-01 21:34:00 | WARNING  | co2_forecast | Very few sequences (4), LSTM may not train well
2026-08-01 21:34:00 | WARNING  | co2_forecast | Very few sequences (8), LSTM may not train well
2026-08-01 21:34:00 | WARNING  | co2_forecast | Very few sequences (4), LSTM may not train well
2026-08-01 21:34:00 | WARNING  | co2_forecast | Very few sequences (4), LSTM may not train well
2026-08-01 21:34:00 | WARNING  | co2_forecast | Very few sequences (4), LSTM may not train well
2026-08-01 21:34:00 | WARNING  | co2_forecast | Very few sequences (8), LSTM may not train well
2026-08-01 21:34:00 | WARNING  | co2_forecast | Very few sequences (4), LSTM may not train well
2026-08-01 21:34:00 | WARNING  | co2_forecast | Very few sequences (4), LSTM may not train well
2026-08-01 21:34:01 | WARNING  | co2_forecast | Very few sequences (4), LSTM may not train well
2026-08-01 21:34:01 | WARNING  | co2_forecast | Very few sequences (8), LSTM may not train well
2026-08-01 21:34:01 | WARNING  | co2_forecast | Very few sequences (4), LSTM may not train well
2026-08-01 21:34:01 | WARNING  | co2_forecast | Very few sequences (4), LSTM may not train well
2026-08-01 21:34:01 | WARNING  | co2_forecast | Very few sequences (4), LSTM may not train well
2026-08-01 21:34:01 | WARNING  | co2_forecast | Very few sequences (8), LSTM may not train well
2026-08-01 21:34:01 | WARNING  | co2_forecast | Very few sequences (4), LSTM may not train well
2026-08-01 21:34:01 | WARNING  | co2_forecast | Very few sequences (4), LSTM may not train well
2026-08-01 21:34:01 | WARNING  | co2_forecast | Very few sequences (3), LSTM may not train well
2026-08-01 21:34:01 | WARNING  | co2_forecast | Very few sequences (7), LSTM may not train well
2026-08-01 21:34:02 | WARNING  | co2_forecast | Very few sequences (3), LSTM may not train well
2026-08-01 21:34:02 | WARNING  | co2_forecast | Very few sequences (3), LSTM may not train well
2026-08-01 21:34:02 | WARNING  | co2_forecast | Very few sequences (4), LSTM may not train well
2026-08-01 21:34:02 | WARNING  | co2_forecast | Very few sequences (8), LSTM may not train well
2026-08-01 21:34:02 | WARNING  | co2_forecast | Very few sequences (4), LSTM may not train well
2026-08-01 21:34:02 | WARNING  | co2_forecast | Very few sequences (4), LSTM may not train well
2026-08-01 21:34:02 | WARNING  | co2_forecast | Very few sequences (4), LSTM may not train well
2026-08-01 21:34:03 | WARNING  | co2_forecast | Very few sequences (8), LSTM may not train well
2026-08-01 21:34:03 | WARNING  | co2_forecast | Very few sequences (4), LSTM may not train well
2026-08-01 21:34:03 | WARNING  | co2_forecast | Very few sequences (4), LSTM may not train well
2026-08-01 21:34:03 | WARNING  | co2_forecast | Very few sequences (4), LSTM may not train well
2026-08-01 21:34:03 | WARNING  | co2_forecast | Very few sequences (8), LSTM may not train well
2026-08-01 21:34:03 | WARNING  | co2_forecast | Very few sequences (4), LSTM may not train well
2026-08-01 21:34:03 | WARNING  | co2_forecast | Very few sequences (4), LSTM may not train well
2026-08-01 21:34:03 | WARNING  | co2_forecast | Very few sequences (4), LSTM may not train well
2026-08-01 21:34:03 | WARNING  | co2_forecast | Very few sequences (8), LSTM may not train well
2026-08-01 21:34:03 | WARNING  | co2_forecast | Very few sequences (4), LSTM may not train well
2026-08-01 21:34:03 | WARNING  | co2_forecast | Very few sequences (4), LSTM may not train well
2026-08-01 21:34:04 | WARNING  | co2_forecast | Very few sequences (4), LSTM may not train well
2026-08-01 21:34:04 | WARNING  | co2_forecast | Very few sequences (8), LSTM may not train well
2026-08-01 21:34:04 | WARNING  | co2_forecast | Very few sequences (4), LSTM may not train well
2026-08-01 21:34:04 | WARNING  | co2_forecast | Very few sequences (4), LSTM may not train well
2026-08-01 21:34:04 | WARNING  | co2_forecast | Very few sequences (4), LSTM may not train well
2026-08-01 21:34:04 | WARNING  | co2_forecast | Very few sequences (8), LSTM may not train well
2026-08-01 21:34:04 | WARNING  | co2_forecast | Very few sequences (4), LSTM may not train well
2026-08-01 21:34:04 | WARNING  | co2_forecast | Very few sequences (4), LSTM may not train well
2026-08-01 21:34:04 | WARNING  | co2_forecast | Very few sequences (4), LSTM may not train well
2026-08-01 21:34:04 | WARNING  | co2_forecast | Very few sequences (8), LSTM may not train well
2026-08-01 21:34:04 | WARNING  | co2_forecast | Very few sequences (4), LSTM may not train well
2026-08-01 21:34:05 | WARNING  | co2_forecast | Very few sequences (4), LSTM may not train well
2026-08-01 21:34:05 | INFO     | co2_forecast |   Iteration 5: Best fitness = 0.764108
2026-08-01 21:34:05 | WARNING  | co2_forecast | Very few sequences (4), LSTM may not train well
2026-08-01 21:34:05 | WARNING  | co2_forecast | Very few sequences (8), LSTM may not train well
2026-08-01 21:34:05 | WARNING  | co2_forecast | Very few sequences (4), LSTM may not train well
2026-08-01 21:34:05 | WARNING  | co2_forecast | Very few sequences (4), LSTM may not train well
2026-08-01 21:34:05 | WARNING  | co2_forecast | Very few sequences (4), LSTM may not train well
2026-08-01 21:34:05 | WARNING  | co2_forecast | Very few sequences (8), LSTM may not train well
2026-08-01 21:34:05 | WARNING  | co2_forecast | Very few sequences (4), LSTM may not train well
2026-08-01 21:34:05 | WARNING  | co2_forecast | Very few sequences (4), LSTM may not train well
2026-08-01 21:34:05 | WARNING  | co2_forecast | Very few sequences (4), LSTM may not train well
2026-08-01 21:34:05 | WARNING  | co2_forecast | Very few sequences (8), LSTM may not train well
2026-08-01 21:34:05 | WARNING  | co2_forecast | Very few sequences (4), LSTM may not train well
2026-08-01 21:34:06 | WARNING  | co2_forecast | Very few sequences (4), LSTM may not train well
2026-08-01 21:34:06 | WARNING  | co2_forecast | Very few sequences (4), LSTM may not train well
2026-08-01 21:34:06 | WARNING  | co2_forecast | Very few sequences (8), LSTM may not train well
2026-08-01 21:34:06 | WARNING  | co2_forecast | Very few sequences (4), LSTM may not train well
2026-08-01 21:34:06 | WARNING  | co2_forecast | Very few sequences (4), LSTM may not train well
2026-08-01 21:34:06 | WARNING  | co2_forecast | Very few sequences (4), LSTM may not train well
2026-08-01 21:34:06 | WARNING  | co2_forecast | Very few sequences (8), LSTM may not train well
2026-08-01 21:34:06 | WARNING  | co2_forecast | Very few sequences (4), LSTM may not train well
2026-08-01 21:34:06 | WARNING  | co2_forecast | Very few sequences (4), LSTM may not train well
2026-08-01 21:34:06 | WARNING  | co2_forecast | Very few sequences (4), LSTM may not train well
2026-08-01 21:34:06 | WARNING  | co2_forecast | Very few sequences (8), LSTM may not train well
2026-08-01 21:34:07 | WARNING  | co2_forecast | Very few sequences (4), LSTM may not train well
2026-08-01 21:34:07 | WARNING  | co2_forecast | Very few sequences (4), LSTM may not train well
2026-08-01 21:34:07 | WARNING  | co2_forecast | Very few sequences (4), LSTM may not train well
2026-08-01 21:34:07 | WARNING  | co2_forecast | Very few sequences (8), LSTM may not train well
2026-08-01 21:34:07 | WARNING  | co2_forecast | Very few sequences (4), LSTM may not train well
2026-08-01 21:34:07 | WARNING  | co2_forecast | Very few sequences (4), LSTM may not train well
2026-08-01 21:34:07 | WARNING  | co2_forecast | Very few sequences (4), LSTM may not train well
2026-08-01 21:34:07 | WARNING  | co2_forecast | Very few sequences (8), LSTM may not train well
2026-08-01 21:34:07 | WARNING  | co2_forecast | Very few sequences (4), LSTM may not train well
2026-08-01 21:34:07 | WARNING  | co2_forecast | Very few sequences (4), LSTM may not train well
2026-08-01 21:34:07 | WARNING  | co2_forecast | Very few sequences (4), LSTM may not train well
2026-08-01 21:34:08 | WARNING  | co2_forecast | Very few sequences (8), LSTM may not train well
2026-08-01 21:34:08 | WARNING  | co2_forecast | Very few sequences (4), LSTM may not train well
2026-08-01 21:34:08 | WARNING  | co2_forecast | Very few sequences (4), LSTM may not train well
2026-08-01 21:34:08 | WARNING  | co2_forecast | Very few sequences (4), LSTM may not train well
2026-08-01 21:34:08 | WARNING  | co2_forecast | Very few sequences (8), LSTM may not train well
2026-08-01 21:34:08 | WARNING  | co2_forecast | Very few sequences (4), LSTM may not train well
2026-08-01 21:34:08 | WARNING  | co2_forecast | Very few sequences (4), LSTM may not train well
2026-08-01 21:34:08 | INFO     | co2_forecast |   Iteration 7: Best fitness = 0.764108
2026-08-01 21:34:08 | INFO     | co2_forecast | PSO complete. Best fitness: 0.764108
2026-08-01 21:34:08 | INFO     | co2_forecast |   Best params: {'lookback': 4, 'hidden_size': 16, 'num_layers': 2, 'dropout': 0.10086188385038589, 'learning_rate': 0.0001, 'batch_size': 32}
2026-08-01 21:34:08 | INFO     | co2_forecast |   Best fitness: 0.764108
2026-08-01 21:34:08 | INFO     | co2_forecast | [A1/panel2_common_period/fs_permutation_stability/lstm] sweep tuning: best_params={'lookback': 4, 'hidden_size': 16, 'num_layers': 2, 'dropout': 0.10086188385038589, 'learning_rate': 0.0001, 'batch_size': 32}
2026-08-01 21:34:10 | INFO     | co2_forecast |   -> weighted_mase=1.029665927569141, runtime=19.5s
2026-08-01 21:34:10 | INFO     | co2_forecast | Stream B cell: A1/fs_consensus/ridge (10 features)
2026-08-01 21:34:10 | INFO     | co2_forecast | Creating walk-forward splits for 16 valid samples
2026-08-01 21:34:10 | INFO     | co2_forecast | Created 4 CV folds across horizons [1, 2, 4]
2026-08-01 21:34:10 | INFO     | co2_forecast | Built tuning CV plan: 4 folds from 16 rows before 2022-Q%q (evaluation cutoff) - isolation OK (max tuning date 2021-Q%q)
2026-08-01 21:34:10 | INFO     | co2_forecast | Optimizing ridge...
2026-08-01 21:34:10 | INFO     | co2_forecast | Starting PSO: 5 particles, 8 iterations
2026-08-01 21:34:10 | INFO     | co2_forecast |   Iteration 0: Best fitness = 2.767896
2026-08-01 21:34:10 | INFO     | co2_forecast |   Iteration 5: Best fitness = 2.137159
2026-08-01 21:34:10 | INFO     | co2_forecast |   Iteration 7: Best fitness = 2.137159
2026-08-01 21:34:10 | INFO     | co2_forecast | PSO complete. Best fitness: 2.137159
2026-08-01 21:34:10 | INFO     | co2_forecast |   Best params: {'alpha': 100.0}
2026-08-01 21:34:10 | INFO     | co2_forecast |   Best fitness: 2.137159
2026-08-01 21:34:10 | INFO     | co2_forecast | [A1/panel2_common_period/fs_consensus/ridge] sweep tuning: best_params={'alpha': 100.0}
2026-08-01 21:34:10 | INFO     | co2_forecast |   -> weighted_mase=0.901615364421449, runtime=0.2s
2026-08-01 21:34:10 | INFO     | co2_forecast | Stream B cell: A1/fs_consensus/random_forest (10 features)
2026-08-01 21:34:10 | INFO     | co2_forecast | Creating walk-forward splits for 16 valid samples
2026-08-01 21:34:10 | INFO     | co2_forecast | Created 4 CV folds across horizons [1, 2, 4]
2026-08-01 21:34:10 | INFO     | co2_forecast | Built tuning CV plan: 4 folds from 16 rows before 2022-Q%q (evaluation cutoff) - isolation OK (max tuning date 2021-Q%q)
2026-08-01 21:34:10 | INFO     | co2_forecast | Optimizing random_forest...
2026-08-01 21:34:10 | INFO     | co2_forecast | Starting PSO: 5 particles, 8 iterations
2026-08-01 21:34:14 | INFO     | co2_forecast |   Iteration 0: Best fitness = 0.748939
2026-08-01 21:34:32 | INFO     | co2_forecast |   Iteration 5: Best fitness = 0.329787
2026-08-01 21:34:42 | INFO     | co2_forecast |   Iteration 7: Best fitness = 0.327359
2026-08-01 21:34:42 | INFO     | co2_forecast | PSO complete. Best fitness: 0.327359
2026-08-01 21:34:42 | INFO     | co2_forecast |   Best params: {'n_estimators': 248, 'max_depth': 3, 'min_samples_split': 2, 'min_samples_leaf': 1}
2026-08-01 21:34:42 | INFO     | co2_forecast |   Best fitness: 0.327359
2026-08-01 21:34:42 | INFO     | co2_forecast | [A1/panel2_common_period/fs_consensus/random_forest] sweep tuning: best_params={'n_estimators': 248, 'max_depth': 3, 'min_samples_split': 2, 'min_samples_leaf': 1}
2026-08-01 21:34:45 | INFO     | co2_forecast |   -> weighted_mase=0.7403748449916785, runtime=34.7s
2026-08-01 21:34:45 | INFO     | co2_forecast | Stream B cell: A1/fs_consensus/lightgbm (10 features)
2026-08-01 21:34:45 | INFO     | co2_forecast | Creating walk-forward splits for 16 valid samples
2026-08-01 21:34:45 | INFO     | co2_forecast | Created 4 CV folds across horizons [1, 2, 4]
2026-08-01 21:34:45 | INFO     | co2_forecast | Built tuning CV plan: 4 folds from 16 rows before 2022-Q%q (evaluation cutoff) - isolation OK (max tuning date 2021-Q%q)
2026-08-01 21:34:45 | INFO     | co2_forecast | Optimizing lightgbm...
2026-08-01 21:34:45 | INFO     | co2_forecast | Starting PSO: 5 particles, 8 iterations
2026-08-01 21:34:45 | INFO     | co2_forecast |   Iteration 0: Best fitness = 0.768990
2026-08-01 21:34:46 | INFO     | co2_forecast |   Iteration 5: Best fitness = 0.653962
2026-08-01 21:34:46 | INFO     | co2_forecast |   Iteration 7: Best fitness = 0.653962
2026-08-01 21:34:46 | INFO     | co2_forecast | PSO complete. Best fitness: 0.653962
2026-08-01 21:34:46 | INFO     | co2_forecast |   Best params: {'n_estimators': 164, 'learning_rate': 0.3, 'num_leaves': 127, 'max_depth': 10, 'min_child_samples': 6, 'reg_alpha': 0.001, 'reg_lambda': 0.001}
2026-08-01 21:34:46 | INFO     | co2_forecast |   Best fitness: 0.653962
2026-08-01 21:34:46 | INFO     | co2_forecast | [A1/panel2_common_period/fs_consensus/lightgbm] sweep tuning: best_params={'n_estimators': 164, 'learning_rate': 0.3, 'num_leaves': 127, 'max_depth': 10, 'min_child_samples': 6, 'reg_alpha': 0.001, 'reg_lambda': 0.001}
2026-08-01 21:34:46 | INFO     | co2_forecast |   -> weighted_mase=0.7610224286063254, runtime=1.7s
2026-08-01 21:34:46 | INFO     | co2_forecast | Stream B cell: A1/fs_consensus/catboost (10 features)
2026-08-01 21:34:46 | INFO     | co2_forecast | Creating walk-forward splits for 16 valid samples
2026-08-01 21:34:46 | INFO     | co2_forecast | Created 4 CV folds across horizons [1, 2, 4]
2026-08-01 21:34:46 | INFO     | co2_forecast | Built tuning CV plan: 4 folds from 16 rows before 2022-Q%q (evaluation cutoff) - isolation OK (max tuning date 2021-Q%q)
2026-08-01 21:34:46 | INFO     | co2_forecast | Optimizing catboost...
2026-08-01 21:34:46 | INFO     | co2_forecast | Starting PSO: 5 particles, 8 iterations
2026-08-01 21:40:35 | INFO     | co2_forecast |   Iteration 0: Best fitness = 0.294534
2026-08-01 22:09:57 | INFO     | co2_forecast |   Iteration 5: Best fitness = 0.273559
2026-08-01 22:22:49 | INFO     | co2_forecast |   Iteration 7: Best fitness = 0.273559
2026-08-01 22:22:49 | INFO     | co2_forecast | PSO complete. Best fitness: 0.273559
2026-08-01 22:22:49 | INFO     | co2_forecast |   Best params: {'iterations': 205, 'learning_rate': 0.18557691580182212, 'depth': 3, 'l2_leaf_reg': 8.917433137934221}
2026-08-01 22:22:49 | INFO     | co2_forecast |   Best fitness: 0.273559
2026-08-01 22:22:49 | INFO     | co2_forecast | [A1/panel2_common_period/fs_consensus/catboost] sweep tuning: best_params={'iterations': 205, 'learning_rate': 0.18557691580182212, 'depth': 3, 'l2_leaf_reg': 8.917433137934221}
2026-08-01 22:25:03 | INFO     | co2_forecast |   -> weighted_mase=0.6430852416134413, runtime=3016.5s
2026-08-01 22:25:03 | INFO     | co2_forecast | Stream B cell: A1/fs_consensus/lstm (10 features)
2026-08-01 22:25:03 | INFO     | co2_forecast | Creating walk-forward splits for 16 valid samples
2026-08-01 22:25:03 | INFO     | co2_forecast | Created 4 CV folds across horizons [1, 2, 4]
2026-08-01 22:25:03 | INFO     | co2_forecast | Built tuning CV plan: 4 folds from 16 rows before 2022-Q%q (evaluation cutoff) - isolation OK (max tuning date 2021-Q%q)
2026-08-01 22:25:03 | INFO     | co2_forecast | Optimizing lstm...
2026-08-01 22:25:03 | INFO     | co2_forecast | Starting PSO: 5 particles, 8 iterations
2026-08-01 22:25:03 | WARNING  | co2_forecast | Model training failed with params {'lookback': 7, 'hidden_size': 62, 'num_layers': 2, 'dropout': 0.3394633936788146, 'learning_rate': 0.0016445845403801217, 'batch_size': 8}: LSTM.fit: training data has 8 rows, giving only 1 sequence(s) with lookback=7; at least 2 are required (one is always reserved for validation). Reduce lookback or provide more training history.
2026-08-01 22:25:03 | WARNING  | co2_forecast | Model training failed with params {'lookback': 11, 'hidden_size': 26, 'num_layers': 1, 'dropout': 0.17336180394137352, 'learning_rate': 0.0031119982052994237, 'batch_size': 16}: LSTM.fit: training data has 8 rows, giving only 0 sequence(s) with lookback=11; at least 2 are required (one is always reserved for validation). Reduce lookback or provide more training history.
2026-08-01 22:25:03 | WARNING  | co2_forecast | Model training failed with params {'lookback': 8, 'hidden_size': 54, 'num_layers': 1, 'dropout': 0.3056937753654446, 'learning_rate': 0.005964904231734221, 'batch_size': 8}: LSTM.fit: training data has 8 rows, giving only 0 sequence(s) with lookback=8; at least 2 are required (one is always reserved for validation). Reduce lookback or provide more training history.
2026-08-01 22:25:03 | WARNING  | co2_forecast | Very few sequences (2), LSTM may not train well
2026-08-01 22:25:03 | WARNING  | co2_forecast | Very few sequences (6), LSTM may not train well
2026-08-01 22:25:03 | WARNING  | co2_forecast | Very few sequences (2), LSTM may not train well
2026-08-01 22:25:03 | WARNING  | co2_forecast | Very few sequences (2), LSTM may not train well
2026-08-01 22:25:03 | WARNING  | co2_forecast | Model training failed with params {'lookback': 8, 'hidden_size': 25, 'num_layers': 2, 'dropout': 0.4100531293444458, 'learning_rate': 0.009401039521485473, 'batch_size': 32}: LSTM.fit: training data has 8 rows, giving only 0 sequence(s) with lookback=8; at least 2 are required (one is always reserved for validation). Reduce lookback or provide more training history.
2026-08-01 22:25:03 | INFO     | co2_forecast |   Iteration 0: Best fitness = 1.138327
2026-08-01 22:25:03 | WARNING  | co2_forecast | Very few sequences (3), LSTM may not train well
2026-08-01 22:25:04 | WARNING  | co2_forecast | Very few sequences (7), LSTM may not train well
2026-08-01 22:25:04 | WARNING  | co2_forecast | Very few sequences (3), LSTM may not train well
2026-08-01 22:25:05 | WARNING  | co2_forecast | Very few sequences (3), LSTM may not train well
2026-08-01 22:25:05 | WARNING  | co2_forecast | Very few sequences (2), LSTM may not train well
2026-08-01 22:25:05 | WARNING  | co2_forecast | Very few sequences (6), LSTM may not train well
2026-08-01 22:25:05 | WARNING  | co2_forecast | Very few sequences (2), LSTM may not train well
2026-08-01 22:25:05 | WARNING  | co2_forecast | Very few sequences (2), LSTM may not train well
2026-08-01 22:25:05 | WARNING  | co2_forecast | Model training failed with params {'lookback': 8, 'hidden_size': 44, 'num_layers': 1, 'dropout': 0.3238975389966341, 'learning_rate': 0.005520634690128072, 'batch_size': 8}: LSTM.fit: training data has 8 rows, giving only 0 sequence(s) with lookback=8; at least 2 are required (one is always reserved for validation). Reduce lookback or provide more training history.
2026-08-01 22:25:05 | WARNING  | co2_forecast | Very few sequences (3), LSTM may not train well
2026-08-01 22:25:06 | WARNING  | co2_forecast | Very few sequences (7), LSTM may not train well
2026-08-01 22:25:06 | WARNING  | co2_forecast | Very few sequences (3), LSTM may not train well
2026-08-01 22:25:06 | WARNING  | co2_forecast | Very few sequences (3), LSTM may not train well
2026-08-01 22:25:06 | WARNING  | co2_forecast | Very few sequences (2), LSTM may not train well
2026-08-01 22:25:06 | WARNING  | co2_forecast | Very few sequences (6), LSTM may not train well
2026-08-01 22:25:07 | WARNING  | co2_forecast | Very few sequences (2), LSTM may not train well
2026-08-01 22:25:08 | WARNING  | co2_forecast | Very few sequences (2), LSTM may not train well
2026-08-01 22:25:08 | WARNING  | co2_forecast | Very few sequences (3), LSTM may not train well
2026-08-01 22:25:08 | WARNING  | co2_forecast | Very few sequences (7), LSTM may not train well
2026-08-01 22:25:09 | WARNING  | co2_forecast | Very few sequences (3), LSTM may not train well
2026-08-01 22:25:09 | WARNING  | co2_forecast | Very few sequences (3), LSTM may not train well
2026-08-01 22:25:10 | WARNING  | co2_forecast | Very few sequences (4), LSTM may not train well
2026-08-01 22:25:10 | WARNING  | co2_forecast | Very few sequences (8), LSTM may not train well
2026-08-01 22:25:10 | WARNING  | co2_forecast | Very few sequences (4), LSTM may not train well
2026-08-01 22:25:11 | WARNING  | co2_forecast | Very few sequences (4), LSTM may not train well
2026-08-01 22:25:11 | WARNING  | co2_forecast | Model training failed with params {'lookback': 7, 'hidden_size': 35, 'num_layers': 1, 'dropout': 0.31512819649180424, 'learning_rate': 0.004065945490368326, 'batch_size': 8}: LSTM.fit: training data has 8 rows, giving only 1 sequence(s) with lookback=7; at least 2 are required (one is always reserved for validation). Reduce lookback or provide more training history.
2026-08-01 22:25:11 | WARNING  | co2_forecast | Very few sequences (2), LSTM may not train well
2026-08-01 22:25:11 | WARNING  | co2_forecast | Very few sequences (6), LSTM may not train well
2026-08-01 22:25:12 | WARNING  | co2_forecast | Very few sequences (2), LSTM may not train well
2026-08-01 22:25:13 | WARNING  | co2_forecast | Very few sequences (2), LSTM may not train well
2026-08-01 22:25:13 | WARNING  | co2_forecast | Very few sequences (3), LSTM may not train well
2026-08-01 22:25:13 | WARNING  | co2_forecast | Very few sequences (7), LSTM may not train well
2026-08-01 22:25:14 | WARNING  | co2_forecast | Very few sequences (3), LSTM may not train well
2026-08-01 22:25:15 | WARNING  | co2_forecast | Very few sequences (3), LSTM may not train well
2026-08-01 22:25:15 | WARNING  | co2_forecast | Very few sequences (3), LSTM may not train well
2026-08-01 22:25:15 | WARNING  | co2_forecast | Very few sequences (7), LSTM may not train well
2026-08-01 22:25:15 | WARNING  | co2_forecast | Very few sequences (3), LSTM may not train well
2026-08-01 22:25:16 | WARNING  | co2_forecast | Very few sequences (3), LSTM may not train well
2026-08-01 22:25:16 | WARNING  | co2_forecast | Very few sequences (4), LSTM may not train well
2026-08-01 22:25:16 | WARNING  | co2_forecast | Very few sequences (8), LSTM may not train well
2026-08-01 22:25:17 | WARNING  | co2_forecast | Very few sequences (4), LSTM may not train well
2026-08-01 22:25:17 | WARNING  | co2_forecast | Very few sequences (4), LSTM may not train well
2026-08-01 22:25:17 | WARNING  | co2_forecast | Very few sequences (2), LSTM may not train well
2026-08-01 22:25:17 | WARNING  | co2_forecast | Very few sequences (6), LSTM may not train well
2026-08-01 22:25:17 | WARNING  | co2_forecast | Very few sequences (2), LSTM may not train well
2026-08-01 22:25:17 | WARNING  | co2_forecast | Very few sequences (2), LSTM may not train well
2026-08-01 22:25:17 | WARNING  | co2_forecast | Very few sequences (3), LSTM may not train well
2026-08-01 22:25:17 | WARNING  | co2_forecast | Very few sequences (7), LSTM may not train well
2026-08-01 22:25:18 | WARNING  | co2_forecast | Very few sequences (3), LSTM may not train well
2026-08-01 22:25:18 | WARNING  | co2_forecast | Very few sequences (3), LSTM may not train well
2026-08-01 22:25:18 | WARNING  | co2_forecast | Very few sequences (4), LSTM may not train well
2026-08-01 22:25:19 | WARNING  | co2_forecast | Very few sequences (8), LSTM may not train well
2026-08-01 22:25:19 | WARNING  | co2_forecast | Very few sequences (4), LSTM may not train well
2026-08-01 22:25:19 | WARNING  | co2_forecast | Very few sequences (4), LSTM may not train well
2026-08-01 22:25:19 | WARNING  | co2_forecast | Very few sequences (4), LSTM may not train well
2026-08-01 22:25:19 | WARNING  | co2_forecast | Very few sequences (8), LSTM may not train well
2026-08-01 22:25:20 | WARNING  | co2_forecast | Very few sequences (4), LSTM may not train well
2026-08-01 22:25:20 | WARNING  | co2_forecast | Very few sequences (4), LSTM may not train well
2026-08-01 22:25:20 | WARNING  | co2_forecast | Very few sequences (4), LSTM may not train well
2026-08-01 22:25:20 | WARNING  | co2_forecast | Very few sequences (8), LSTM may not train well
2026-08-01 22:25:20 | WARNING  | co2_forecast | Very few sequences (4), LSTM may not train well
2026-08-01 22:25:21 | WARNING  | co2_forecast | Very few sequences (4), LSTM may not train well
2026-08-01 22:25:21 | WARNING  | co2_forecast | Very few sequences (3), LSTM may not train well
2026-08-01 22:25:21 | WARNING  | co2_forecast | Very few sequences (7), LSTM may not train well
2026-08-01 22:25:21 | WARNING  | co2_forecast | Very few sequences (3), LSTM may not train well
2026-08-01 22:25:21 | WARNING  | co2_forecast | Very few sequences (3), LSTM may not train well
2026-08-01 22:25:21 | WARNING  | co2_forecast | Very few sequences (4), LSTM may not train well
2026-08-01 22:25:21 | WARNING  | co2_forecast | Very few sequences (8), LSTM may not train well
2026-08-01 22:25:22 | WARNING  | co2_forecast | Very few sequences (4), LSTM may not train well
2026-08-01 22:25:22 | WARNING  | co2_forecast | Very few sequences (4), LSTM may not train well
2026-08-01 22:25:22 | WARNING  | co2_forecast | Very few sequences (4), LSTM may not train well
2026-08-01 22:25:22 | WARNING  | co2_forecast | Very few sequences (8), LSTM may not train well
2026-08-01 22:25:22 | WARNING  | co2_forecast | Very few sequences (4), LSTM may not train well
2026-08-01 22:25:22 | WARNING  | co2_forecast | Very few sequences (4), LSTM may not train well
2026-08-01 22:25:23 | WARNING  | co2_forecast | Very few sequences (4), LSTM may not train well
2026-08-01 22:25:23 | WARNING  | co2_forecast | Very few sequences (8), LSTM may not train well
2026-08-01 22:25:23 | WARNING  | co2_forecast | Very few sequences (4), LSTM may not train well
2026-08-01 22:25:23 | WARNING  | co2_forecast | Very few sequences (4), LSTM may not train well
2026-08-01 22:25:23 | WARNING  | co2_forecast | Very few sequences (4), LSTM may not train well
2026-08-01 22:25:23 | WARNING  | co2_forecast | Very few sequences (8), LSTM may not train well
2026-08-01 22:25:24 | WARNING  | co2_forecast | Very few sequences (4), LSTM may not train well
2026-08-01 22:25:24 | WARNING  | co2_forecast | Very few sequences (4), LSTM may not train well
2026-08-01 22:25:24 | WARNING  | co2_forecast | Very few sequences (4), LSTM may not train well
2026-08-01 22:25:24 | WARNING  | co2_forecast | Very few sequences (8), LSTM may not train well
2026-08-01 22:25:25 | WARNING  | co2_forecast | Very few sequences (4), LSTM may not train well
2026-08-01 22:25:25 | WARNING  | co2_forecast | Very few sequences (4), LSTM may not train well
2026-08-01 22:25:25 | WARNING  | co2_forecast | Very few sequences (4), LSTM may not train well
2026-08-01 22:25:25 | WARNING  | co2_forecast | Very few sequences (8), LSTM may not train well
2026-08-01 22:25:26 | WARNING  | co2_forecast | Very few sequences (4), LSTM may not train well
2026-08-01 22:25:26 | WARNING  | co2_forecast | Very few sequences (4), LSTM may not train well
2026-08-01 22:25:26 | WARNING  | co2_forecast | Very few sequences (4), LSTM may not train well
2026-08-01 22:25:26 | WARNING  | co2_forecast | Very few sequences (8), LSTM may not train well
2026-08-01 22:25:26 | WARNING  | co2_forecast | Very few sequences (4), LSTM may not train well
2026-08-01 22:25:26 | WARNING  | co2_forecast | Very few sequences (4), LSTM may not train well
2026-08-01 22:25:27 | INFO     | co2_forecast |   Iteration 5: Best fitness = 0.755600
2026-08-01 22:25:27 | WARNING  | co2_forecast | Very few sequences (4), LSTM may not train well
2026-08-01 22:25:27 | WARNING  | co2_forecast | Very few sequences (8), LSTM may not train well
2026-08-01 22:25:27 | WARNING  | co2_forecast | Very few sequences (4), LSTM may not train well
2026-08-01 22:25:27 | WARNING  | co2_forecast | Very few sequences (4), LSTM may not train well
2026-08-01 22:25:27 | WARNING  | co2_forecast | Very few sequences (4), LSTM may not train well
2026-08-01 22:25:27 | WARNING  | co2_forecast | Very few sequences (8), LSTM may not train well
2026-08-01 22:25:28 | WARNING  | co2_forecast | Very few sequences (4), LSTM may not train well
2026-08-01 22:25:28 | WARNING  | co2_forecast | Very few sequences (4), LSTM may not train well
2026-08-01 22:25:28 | WARNING  | co2_forecast | Very few sequences (4), LSTM may not train well
2026-08-01 22:25:28 | WARNING  | co2_forecast | Very few sequences (8), LSTM may not train well
2026-08-01 22:25:28 | WARNING  | co2_forecast | Very few sequences (4), LSTM may not train well
2026-08-01 22:25:29 | WARNING  | co2_forecast | Very few sequences (4), LSTM may not train well
2026-08-01 22:25:29 | WARNING  | co2_forecast | Very few sequences (4), LSTM may not train well
2026-08-01 22:25:29 | WARNING  | co2_forecast | Very few sequences (8), LSTM may not train well
2026-08-01 22:25:29 | WARNING  | co2_forecast | Very few sequences (4), LSTM may not train well
2026-08-01 22:25:29 | WARNING  | co2_forecast | Very few sequences (4), LSTM may not train well
2026-08-01 22:25:29 | WARNING  | co2_forecast | Very few sequences (4), LSTM may not train well
2026-08-01 22:25:29 | WARNING  | co2_forecast | Very few sequences (8), LSTM may not train well
2026-08-01 22:25:30 | WARNING  | co2_forecast | Very few sequences (4), LSTM may not train well
2026-08-01 22:25:30 | WARNING  | co2_forecast | Very few sequences (4), LSTM may not train well
2026-08-01 22:25:30 | WARNING  | co2_forecast | Very few sequences (4), LSTM may not train well
2026-08-01 22:25:30 | WARNING  | co2_forecast | Very few sequences (8), LSTM may not train well
2026-08-01 22:25:31 | WARNING  | co2_forecast | Very few sequences (4), LSTM may not train well
2026-08-01 22:25:31 | WARNING  | co2_forecast | Very few sequences (4), LSTM may not train well
2026-08-01 22:25:31 | WARNING  | co2_forecast | Very few sequences (4), LSTM may not train well
2026-08-01 22:25:31 | WARNING  | co2_forecast | Very few sequences (8), LSTM may not train well
2026-08-01 22:25:32 | WARNING  | co2_forecast | Very few sequences (4), LSTM may not train well
2026-08-01 22:25:32 | WARNING  | co2_forecast | Very few sequences (4), LSTM may not train well
2026-08-01 22:25:32 | WARNING  | co2_forecast | Very few sequences (4), LSTM may not train well
2026-08-01 22:25:32 | WARNING  | co2_forecast | Very few sequences (8), LSTM may not train well
2026-08-01 22:25:33 | WARNING  | co2_forecast | Very few sequences (4), LSTM may not train well
2026-08-01 22:25:33 | WARNING  | co2_forecast | Very few sequences (4), LSTM may not train well
2026-08-01 22:25:33 | WARNING  | co2_forecast | Very few sequences (4), LSTM may not train well
2026-08-01 22:25:33 | WARNING  | co2_forecast | Very few sequences (8), LSTM may not train well
2026-08-01 22:25:33 | WARNING  | co2_forecast | Very few sequences (4), LSTM may not train well
2026-08-01 22:25:33 | WARNING  | co2_forecast | Very few sequences (4), LSTM may not train well
2026-08-01 22:25:33 | WARNING  | co2_forecast | Very few sequences (4), LSTM may not train well
2026-08-01 22:25:34 | WARNING  | co2_forecast | Very few sequences (8), LSTM may not train well
2026-08-01 22:25:34 | WARNING  | co2_forecast | Very few sequences (4), LSTM may not train well
2026-08-01 22:25:34 | WARNING  | co2_forecast | Very few sequences (4), LSTM may not train well
2026-08-01 22:25:34 | INFO     | co2_forecast |   Iteration 7: Best fitness = 0.755425
2026-08-01 22:25:34 | INFO     | co2_forecast | PSO complete. Best fitness: 0.755425
2026-08-01 22:25:34 | INFO     | co2_forecast |   Best params: {'lookback': 4, 'hidden_size': 17, 'num_layers': 2, 'dropout': 0.2515281381551862, 'learning_rate': 0.0001, 'batch_size': 32}
2026-08-01 22:25:34 | INFO     | co2_forecast |   Best fitness: 0.755425
2026-08-01 22:25:34 | INFO     | co2_forecast | [A1/panel2_common_period/fs_consensus/lstm] sweep tuning: best_params={'lookback': 4, 'hidden_size': 17, 'num_layers': 2, 'dropout': 0.2515281381551862, 'learning_rate': 0.0001, 'batch_size': 32}
2026-08-01 22:25:37 | INFO     | co2_forecast |   -> weighted_mase=1.019098571801847, runtime=34.6s
2026-08-01 22:25:37 | INFO     | co2_forecast | Running FS1-FS5 on A2 (25 candidate features)...
2026-08-01 22:25:37 | INFO     | co2_forecast | Creating walk-forward splits for 16 valid samples
2026-08-01 22:25:37 | INFO     | co2_forecast | Created 4 CV folds across horizons [1, 2, 4]
2026-08-01 22:25:37 | INFO     | co2_forecast | Built tuning CV plan: 4 folds from 16 rows before 2022-Q%q (evaluation cutoff) - isolation OK (max tuning date 2021-Q%q)
2026-08-01 22:25:37 | INFO     | co2_forecast | Running all feature selection options...
2026-08-01 22:25:37 | INFO     | co2_forecast | ==================================================
2026-08-01 22:25:37 | INFO     | co2_forecast | Running linear feature selection (FS_linear)...
2026-08-01 22:25:37 | INFO     | co2_forecast | Iteration 0: Removed 'Air_Temp' (VIF=inf)
2026-08-01 22:25:37 | INFO     | co2_forecast | Iteration 1: Removed 'CO2e_lag1' (VIF=121728.53)
2026-08-01 22:25:37 | INFO     | co2_forecast | Iteration 2: Removed 'Mobility_Residential' (VIF=4667.26)
2026-08-01 22:25:37 | INFO     | co2_forecast | Iteration 3: Removed 'CO2e_dlog' (VIF=1757.15)
2026-08-01 22:25:37 | INFO     | co2_forecast | Iteration 4: Removed 'Mobility_Transit_Stations' (VIF=1364.15)
2026-08-01 22:25:37 | INFO     | co2_forecast | Iteration 5: Removed 'Q3' (VIF=304.04)
2026-08-01 22:25:37 | INFO     | co2_forecast | Iteration 6: Removed 'GDP' (VIF=139.29)
2026-08-01 22:25:37 | INFO     | co2_forecast | Iteration 7: Removed 'Mobility_Retail_Recreation' (VIF=85.34)
2026-08-01 22:25:37 | INFO     | co2_forecast | Iteration 8: Removed 'Population' (VIF=26.75)
2026-08-01 22:25:37 | INFO     | co2_forecast | Iteration 9: Removed 'Mobility_Workplaces' (VIF=23.38)
2026-08-01 22:25:37 | INFO     | co2_forecast | Iteration 10: Removed 'CO2e_per_Population' (VIF=14.84)
2026-08-01 22:25:37 | INFO     | co2_forecast | Iteration 11: Removed 'CO2e_lag3' (VIF=13.00)
2026-08-01 22:25:37 | INFO     | co2_forecast | VIF filter: 25 -> 13 features
2026-08-01 22:25:37 | INFO     | co2_forecast | Ridge stability: Selected 11 features (stability >= 0.5)
2026-08-01 22:25:37 | INFO     | co2_forecast | ElasticNet: Only 0 features passed threshold, adding top features to reach 3
2026-08-01 22:25:37 | INFO     | co2_forecast | ElasticNet stability: Selected 3 features (stability >= 0.5)
2026-08-01 22:25:37 | INFO     | co2_forecast | FS_linear final: 11 features selected
2026-08-01 22:25:37 | INFO     | co2_forecast | ==================================================
2026-08-01 22:25:37 | INFO     | co2_forecast | Running wrapper feature selection (FS_wrapper)...
2026-08-01 22:25:37 | INFO     | co2_forecast | ==================================================
2026-08-01 22:25:37 | INFO     | co2_forecast | Running ALL wrapper-based feature selection methods...
2026-08-01 22:25:37 | INFO     | co2_forecast | Running RFE feature selection (target: 5 features)...
2026-08-01 22:25:37 | INFO     | co2_forecast | RFE: Selected 6 features using ridge (stability >= 0.5 across 2 folds)
2026-08-01 22:25:37 | INFO     | co2_forecast | Running RFE feature selection (target: 5 features)...
2026-08-01 22:25:43 | INFO     | co2_forecast | RFE: Selected 9 features using random_forest (stability >= 0.5 across 2 folds)
2026-08-01 22:25:43 | INFO     | co2_forecast | Running Sequential Forward Selection (target: 5 features)...
2026-08-01 22:26:42 | INFO     | co2_forecast | SFS: Selected 5 features using ridge
2026-08-01 22:26:42 | INFO     | co2_forecast | Running Sequential Backward Selection (target: 5 features)...
2026-08-01 22:26:46 | INFO     | co2_forecast | SBS: Selected 5 features using ridge
2026-08-01 22:26:46 | INFO     | co2_forecast | Wrapper methods complete: 4 methods run
2026-08-01 22:26:46 | INFO     | co2_forecast | FS_wrapper final: 20 features selected
2026-08-01 22:26:46 | INFO     | co2_forecast | ==================================================
2026-08-01 22:26:46 | INFO     | co2_forecast | Running XGBoost-SHAP stability feature selection (FS_xgboost_shap)...
2026-08-01 22:26:46 | INFO     | co2_forecast | XGBoost-SHAP stability: Selected 5 features (stability >= 0.5)
2026-08-01 22:26:46 | INFO     | co2_forecast | FS_xgboost_shap final: 5 features selected
2026-08-01 22:26:46 | INFO     | co2_forecast | ==================================================
2026-08-01 22:26:46 | INFO     | co2_forecast | Running permutation stability feature selection (FS_permutation_stability)...
2026-08-01 22:26:46 | INFO     | co2_forecast | Permutation stability: Selected 5 features (stability >= 0.5)
2026-08-01 22:26:46 | INFO     | co2_forecast | FS_permutation_stability final: 5 features selected
2026-08-01 22:26:46 | INFO     | co2_forecast | ==================================================
2026-08-01 22:26:46 | INFO     | co2_forecast | Running consensus feature selection (FS_consensus)...
2026-08-01 22:26:46 | INFO     | co2_forecast | Vote-based selection: 17 features with >= 2 votes
2026-08-01 22:26:46 | INFO     | co2_forecast | FS_consensus final: 17 features selected
2026-08-01 22:26:46 | INFO     | co2_forecast | ==================================================
2026-08-01 22:26:46 | INFO     | co2_forecast | Total FS options: 5
2026-08-01 22:26:46 | INFO     | co2_forecast |   fs_linear: 11 features
2026-08-01 22:26:46 | INFO     | co2_forecast |   fs_wrapper: 20 features
2026-08-01 22:26:46 | INFO     | co2_forecast |   fs_xgboost_shap: 5 features
2026-08-01 22:26:46 | INFO     | co2_forecast |   fs_permutation_stability: 5 features
2026-08-01 22:26:46 | INFO     | co2_forecast |   fs_consensus: 17 features
2026-08-01 22:26:46 | INFO     | co2_forecast | Stream B cell: A2/fs_linear/ridge (11 features)
2026-08-01 22:26:46 | INFO     | co2_forecast | Creating walk-forward splits for 16 valid samples
2026-08-01 22:26:46 | INFO     | co2_forecast | Created 4 CV folds across horizons [1, 2, 4]
2026-08-01 22:26:46 | INFO     | co2_forecast | Built tuning CV plan: 4 folds from 16 rows before 2022-Q%q (evaluation cutoff) - isolation OK (max tuning date 2021-Q%q)
2026-08-01 22:26:46 | INFO     | co2_forecast | Optimizing ridge...
2026-08-01 22:26:46 | INFO     | co2_forecast | Starting PSO: 5 particles, 8 iterations
2026-08-01 22:26:46 | INFO     | co2_forecast |   Iteration 0: Best fitness = 2.307642
2026-08-01 22:26:47 | INFO     | co2_forecast |   Iteration 5: Best fitness = 1.833620
2026-08-01 22:26:47 | INFO     | co2_forecast |   Iteration 7: Best fitness = 1.833620
2026-08-01 22:26:47 | INFO     | co2_forecast | PSO complete. Best fitness: 1.833620
2026-08-01 22:26:47 | INFO     | co2_forecast |   Best params: {'alpha': 100.0}
2026-08-01 22:26:47 | INFO     | co2_forecast |   Best fitness: 1.833620
2026-08-01 22:26:47 | INFO     | co2_forecast | [A2/panel2_common_period/fs_linear/ridge] sweep tuning: best_params={'alpha': 100.0}
2026-08-01 22:26:47 | INFO     | co2_forecast |   -> weighted_mase=0.9065030631222745, runtime=0.2s
2026-08-01 22:26:47 | INFO     | co2_forecast | Stream B cell: A2/fs_linear/random_forest (11 features)
2026-08-01 22:26:47 | INFO     | co2_forecast | Creating walk-forward splits for 16 valid samples
2026-08-01 22:26:47 | INFO     | co2_forecast | Created 4 CV folds across horizons [1, 2, 4]
2026-08-01 22:26:47 | INFO     | co2_forecast | Built tuning CV plan: 4 folds from 16 rows before 2022-Q%q (evaluation cutoff) - isolation OK (max tuning date 2021-Q%q)
2026-08-01 22:26:47 | INFO     | co2_forecast | Optimizing random_forest...
2026-08-01 22:26:47 | INFO     | co2_forecast | Starting PSO: 5 particles, 8 iterations
2026-08-01 22:26:50 | INFO     | co2_forecast |   Iteration 0: Best fitness = 0.748939
2026-08-01 22:27:08 | INFO     | co2_forecast |   Iteration 5: Best fitness = 0.365714
2026-08-01 22:27:17 | INFO     | co2_forecast |   Iteration 7: Best fitness = 0.365125
2026-08-01 22:27:17 | INFO     | co2_forecast | PSO complete. Best fitness: 0.365125
2026-08-01 22:27:17 | INFO     | co2_forecast |   Best params: {'n_estimators': 164, 'max_depth': 3, 'min_samples_split': 2, 'min_samples_leaf': 1}
2026-08-01 22:27:17 | INFO     | co2_forecast |   Best fitness: 0.365125
2026-08-01 22:27:17 | INFO     | co2_forecast | [A2/panel2_common_period/fs_linear/random_forest] sweep tuning: best_params={'n_estimators': 164, 'max_depth': 3, 'min_samples_split': 2, 'min_samples_leaf': 1}
2026-08-01 22:27:19 | INFO     | co2_forecast |   -> weighted_mase=1.0044665022238193, runtime=32.2s
2026-08-01 22:27:19 | INFO     | co2_forecast | Stream B cell: A2/fs_linear/lightgbm (11 features)
2026-08-01 22:27:19 | INFO     | co2_forecast | Creating walk-forward splits for 16 valid samples
2026-08-01 22:27:19 | INFO     | co2_forecast | Created 4 CV folds across horizons [1, 2, 4]
2026-08-01 22:27:19 | INFO     | co2_forecast | Built tuning CV plan: 4 folds from 16 rows before 2022-Q%q (evaluation cutoff) - isolation OK (max tuning date 2021-Q%q)
2026-08-01 22:27:19 | INFO     | co2_forecast | Optimizing lightgbm...
2026-08-01 22:27:19 | INFO     | co2_forecast | Starting PSO: 5 particles, 8 iterations
2026-08-01 22:27:19 | INFO     | co2_forecast |   Iteration 0: Best fitness = 0.768990
2026-08-01 22:27:20 | INFO     | co2_forecast |   Iteration 5: Best fitness = 0.768990
2026-08-01 22:27:20 | INFO     | co2_forecast |   Iteration 7: Best fitness = 0.601426
2026-08-01 22:27:20 | INFO     | co2_forecast | PSO complete. Best fitness: 0.601426
2026-08-01 22:27:20 | INFO     | co2_forecast |   Best params: {'n_estimators': 244, 'learning_rate': 0.3, 'num_leaves': 127, 'max_depth': 13, 'min_child_samples': 5, 'reg_alpha': 0.001, 'reg_lambda': 0.001}
2026-08-01 22:27:20 | INFO     | co2_forecast |   Best fitness: 0.601426
2026-08-01 22:27:20 | INFO     | co2_forecast | [A2/panel2_common_period/fs_linear/lightgbm] sweep tuning: best_params={'n_estimators': 244, 'learning_rate': 0.3, 'num_leaves': 127, 'max_depth': 13, 'min_child_samples': 5, 'reg_alpha': 0.001, 'reg_lambda': 0.001}
2026-08-01 22:27:20 | INFO     | co2_forecast |   -> weighted_mase=1.359053440476122, runtime=1.2s
2026-08-01 22:27:20 | INFO     | co2_forecast | Stream B cell: A2/fs_linear/catboost (11 features)
2026-08-01 22:27:20 | INFO     | co2_forecast | Creating walk-forward splits for 16 valid samples
2026-08-01 22:27:20 | INFO     | co2_forecast | Created 4 CV folds across horizons [1, 2, 4]
2026-08-01 22:27:20 | INFO     | co2_forecast | Built tuning CV plan: 4 folds from 16 rows before 2022-Q%q (evaluation cutoff) - isolation OK (max tuning date 2021-Q%q)
2026-08-01 22:27:20 | INFO     | co2_forecast | Optimizing catboost...
2026-08-01 22:27:20 | INFO     | co2_forecast | Starting PSO: 5 particles, 8 iterations
2026-08-01 22:35:19 | INFO     | co2_forecast |   Iteration 0: Best fitness = 0.408722
2026-08-01 23:09:03 | INFO     | co2_forecast |   Iteration 5: Best fitness = 0.354111
2026-08-01 23:09:49 | INFO     | co2_forecast |   Iteration 7: Best fitness = 0.331193
2026-08-01 23:09:49 | INFO     | co2_forecast | PSO complete. Best fitness: 0.331193
2026-08-01 23:09:49 | INFO     | co2_forecast |   Best params: {'iterations': 98, 'learning_rate': 0.12639266897226498, 'depth': 3, 'l2_leaf_reg': 1.0717463931070912}
2026-08-01 23:09:49 | INFO     | co2_forecast |   Best fitness: 0.331193
2026-08-01 23:09:49 | INFO     | co2_forecast | [A2/panel2_common_period/fs_linear/catboost] sweep tuning: best_params={'iterations': 98, 'learning_rate': 0.12639266897226498, 'depth': 3, 'l2_leaf_reg': 1.0717463931070912}
2026-08-01 23:11:49 | INFO     | co2_forecast |   -> weighted_mase=0.8760702086134917, runtime=2668.9s
2026-08-01 23:11:49 | INFO     | co2_forecast | Stream B cell: A2/fs_linear/lstm (11 features)
2026-08-01 23:11:49 | INFO     | co2_forecast | Creating walk-forward splits for 16 valid samples
2026-08-01 23:11:49 | INFO     | co2_forecast | Created 4 CV folds across horizons [1, 2, 4]
2026-08-01 23:11:49 | INFO     | co2_forecast | Built tuning CV plan: 4 folds from 16 rows before 2022-Q%q (evaluation cutoff) - isolation OK (max tuning date 2021-Q%q)
2026-08-01 23:11:49 | INFO     | co2_forecast | Optimizing lstm...
2026-08-01 23:11:49 | INFO     | co2_forecast | Starting PSO: 5 particles, 8 iterations
2026-08-01 23:11:49 | WARNING  | co2_forecast | Model training failed with params {'lookback': 7, 'hidden_size': 62, 'num_layers': 2, 'dropout': 0.3394633936788146, 'learning_rate': 0.0016445845403801217, 'batch_size': 8}: LSTM.fit: training data has 8 rows, giving only 1 sequence(s) with lookback=7; at least 2 are required (one is always reserved for validation). Reduce lookback or provide more training history.
2026-08-01 23:11:49 | WARNING  | co2_forecast | Model training failed with params {'lookback': 11, 'hidden_size': 26, 'num_layers': 1, 'dropout': 0.17336180394137352, 'learning_rate': 0.0031119982052994237, 'batch_size': 16}: LSTM.fit: training data has 8 rows, giving only 0 sequence(s) with lookback=11; at least 2 are required (one is always reserved for validation). Reduce lookback or provide more training history.
2026-08-01 23:11:49 | WARNING  | co2_forecast | Model training failed with params {'lookback': 8, 'hidden_size': 54, 'num_layers': 1, 'dropout': 0.3056937753654446, 'learning_rate': 0.005964904231734221, 'batch_size': 8}: LSTM.fit: training data has 8 rows, giving only 0 sequence(s) with lookback=8; at least 2 are required (one is always reserved for validation). Reduce lookback or provide more training history.
2026-08-01 23:11:49 | WARNING  | co2_forecast | Very few sequences (2), LSTM may not train well
2026-08-01 23:11:49 | WARNING  | co2_forecast | Very few sequences (6), LSTM may not train well
2026-08-01 23:11:49 | WARNING  | co2_forecast | Very few sequences (2), LSTM may not train well
2026-08-01 23:11:50 | WARNING  | co2_forecast | Very few sequences (2), LSTM may not train well
2026-08-01 23:11:50 | WARNING  | co2_forecast | Model training failed with params {'lookback': 8, 'hidden_size': 25, 'num_layers': 2, 'dropout': 0.4100531293444458, 'learning_rate': 0.009401039521485473, 'batch_size': 32}: LSTM.fit: training data has 8 rows, giving only 0 sequence(s) with lookback=8; at least 2 are required (one is always reserved for validation). Reduce lookback or provide more training history.
2026-08-01 23:11:50 | INFO     | co2_forecast |   Iteration 0: Best fitness = 1.013693
2026-08-01 23:11:50 | WARNING  | co2_forecast | Very few sequences (3), LSTM may not train well
2026-08-01 23:11:50 | WARNING  | co2_forecast | Very few sequences (7), LSTM may not train well
2026-08-01 23:11:51 | WARNING  | co2_forecast | Very few sequences (3), LSTM may not train well
2026-08-01 23:11:51 | WARNING  | co2_forecast | Very few sequences (3), LSTM may not train well
2026-08-01 23:11:51 | WARNING  | co2_forecast | Very few sequences (2), LSTM may not train well
2026-08-01 23:11:52 | WARNING  | co2_forecast | Very few sequences (6), LSTM may not train well
2026-08-01 23:11:52 | WARNING  | co2_forecast | Very few sequences (2), LSTM may not train well
2026-08-01 23:11:52 | WARNING  | co2_forecast | Very few sequences (2), LSTM may not train well
2026-08-01 23:11:52 | WARNING  | co2_forecast | Model training failed with params {'lookback': 8, 'hidden_size': 44, 'num_layers': 1, 'dropout': 0.3238975389966341, 'learning_rate': 0.005520634690128072, 'batch_size': 8}: LSTM.fit: training data has 8 rows, giving only 0 sequence(s) with lookback=8; at least 2 are required (one is always reserved for validation). Reduce lookback or provide more training history.
2026-08-01 23:11:52 | WARNING  | co2_forecast | Very few sequences (3), LSTM may not train well
2026-08-01 23:11:52 | WARNING  | co2_forecast | Very few sequences (7), LSTM may not train well
2026-08-01 23:11:53 | WARNING  | co2_forecast | Very few sequences (3), LSTM may not train well
2026-08-01 23:11:53 | WARNING  | co2_forecast | Very few sequences (3), LSTM may not train well
2026-08-01 23:11:53 | WARNING  | co2_forecast | Very few sequences (2), LSTM may not train well
2026-08-01 23:11:53 | WARNING  | co2_forecast | Very few sequences (6), LSTM may not train well
2026-08-01 23:11:54 | WARNING  | co2_forecast | Very few sequences (2), LSTM may not train well
2026-08-01 23:11:55 | WARNING  | co2_forecast | Very few sequences (2), LSTM may not train well
2026-08-01 23:11:56 | WARNING  | co2_forecast | Very few sequences (4), LSTM may not train well
2026-08-01 23:11:56 | WARNING  | co2_forecast | Very few sequences (8), LSTM may not train well
2026-08-01 23:11:57 | WARNING  | co2_forecast | Very few sequences (4), LSTM may not train well
2026-08-01 23:11:57 | WARNING  | co2_forecast | Very few sequences (4), LSTM may not train well
2026-08-01 23:11:57 | WARNING  | co2_forecast | Very few sequences (4), LSTM may not train well
2026-08-01 23:11:57 | WARNING  | co2_forecast | Very few sequences (8), LSTM may not train well
2026-08-01 23:11:58 | WARNING  | co2_forecast | Very few sequences (4), LSTM may not train well
2026-08-01 23:11:58 | WARNING  | co2_forecast | Very few sequences (4), LSTM may not train well
2026-08-01 23:11:58 | WARNING  | co2_forecast | Model training failed with params {'lookback': 7, 'hidden_size': 33, 'num_layers': 1, 'dropout': 0.3174646446740698, 'learning_rate': 0.004142028037008457, 'batch_size': 16}: LSTM.fit: training data has 8 rows, giving only 1 sequence(s) with lookback=7; at least 2 are required (one is always reserved for validation). Reduce lookback or provide more training history.
2026-08-01 23:11:58 | WARNING  | co2_forecast | Very few sequences (3), LSTM may not train well
2026-08-01 23:11:58 | WARNING  | co2_forecast | Very few sequences (7), LSTM may not train well
2026-08-01 23:11:59 | WARNING  | co2_forecast | Very few sequences (3), LSTM may not train well
2026-08-01 23:12:00 | WARNING  | co2_forecast | Very few sequences (3), LSTM may not train well
2026-08-01 23:12:00 | WARNING  | co2_forecast | Very few sequences (4), LSTM may not train well
2026-08-01 23:12:00 | WARNING  | co2_forecast | Very few sequences (8), LSTM may not train well
2026-08-01 23:12:01 | WARNING  | co2_forecast | Very few sequences (4), LSTM may not train well
2026-08-01 23:12:01 | WARNING  | co2_forecast | Very few sequences (4), LSTM may not train well
2026-08-01 23:12:01 | WARNING  | co2_forecast | Very few sequences (3), LSTM may not train well
2026-08-01 23:12:01 | WARNING  | co2_forecast | Very few sequences (7), LSTM may not train well
2026-08-01 23:12:02 | WARNING  | co2_forecast | Very few sequences (3), LSTM may not train well
2026-08-01 23:12:03 | WARNING  | co2_forecast | Very few sequences (3), LSTM may not train well
2026-08-01 23:12:03 | WARNING  | co2_forecast | Very few sequences (4), LSTM may not train well
2026-08-01 23:12:03 | WARNING  | co2_forecast | Very few sequences (8), LSTM may not train well
2026-08-01 23:12:04 | WARNING  | co2_forecast | Very few sequences (4), LSTM may not train well
2026-08-01 23:12:04 | WARNING  | co2_forecast | Very few sequences (4), LSTM may not train well
2026-08-01 23:12:04 | WARNING  | co2_forecast | Very few sequences (2), LSTM may not train well
2026-08-01 23:12:04 | WARNING  | co2_forecast | Very few sequences (6), LSTM may not train well
2026-08-01 23:12:05 | WARNING  | co2_forecast | Very few sequences (2), LSTM may not train well
2026-08-01 23:12:05 | WARNING  | co2_forecast | Very few sequences (2), LSTM may not train well
2026-08-01 23:12:05 | WARNING  | co2_forecast | Very few sequences (3), LSTM may not train well
2026-08-01 23:12:05 | WARNING  | co2_forecast | Very few sequences (7), LSTM may not train well
2026-08-01 23:12:06 | WARNING  | co2_forecast | Very few sequences (3), LSTM may not train well
2026-08-01 23:12:07 | WARNING  | co2_forecast | Very few sequences (3), LSTM may not train well
2026-08-01 23:12:07 | WARNING  | co2_forecast | Very few sequences (4), LSTM may not train well
2026-08-01 23:12:07 | WARNING  | co2_forecast | Very few sequences (8), LSTM may not train well
2026-08-01 23:12:08 | WARNING  | co2_forecast | Very few sequences (4), LSTM may not train well
2026-08-01 23:12:08 | WARNING  | co2_forecast | Very few sequences (4), LSTM may not train well
2026-08-01 23:12:08 | WARNING  | co2_forecast | Model training failed with params {'lookback': 7, 'hidden_size': 16, 'num_layers': 1, 'dropout': 0.3444751806632916, 'learning_rate': 0.004055785267722746, 'batch_size': 16}: LSTM.fit: training data has 8 rows, giving only 1 sequence(s) with lookback=7; at least 2 are required (one is always reserved for validation). Reduce lookback or provide more training history.
2026-08-01 23:12:08 | WARNING  | co2_forecast | Very few sequences (3), LSTM may not train well
2026-08-01 23:12:08 | WARNING  | co2_forecast | Very few sequences (7), LSTM may not train well
2026-08-01 23:12:09 | WARNING  | co2_forecast | Very few sequences (3), LSTM may not train well
2026-08-01 23:12:09 | WARNING  | co2_forecast | Very few sequences (3), LSTM may not train well
2026-08-01 23:12:09 | WARNING  | co2_forecast | Very few sequences (3), LSTM may not train well
2026-08-01 23:12:09 | WARNING  | co2_forecast | Very few sequences (7), LSTM may not train well
2026-08-01 23:12:10 | WARNING  | co2_forecast | Very few sequences (3), LSTM may not train well
2026-08-01 23:12:10 | WARNING  | co2_forecast | Very few sequences (3), LSTM may not train well
2026-08-01 23:12:10 | WARNING  | co2_forecast | Very few sequences (2), LSTM may not train well
2026-08-01 23:12:10 | WARNING  | co2_forecast | Very few sequences (6), LSTM may not train well
2026-08-01 23:12:11 | WARNING  | co2_forecast | Very few sequences (2), LSTM may not train well
2026-08-01 23:12:11 | WARNING  | co2_forecast | Very few sequences (2), LSTM may not train well
2026-08-01 23:12:11 | WARNING  | co2_forecast | Very few sequences (2), LSTM may not train well
2026-08-01 23:12:11 | WARNING  | co2_forecast | Very few sequences (6), LSTM may not train well
2026-08-01 23:12:12 | WARNING  | co2_forecast | Very few sequences (2), LSTM may not train well
2026-08-01 23:12:13 | WARNING  | co2_forecast | Very few sequences (2), LSTM may not train well
2026-08-01 23:12:13 | WARNING  | co2_forecast | Very few sequences (4), LSTM may not train well
2026-08-01 23:12:13 | WARNING  | co2_forecast | Very few sequences (8), LSTM may not train well
2026-08-01 23:12:14 | WARNING  | co2_forecast | Very few sequences (4), LSTM may not train well
2026-08-01 23:12:14 | WARNING  | co2_forecast | Very few sequences (4), LSTM may not train well
2026-08-01 23:12:14 | WARNING  | co2_forecast | Very few sequences (3), LSTM may not train well
2026-08-01 23:12:14 | WARNING  | co2_forecast | Very few sequences (7), LSTM may not train well
2026-08-01 23:12:15 | WARNING  | co2_forecast | Very few sequences (3), LSTM may not train well
2026-08-01 23:12:15 | WARNING  | co2_forecast | Very few sequences (3), LSTM may not train well
2026-08-01 23:12:15 | WARNING  | co2_forecast | Very few sequences (3), LSTM may not train well
2026-08-01 23:12:15 | WARNING  | co2_forecast | Very few sequences (7), LSTM may not train well
2026-08-01 23:12:16 | WARNING  | co2_forecast | Very few sequences (3), LSTM may not train well
2026-08-01 23:12:17 | WARNING  | co2_forecast | Very few sequences (3), LSTM may not train well
2026-08-01 23:12:17 | WARNING  | co2_forecast | Very few sequences (3), LSTM may not train well
2026-08-01 23:12:17 | WARNING  | co2_forecast | Very few sequences (7), LSTM may not train well
2026-08-01 23:12:17 | WARNING  | co2_forecast | Very few sequences (3), LSTM may not train well
2026-08-01 23:12:17 | WARNING  | co2_forecast | Very few sequences (3), LSTM may not train well
2026-08-01 23:12:17 | WARNING  | co2_forecast | Very few sequences (4), LSTM may not train well
2026-08-01 23:12:18 | WARNING  | co2_forecast | Very few sequences (8), LSTM may not train well
2026-08-01 23:12:18 | WARNING  | co2_forecast | Very few sequences (4), LSTM may not train well
2026-08-01 23:12:18 | WARNING  | co2_forecast | Very few sequences (4), LSTM may not train well
2026-08-01 23:12:18 | INFO     | co2_forecast |   Iteration 5: Best fitness = 0.629466
2026-08-01 23:12:18 | WARNING  | co2_forecast | Very few sequences (4), LSTM may not train well
2026-08-01 23:12:18 | WARNING  | co2_forecast | Very few sequences (8), LSTM may not train well
2026-08-01 23:12:19 | WARNING  | co2_forecast | Very few sequences (4), LSTM may not train well
2026-08-01 23:12:19 | WARNING  | co2_forecast | Very few sequences (4), LSTM may not train well
2026-08-01 23:12:19 | WARNING  | co2_forecast | Very few sequences (3), LSTM may not train well
2026-08-01 23:12:19 | WARNING  | co2_forecast | Very few sequences (7), LSTM may not train well
2026-08-01 23:12:20 | WARNING  | co2_forecast | Very few sequences (3), LSTM may not train well
2026-08-01 23:12:21 | WARNING  | co2_forecast | Very few sequences (3), LSTM may not train well
2026-08-01 23:12:21 | WARNING  | co2_forecast | Very few sequences (3), LSTM may not train well
2026-08-01 23:12:21 | WARNING  | co2_forecast | Very few sequences (7), LSTM may not train well
2026-08-01 23:12:22 | WARNING  | co2_forecast | Very few sequences (3), LSTM may not train well
2026-08-01 23:12:23 | WARNING  | co2_forecast | Very few sequences (3), LSTM may not train well
2026-08-01 23:12:23 | WARNING  | co2_forecast | Very few sequences (3), LSTM may not train well
2026-08-01 23:12:23 | WARNING  | co2_forecast | Very few sequences (7), LSTM may not train well
2026-08-01 23:12:24 | WARNING  | co2_forecast | Very few sequences (3), LSTM may not train well
2026-08-01 23:12:24 | WARNING  | co2_forecast | Very few sequences (3), LSTM may not train well
2026-08-01 23:12:24 | WARNING  | co2_forecast | Very few sequences (4), LSTM may not train well
2026-08-01 23:12:25 | WARNING  | co2_forecast | Very few sequences (8), LSTM may not train well
2026-08-01 23:12:25 | WARNING  | co2_forecast | Very few sequences (4), LSTM may not train well
2026-08-01 23:12:26 | WARNING  | co2_forecast | Very few sequences (4), LSTM may not train well
2026-08-01 23:12:26 | WARNING  | co2_forecast | Very few sequences (3), LSTM may not train well
2026-08-01 23:12:26 | WARNING  | co2_forecast | Very few sequences (7), LSTM may not train well
2026-08-01 23:12:26 | WARNING  | co2_forecast | Very few sequences (3), LSTM may not train well
2026-08-01 23:12:27 | WARNING  | co2_forecast | Very few sequences (3), LSTM may not train well
2026-08-01 23:12:27 | WARNING  | co2_forecast | Very few sequences (3), LSTM may not train well
2026-08-01 23:12:27 | WARNING  | co2_forecast | Very few sequences (7), LSTM may not train well
2026-08-01 23:12:28 | WARNING  | co2_forecast | Very few sequences (3), LSTM may not train well
2026-08-01 23:12:29 | WARNING  | co2_forecast | Very few sequences (3), LSTM may not train well
2026-08-01 23:12:29 | WARNING  | co2_forecast | Very few sequences (3), LSTM may not train well
2026-08-01 23:12:29 | WARNING  | co2_forecast | Very few sequences (7), LSTM may not train well
2026-08-01 23:12:30 | WARNING  | co2_forecast | Very few sequences (3), LSTM may not train well
2026-08-01 23:12:30 | WARNING  | co2_forecast | Very few sequences (3), LSTM may not train well
2026-08-01 23:12:30 | WARNING  | co2_forecast | Very few sequences (3), LSTM may not train well
2026-08-01 23:12:30 | WARNING  | co2_forecast | Very few sequences (7), LSTM may not train well
2026-08-01 23:12:31 | WARNING  | co2_forecast | Very few sequences (3), LSTM may not train well
2026-08-01 23:12:32 | WARNING  | co2_forecast | Very few sequences (3), LSTM may not train well
2026-08-01 23:12:32 | WARNING  | co2_forecast | Very few sequences (3), LSTM may not train well
2026-08-01 23:12:32 | WARNING  | co2_forecast | Very few sequences (7), LSTM may not train well
2026-08-01 23:12:33 | WARNING  | co2_forecast | Very few sequences (3), LSTM may not train well
2026-08-01 23:12:33 | WARNING  | co2_forecast | Very few sequences (3), LSTM may not train well
2026-08-01 23:12:34 | INFO     | co2_forecast |   Iteration 7: Best fitness = 0.629466
2026-08-01 23:12:34 | INFO     | co2_forecast | PSO complete. Best fitness: 0.629466
2026-08-01 23:12:34 | INFO     | co2_forecast |   Best params: {'lookback': 5, 'hidden_size': 18, 'num_layers': 1, 'dropout': 0.2773024763042787, 'learning_rate': 0.0012112340057483348, 'batch_size': 16}
2026-08-01 23:12:34 | INFO     | co2_forecast |   Best fitness: 0.629466
2026-08-01 23:12:34 | INFO     | co2_forecast | [A2/panel2_common_period/fs_linear/lstm] sweep tuning: best_params={'lookback': 5, 'hidden_size': 18, 'num_layers': 1, 'dropout': 0.2773024763042787, 'learning_rate': 0.0012112340057483348, 'batch_size': 16}
2026-08-01 23:12:37 | INFO     | co2_forecast |   -> weighted_mase=0.6234859258448091, runtime=48.4s
2026-08-01 23:12:37 | INFO     | co2_forecast | Stream B cell: A2/fs_wrapper/ridge (20 features)
2026-08-01 23:12:37 | INFO     | co2_forecast | Creating walk-forward splits for 16 valid samples
2026-08-01 23:12:37 | INFO     | co2_forecast | Created 4 CV folds across horizons [1, 2, 4]
2026-08-01 23:12:37 | INFO     | co2_forecast | Built tuning CV plan: 4 folds from 16 rows before 2022-Q%q (evaluation cutoff) - isolation OK (max tuning date 2021-Q%q)
2026-08-01 23:12:37 | INFO     | co2_forecast | Optimizing ridge...
2026-08-01 23:12:37 | INFO     | co2_forecast | Starting PSO: 5 particles, 8 iterations
2026-08-01 23:12:37 | INFO     | co2_forecast |   Iteration 0: Best fitness = 2.267633
2026-08-01 23:12:38 | INFO     | co2_forecast |   Iteration 5: Best fitness = 1.853288
2026-08-01 23:12:38 | INFO     | co2_forecast |   Iteration 7: Best fitness = 1.853288
2026-08-01 23:12:38 | INFO     | co2_forecast | PSO complete. Best fitness: 1.853288
2026-08-01 23:12:38 | INFO     | co2_forecast |   Best params: {'alpha': 100.0}
2026-08-01 23:12:38 | INFO     | co2_forecast |   Best fitness: 1.853288
2026-08-01 23:12:38 | INFO     | co2_forecast | [A2/panel2_common_period/fs_wrapper/ridge] sweep tuning: best_params={'alpha': 100.0}
2026-08-01 23:12:38 | INFO     | co2_forecast |   -> weighted_mase=0.7860856531422471, runtime=0.2s
2026-08-01 23:12:38 | INFO     | co2_forecast | Stream B cell: A2/fs_wrapper/random_forest (20 features)
2026-08-01 23:12:38 | INFO     | co2_forecast | Creating walk-forward splits for 16 valid samples
2026-08-01 23:12:38 | INFO     | co2_forecast | Created 4 CV folds across horizons [1, 2, 4]
2026-08-01 23:12:38 | INFO     | co2_forecast | Built tuning CV plan: 4 folds from 16 rows before 2022-Q%q (evaluation cutoff) - isolation OK (max tuning date 2021-Q%q)
2026-08-01 23:12:38 | INFO     | co2_forecast | Optimizing random_forest...
2026-08-01 23:12:38 | INFO     | co2_forecast | Starting PSO: 5 particles, 8 iterations
2026-08-01 23:12:42 | INFO     | co2_forecast |   Iteration 0: Best fitness = 0.748791
2026-08-01 23:13:01 | INFO     | co2_forecast |   Iteration 5: Best fitness = 0.339534
2026-08-01 23:13:10 | INFO     | co2_forecast |   Iteration 7: Best fitness = 0.339534
2026-08-01 23:13:10 | INFO     | co2_forecast | PSO complete. Best fitness: 0.339534
2026-08-01 23:13:10 | INFO     | co2_forecast |   Best params: {'n_estimators': 148, 'max_depth': 3, 'min_samples_split': 2, 'min_samples_leaf': 1}
2026-08-01 23:13:10 | INFO     | co2_forecast |   Best fitness: 0.339534
2026-08-01 23:13:10 | INFO     | co2_forecast | [A2/panel2_common_period/fs_wrapper/random_forest] sweep tuning: best_params={'n_estimators': 148, 'max_depth': 3, 'min_samples_split': 2, 'min_samples_leaf': 1}
2026-08-01 23:13:12 | INFO     | co2_forecast |   -> weighted_mase=0.8385735722897497, runtime=34.2s
2026-08-01 23:13:12 | INFO     | co2_forecast | Stream B cell: A2/fs_wrapper/lightgbm (20 features)
2026-08-01 23:13:12 | INFO     | co2_forecast | Creating walk-forward splits for 16 valid samples
2026-08-01 23:13:12 | INFO     | co2_forecast | Created 4 CV folds across horizons [1, 2, 4]
2026-08-01 23:13:12 | INFO     | co2_forecast | Built tuning CV plan: 4 folds from 16 rows before 2022-Q%q (evaluation cutoff) - isolation OK (max tuning date 2021-Q%q)
2026-08-01 23:13:12 | INFO     | co2_forecast | Optimizing lightgbm...
2026-08-01 23:13:12 | INFO     | co2_forecast | Starting PSO: 5 particles, 8 iterations
2026-08-01 23:13:12 | INFO     | co2_forecast |   Iteration 0: Best fitness = 0.768990
2026-08-01 23:13:13 | INFO     | co2_forecast |   Iteration 5: Best fitness = 0.614501
2026-08-01 23:13:14 | INFO     | co2_forecast |   Iteration 7: Best fitness = 0.604708
2026-08-01 23:13:14 | INFO     | co2_forecast | PSO complete. Best fitness: 0.604708
2026-08-01 23:13:14 | INFO     | co2_forecast |   Best params: {'n_estimators': 295, 'learning_rate': 0.3, 'num_leaves': 127, 'max_depth': 9, 'min_child_samples': 5, 'reg_alpha': 0.001, 'reg_lambda': 0.001}
2026-08-01 23:13:14 | INFO     | co2_forecast |   Best fitness: 0.604708
2026-08-01 23:13:14 | INFO     | co2_forecast | [A2/panel2_common_period/fs_wrapper/lightgbm] sweep tuning: best_params={'n_estimators': 295, 'learning_rate': 0.3, 'num_leaves': 127, 'max_depth': 9, 'min_child_samples': 5, 'reg_alpha': 0.001, 'reg_lambda': 0.001}
2026-08-01 23:13:14 | INFO     | co2_forecast |   -> weighted_mase=0.8199400089152868, runtime=2.4s
2026-08-01 23:13:14 | INFO     | co2_forecast | Stream B cell: A2/fs_wrapper/catboost (20 features)
2026-08-01 23:13:14 | INFO     | co2_forecast | Creating walk-forward splits for 16 valid samples
2026-08-01 23:13:14 | INFO     | co2_forecast | Created 4 CV folds across horizons [1, 2, 4]
2026-08-01 23:13:14 | INFO     | co2_forecast | Built tuning CV plan: 4 folds from 16 rows before 2022-Q%q (evaluation cutoff) - isolation OK (max tuning date 2021-Q%q)
2026-08-01 23:13:14 | INFO     | co2_forecast | Optimizing catboost...
2026-08-01 23:13:14 | INFO     | co2_forecast | Starting PSO: 5 particles, 8 iterations
2026-08-01 23:19:37 | INFO     | co2_forecast |   Iteration 0: Best fitness = 0.315692
2026-08-01 23:49:54 | INFO     | co2_forecast |   Iteration 5: Best fitness = 0.290011
2026-08-01 23:52:43 | INFO     | co2_forecast |   Iteration 7: Best fitness = 0.290011
2026-08-01 23:52:43 | INFO     | co2_forecast | PSO complete. Best fitness: 0.290011
2026-08-01 23:52:43 | INFO     | co2_forecast |   Best params: {'iterations': 203, 'learning_rate': 0.20037401479902708, 'depth': 3, 'l2_leaf_reg': 9.475116272980241}
2026-08-01 23:52:43 | INFO     | co2_forecast |   Best fitness: 0.290011
2026-08-01 23:52:43 | INFO     | co2_forecast | [A2/panel2_common_period/fs_wrapper/catboost] sweep tuning: best_params={'iterations': 203, 'learning_rate': 0.20037401479902708, 'depth': 3, 'l2_leaf_reg': 9.475116272980241}
2026-08-01 23:54:43 | INFO     | co2_forecast |   -> weighted_mase=0.7346997953865027, runtime=2488.8s
2026-08-01 23:54:43 | INFO     | co2_forecast | Stream B cell: A2/fs_wrapper/lstm (20 features)
2026-08-01 23:54:43 | INFO     | co2_forecast | Creating walk-forward splits for 16 valid samples
2026-08-01 23:54:43 | INFO     | co2_forecast | Created 4 CV folds across horizons [1, 2, 4]
2026-08-01 23:54:43 | INFO     | co2_forecast | Built tuning CV plan: 4 folds from 16 rows before 2022-Q%q (evaluation cutoff) - isolation OK (max tuning date 2021-Q%q)
2026-08-01 23:54:43 | INFO     | co2_forecast | Optimizing lstm...
2026-08-01 23:54:43 | INFO     | co2_forecast | Starting PSO: 5 particles, 8 iterations
2026-08-01 23:54:43 | WARNING  | co2_forecast | Model training failed with params {'lookback': 7, 'hidden_size': 62, 'num_layers': 2, 'dropout': 0.3394633936788146, 'learning_rate': 0.0016445845403801217, 'batch_size': 8}: LSTM.fit: training data has 8 rows, giving only 1 sequence(s) with lookback=7; at least 2 are required (one is always reserved for validation). Reduce lookback or provide more training history.
2026-08-01 23:54:43 | WARNING  | co2_forecast | Model training failed with params {'lookback': 11, 'hidden_size': 26, 'num_layers': 1, 'dropout': 0.17336180394137352, 'learning_rate': 0.0031119982052994237, 'batch_size': 16}: LSTM.fit: training data has 8 rows, giving only 0 sequence(s) with lookback=11; at least 2 are required (one is always reserved for validation). Reduce lookback or provide more training history.
2026-08-01 23:54:43 | WARNING  | co2_forecast | Model training failed with params {'lookback': 8, 'hidden_size': 54, 'num_layers': 1, 'dropout': 0.3056937753654446, 'learning_rate': 0.005964904231734221, 'batch_size': 8}: LSTM.fit: training data has 8 rows, giving only 0 sequence(s) with lookback=8; at least 2 are required (one is always reserved for validation). Reduce lookback or provide more training history.
2026-08-01 23:54:43 | WARNING  | co2_forecast | Very few sequences (2), LSTM may not train well
2026-08-01 23:54:43 | WARNING  | co2_forecast | Very few sequences (6), LSTM may not train well
2026-08-01 23:54:43 | WARNING  | co2_forecast | Very few sequences (2), LSTM may not train well
2026-08-01 23:54:44 | WARNING  | co2_forecast | Very few sequences (2), LSTM may not train well
2026-08-01 23:54:44 | WARNING  | co2_forecast | Model training failed with params {'lookback': 8, 'hidden_size': 25, 'num_layers': 2, 'dropout': 0.4100531293444458, 'learning_rate': 0.009401039521485473, 'batch_size': 32}: LSTM.fit: training data has 8 rows, giving only 0 sequence(s) with lookback=8; at least 2 are required (one is always reserved for validation). Reduce lookback or provide more training history.
2026-08-01 23:54:44 | INFO     | co2_forecast |   Iteration 0: Best fitness = 0.962594
2026-08-01 23:54:44 | WARNING  | co2_forecast | Very few sequences (3), LSTM may not train well
2026-08-01 23:54:44 | WARNING  | co2_forecast | Very few sequences (7), LSTM may not train well
2026-08-01 23:54:44 | WARNING  | co2_forecast | Very few sequences (3), LSTM may not train well
2026-08-01 23:54:45 | WARNING  | co2_forecast | Very few sequences (3), LSTM may not train well
2026-08-01 23:54:45 | WARNING  | co2_forecast | Very few sequences (2), LSTM may not train well
2026-08-01 23:54:45 | WARNING  | co2_forecast | Very few sequences (6), LSTM may not train well
2026-08-01 23:54:45 | WARNING  | co2_forecast | Very few sequences (2), LSTM may not train well
2026-08-01 23:54:45 | WARNING  | co2_forecast | Very few sequences (2), LSTM may not train well
2026-08-01 23:54:46 | WARNING  | co2_forecast | Model training failed with params {'lookback': 8, 'hidden_size': 44, 'num_layers': 1, 'dropout': 0.3238975389966341, 'learning_rate': 0.005520634690128072, 'batch_size': 8}: LSTM.fit: training data has 8 rows, giving only 0 sequence(s) with lookback=8; at least 2 are required (one is always reserved for validation). Reduce lookback or provide more training history.
2026-08-01 23:54:46 | WARNING  | co2_forecast | Very few sequences (3), LSTM may not train well
2026-08-01 23:54:46 | WARNING  | co2_forecast | Very few sequences (7), LSTM may not train well
2026-08-01 23:54:46 | WARNING  | co2_forecast | Very few sequences (3), LSTM may not train well
2026-08-01 23:54:46 | WARNING  | co2_forecast | Very few sequences (3), LSTM may not train well
2026-08-01 23:54:46 | WARNING  | co2_forecast | Very few sequences (2), LSTM may not train well
2026-08-01 23:54:46 | WARNING  | co2_forecast | Very few sequences (6), LSTM may not train well
2026-08-01 23:54:47 | WARNING  | co2_forecast | Very few sequences (2), LSTM may not train well
2026-08-01 23:54:48 | WARNING  | co2_forecast | Very few sequences (2), LSTM may not train well
2026-08-01 23:54:48 | WARNING  | co2_forecast | Very few sequences (3), LSTM may not train well
2026-08-01 23:54:49 | WARNING  | co2_forecast | Very few sequences (7), LSTM may not train well
2026-08-01 23:54:49 | WARNING  | co2_forecast | Very few sequences (3), LSTM may not train well
2026-08-01 23:54:50 | WARNING  | co2_forecast | Very few sequences (3), LSTM may not train well
2026-08-01 23:54:50 | WARNING  | co2_forecast | Very few sequences (4), LSTM may not train well
2026-08-01 23:54:51 | WARNING  | co2_forecast | Very few sequences (8), LSTM may not train well
2026-08-01 23:54:51 | WARNING  | co2_forecast | Very few sequences (4), LSTM may not train well
2026-08-01 23:54:52 | WARNING  | co2_forecast | Very few sequences (4), LSTM may not train well
2026-08-01 23:54:52 | WARNING  | co2_forecast | Model training failed with params {'lookback': 7, 'hidden_size': 35, 'num_layers': 1, 'dropout': 0.31512819649180424, 'learning_rate': 0.004065945490368326, 'batch_size': 8}: LSTM.fit: training data has 8 rows, giving only 1 sequence(s) with lookback=7; at least 2 are required (one is always reserved for validation). Reduce lookback or provide more training history.
2026-08-01 23:54:52 | WARNING  | co2_forecast | Very few sequences (2), LSTM may not train well
2026-08-01 23:54:52 | WARNING  | co2_forecast | Very few sequences (6), LSTM may not train well
2026-08-01 23:54:53 | WARNING  | co2_forecast | Very few sequences (2), LSTM may not train well
2026-08-01 23:54:54 | WARNING  | co2_forecast | Very few sequences (2), LSTM may not train well
2026-08-01 23:54:54 | WARNING  | co2_forecast | Very few sequences (3), LSTM may not train well
2026-08-01 23:54:54 | WARNING  | co2_forecast | Very few sequences (7), LSTM may not train well
2026-08-01 23:54:55 | WARNING  | co2_forecast | Very few sequences (3), LSTM may not train well
2026-08-01 23:54:56 | WARNING  | co2_forecast | Very few sequences (3), LSTM may not train well
2026-08-01 23:54:56 | WARNING  | co2_forecast | Very few sequences (2), LSTM may not train well
2026-08-01 23:54:56 | WARNING  | co2_forecast | Very few sequences (6), LSTM may not train well
2026-08-01 23:54:57 | WARNING  | co2_forecast | Very few sequences (2), LSTM may not train well
2026-08-01 23:54:57 | WARNING  | co2_forecast | Very few sequences (2), LSTM may not train well
2026-08-01 23:54:58 | WARNING  | co2_forecast | Very few sequences (4), LSTM may not train well
2026-08-01 23:54:58 | WARNING  | co2_forecast | Very few sequences (8), LSTM may not train well
2026-08-01 23:54:58 | WARNING  | co2_forecast | Very few sequences (4), LSTM may not train well
2026-08-01 23:54:59 | WARNING  | co2_forecast | Very few sequences (4), LSTM may not train well
2026-08-01 23:54:59 | WARNING  | co2_forecast | Model training failed with params {'lookback': 7, 'hidden_size': 31, 'num_layers': 1, 'dropout': 0.29089505775305136, 'learning_rate': 0.0025843376660411397, 'batch_size': 16}: LSTM.fit: training data has 8 rows, giving only 1 sequence(s) with lookback=7; at least 2 are required (one is always reserved for validation). Reduce lookback or provide more training history.
2026-08-01 23:54:59 | WARNING  | co2_forecast | Model training failed with params {'lookback': 7, 'hidden_size': 27, 'num_layers': 2, 'dropout': 0.2203323683724181, 'learning_rate': 0.0001, 'batch_size': 16}: LSTM.fit: training data has 8 rows, giving only 1 sequence(s) with lookback=7; at least 2 are required (one is always reserved for validation). Reduce lookback or provide more training history.
2026-08-01 23:54:59 | WARNING  | co2_forecast | Very few sequences (3), LSTM may not train well
2026-08-01 23:54:59 | WARNING  | co2_forecast | Very few sequences (7), LSTM may not train well
2026-08-01 23:54:59 | WARNING  | co2_forecast | Very few sequences (3), LSTM may not train well
2026-08-01 23:55:00 | WARNING  | co2_forecast | Very few sequences (3), LSTM may not train well
2026-08-01 23:55:00 | WARNING  | co2_forecast | Very few sequences (4), LSTM may not train well
2026-08-01 23:55:00 | WARNING  | co2_forecast | Very few sequences (8), LSTM may not train well
2026-08-01 23:55:01 | WARNING  | co2_forecast | Very few sequences (4), LSTM may not train well
2026-08-01 23:55:02 | WARNING  | co2_forecast | Very few sequences (4), LSTM may not train well
2026-08-01 23:55:02 | WARNING  | co2_forecast | Very few sequences (4), LSTM may not train well
2026-08-01 23:55:02 | WARNING  | co2_forecast | Very few sequences (8), LSTM may not train well
2026-08-01 23:55:03 | WARNING  | co2_forecast | Very few sequences (4), LSTM may not train well
2026-08-01 23:55:03 | WARNING  | co2_forecast | Very few sequences (4), LSTM may not train well
2026-08-01 23:55:04 | WARNING  | co2_forecast | Very few sequences (2), LSTM may not train well
2026-08-01 23:55:04 | WARNING  | co2_forecast | Very few sequences (6), LSTM may not train well
2026-08-01 23:55:04 | WARNING  | co2_forecast | Very few sequences (2), LSTM may not train well
2026-08-01 23:55:04 | WARNING  | co2_forecast | Very few sequences (2), LSTM may not train well
2026-08-01 23:55:04 | WARNING  | co2_forecast | Very few sequences (4), LSTM may not train well
2026-08-01 23:55:04 | WARNING  | co2_forecast | Very few sequences (8), LSTM may not train well
2026-08-01 23:55:05 | WARNING  | co2_forecast | Very few sequences (4), LSTM may not train well
2026-08-01 23:55:05 | WARNING  | co2_forecast | Very few sequences (4), LSTM may not train well
2026-08-01 23:55:05 | WARNING  | co2_forecast | Very few sequences (4), LSTM may not train well
2026-08-01 23:55:05 | WARNING  | co2_forecast | Very few sequences (8), LSTM may not train well
2026-08-01 23:55:06 | WARNING  | co2_forecast | Very few sequences (4), LSTM may not train well
2026-08-01 23:55:06 | WARNING  | co2_forecast | Very few sequences (4), LSTM may not train well
2026-08-01 23:55:06 | WARNING  | co2_forecast | Very few sequences (4), LSTM may not train well
2026-08-01 23:55:06 | WARNING  | co2_forecast | Very few sequences (8), LSTM may not train well
2026-08-01 23:55:07 | WARNING  | co2_forecast | Very few sequences (4), LSTM may not train well
2026-08-01 23:55:08 | WARNING  | co2_forecast | Very few sequences (4), LSTM may not train well
2026-08-01 23:55:08 | WARNING  | co2_forecast | Very few sequences (4), LSTM may not train well
2026-08-01 23:55:08 | WARNING  | co2_forecast | Very few sequences (8), LSTM may not train well
2026-08-01 23:55:09 | WARNING  | co2_forecast | Very few sequences (4), LSTM may not train well
2026-08-01 23:55:10 | WARNING  | co2_forecast | Very few sequences (4), LSTM may not train well
2026-08-01 23:55:10 | WARNING  | co2_forecast | Very few sequences (3), LSTM may not train well
2026-08-01 23:55:10 | WARNING  | co2_forecast | Very few sequences (7), LSTM may not train well
2026-08-01 23:55:10 | WARNING  | co2_forecast | Very few sequences (3), LSTM may not train well
2026-08-01 23:55:11 | WARNING  | co2_forecast | Very few sequences (3), LSTM may not train well
2026-08-01 23:55:11 | WARNING  | co2_forecast | Very few sequences (4), LSTM may not train well
2026-08-01 23:55:11 | WARNING  | co2_forecast | Very few sequences (8), LSTM may not train well
2026-08-01 23:55:11 | WARNING  | co2_forecast | Very few sequences (4), LSTM may not train well
2026-08-01 23:55:12 | WARNING  | co2_forecast | Very few sequences (4), LSTM may not train well
2026-08-01 23:55:12 | WARNING  | co2_forecast | Very few sequences (4), LSTM may not train well
2026-08-01 23:55:12 | WARNING  | co2_forecast | Very few sequences (8), LSTM may not train well
2026-08-01 23:55:13 | WARNING  | co2_forecast | Very few sequences (4), LSTM may not train well
2026-08-01 23:55:14 | WARNING  | co2_forecast | Very few sequences (4), LSTM may not train well
2026-08-01 23:55:14 | INFO     | co2_forecast |   Iteration 5: Best fitness = 0.748254
2026-08-01 23:55:14 | WARNING  | co2_forecast | Very few sequences (4), LSTM may not train well
2026-08-01 23:55:14 | WARNING  | co2_forecast | Very few sequences (8), LSTM may not train well
2026-08-01 23:55:15 | WARNING  | co2_forecast | Very few sequences (4), LSTM may not train well
2026-08-01 23:55:15 | WARNING  | co2_forecast | Very few sequences (4), LSTM may not train well
2026-08-01 23:55:15 | WARNING  | co2_forecast | Very few sequences (4), LSTM may not train well
2026-08-01 23:55:15 | WARNING  | co2_forecast | Very few sequences (8), LSTM may not train well
2026-08-01 23:55:16 | WARNING  | co2_forecast | Very few sequences (4), LSTM may not train well
2026-08-01 23:55:17 | WARNING  | co2_forecast | Very few sequences (4), LSTM may not train well
2026-08-01 23:55:17 | WARNING  | co2_forecast | Very few sequences (4), LSTM may not train well
2026-08-01 23:55:17 | WARNING  | co2_forecast | Very few sequences (8), LSTM may not train well
2026-08-01 23:55:18 | WARNING  | co2_forecast | Very few sequences (4), LSTM may not train well
2026-08-01 23:55:18 | WARNING  | co2_forecast | Very few sequences (4), LSTM may not train well
2026-08-01 23:55:19 | WARNING  | co2_forecast | Very few sequences (4), LSTM may not train well
2026-08-01 23:55:19 | WARNING  | co2_forecast | Very few sequences (8), LSTM may not train well
2026-08-01 23:55:19 | WARNING  | co2_forecast | Very few sequences (4), LSTM may not train well
2026-08-01 23:55:20 | WARNING  | co2_forecast | Very few sequences (4), LSTM may not train well
2026-08-01 23:55:20 | WARNING  | co2_forecast | Very few sequences (4), LSTM may not train well
2026-08-01 23:55:20 | WARNING  | co2_forecast | Very few sequences (8), LSTM may not train well
2026-08-01 23:55:20 | WARNING  | co2_forecast | Very few sequences (4), LSTM may not train well
2026-08-01 23:55:21 | WARNING  | co2_forecast | Very few sequences (4), LSTM may not train well
2026-08-01 23:55:21 | WARNING  | co2_forecast | Very few sequences (4), LSTM may not train well
2026-08-01 23:55:21 | WARNING  | co2_forecast | Very few sequences (8), LSTM may not train well
2026-08-01 23:55:22 | WARNING  | co2_forecast | Very few sequences (4), LSTM may not train well
2026-08-01 23:55:23 | WARNING  | co2_forecast | Very few sequences (4), LSTM may not train well
2026-08-01 23:55:23 | WARNING  | co2_forecast | Very few sequences (4), LSTM may not train well
2026-08-01 23:55:23 | WARNING  | co2_forecast | Very few sequences (8), LSTM may not train well
2026-08-01 23:55:24 | WARNING  | co2_forecast | Very few sequences (4), LSTM may not train well
2026-08-01 23:55:24 | WARNING  | co2_forecast | Very few sequences (4), LSTM may not train well
2026-08-01 23:55:25 | WARNING  | co2_forecast | Very few sequences (4), LSTM may not train well
2026-08-01 23:55:25 | WARNING  | co2_forecast | Very few sequences (8), LSTM may not train well
2026-08-01 23:55:25 | WARNING  | co2_forecast | Very few sequences (4), LSTM may not train well
2026-08-01 23:55:26 | WARNING  | co2_forecast | Very few sequences (4), LSTM may not train well
2026-08-01 23:55:26 | WARNING  | co2_forecast | Very few sequences (4), LSTM may not train well
2026-08-01 23:55:26 | WARNING  | co2_forecast | Very few sequences (8), LSTM may not train well
2026-08-01 23:55:27 | WARNING  | co2_forecast | Very few sequences (4), LSTM may not train well
2026-08-01 23:55:28 | WARNING  | co2_forecast | Very few sequences (4), LSTM may not train well
2026-08-01 23:55:28 | WARNING  | co2_forecast | Very few sequences (4), LSTM may not train well
2026-08-01 23:55:28 | WARNING  | co2_forecast | Very few sequences (8), LSTM may not train well
2026-08-01 23:55:29 | WARNING  | co2_forecast | Very few sequences (4), LSTM may not train well
2026-08-01 23:55:29 | WARNING  | co2_forecast | Very few sequences (4), LSTM may not train well
2026-08-01 23:55:30 | INFO     | co2_forecast |   Iteration 7: Best fitness = 0.748254
2026-08-01 23:55:30 | INFO     | co2_forecast | PSO complete. Best fitness: 0.748254
2026-08-01 23:55:30 | INFO     | co2_forecast |   Best params: {'lookback': 4, 'hidden_size': 31, 'num_layers': 2, 'dropout': 0.34252513546501034, 'learning_rate': 0.0001, 'batch_size': 32}
2026-08-01 23:55:30 | INFO     | co2_forecast |   Best fitness: 0.748254
2026-08-01 23:55:30 | INFO     | co2_forecast | [A2/panel2_common_period/fs_wrapper/lstm] sweep tuning: best_params={'lookback': 4, 'hidden_size': 31, 'num_layers': 2, 'dropout': 0.34252513546501034, 'learning_rate': 0.0001, 'batch_size': 32}
2026-08-01 23:55:34 | INFO     | co2_forecast |   -> weighted_mase=0.993460293687899, runtime=51.1s
2026-08-01 23:55:34 | INFO     | co2_forecast | Stream B cell: A2/fs_xgboost_shap/ridge (5 features)
2026-08-01 23:55:34 | INFO     | co2_forecast | Creating walk-forward splits for 16 valid samples
2026-08-01 23:55:34 | INFO     | co2_forecast | Created 4 CV folds across horizons [1, 2, 4]
2026-08-01 23:55:34 | INFO     | co2_forecast | Built tuning CV plan: 4 folds from 16 rows before 2022-Q%q (evaluation cutoff) - isolation OK (max tuning date 2021-Q%q)
2026-08-01 23:55:34 | INFO     | co2_forecast | Optimizing ridge...
2026-08-01 23:55:34 | INFO     | co2_forecast | Starting PSO: 5 particles, 8 iterations
2026-08-01 23:55:34 | INFO     | co2_forecast |   Iteration 0: Best fitness = 0.596751
2026-08-01 23:55:34 | INFO     | co2_forecast |   Iteration 5: Best fitness = 0.567232
2026-08-01 23:55:34 | INFO     | co2_forecast |   Iteration 7: Best fitness = 0.566347
2026-08-01 23:55:34 | INFO     | co2_forecast | PSO complete. Best fitness: 0.566347
2026-08-01 23:55:34 | INFO     | co2_forecast |   Best params: {'alpha': 94.07663680167249}
2026-08-01 23:55:34 | INFO     | co2_forecast |   Best fitness: 0.566347
2026-08-01 23:55:34 | INFO     | co2_forecast | [A2/panel2_common_period/fs_xgboost_shap/ridge] sweep tuning: best_params={'alpha': 94.07663680167249}
2026-08-01 23:55:34 | INFO     | co2_forecast |   -> weighted_mase=0.8631033673313251, runtime=0.3s
2026-08-01 23:55:34 | INFO     | co2_forecast | Stream B cell: A2/fs_xgboost_shap/random_forest (5 features)
2026-08-01 23:55:34 | INFO     | co2_forecast | Creating walk-forward splits for 16 valid samples
2026-08-01 23:55:34 | INFO     | co2_forecast | Created 4 CV folds across horizons [1, 2, 4]
2026-08-01 23:55:34 | INFO     | co2_forecast | Built tuning CV plan: 4 folds from 16 rows before 2022-Q%q (evaluation cutoff) - isolation OK (max tuning date 2021-Q%q)
2026-08-01 23:55:34 | INFO     | co2_forecast | Optimizing random_forest...
2026-08-01 23:55:34 | INFO     | co2_forecast | Starting PSO: 5 particles, 8 iterations
2026-08-01 23:55:38 | INFO     | co2_forecast |   Iteration 0: Best fitness = 0.748939
2026-08-01 23:55:57 | INFO     | co2_forecast |   Iteration 5: Best fitness = 0.306885
2026-08-01 23:56:08 | INFO     | co2_forecast |   Iteration 7: Best fitness = 0.296484
2026-08-01 23:56:08 | INFO     | co2_forecast | PSO complete. Best fitness: 0.296484
2026-08-01 23:56:08 | INFO     | co2_forecast |   Best params: {'n_estimators': 223, 'max_depth': 3, 'min_samples_split': 2, 'min_samples_leaf': 1}
2026-08-01 23:56:08 | INFO     | co2_forecast |   Best fitness: 0.296484
2026-08-01 23:56:08 | INFO     | co2_forecast | [A2/panel2_common_period/fs_xgboost_shap/random_forest] sweep tuning: best_params={'n_estimators': 223, 'max_depth': 3, 'min_samples_split': 2, 'min_samples_leaf': 1}
2026-08-01 23:56:10 | INFO     | co2_forecast |   -> weighted_mase=0.7285041110310485, runtime=35.3s
2026-08-01 23:56:10 | INFO     | co2_forecast | Stream B cell: A2/fs_xgboost_shap/lightgbm (5 features)
2026-08-01 23:56:10 | INFO     | co2_forecast | Creating walk-forward splits for 16 valid samples
2026-08-01 23:56:10 | INFO     | co2_forecast | Created 4 CV folds across horizons [1, 2, 4]
2026-08-01 23:56:10 | INFO     | co2_forecast | Built tuning CV plan: 4 folds from 16 rows before 2022-Q%q (evaluation cutoff) - isolation OK (max tuning date 2021-Q%q)
2026-08-01 23:56:10 | INFO     | co2_forecast | Optimizing lightgbm...
2026-08-01 23:56:10 | INFO     | co2_forecast | Starting PSO: 5 particles, 8 iterations
2026-08-01 23:56:10 | INFO     | co2_forecast |   Iteration 0: Best fitness = 0.768990
2026-08-01 23:56:10 | INFO     | co2_forecast |   Iteration 5: Best fitness = 0.658066
2026-08-01 23:56:11 | INFO     | co2_forecast |   Iteration 7: Best fitness = 0.657566
2026-08-01 23:56:11 | INFO     | co2_forecast | PSO complete. Best fitness: 0.657566
2026-08-01 23:56:11 | INFO     | co2_forecast |   Best params: {'n_estimators': 293, 'learning_rate': 0.3, 'num_leaves': 127, 'max_depth': 15, 'min_child_samples': 5, 'reg_alpha': 0.001, 'reg_lambda': 0.001}
2026-08-01 23:56:11 | INFO     | co2_forecast |   Best fitness: 0.657566
2026-08-01 23:56:11 | INFO     | co2_forecast | [A2/panel2_common_period/fs_xgboost_shap/lightgbm] sweep tuning: best_params={'n_estimators': 293, 'learning_rate': 0.3, 'num_leaves': 127, 'max_depth': 15, 'min_child_samples': 5, 'reg_alpha': 0.001, 'reg_lambda': 0.001}
2026-08-01 23:56:11 | INFO     | co2_forecast |   -> weighted_mase=0.9228912129954261, runtime=1.6s
2026-08-01 23:56:11 | INFO     | co2_forecast | Stream B cell: A2/fs_xgboost_shap/catboost (5 features)
2026-08-01 23:56:11 | INFO     | co2_forecast | Creating walk-forward splits for 16 valid samples
2026-08-01 23:56:11 | INFO     | co2_forecast | Created 4 CV folds across horizons [1, 2, 4]
2026-08-01 23:56:11 | INFO     | co2_forecast | Built tuning CV plan: 4 folds from 16 rows before 2022-Q%q (evaluation cutoff) - isolation OK (max tuning date 2021-Q%q)
2026-08-01 23:56:11 | INFO     | co2_forecast | Optimizing catboost...
2026-08-01 23:56:11 | INFO     | co2_forecast | Starting PSO: 5 particles, 8 iterations
2026-08-01 23:56:39 | INFO     | co2_forecast |   Iteration 0: Best fitness = 0.281169
2026-08-01 23:59:43 | INFO     | co2_forecast |   Iteration 5: Best fitness = 0.256249
2026-08-02 00:00:56 | INFO     | co2_forecast |   Iteration 7: Best fitness = 0.256249
2026-08-02 00:00:56 | INFO     | co2_forecast | PSO complete. Best fitness: 0.256249
2026-08-02 00:00:56 | INFO     | co2_forecast |   Best params: {'iterations': 300, 'learning_rate': 0.2130113552784947, 'depth': 3, 'l2_leaf_reg': 10.0}
2026-08-02 00:00:56 | INFO     | co2_forecast |   Best fitness: 0.256249
2026-08-02 00:00:56 | INFO     | co2_forecast | [A2/panel2_common_period/fs_xgboost_shap/catboost] sweep tuning: best_params={'iterations': 300, 'learning_rate': 0.2130113552784947, 'depth': 3, 'l2_leaf_reg': 10.0}
2026-08-02 00:01:06 | INFO     | co2_forecast |   -> weighted_mase=0.6887347930173113, runtime=294.9s
2026-08-02 00:01:06 | INFO     | co2_forecast | Stream B cell: A2/fs_xgboost_shap/lstm (5 features)
2026-08-02 00:01:06 | INFO     | co2_forecast | Creating walk-forward splits for 16 valid samples
2026-08-02 00:01:06 | INFO     | co2_forecast | Created 4 CV folds across horizons [1, 2, 4]
2026-08-02 00:01:06 | INFO     | co2_forecast | Built tuning CV plan: 4 folds from 16 rows before 2022-Q%q (evaluation cutoff) - isolation OK (max tuning date 2021-Q%q)
2026-08-02 00:01:06 | INFO     | co2_forecast | Optimizing lstm...
2026-08-02 00:01:06 | INFO     | co2_forecast | Starting PSO: 5 particles, 8 iterations
2026-08-02 00:01:06 | WARNING  | co2_forecast | Model training failed with params {'lookback': 7, 'hidden_size': 62, 'num_layers': 2, 'dropout': 0.3394633936788146, 'learning_rate': 0.0016445845403801217, 'batch_size': 8}: LSTM.fit: training data has 8 rows, giving only 1 sequence(s) with lookback=7; at least 2 are required (one is always reserved for validation). Reduce lookback or provide more training history.
2026-08-02 00:01:06 | WARNING  | co2_forecast | Model training failed with params {'lookback': 11, 'hidden_size': 26, 'num_layers': 1, 'dropout': 0.17336180394137352, 'learning_rate': 0.0031119982052994237, 'batch_size': 16}: LSTM.fit: training data has 8 rows, giving only 0 sequence(s) with lookback=11; at least 2 are required (one is always reserved for validation). Reduce lookback or provide more training history.
2026-08-02 00:01:06 | WARNING  | co2_forecast | Model training failed with params {'lookback': 8, 'hidden_size': 54, 'num_layers': 1, 'dropout': 0.3056937753654446, 'learning_rate': 0.005964904231734221, 'batch_size': 8}: LSTM.fit: training data has 8 rows, giving only 0 sequence(s) with lookback=8; at least 2 are required (one is always reserved for validation). Reduce lookback or provide more training history.
2026-08-02 00:01:06 | WARNING  | co2_forecast | Very few sequences (2), LSTM may not train well
2026-08-02 00:01:06 | WARNING  | co2_forecast | Very few sequences (6), LSTM may not train well
2026-08-02 00:01:06 | WARNING  | co2_forecast | Very few sequences (2), LSTM may not train well
2026-08-02 00:01:07 | WARNING  | co2_forecast | Very few sequences (2), LSTM may not train well
2026-08-02 00:01:07 | WARNING  | co2_forecast | Model training failed with params {'lookback': 8, 'hidden_size': 25, 'num_layers': 2, 'dropout': 0.4100531293444458, 'learning_rate': 0.009401039521485473, 'batch_size': 32}: LSTM.fit: training data has 8 rows, giving only 0 sequence(s) with lookback=8; at least 2 are required (one is always reserved for validation). Reduce lookback or provide more training history.
2026-08-02 00:01:07 | INFO     | co2_forecast |   Iteration 0: Best fitness = 0.978171
2026-08-02 00:01:07 | WARNING  | co2_forecast | Very few sequences (3), LSTM may not train well
2026-08-02 00:01:07 | WARNING  | co2_forecast | Very few sequences (7), LSTM may not train well
2026-08-02 00:01:07 | WARNING  | co2_forecast | Very few sequences (3), LSTM may not train well
2026-08-02 00:01:07 | WARNING  | co2_forecast | Very few sequences (3), LSTM may not train well
2026-08-02 00:01:08 | WARNING  | co2_forecast | Very few sequences (2), LSTM may not train well
2026-08-02 00:01:08 | WARNING  | co2_forecast | Very few sequences (6), LSTM may not train well
2026-08-02 00:01:08 | WARNING  | co2_forecast | Very few sequences (2), LSTM may not train well
2026-08-02 00:01:08 | WARNING  | co2_forecast | Very few sequences (2), LSTM may not train well
2026-08-02 00:01:08 | WARNING  | co2_forecast | Model training failed with params {'lookback': 8, 'hidden_size': 44, 'num_layers': 1, 'dropout': 0.3238975389966341, 'learning_rate': 0.005520634690128072, 'batch_size': 8}: LSTM.fit: training data has 8 rows, giving only 0 sequence(s) with lookback=8; at least 2 are required (one is always reserved for validation). Reduce lookback or provide more training history.
2026-08-02 00:01:08 | WARNING  | co2_forecast | Very few sequences (3), LSTM may not train well
2026-08-02 00:01:08 | WARNING  | co2_forecast | Very few sequences (7), LSTM may not train well
2026-08-02 00:01:09 | WARNING  | co2_forecast | Very few sequences (3), LSTM may not train well
2026-08-02 00:01:09 | WARNING  | co2_forecast | Very few sequences (3), LSTM may not train well
2026-08-02 00:01:09 | WARNING  | co2_forecast | Very few sequences (2), LSTM may not train well
2026-08-02 00:01:09 | WARNING  | co2_forecast | Very few sequences (6), LSTM may not train well
2026-08-02 00:01:09 | WARNING  | co2_forecast | Very few sequences (2), LSTM may not train well
2026-08-02 00:01:10 | WARNING  | co2_forecast | Very few sequences (2), LSTM may not train well
2026-08-02 00:01:11 | WARNING  | co2_forecast | Very few sequences (3), LSTM may not train well
2026-08-02 00:01:11 | WARNING  | co2_forecast | Very few sequences (7), LSTM may not train well
2026-08-02 00:01:11 | WARNING  | co2_forecast | Very few sequences (3), LSTM may not train well
2026-08-02 00:01:11 | WARNING  | co2_forecast | Very few sequences (3), LSTM may not train well
2026-08-02 00:01:11 | WARNING  | co2_forecast | Very few sequences (4), LSTM may not train well
2026-08-02 00:01:11 | WARNING  | co2_forecast | Very few sequences (8), LSTM may not train well
2026-08-02 00:01:12 | WARNING  | co2_forecast | Very few sequences (4), LSTM may not train well
2026-08-02 00:01:13 | WARNING  | co2_forecast | Very few sequences (4), LSTM may not train well
2026-08-02 00:01:13 | WARNING  | co2_forecast | Model training failed with params {'lookback': 7, 'hidden_size': 35, 'num_layers': 1, 'dropout': 0.31512819649180424, 'learning_rate': 0.004065945490368326, 'batch_size': 8}: LSTM.fit: training data has 8 rows, giving only 1 sequence(s) with lookback=7; at least 2 are required (one is always reserved for validation). Reduce lookback or provide more training history.
2026-08-02 00:01:13 | WARNING  | co2_forecast | Very few sequences (2), LSTM may not train well
2026-08-02 00:01:13 | WARNING  | co2_forecast | Very few sequences (6), LSTM may not train well
2026-08-02 00:01:13 | WARNING  | co2_forecast | Very few sequences (2), LSTM may not train well
2026-08-02 00:01:14 | WARNING  | co2_forecast | Very few sequences (2), LSTM may not train well
2026-08-02 00:01:14 | WARNING  | co2_forecast | Very few sequences (3), LSTM may not train well
2026-08-02 00:01:14 | WARNING  | co2_forecast | Very few sequences (7), LSTM may not train well
2026-08-02 00:01:15 | WARNING  | co2_forecast | Very few sequences (3), LSTM may not train well
2026-08-02 00:01:16 | WARNING  | co2_forecast | Very few sequences (3), LSTM may not train well
2026-08-02 00:01:16 | WARNING  | co2_forecast | Very few sequences (3), LSTM may not train well
2026-08-02 00:01:16 | WARNING  | co2_forecast | Very few sequences (7), LSTM may not train well
2026-08-02 00:01:16 | WARNING  | co2_forecast | Very few sequences (3), LSTM may not train well
2026-08-02 00:01:16 | WARNING  | co2_forecast | Very few sequences (3), LSTM may not train well
2026-08-02 00:01:16 | WARNING  | co2_forecast | Very few sequences (4), LSTM may not train well
2026-08-02 00:01:16 | WARNING  | co2_forecast | Very few sequences (8), LSTM may not train well
2026-08-02 00:01:16 | WARNING  | co2_forecast | Very few sequences (4), LSTM may not train well
2026-08-02 00:01:17 | WARNING  | co2_forecast | Very few sequences (4), LSTM may not train well
2026-08-02 00:01:17 | WARNING  | co2_forecast | Very few sequences (2), LSTM may not train well
2026-08-02 00:01:17 | WARNING  | co2_forecast | Very few sequences (6), LSTM may not train well
2026-08-02 00:01:17 | WARNING  | co2_forecast | Very few sequences (2), LSTM may not train well
2026-08-02 00:01:17 | WARNING  | co2_forecast | Very few sequences (2), LSTM may not train well
2026-08-02 00:01:17 | WARNING  | co2_forecast | Very few sequences (3), LSTM may not train well
2026-08-02 00:01:17 | WARNING  | co2_forecast | Very few sequences (7), LSTM may not train well
2026-08-02 00:01:17 | WARNING  | co2_forecast | Very few sequences (3), LSTM may not train well
2026-08-02 00:01:18 | WARNING  | co2_forecast | Very few sequences (3), LSTM may not train well
2026-08-02 00:01:18 | WARNING  | co2_forecast | Very few sequences (4), LSTM may not train well
2026-08-02 00:01:18 | WARNING  | co2_forecast | Very few sequences (8), LSTM may not train well
2026-08-02 00:01:18 | WARNING  | co2_forecast | Very few sequences (4), LSTM may not train well
2026-08-02 00:01:18 | WARNING  | co2_forecast | Very few sequences (4), LSTM may not train well
2026-08-02 00:01:18 | WARNING  | co2_forecast | Very few sequences (4), LSTM may not train well
2026-08-02 00:01:18 | WARNING  | co2_forecast | Very few sequences (8), LSTM may not train well
2026-08-02 00:01:18 | WARNING  | co2_forecast | Very few sequences (4), LSTM may not train well
2026-08-02 00:01:18 | WARNING  | co2_forecast | Very few sequences (4), LSTM may not train well
2026-08-02 00:01:18 | WARNING  | co2_forecast | Very few sequences (4), LSTM may not train well
2026-08-02 00:01:19 | WARNING  | co2_forecast | Very few sequences (8), LSTM may not train well
2026-08-02 00:01:19 | WARNING  | co2_forecast | Very few sequences (4), LSTM may not train well
2026-08-02 00:01:19 | WARNING  | co2_forecast | Very few sequences (4), LSTM may not train well
2026-08-02 00:01:19 | WARNING  | co2_forecast | Very few sequences (3), LSTM may not train well
2026-08-02 00:01:19 | WARNING  | co2_forecast | Very few sequences (7), LSTM may not train well
2026-08-02 00:01:19 | WARNING  | co2_forecast | Very few sequences (3), LSTM may not train well
2026-08-02 00:01:20 | WARNING  | co2_forecast | Very few sequences (3), LSTM may not train well
2026-08-02 00:01:20 | WARNING  | co2_forecast | Very few sequences (4), LSTM may not train well
2026-08-02 00:01:20 | WARNING  | co2_forecast | Very few sequences (8), LSTM may not train well
2026-08-02 00:01:20 | WARNING  | co2_forecast | Very few sequences (4), LSTM may not train well
2026-08-02 00:01:20 | WARNING  | co2_forecast | Very few sequences (4), LSTM may not train well
2026-08-02 00:01:20 | WARNING  | co2_forecast | Very few sequences (4), LSTM may not train well
2026-08-02 00:01:20 | WARNING  | co2_forecast | Very few sequences (8), LSTM may not train well
2026-08-02 00:01:20 | WARNING  | co2_forecast | Very few sequences (4), LSTM may not train well
2026-08-02 00:01:20 | WARNING  | co2_forecast | Very few sequences (4), LSTM may not train well
2026-08-02 00:01:20 | WARNING  | co2_forecast | Very few sequences (4), LSTM may not train well
2026-08-02 00:01:20 | WARNING  | co2_forecast | Very few sequences (8), LSTM may not train well
2026-08-02 00:01:20 | WARNING  | co2_forecast | Very few sequences (4), LSTM may not train well
2026-08-02 00:01:20 | WARNING  | co2_forecast | Very few sequences (4), LSTM may not train well
2026-08-02 00:01:20 | WARNING  | co2_forecast | Very few sequences (4), LSTM may not train well
2026-08-02 00:01:21 | WARNING  | co2_forecast | Very few sequences (8), LSTM may not train well
2026-08-02 00:01:21 | WARNING  | co2_forecast | Very few sequences (4), LSTM may not train well
2026-08-02 00:01:21 | WARNING  | co2_forecast | Very few sequences (4), LSTM may not train well
2026-08-02 00:01:21 | WARNING  | co2_forecast | Very few sequences (4), LSTM may not train well
2026-08-02 00:01:21 | WARNING  | co2_forecast | Very few sequences (8), LSTM may not train well
2026-08-02 00:01:21 | WARNING  | co2_forecast | Very few sequences (4), LSTM may not train well
2026-08-02 00:01:22 | WARNING  | co2_forecast | Very few sequences (4), LSTM may not train well
2026-08-02 00:01:22 | WARNING  | co2_forecast | Very few sequences (4), LSTM may not train well
2026-08-02 00:01:22 | WARNING  | co2_forecast | Very few sequences (8), LSTM may not train well
2026-08-02 00:01:22 | WARNING  | co2_forecast | Very few sequences (4), LSTM may not train well
2026-08-02 00:01:22 | WARNING  | co2_forecast | Very few sequences (4), LSTM may not train well
2026-08-02 00:01:22 | WARNING  | co2_forecast | Very few sequences (4), LSTM may not train well
2026-08-02 00:01:22 | WARNING  | co2_forecast | Very few sequences (8), LSTM may not train well
2026-08-02 00:01:22 | WARNING  | co2_forecast | Very few sequences (4), LSTM may not train well
2026-08-02 00:01:22 | WARNING  | co2_forecast | Very few sequences (4), LSTM may not train well
2026-08-02 00:01:23 | INFO     | co2_forecast |   Iteration 5: Best fitness = 0.763837
2026-08-02 00:01:23 | WARNING  | co2_forecast | Very few sequences (4), LSTM may not train well
2026-08-02 00:01:23 | WARNING  | co2_forecast | Very few sequences (8), LSTM may not train well
2026-08-02 00:01:23 | WARNING  | co2_forecast | Very few sequences (4), LSTM may not train well
2026-08-02 00:01:23 | WARNING  | co2_forecast | Very few sequences (4), LSTM may not train well
2026-08-02 00:01:23 | WARNING  | co2_forecast | Very few sequences (4), LSTM may not train well
2026-08-02 00:01:23 | WARNING  | co2_forecast | Very few sequences (8), LSTM may not train well
2026-08-02 00:01:23 | WARNING  | co2_forecast | Very few sequences (4), LSTM may not train well
2026-08-02 00:01:23 | WARNING  | co2_forecast | Very few sequences (4), LSTM may not train well
2026-08-02 00:01:23 | WARNING  | co2_forecast | Very few sequences (4), LSTM may not train well
2026-08-02 00:01:23 | WARNING  | co2_forecast | Very few sequences (8), LSTM may not train well
2026-08-02 00:01:23 | WARNING  | co2_forecast | Very few sequences (4), LSTM may not train well
2026-08-02 00:01:23 | WARNING  | co2_forecast | Very few sequences (4), LSTM may not train well
2026-08-02 00:01:23 | WARNING  | co2_forecast | Very few sequences (4), LSTM may not train well
2026-08-02 00:01:23 | WARNING  | co2_forecast | Very few sequences (8), LSTM may not train well
2026-08-02 00:01:23 | WARNING  | co2_forecast | Very few sequences (4), LSTM may not train well
2026-08-02 00:01:24 | WARNING  | co2_forecast | Very few sequences (4), LSTM may not train well
2026-08-02 00:01:24 | WARNING  | co2_forecast | Very few sequences (4), LSTM may not train well
2026-08-02 00:01:24 | WARNING  | co2_forecast | Very few sequences (8), LSTM may not train well
2026-08-02 00:01:24 | WARNING  | co2_forecast | Very few sequences (4), LSTM may not train well
2026-08-02 00:01:24 | WARNING  | co2_forecast | Very few sequences (4), LSTM may not train well
2026-08-02 00:01:24 | WARNING  | co2_forecast | Very few sequences (4), LSTM may not train well
2026-08-02 00:01:24 | WARNING  | co2_forecast | Very few sequences (8), LSTM may not train well
2026-08-02 00:01:24 | WARNING  | co2_forecast | Very few sequences (4), LSTM may not train well
2026-08-02 00:01:24 | WARNING  | co2_forecast | Very few sequences (4), LSTM may not train well
2026-08-02 00:01:24 | WARNING  | co2_forecast | Very few sequences (4), LSTM may not train well
2026-08-02 00:01:24 | WARNING  | co2_forecast | Very few sequences (8), LSTM may not train well
2026-08-02 00:01:24 | WARNING  | co2_forecast | Very few sequences (4), LSTM may not train well
2026-08-02 00:01:24 | WARNING  | co2_forecast | Very few sequences (4), LSTM may not train well
2026-08-02 00:01:24 | WARNING  | co2_forecast | Very few sequences (4), LSTM may not train well
2026-08-02 00:01:24 | WARNING  | co2_forecast | Very few sequences (8), LSTM may not train well
2026-08-02 00:01:25 | WARNING  | co2_forecast | Very few sequences (4), LSTM may not train well
2026-08-02 00:01:25 | WARNING  | co2_forecast | Very few sequences (4), LSTM may not train well
2026-08-02 00:01:25 | WARNING  | co2_forecast | Very few sequences (4), LSTM may not train well
2026-08-02 00:01:25 | WARNING  | co2_forecast | Very few sequences (8), LSTM may not train well
2026-08-02 00:01:25 | WARNING  | co2_forecast | Very few sequences (4), LSTM may not train well
2026-08-02 00:01:25 | WARNING  | co2_forecast | Very few sequences (4), LSTM may not train well
2026-08-02 00:01:25 | WARNING  | co2_forecast | Very few sequences (4), LSTM may not train well
2026-08-02 00:01:25 | WARNING  | co2_forecast | Very few sequences (8), LSTM may not train well
2026-08-02 00:01:25 | WARNING  | co2_forecast | Very few sequences (4), LSTM may not train well
2026-08-02 00:01:25 | WARNING  | co2_forecast | Very few sequences (4), LSTM may not train well
2026-08-02 00:01:25 | INFO     | co2_forecast |   Iteration 7: Best fitness = 0.763837
2026-08-02 00:01:25 | INFO     | co2_forecast | PSO complete. Best fitness: 0.763837
2026-08-02 00:01:25 | INFO     | co2_forecast |   Best params: {'lookback': 4, 'hidden_size': 16, 'num_layers': 2, 'dropout': 0.10298425639473938, 'learning_rate': 0.0001, 'batch_size': 32}
2026-08-02 00:01:25 | INFO     | co2_forecast |   Best fitness: 0.763837
2026-08-02 00:01:25 | INFO     | co2_forecast | [A2/panel2_common_period/fs_xgboost_shap/lstm] sweep tuning: best_params={'lookback': 4, 'hidden_size': 16, 'num_layers': 2, 'dropout': 0.10298425639473938, 'learning_rate': 0.0001, 'batch_size': 32}
2026-08-02 00:01:27 | INFO     | co2_forecast |   -> weighted_mase=1.0276447609145547, runtime=21.0s
2026-08-02 00:01:27 | INFO     | co2_forecast | Stream B cell: A2/fs_permutation_stability/ridge (5 features)
2026-08-02 00:01:27 | INFO     | co2_forecast | Creating walk-forward splits for 16 valid samples
2026-08-02 00:01:27 | INFO     | co2_forecast | Created 4 CV folds across horizons [1, 2, 4]
2026-08-02 00:01:27 | INFO     | co2_forecast | Built tuning CV plan: 4 folds from 16 rows before 2022-Q%q (evaluation cutoff) - isolation OK (max tuning date 2021-Q%q)
2026-08-02 00:01:27 | INFO     | co2_forecast | Optimizing ridge...
2026-08-02 00:01:27 | INFO     | co2_forecast | Starting PSO: 5 particles, 8 iterations
2026-08-02 00:01:27 | INFO     | co2_forecast |   Iteration 0: Best fitness = 0.738720
2026-08-02 00:01:27 | INFO     | co2_forecast |   Iteration 5: Best fitness = 0.729100
2026-08-02 00:01:27 | INFO     | co2_forecast |   Iteration 7: Best fitness = 0.729100
2026-08-02 00:01:27 | INFO     | co2_forecast | PSO complete. Best fitness: 0.729100
2026-08-02 00:01:27 | INFO     | co2_forecast |   Best params: {'alpha': 3.535316417294956}
2026-08-02 00:01:27 | INFO     | co2_forecast |   Best fitness: 0.729100
2026-08-02 00:01:27 | INFO     | co2_forecast | [A2/panel2_common_period/fs_permutation_stability/ridge] sweep tuning: best_params={'alpha': 3.535316417294956}
2026-08-02 00:01:27 | INFO     | co2_forecast |   -> weighted_mase=1.1155946709737063, runtime=0.2s
2026-08-02 00:01:27 | INFO     | co2_forecast | Stream B cell: A2/fs_permutation_stability/random_forest (5 features)
2026-08-02 00:01:27 | INFO     | co2_forecast | Creating walk-forward splits for 16 valid samples
2026-08-02 00:01:27 | INFO     | co2_forecast | Created 4 CV folds across horizons [1, 2, 4]
2026-08-02 00:01:27 | INFO     | co2_forecast | Built tuning CV plan: 4 folds from 16 rows before 2022-Q%q (evaluation cutoff) - isolation OK (max tuning date 2021-Q%q)
2026-08-02 00:01:27 | INFO     | co2_forecast | Optimizing random_forest...
2026-08-02 00:01:27 | INFO     | co2_forecast | Starting PSO: 5 particles, 8 iterations
2026-08-02 00:01:31 | INFO     | co2_forecast |   Iteration 0: Best fitness = 0.771606
2026-08-02 00:01:43 | INFO     | co2_forecast |   Iteration 5: Best fitness = 0.769627
2026-08-02 00:01:47 | INFO     | co2_forecast |   Iteration 7: Best fitness = 0.768515
2026-08-02 00:01:47 | INFO     | co2_forecast | PSO complete. Best fitness: 0.768515
2026-08-02 00:01:47 | INFO     | co2_forecast |   Best params: {'n_estimators': 75, 'max_depth': 17, 'min_samples_split': 16, 'min_samples_leaf': 7}
2026-08-02 00:01:47 | INFO     | co2_forecast |   Best fitness: 0.768515
2026-08-02 00:01:47 | INFO     | co2_forecast | [A2/panel2_common_period/fs_permutation_stability/random_forest] sweep tuning: best_params={'n_estimators': 75, 'max_depth': 17, 'min_samples_split': 16, 'min_samples_leaf': 7}
2026-08-02 00:01:48 | INFO     | co2_forecast |   -> weighted_mase=1.0322615658338552, runtime=20.6s
2026-08-02 00:01:48 | INFO     | co2_forecast | Stream B cell: A2/fs_permutation_stability/lightgbm (5 features)
2026-08-02 00:01:48 | INFO     | co2_forecast | Creating walk-forward splits for 16 valid samples
2026-08-02 00:01:48 | INFO     | co2_forecast | Created 4 CV folds across horizons [1, 2, 4]
2026-08-02 00:01:48 | INFO     | co2_forecast | Built tuning CV plan: 4 folds from 16 rows before 2022-Q%q (evaluation cutoff) - isolation OK (max tuning date 2021-Q%q)
2026-08-02 00:01:48 | INFO     | co2_forecast | Optimizing lightgbm...
2026-08-02 00:01:48 | INFO     | co2_forecast | Starting PSO: 5 particles, 8 iterations
2026-08-02 00:01:48 | INFO     | co2_forecast |   Iteration 0: Best fitness = 0.768990
2026-08-02 00:01:48 | INFO     | co2_forecast |   Iteration 5: Best fitness = 0.768990
2026-08-02 00:01:48 | INFO     | co2_forecast |   Iteration 7: Best fitness = 0.768990
2026-08-02 00:01:48 | INFO     | co2_forecast | PSO complete. Best fitness: 0.768990
2026-08-02 00:01:48 | INFO     | co2_forecast |   Best params: {'n_estimators': 144, 'learning_rate': 0.28570714885887566, 'num_leaves': 97, 'max_depth': 10, 'min_child_samples': 12, 'reg_alpha': 1.5607892088416901, 'reg_lambda': 0.5817780380698264}
2026-08-02 00:01:48 | INFO     | co2_forecast |   Best fitness: 0.768990
2026-08-02 00:01:48 | INFO     | co2_forecast | [A2/panel2_common_period/fs_permutation_stability/lightgbm] sweep tuning: best_params={'n_estimators': 144, 'learning_rate': 0.28570714885887566, 'num_leaves': 97, 'max_depth': 10, 'min_child_samples': 12, 'reg_alpha': 1.5607892088416901, 'reg_lambda': 0.5817780380698264}
2026-08-02 00:01:49 | INFO     | co2_forecast |   -> weighted_mase=1.0410666416960128, runtime=0.6s
2026-08-02 00:01:49 | INFO     | co2_forecast | Stream B cell: A2/fs_permutation_stability/catboost (5 features)
2026-08-02 00:01:49 | INFO     | co2_forecast | Creating walk-forward splits for 16 valid samples
2026-08-02 00:01:49 | INFO     | co2_forecast | Created 4 CV folds across horizons [1, 2, 4]
2026-08-02 00:01:49 | INFO     | co2_forecast | Built tuning CV plan: 4 folds from 16 rows before 2022-Q%q (evaluation cutoff) - isolation OK (max tuning date 2021-Q%q)
2026-08-02 00:01:49 | INFO     | co2_forecast | Optimizing catboost...
2026-08-02 00:01:49 | INFO     | co2_forecast | Starting PSO: 5 particles, 8 iterations
2026-08-02 00:01:49 | WARNING  | co2_forecast | Model training failed with params {'iterations': 144, 'learning_rate': 0.28570714885887566, 'depth': 8, 'l2_leaf_reg': 6.026718993550662}: catboost/libs/data/quantization.cpp:2420: All features are either constant or ignored.
2026-08-02 00:01:50 | WARNING  | co2_forecast | Model training failed with params {'iterations': 200, 'learning_rate': 0.21534104756085318, 'depth': 3, 'l2_leaf_reg': 9.702107536403744}: catboost/libs/data/quantization.cpp:2420: All features are either constant or ignored.
2026-08-02 00:01:51 | WARNING  | co2_forecast | Model training failed with params {'iterations': 126, 'learning_rate': 0.16217936517334897, 'depth': 6, 'l2_leaf_reg': 2.983168487960615}: catboost/libs/data/quantization.cpp:2420: All features are either constant or ignored.
2026-08-02 00:01:51 | WARNING  | co2_forecast | Model training failed with params {'iterations': 164, 'learning_rate': 0.23770102880397392, 'depth': 4, 'l2_leaf_reg': 5.190920940294755}: catboost/libs/data/quantization.cpp:2420: All features are either constant or ignored.
2026-08-02 00:01:52 | WARNING  | co2_forecast | Model training failed with params {'iterations': 66, 'learning_rate': 0.2851768058034666, 'depth': 10, 'l2_leaf_reg': 8.103133746352965}: catboost/libs/data/quantization.cpp:2420: All features are either constant or ignored.
2026-08-02 00:01:52 | INFO     | co2_forecast |   Iteration 0: Best fitness = inf
2026-08-02 00:01:52 | WARNING  | co2_forecast | Model training failed with params {'iterations': 132, 'learning_rate': 0.2717405263845255, 'depth': 8, 'l2_leaf_reg': 6.534239131594722}: catboost/libs/data/quantization.cpp:2420: All features are either constant or ignored.
2026-08-02 00:01:53 | WARNING  | co2_forecast | Model training failed with params {'iterations': 135, 'learning_rate': 0.29964001274194235, 'depth': 10, 'l2_leaf_reg': 4.250147505686233}: catboost/libs/data/quantization.cpp:2420: All features are either constant or ignored.
2026-08-02 00:01:53 | WARNING  | co2_forecast | Model training failed with params {'iterations': 148, 'learning_rate': 0.2703026800586014, 'depth': 8, 'l2_leaf_reg': 5.822576053031024}: catboost/libs/data/quantization.cpp:2420: All features are either constant or ignored.
2026-08-02 00:01:54 | WARNING  | co2_forecast | Model training failed with params {'iterations': 152, 'learning_rate': 0.25673658735247157, 'depth': 7, 'l2_leaf_reg': 5.38627513521694}: catboost/libs/data/quantization.cpp:2420: All features are either constant or ignored.
2026-08-02 00:01:55 | WARNING  | co2_forecast | Model training failed with params {'iterations': 81, 'learning_rate': 0.2689893480472499, 'depth': 10, 'l2_leaf_reg': 7.44443332481439}: catboost/libs/data/quantization.cpp:2420: All features are either constant or ignored.
2026-08-02 00:01:55 | WARNING  | co2_forecast | Model training failed with params {'iterations': 155, 'learning_rate': 0.29861337195622495, 'depth': 8, 'l2_leaf_reg': 5.557731724794483}: catboost/libs/data/quantization.cpp:2420: All features are either constant or ignored.
2026-08-02 00:01:56 | WARNING  | co2_forecast | Model training failed with params {'iterations': 194, 'learning_rate': 0.2205597512600221, 'depth': 3, 'l2_leaf_reg': 10.0}: catboost/libs/data/quantization.cpp:2420: All features are either constant or ignored.
2026-08-02 00:01:57 | WARNING  | co2_forecast | Model training failed with params {'iterations': 138, 'learning_rate': 0.2695632200925517, 'depth': 7, 'l2_leaf_reg': 5.526054086827735}: catboost/libs/data/quantization.cpp:2420: All features are either constant or ignored.
2026-08-02 00:01:57 | WARNING  | co2_forecast | Model training failed with params {'iterations': 143, 'learning_rate': 0.2759180734755844, 'depth': 9, 'l2_leaf_reg': 5.683998550918017}: catboost/libs/data/quantization.cpp:2420: All features are either constant or ignored.
2026-08-02 00:01:58 | WARNING  | co2_forecast | Model training failed with params {'iterations': 121, 'learning_rate': 0.2670278235667139, 'depth': 9, 'l2_leaf_reg': 6.340802575617012}: catboost/libs/data/quantization.cpp:2420: All features are either constant or ignored.
2026-08-02 00:01:58 | WARNING  | co2_forecast | Model training failed with params {'iterations': 160, 'learning_rate': 0.3, 'depth': 8, 'l2_leaf_reg': 5.352095200926489}: catboost/libs/data/quantization.cpp:2420: All features are either constant or ignored.
2026-08-02 00:01:59 | WARNING  | co2_forecast | Model training failed with params {'iterations': 215, 'learning_rate': 0.1946800792363757, 'depth': 3, 'l2_leaf_reg': 10.0}: catboost/libs/data/quantization.cpp:2420: All features are either constant or ignored.
2026-08-02 00:01:59 | WARNING  | co2_forecast | Model training failed with params {'iterations': 131, 'learning_rate': 0.23694602321094804, 'depth': 7, 'l2_leaf_reg': 4.658606108891374}: catboost/libs/data/quantization.cpp:2420: All features are either constant or ignored.
2026-08-02 00:02:00 | WARNING  | co2_forecast | Model training failed with params {'iterations': 142, 'learning_rate': 0.29277850463358446, 'depth': 8, 'l2_leaf_reg': 6.196421741017712}: catboost/libs/data/quantization.cpp:2420: All features are either constant or ignored.
2026-08-02 00:02:01 | WARNING  | co2_forecast | Model training failed with params {'iterations': 176, 'learning_rate': 0.29536318110119564, 'depth': 7, 'l2_leaf_reg': 5.315761536035135}: catboost/libs/data/quantization.cpp:2420: All features are either constant or ignored.
2026-08-02 00:02:01 | WARNING  | co2_forecast | Model training failed with params {'iterations': 140, 'learning_rate': 0.283026943916598, 'depth': 8, 'l2_leaf_reg': 6.194974494237032}: catboost/libs/data/quantization.cpp:2420: All features are either constant or ignored.
2026-08-02 00:02:02 | WARNING  | co2_forecast | Model training failed with params {'iterations': 142, 'learning_rate': 0.2886171000810596, 'depth': 7, 'l2_leaf_reg': 6.372611753877718}: catboost/libs/data/quantization.cpp:2420: All features are either constant or ignored.
2026-08-02 00:02:03 | WARNING  | co2_forecast | Model training failed with params {'iterations': 135, 'learning_rate': 0.18883889296443102, 'depth': 7, 'l2_leaf_reg': 3.7890304446493532}: catboost/libs/data/quantization.cpp:2420: All features are either constant or ignored.
2026-08-02 00:02:03 | WARNING  | co2_forecast | Model training failed with params {'iterations': 167, 'learning_rate': 0.23972543634813284, 'depth': 3, 'l2_leaf_reg': 5.362346539267432}: catboost/libs/data/quantization.cpp:2420: All features are either constant or ignored.
2026-08-02 00:02:04 | WARNING  | co2_forecast | Model training failed with params {'iterations': 149, 'learning_rate': 0.3, 'depth': 7, 'l2_leaf_reg': 6.241877202159969}: catboost/libs/data/quantization.cpp:2420: All features are either constant or ignored.
2026-08-02 00:02:04 | WARNING  | co2_forecast | Model training failed with params {'iterations': 136, 'learning_rate': 0.27758976013238873, 'depth': 8, 'l2_leaf_reg': 6.386598178276442}: catboost/libs/data/quantization.cpp:2420: All features are either constant or ignored.
2026-08-02 00:02:05 | WARNING  | co2_forecast | Model training failed with params {'iterations': 122, 'learning_rate': 0.3, 'depth': 8, 'l2_leaf_reg': 5.553102288171776}: catboost/libs/data/quantization.cpp:2420: All features are either constant or ignored.
2026-08-02 00:02:06 | WARNING  | co2_forecast | Model training failed with params {'iterations': 138, 'learning_rate': 0.19130477991085074, 'depth': 7, 'l2_leaf_reg': 3.919888065803886}: catboost/libs/data/quantization.cpp:2420: All features are either constant or ignored.
2026-08-02 00:02:06 | WARNING  | co2_forecast | Model training failed with params {'iterations': 159, 'learning_rate': 0.24581008650670771, 'depth': 5, 'l2_leaf_reg': 5.249253690461204}: catboost/libs/data/quantization.cpp:2420: All features are either constant or ignored.
2026-08-02 00:02:07 | WARNING  | co2_forecast | Model training failed with params {'iterations': 50, 'learning_rate': 0.2782787122407423, 'depth': 10, 'l2_leaf_reg': 9.189207720487346}: catboost/libs/data/quantization.cpp:2420: All features are either constant or ignored.
2026-08-02 00:02:07 | INFO     | co2_forecast |   Iteration 5: Best fitness = inf
2026-08-02 00:02:07 | WARNING  | co2_forecast | Model training failed with params {'iterations': 143, 'learning_rate': 0.28411098202574897, 'depth': 8, 'l2_leaf_reg': 6.064578581676263}: catboost/libs/data/quantization.cpp:2420: All features are either constant or ignored.
2026-08-02 00:02:08 | WARNING  | co2_forecast | Model training failed with params {'iterations': 216, 'learning_rate': 0.20900796714447578, 'depth': 3, 'l2_leaf_reg': 10.0}: catboost/libs/data/quantization.cpp:2420: All features are either constant or ignored.
2026-08-02 00:02:09 | WARNING  | co2_forecast | Model training failed with params {'iterations': 131, 'learning_rate': 0.22918740648759084, 'depth': 7, 'l2_leaf_reg': 4.48424474737538}: catboost/libs/data/quantization.cpp:2420: All features are either constant or ignored.
2026-08-02 00:02:09 | WARNING  | co2_forecast | Model training failed with params {'iterations': 148, 'learning_rate': 0.26908873572373954, 'depth': 8, 'l2_leaf_reg': 5.626827364532254}: catboost/libs/data/quantization.cpp:2420: All features are either constant or ignored.
2026-08-02 00:02:10 | WARNING  | co2_forecast | Model training failed with params {'iterations': 50, 'learning_rate': 0.2652842144821291, 'depth': 10, 'l2_leaf_reg': 10.0}: catboost/libs/data/quantization.cpp:2420: All features are either constant or ignored.
2026-08-02 00:02:10 | WARNING  | co2_forecast | Model training failed with params {'iterations': 149, 'learning_rate': 0.2900076778212071, 'depth': 8, 'l2_leaf_reg': 5.814429843022461}: catboost/libs/data/quantization.cpp:2420: All features are either constant or ignored.
2026-08-02 00:02:11 | WARNING  | co2_forecast | Model training failed with params {'iterations': 216, 'learning_rate': 0.21053762860916964, 'depth': 3, 'l2_leaf_reg': 9.852120424696395}: catboost/libs/data/quantization.cpp:2420: All features are either constant or ignored.
2026-08-02 00:02:12 | WARNING  | co2_forecast | Model training failed with params {'iterations': 124, 'learning_rate': 0.1840669463176068, 'depth': 6, 'l2_leaf_reg': 3.3894767094661566}: catboost/libs/data/quantization.cpp:2420: All features are either constant or ignored.
2026-08-02 00:02:12 | WARNING  | co2_forecast | Model training failed with params {'iterations': 146, 'learning_rate': 0.2839428291015004, 'depth': 7, 'l2_leaf_reg': 6.060537082459409}: catboost/libs/data/quantization.cpp:2420: All features are either constant or ignored.
2026-08-02 00:02:13 | WARNING  | co2_forecast | Model training failed with params {'iterations': 50, 'learning_rate': 0.26590568737024683, 'depth': 10, 'l2_leaf_reg': 9.818655700079226}: catboost/libs/data/quantization.cpp:2420: All features are either constant or ignored.
2026-08-02 00:02:13 | INFO     | co2_forecast |   Iteration 7: Best fitness = inf
2026-08-02 00:02:13 | INFO     | co2_forecast | PSO complete. Best fitness: inf
2026-08-02 00:02:13 | INFO     | co2_forecast |   Best params: {'iterations': 144, 'learning_rate': 0.28570714885887566, 'depth': 8, 'l2_leaf_reg': 6.026718993550662}
2026-08-02 00:02:13 | INFO     | co2_forecast |   Best fitness: inf
2026-08-02 00:02:13 | INFO     | co2_forecast | [A2/panel2_common_period/fs_permutation_stability/catboost] sweep tuning: best_params={'iterations': 144, 'learning_rate': 0.28570714885887566, 'depth': 8, 'l2_leaf_reg': 6.026718993550662}
2026-08-02 00:02:21 | INFO     | co2_forecast |   -> weighted_mase=1.1752559814861314, runtime=32.7s
2026-08-02 00:02:21 | INFO     | co2_forecast | Stream B cell: A2/fs_permutation_stability/lstm (5 features)
2026-08-02 00:02:21 | INFO     | co2_forecast | Creating walk-forward splits for 16 valid samples
2026-08-02 00:02:21 | INFO     | co2_forecast | Created 4 CV folds across horizons [1, 2, 4]
2026-08-02 00:02:21 | INFO     | co2_forecast | Built tuning CV plan: 4 folds from 16 rows before 2022-Q%q (evaluation cutoff) - isolation OK (max tuning date 2021-Q%q)
2026-08-02 00:02:21 | INFO     | co2_forecast | Optimizing lstm...
2026-08-02 00:02:21 | INFO     | co2_forecast | Starting PSO: 5 particles, 8 iterations
2026-08-02 00:02:21 | WARNING  | co2_forecast | Model training failed with params {'lookback': 7, 'hidden_size': 62, 'num_layers': 2, 'dropout': 0.3394633936788146, 'learning_rate': 0.0016445845403801217, 'batch_size': 8}: LSTM.fit: training data has 8 rows, giving only 1 sequence(s) with lookback=7; at least 2 are required (one is always reserved for validation). Reduce lookback or provide more training history.
2026-08-02 00:02:21 | WARNING  | co2_forecast | Model training failed with params {'lookback': 11, 'hidden_size': 26, 'num_layers': 1, 'dropout': 0.17336180394137352, 'learning_rate': 0.0031119982052994237, 'batch_size': 16}: LSTM.fit: training data has 8 rows, giving only 0 sequence(s) with lookback=11; at least 2 are required (one is always reserved for validation). Reduce lookback or provide more training history.
2026-08-02 00:02:21 | WARNING  | co2_forecast | Model training failed with params {'lookback': 8, 'hidden_size': 54, 'num_layers': 1, 'dropout': 0.3056937753654446, 'learning_rate': 0.005964904231734221, 'batch_size': 8}: LSTM.fit: training data has 8 rows, giving only 0 sequence(s) with lookback=8; at least 2 are required (one is always reserved for validation). Reduce lookback or provide more training history.
2026-08-02 00:02:21 | WARNING  | co2_forecast | Very few sequences (2), LSTM may not train well
2026-08-02 00:02:21 | WARNING  | co2_forecast | Very few sequences (6), LSTM may not train well
2026-08-02 00:02:21 | WARNING  | co2_forecast | Very few sequences (2), LSTM may not train well
2026-08-02 00:02:22 | WARNING  | co2_forecast | Very few sequences (2), LSTM may not train well
2026-08-02 00:02:22 | WARNING  | co2_forecast | Model training failed with params {'lookback': 8, 'hidden_size': 25, 'num_layers': 2, 'dropout': 0.4100531293444458, 'learning_rate': 0.009401039521485473, 'batch_size': 32}: LSTM.fit: training data has 8 rows, giving only 0 sequence(s) with lookback=8; at least 2 are required (one is always reserved for validation). Reduce lookback or provide more training history.
2026-08-02 00:02:22 | INFO     | co2_forecast |   Iteration 0: Best fitness = 1.060178
2026-08-02 00:02:22 | WARNING  | co2_forecast | Very few sequences (3), LSTM may not train well
2026-08-02 00:02:22 | WARNING  | co2_forecast | Very few sequences (7), LSTM may not train well
2026-08-02 00:02:22 | WARNING  | co2_forecast | Very few sequences (3), LSTM may not train well
2026-08-02 00:02:22 | WARNING  | co2_forecast | Very few sequences (3), LSTM may not train well
2026-08-02 00:02:23 | WARNING  | co2_forecast | Very few sequences (2), LSTM may not train well
2026-08-02 00:02:23 | WARNING  | co2_forecast | Very few sequences (6), LSTM may not train well
2026-08-02 00:02:23 | WARNING  | co2_forecast | Very few sequences (2), LSTM may not train well
2026-08-02 00:02:23 | WARNING  | co2_forecast | Very few sequences (2), LSTM may not train well
2026-08-02 00:02:23 | WARNING  | co2_forecast | Model training failed with params {'lookback': 8, 'hidden_size': 44, 'num_layers': 1, 'dropout': 0.3238975389966341, 'learning_rate': 0.005520634690128072, 'batch_size': 8}: LSTM.fit: training data has 8 rows, giving only 0 sequence(s) with lookback=8; at least 2 are required (one is always reserved for validation). Reduce lookback or provide more training history.
2026-08-02 00:02:23 | WARNING  | co2_forecast | Very few sequences (3), LSTM may not train well
2026-08-02 00:02:23 | WARNING  | co2_forecast | Very few sequences (7), LSTM may not train well
2026-08-02 00:02:23 | WARNING  | co2_forecast | Very few sequences (3), LSTM may not train well
2026-08-02 00:02:24 | WARNING  | co2_forecast | Very few sequences (3), LSTM may not train well
2026-08-02 00:02:24 | WARNING  | co2_forecast | Very few sequences (2), LSTM may not train well
2026-08-02 00:02:24 | WARNING  | co2_forecast | Very few sequences (6), LSTM may not train well
2026-08-02 00:02:24 | WARNING  | co2_forecast | Very few sequences (2), LSTM may not train well
2026-08-02 00:02:25 | WARNING  | co2_forecast | Very few sequences (2), LSTM may not train well
2026-08-02 00:02:25 | WARNING  | co2_forecast | Very few sequences (4), LSTM may not train well
2026-08-02 00:02:25 | WARNING  | co2_forecast | Very few sequences (8), LSTM may not train well
2026-08-02 00:02:25 | WARNING  | co2_forecast | Very few sequences (4), LSTM may not train well
2026-08-02 00:02:25 | WARNING  | co2_forecast | Very few sequences (4), LSTM may not train well
2026-08-02 00:02:26 | WARNING  | co2_forecast | Very few sequences (4), LSTM may not train well
2026-08-02 00:02:26 | WARNING  | co2_forecast | Very few sequences (8), LSTM may not train well
2026-08-02 00:02:26 | WARNING  | co2_forecast | Very few sequences (4), LSTM may not train well
2026-08-02 00:02:26 | WARNING  | co2_forecast | Very few sequences (4), LSTM may not train well
2026-08-02 00:02:26 | WARNING  | co2_forecast | Model training failed with params {'lookback': 7, 'hidden_size': 33, 'num_layers': 1, 'dropout': 0.3174646446740698, 'learning_rate': 0.004142028037008457, 'batch_size': 16}: LSTM.fit: training data has 8 rows, giving only 1 sequence(s) with lookback=7; at least 2 are required (one is always reserved for validation). Reduce lookback or provide more training history.
2026-08-02 00:02:26 | WARNING  | co2_forecast | Very few sequences (3), LSTM may not train well
2026-08-02 00:02:26 | WARNING  | co2_forecast | Very few sequences (7), LSTM may not train well
2026-08-02 00:02:26 | WARNING  | co2_forecast | Very few sequences (3), LSTM may not train well
2026-08-02 00:02:26 | WARNING  | co2_forecast | Very few sequences (3), LSTM may not train well
2026-08-02 00:02:26 | WARNING  | co2_forecast | Very few sequences (4), LSTM may not train well
2026-08-02 00:02:27 | WARNING  | co2_forecast | Very few sequences (8), LSTM may not train well
2026-08-02 00:02:27 | WARNING  | co2_forecast | Very few sequences (4), LSTM may not train well
2026-08-02 00:02:27 | WARNING  | co2_forecast | Very few sequences (4), LSTM may not train well
2026-08-02 00:02:27 | WARNING  | co2_forecast | Very few sequences (4), LSTM may not train well
2026-08-02 00:02:27 | WARNING  | co2_forecast | Very few sequences (8), LSTM may not train well
2026-08-02 00:02:27 | WARNING  | co2_forecast | Very few sequences (4), LSTM may not train well
2026-08-02 00:02:27 | WARNING  | co2_forecast | Very few sequences (4), LSTM may not train well
2026-08-02 00:02:27 | WARNING  | co2_forecast | Very few sequences (4), LSTM may not train well
2026-08-02 00:02:27 | WARNING  | co2_forecast | Very few sequences (8), LSTM may not train well
2026-08-02 00:02:27 | WARNING  | co2_forecast | Very few sequences (4), LSTM may not train well
2026-08-02 00:02:27 | WARNING  | co2_forecast | Very few sequences (4), LSTM may not train well
2026-08-02 00:02:27 | WARNING  | co2_forecast | Very few sequences (2), LSTM may not train well
2026-08-02 00:02:27 | WARNING  | co2_forecast | Very few sequences (6), LSTM may not train well
2026-08-02 00:02:27 | WARNING  | co2_forecast | Very few sequences (2), LSTM may not train well
2026-08-02 00:02:27 | WARNING  | co2_forecast | Very few sequences (2), LSTM may not train well
2026-08-02 00:02:28 | WARNING  | co2_forecast | Very few sequences (4), LSTM may not train well
2026-08-02 00:02:28 | WARNING  | co2_forecast | Very few sequences (8), LSTM may not train well
2026-08-02 00:02:28 | WARNING  | co2_forecast | Very few sequences (4), LSTM may not train well
2026-08-02 00:02:28 | WARNING  | co2_forecast | Very few sequences (4), LSTM may not train well
2026-08-02 00:02:28 | WARNING  | co2_forecast | Very few sequences (4), LSTM may not train well
2026-08-02 00:02:28 | WARNING  | co2_forecast | Very few sequences (8), LSTM may not train well
2026-08-02 00:02:28 | WARNING  | co2_forecast | Very few sequences (4), LSTM may not train well
2026-08-02 00:02:28 | WARNING  | co2_forecast | Very few sequences (4), LSTM may not train well
2026-08-02 00:02:28 | WARNING  | co2_forecast | Very few sequences (4), LSTM may not train well
2026-08-02 00:02:28 | WARNING  | co2_forecast | Very few sequences (8), LSTM may not train well
2026-08-02 00:02:28 | WARNING  | co2_forecast | Very few sequences (4), LSTM may not train well
2026-08-02 00:02:28 | WARNING  | co2_forecast | Very few sequences (4), LSTM may not train well
2026-08-02 00:02:28 | WARNING  | co2_forecast | Very few sequences (4), LSTM may not train well
2026-08-02 00:02:28 | WARNING  | co2_forecast | Very few sequences (8), LSTM may not train well
2026-08-02 00:02:28 | WARNING  | co2_forecast | Very few sequences (4), LSTM may not train well
2026-08-02 00:02:29 | WARNING  | co2_forecast | Very few sequences (4), LSTM may not train well
2026-08-02 00:02:29 | WARNING  | co2_forecast | Very few sequences (3), LSTM may not train well
2026-08-02 00:02:29 | WARNING  | co2_forecast | Very few sequences (7), LSTM may not train well
2026-08-02 00:02:29 | WARNING  | co2_forecast | Very few sequences (3), LSTM may not train well
2026-08-02 00:02:29 | WARNING  | co2_forecast | Very few sequences (3), LSTM may not train well
2026-08-02 00:02:29 | WARNING  | co2_forecast | Very few sequences (4), LSTM may not train well
2026-08-02 00:02:29 | WARNING  | co2_forecast | Very few sequences (8), LSTM may not train well
2026-08-02 00:02:29 | WARNING  | co2_forecast | Very few sequences (4), LSTM may not train well
2026-08-02 00:02:29 | WARNING  | co2_forecast | Very few sequences (4), LSTM may not train well
2026-08-02 00:02:29 | WARNING  | co2_forecast | Very few sequences (4), LSTM may not train well
2026-08-02 00:02:29 | WARNING  | co2_forecast | Very few sequences (8), LSTM may not train well
2026-08-02 00:02:30 | WARNING  | co2_forecast | Very few sequences (4), LSTM may not train well
2026-08-02 00:02:30 | WARNING  | co2_forecast | Very few sequences (4), LSTM may not train well
2026-08-02 00:02:30 | WARNING  | co2_forecast | Very few sequences (4), LSTM may not train well
2026-08-02 00:02:30 | WARNING  | co2_forecast | Very few sequences (8), LSTM may not train well
2026-08-02 00:02:30 | WARNING  | co2_forecast | Very few sequences (4), LSTM may not train well
2026-08-02 00:02:30 | WARNING  | co2_forecast | Very few sequences (4), LSTM may not train well
2026-08-02 00:02:30 | WARNING  | co2_forecast | Very few sequences (4), LSTM may not train well
2026-08-02 00:02:30 | WARNING  | co2_forecast | Very few sequences (8), LSTM may not train well
2026-08-02 00:02:30 | WARNING  | co2_forecast | Very few sequences (4), LSTM may not train well
2026-08-02 00:02:30 | WARNING  | co2_forecast | Very few sequences (4), LSTM may not train well
2026-08-02 00:02:30 | WARNING  | co2_forecast | Very few sequences (4), LSTM may not train well
2026-08-02 00:02:30 | WARNING  | co2_forecast | Very few sequences (8), LSTM may not train well
2026-08-02 00:02:30 | WARNING  | co2_forecast | Very few sequences (4), LSTM may not train well
2026-08-02 00:02:30 | WARNING  | co2_forecast | Very few sequences (4), LSTM may not train well
2026-08-02 00:02:30 | WARNING  | co2_forecast | Very few sequences (4), LSTM may not train well
2026-08-02 00:02:30 | WARNING  | co2_forecast | Very few sequences (8), LSTM may not train well
2026-08-02 00:02:31 | WARNING  | co2_forecast | Very few sequences (4), LSTM may not train well
2026-08-02 00:02:31 | WARNING  | co2_forecast | Very few sequences (4), LSTM may not train well
2026-08-02 00:02:31 | WARNING  | co2_forecast | Very few sequences (4), LSTM may not train well
2026-08-02 00:02:31 | WARNING  | co2_forecast | Very few sequences (8), LSTM may not train well
2026-08-02 00:02:31 | WARNING  | co2_forecast | Very few sequences (4), LSTM may not train well
2026-08-02 00:02:31 | WARNING  | co2_forecast | Very few sequences (4), LSTM may not train well
2026-08-02 00:02:31 | INFO     | co2_forecast |   Iteration 5: Best fitness = 0.764108
2026-08-02 00:02:31 | WARNING  | co2_forecast | Very few sequences (4), LSTM may not train well
2026-08-02 00:02:31 | WARNING  | co2_forecast | Very few sequences (8), LSTM may not train well
2026-08-02 00:02:31 | WARNING  | co2_forecast | Very few sequences (4), LSTM may not train well
2026-08-02 00:02:31 | WARNING  | co2_forecast | Very few sequences (4), LSTM may not train well
2026-08-02 00:02:31 | WARNING  | co2_forecast | Very few sequences (4), LSTM may not train well
2026-08-02 00:02:31 | WARNING  | co2_forecast | Very few sequences (8), LSTM may not train well
2026-08-02 00:02:31 | WARNING  | co2_forecast | Very few sequences (4), LSTM may not train well
2026-08-02 00:02:31 | WARNING  | co2_forecast | Very few sequences (4), LSTM may not train well
2026-08-02 00:02:31 | WARNING  | co2_forecast | Very few sequences (4), LSTM may not train well
2026-08-02 00:02:31 | WARNING  | co2_forecast | Very few sequences (8), LSTM may not train well
2026-08-02 00:02:32 | WARNING  | co2_forecast | Very few sequences (4), LSTM may not train well
2026-08-02 00:02:32 | WARNING  | co2_forecast | Very few sequences (4), LSTM may not train well
2026-08-02 00:02:32 | WARNING  | co2_forecast | Very few sequences (4), LSTM may not train well
2026-08-02 00:02:32 | WARNING  | co2_forecast | Very few sequences (8), LSTM may not train well
2026-08-02 00:02:32 | WARNING  | co2_forecast | Very few sequences (4), LSTM may not train well
2026-08-02 00:02:32 | WARNING  | co2_forecast | Very few sequences (4), LSTM may not train well
2026-08-02 00:02:32 | WARNING  | co2_forecast | Very few sequences (4), LSTM may not train well
2026-08-02 00:02:32 | WARNING  | co2_forecast | Very few sequences (8), LSTM may not train well
2026-08-02 00:02:32 | WARNING  | co2_forecast | Very few sequences (4), LSTM may not train well
2026-08-02 00:02:32 | WARNING  | co2_forecast | Very few sequences (4), LSTM may not train well
2026-08-02 00:02:32 | WARNING  | co2_forecast | Very few sequences (4), LSTM may not train well
2026-08-02 00:02:32 | WARNING  | co2_forecast | Very few sequences (8), LSTM may not train well
2026-08-02 00:02:32 | WARNING  | co2_forecast | Very few sequences (4), LSTM may not train well
2026-08-02 00:02:32 | WARNING  | co2_forecast | Very few sequences (4), LSTM may not train well
2026-08-02 00:02:32 | WARNING  | co2_forecast | Very few sequences (4), LSTM may not train well
2026-08-02 00:02:33 | WARNING  | co2_forecast | Very few sequences (8), LSTM may not train well
2026-08-02 00:02:33 | WARNING  | co2_forecast | Very few sequences (4), LSTM may not train well
2026-08-02 00:02:33 | WARNING  | co2_forecast | Very few sequences (4), LSTM may not train well
2026-08-02 00:02:33 | WARNING  | co2_forecast | Very few sequences (4), LSTM may not train well
2026-08-02 00:02:33 | WARNING  | co2_forecast | Very few sequences (8), LSTM may not train well
2026-08-02 00:02:33 | WARNING  | co2_forecast | Very few sequences (4), LSTM may not train well
2026-08-02 00:02:33 | WARNING  | co2_forecast | Very few sequences (4), LSTM may not train well
2026-08-02 00:02:33 | WARNING  | co2_forecast | Very few sequences (4), LSTM may not train well
2026-08-02 00:02:33 | WARNING  | co2_forecast | Very few sequences (8), LSTM may not train well
2026-08-02 00:02:33 | WARNING  | co2_forecast | Very few sequences (4), LSTM may not train well
2026-08-02 00:02:33 | WARNING  | co2_forecast | Very few sequences (4), LSTM may not train well
2026-08-02 00:02:33 | WARNING  | co2_forecast | Very few sequences (4), LSTM may not train well
2026-08-02 00:02:33 | WARNING  | co2_forecast | Very few sequences (8), LSTM may not train well
2026-08-02 00:02:33 | WARNING  | co2_forecast | Very few sequences (4), LSTM may not train well
2026-08-02 00:02:33 | WARNING  | co2_forecast | Very few sequences (4), LSTM may not train well
2026-08-02 00:02:33 | INFO     | co2_forecast |   Iteration 7: Best fitness = 0.764108
2026-08-02 00:02:33 | INFO     | co2_forecast | PSO complete. Best fitness: 0.764108
2026-08-02 00:02:33 | INFO     | co2_forecast |   Best params: {'lookback': 4, 'hidden_size': 16, 'num_layers': 2, 'dropout': 0.10086188385038589, 'learning_rate': 0.0001, 'batch_size': 32}
2026-08-02 00:02:33 | INFO     | co2_forecast |   Best fitness: 0.764108
2026-08-02 00:02:33 | INFO     | co2_forecast | [A2/panel2_common_period/fs_permutation_stability/lstm] sweep tuning: best_params={'lookback': 4, 'hidden_size': 16, 'num_layers': 2, 'dropout': 0.10086188385038589, 'learning_rate': 0.0001, 'batch_size': 32}
2026-08-02 00:02:34 | INFO     | co2_forecast |   -> weighted_mase=1.029665927569141, runtime=13.2s
2026-08-02 00:02:34 | INFO     | co2_forecast | Stream B cell: A2/fs_consensus/ridge (17 features)
2026-08-02 00:02:34 | INFO     | co2_forecast | Creating walk-forward splits for 16 valid samples
2026-08-02 00:02:34 | INFO     | co2_forecast | Created 4 CV folds across horizons [1, 2, 4]
2026-08-02 00:02:34 | INFO     | co2_forecast | Built tuning CV plan: 4 folds from 16 rows before 2022-Q%q (evaluation cutoff) - isolation OK (max tuning date 2021-Q%q)
2026-08-02 00:02:34 | INFO     | co2_forecast | Optimizing ridge...
2026-08-02 00:02:34 | INFO     | co2_forecast | Starting PSO: 5 particles, 8 iterations
2026-08-02 00:02:34 | INFO     | co2_forecast |   Iteration 0: Best fitness = 2.341717
2026-08-02 00:02:34 | INFO     | co2_forecast |   Iteration 5: Best fitness = 1.901847
2026-08-02 00:02:35 | INFO     | co2_forecast |   Iteration 7: Best fitness = 1.901847
2026-08-02 00:02:35 | INFO     | co2_forecast | PSO complete. Best fitness: 1.901847
2026-08-02 00:02:35 | INFO     | co2_forecast |   Best params: {'alpha': 100.0}
2026-08-02 00:02:35 | INFO     | co2_forecast |   Best fitness: 1.901847
2026-08-02 00:02:35 | INFO     | co2_forecast | [A2/panel2_common_period/fs_consensus/ridge] sweep tuning: best_params={'alpha': 100.0}
2026-08-02 00:02:35 | INFO     | co2_forecast |   -> weighted_mase=0.8059702974425205, runtime=0.2s
2026-08-02 00:02:35 | INFO     | co2_forecast | Stream B cell: A2/fs_consensus/random_forest (17 features)
2026-08-02 00:02:35 | INFO     | co2_forecast | Creating walk-forward splits for 16 valid samples
2026-08-02 00:02:35 | INFO     | co2_forecast | Created 4 CV folds across horizons [1, 2, 4]
2026-08-02 00:02:35 | INFO     | co2_forecast | Built tuning CV plan: 4 folds from 16 rows before 2022-Q%q (evaluation cutoff) - isolation OK (max tuning date 2021-Q%q)
2026-08-02 00:02:35 | INFO     | co2_forecast | Optimizing random_forest...
2026-08-02 00:02:35 | INFO     | co2_forecast | Starting PSO: 5 particles, 8 iterations
2026-08-02 00:02:38 | INFO     | co2_forecast |   Iteration 0: Best fitness = 0.748939
2026-08-02 00:02:55 | INFO     | co2_forecast |   Iteration 5: Best fitness = 0.322597
2026-08-02 00:03:02 | INFO     | co2_forecast |   Iteration 7: Best fitness = 0.322597
2026-08-02 00:03:02 | INFO     | co2_forecast | PSO complete. Best fitness: 0.322597
2026-08-02 00:03:02 | INFO     | co2_forecast |   Best params: {'n_estimators': 137, 'max_depth': 3, 'min_samples_split': 2, 'min_samples_leaf': 1}
2026-08-02 00:03:02 | INFO     | co2_forecast |   Best fitness: 0.322597
2026-08-02 00:03:02 | INFO     | co2_forecast | [A2/panel2_common_period/fs_consensus/random_forest] sweep tuning: best_params={'n_estimators': 137, 'max_depth': 3, 'min_samples_split': 2, 'min_samples_leaf': 1}
2026-08-02 00:03:03 | INFO     | co2_forecast |   -> weighted_mase=0.8191979199180961, runtime=28.8s
2026-08-02 00:03:03 | INFO     | co2_forecast | Stream B cell: A2/fs_consensus/lightgbm (17 features)
2026-08-02 00:03:03 | INFO     | co2_forecast | Creating walk-forward splits for 16 valid samples
2026-08-02 00:03:03 | INFO     | co2_forecast | Created 4 CV folds across horizons [1, 2, 4]
2026-08-02 00:03:03 | INFO     | co2_forecast | Built tuning CV plan: 4 folds from 16 rows before 2022-Q%q (evaluation cutoff) - isolation OK (max tuning date 2021-Q%q)
2026-08-02 00:03:03 | INFO     | co2_forecast | Optimizing lightgbm...
2026-08-02 00:03:03 | INFO     | co2_forecast | Starting PSO: 5 particles, 8 iterations
2026-08-02 00:03:04 | INFO     | co2_forecast |   Iteration 0: Best fitness = 0.768990
2026-08-02 00:03:04 | INFO     | co2_forecast |   Iteration 5: Best fitness = 0.614501
2026-08-02 00:03:05 | INFO     | co2_forecast |   Iteration 7: Best fitness = 0.614501
2026-08-02 00:03:05 | INFO     | co2_forecast | PSO complete. Best fitness: 0.614501
2026-08-02 00:03:05 | INFO     | co2_forecast |   Best params: {'n_estimators': 164, 'learning_rate': 0.3, 'num_leaves': 127, 'max_depth': 10, 'min_child_samples': 6, 'reg_alpha': 0.001, 'reg_lambda': 0.001}
2026-08-02 00:03:05 | INFO     | co2_forecast |   Best fitness: 0.614501
2026-08-02 00:03:05 | INFO     | co2_forecast | [A2/panel2_common_period/fs_consensus/lightgbm] sweep tuning: best_params={'n_estimators': 164, 'learning_rate': 0.3, 'num_leaves': 127, 'max_depth': 10, 'min_child_samples': 6, 'reg_alpha': 0.001, 'reg_lambda': 0.001}
2026-08-02 00:03:05 | INFO     | co2_forecast |   -> weighted_mase=1.0161857730765944, runtime=1.6s
2026-08-02 00:03:05 | INFO     | co2_forecast | Stream B cell: A2/fs_consensus/catboost (17 features)
2026-08-02 00:03:05 | INFO     | co2_forecast | Creating walk-forward splits for 16 valid samples
2026-08-02 00:03:05 | INFO     | co2_forecast | Created 4 CV folds across horizons [1, 2, 4]
2026-08-02 00:03:05 | INFO     | co2_forecast | Built tuning CV plan: 4 folds from 16 rows before 2022-Q%q (evaluation cutoff) - isolation OK (max tuning date 2021-Q%q)
2026-08-02 00:03:05 | INFO     | co2_forecast | Optimizing catboost...
2026-08-02 00:03:05 | INFO     | co2_forecast | Starting PSO: 5 particles, 8 iterations
2026-08-02 00:03:37 | INFO     | co2_forecast |   Iteration 0: Best fitness = 0.323602
2026-08-02 00:06:39 | INFO     | co2_forecast |   Iteration 5: Best fitness = 0.313211
2026-08-02 00:07:53 | INFO     | co2_forecast |   Iteration 7: Best fitness = 0.313211
2026-08-02 00:07:53 | INFO     | co2_forecast | PSO complete. Best fitness: 0.313211
2026-08-02 00:07:53 | INFO     | co2_forecast |   Best params: {'iterations': 276, 'learning_rate': 0.24674829698188946, 'depth': 3, 'l2_leaf_reg': 10.0}
2026-08-02 00:07:53 | INFO     | co2_forecast |   Best fitness: 0.313211
2026-08-02 00:07:53 | INFO     | co2_forecast | [A2/panel2_common_period/fs_consensus/catboost] sweep tuning: best_params={'iterations': 276, 'learning_rate': 0.24674829698188946, 'depth': 3, 'l2_leaf_reg': 10.0}
2026-08-02 00:08:08 | INFO     | co2_forecast |   -> weighted_mase=0.7270928872124289, runtime=303.0s
2026-08-02 00:08:08 | INFO     | co2_forecast | Stream B cell: A2/fs_consensus/lstm (17 features)
2026-08-02 00:08:08 | INFO     | co2_forecast | Creating walk-forward splits for 16 valid samples
2026-08-02 00:08:08 | INFO     | co2_forecast | Created 4 CV folds across horizons [1, 2, 4]
2026-08-02 00:08:08 | INFO     | co2_forecast | Built tuning CV plan: 4 folds from 16 rows before 2022-Q%q (evaluation cutoff) - isolation OK (max tuning date 2021-Q%q)
2026-08-02 00:08:08 | INFO     | co2_forecast | Optimizing lstm...
2026-08-02 00:08:08 | INFO     | co2_forecast | Starting PSO: 5 particles, 8 iterations
2026-08-02 00:08:08 | WARNING  | co2_forecast | Model training failed with params {'lookback': 7, 'hidden_size': 62, 'num_layers': 2, 'dropout': 0.3394633936788146, 'learning_rate': 0.0016445845403801217, 'batch_size': 8}: LSTM.fit: training data has 8 rows, giving only 1 sequence(s) with lookback=7; at least 2 are required (one is always reserved for validation). Reduce lookback or provide more training history.
2026-08-02 00:08:08 | WARNING  | co2_forecast | Model training failed with params {'lookback': 11, 'hidden_size': 26, 'num_layers': 1, 'dropout': 0.17336180394137352, 'learning_rate': 0.0031119982052994237, 'batch_size': 16}: LSTM.fit: training data has 8 rows, giving only 0 sequence(s) with lookback=11; at least 2 are required (one is always reserved for validation). Reduce lookback or provide more training history.
2026-08-02 00:08:08 | WARNING  | co2_forecast | Model training failed with params {'lookback': 8, 'hidden_size': 54, 'num_layers': 1, 'dropout': 0.3056937753654446, 'learning_rate': 0.005964904231734221, 'batch_size': 8}: LSTM.fit: training data has 8 rows, giving only 0 sequence(s) with lookback=8; at least 2 are required (one is always reserved for validation). Reduce lookback or provide more training history.
2026-08-02 00:08:08 | WARNING  | co2_forecast | Very few sequences (2), LSTM may not train well
2026-08-02 00:08:08 | WARNING  | co2_forecast | Very few sequences (6), LSTM may not train well
2026-08-02 00:08:08 | WARNING  | co2_forecast | Very few sequences (2), LSTM may not train well
2026-08-02 00:08:09 | WARNING  | co2_forecast | Very few sequences (2), LSTM may not train well
2026-08-02 00:08:09 | WARNING  | co2_forecast | Model training failed with params {'lookback': 8, 'hidden_size': 25, 'num_layers': 2, 'dropout': 0.4100531293444458, 'learning_rate': 0.009401039521485473, 'batch_size': 32}: LSTM.fit: training data has 8 rows, giving only 0 sequence(s) with lookback=8; at least 2 are required (one is always reserved for validation). Reduce lookback or provide more training history.
2026-08-02 00:08:09 | INFO     | co2_forecast |   Iteration 0: Best fitness = 1.033276
2026-08-02 00:08:09 | WARNING  | co2_forecast | Very few sequences (3), LSTM may not train well
2026-08-02 00:08:09 | WARNING  | co2_forecast | Very few sequences (7), LSTM may not train well
2026-08-02 00:08:09 | WARNING  | co2_forecast | Very few sequences (3), LSTM may not train well
2026-08-02 00:08:10 | WARNING  | co2_forecast | Very few sequences (3), LSTM may not train well
2026-08-02 00:08:10 | WARNING  | co2_forecast | Very few sequences (2), LSTM may not train well
2026-08-02 00:08:10 | WARNING  | co2_forecast | Very few sequences (6), LSTM may not train well
2026-08-02 00:08:10 | WARNING  | co2_forecast | Very few sequences (2), LSTM may not train well
2026-08-02 00:08:11 | WARNING  | co2_forecast | Very few sequences (2), LSTM may not train well
2026-08-02 00:08:11 | WARNING  | co2_forecast | Model training failed with params {'lookback': 8, 'hidden_size': 44, 'num_layers': 1, 'dropout': 0.3238975389966341, 'learning_rate': 0.005520634690128072, 'batch_size': 8}: LSTM.fit: training data has 8 rows, giving only 0 sequence(s) with lookback=8; at least 2 are required (one is always reserved for validation). Reduce lookback or provide more training history.
2026-08-02 00:08:11 | WARNING  | co2_forecast | Very few sequences (3), LSTM may not train well
2026-08-02 00:08:11 | WARNING  | co2_forecast | Very few sequences (7), LSTM may not train well
2026-08-02 00:08:11 | WARNING  | co2_forecast | Very few sequences (3), LSTM may not train well
2026-08-02 00:08:11 | WARNING  | co2_forecast | Very few sequences (3), LSTM may not train well
2026-08-02 00:08:11 | WARNING  | co2_forecast | Very few sequences (2), LSTM may not train well
2026-08-02 00:08:11 | WARNING  | co2_forecast | Very few sequences (6), LSTM may not train well
2026-08-02 00:08:12 | WARNING  | co2_forecast | Very few sequences (2), LSTM may not train well
2026-08-02 00:08:13 | WARNING  | co2_forecast | Very few sequences (2), LSTM may not train well
2026-08-02 00:08:13 | WARNING  | co2_forecast | Very few sequences (3), LSTM may not train well
2026-08-02 00:08:14 | WARNING  | co2_forecast | Very few sequences (7), LSTM may not train well
2026-08-02 00:08:14 | WARNING  | co2_forecast | Very few sequences (3), LSTM may not train well
2026-08-02 00:08:15 | WARNING  | co2_forecast | Very few sequences (3), LSTM may not train well
2026-08-02 00:08:15 | WARNING  | co2_forecast | Very few sequences (4), LSTM may not train well
2026-08-02 00:08:15 | WARNING  | co2_forecast | Very few sequences (8), LSTM may not train well
2026-08-02 00:08:15 | WARNING  | co2_forecast | Very few sequences (4), LSTM may not train well
2026-08-02 00:08:15 | WARNING  | co2_forecast | Very few sequences (4), LSTM may not train well
2026-08-02 00:08:15 | WARNING  | co2_forecast | Model training failed with params {'lookback': 7, 'hidden_size': 35, 'num_layers': 1, 'dropout': 0.31512819649180424, 'learning_rate': 0.004065945490368326, 'batch_size': 8}: LSTM.fit: training data has 8 rows, giving only 1 sequence(s) with lookback=7; at least 2 are required (one is always reserved for validation). Reduce lookback or provide more training history.
2026-08-02 00:08:15 | WARNING  | co2_forecast | Very few sequences (2), LSTM may not train well
2026-08-02 00:08:15 | WARNING  | co2_forecast | Very few sequences (6), LSTM may not train well
2026-08-02 00:08:16 | WARNING  | co2_forecast | Very few sequences (2), LSTM may not train well
2026-08-02 00:08:17 | WARNING  | co2_forecast | Very few sequences (2), LSTM may not train well
2026-08-02 00:08:18 | WARNING  | co2_forecast | Very few sequences (3), LSTM may not train well
2026-08-02 00:08:18 | WARNING  | co2_forecast | Very few sequences (7), LSTM may not train well
2026-08-02 00:08:18 | WARNING  | co2_forecast | Very few sequences (3), LSTM may not train well
2026-08-02 00:08:19 | WARNING  | co2_forecast | Very few sequences (3), LSTM may not train well
2026-08-02 00:08:19 | WARNING  | co2_forecast | Very few sequences (4), LSTM may not train well
2026-08-02 00:08:19 | WARNING  | co2_forecast | Very few sequences (8), LSTM may not train well
2026-08-02 00:08:20 | WARNING  | co2_forecast | Very few sequences (4), LSTM may not train well
2026-08-02 00:08:20 | WARNING  | co2_forecast | Very few sequences (4), LSTM may not train well
2026-08-02 00:08:20 | WARNING  | co2_forecast | Very few sequences (4), LSTM may not train well
2026-08-02 00:08:20 | WARNING  | co2_forecast | Very few sequences (8), LSTM may not train well
2026-08-02 00:08:21 | WARNING  | co2_forecast | Very few sequences (4), LSTM may not train well
2026-08-02 00:08:21 | WARNING  | co2_forecast | Very few sequences (4), LSTM may not train well
2026-08-02 00:08:21 | WARNING  | co2_forecast | Very few sequences (2), LSTM may not train well
2026-08-02 00:08:21 | WARNING  | co2_forecast | Very few sequences (6), LSTM may not train well
2026-08-02 00:08:21 | WARNING  | co2_forecast | Very few sequences (2), LSTM may not train well
2026-08-02 00:08:21 | WARNING  | co2_forecast | Very few sequences (2), LSTM may not train well
2026-08-02 00:08:21 | WARNING  | co2_forecast | Very few sequences (4), LSTM may not train well
2026-08-02 00:08:21 | WARNING  | co2_forecast | Very few sequences (8), LSTM may not train well
2026-08-02 00:08:22 | WARNING  | co2_forecast | Very few sequences (4), LSTM may not train well
2026-08-02 00:08:22 | WARNING  | co2_forecast | Very few sequences (4), LSTM may not train well
2026-08-02 00:08:22 | WARNING  | co2_forecast | Very few sequences (4), LSTM may not train well
2026-08-02 00:08:22 | WARNING  | co2_forecast | Very few sequences (8), LSTM may not train well
2026-08-02 00:08:22 | WARNING  | co2_forecast | Very few sequences (4), LSTM may not train well
2026-08-02 00:08:22 | WARNING  | co2_forecast | Very few sequences (4), LSTM may not train well
2026-08-02 00:08:22 | WARNING  | co2_forecast | Very few sequences (4), LSTM may not train well
2026-08-02 00:08:22 | WARNING  | co2_forecast | Very few sequences (8), LSTM may not train well
2026-08-02 00:08:23 | WARNING  | co2_forecast | Very few sequences (4), LSTM may not train well
2026-08-02 00:08:23 | WARNING  | co2_forecast | Very few sequences (4), LSTM may not train well
2026-08-02 00:08:23 | WARNING  | co2_forecast | Very few sequences (4), LSTM may not train well
2026-08-02 00:08:23 | WARNING  | co2_forecast | Very few sequences (8), LSTM may not train well
2026-08-02 00:08:23 | WARNING  | co2_forecast | Very few sequences (4), LSTM may not train well
2026-08-02 00:08:23 | WARNING  | co2_forecast | Very few sequences (4), LSTM may not train well
2026-08-02 00:08:23 | WARNING  | co2_forecast | Very few sequences (3), LSTM may not train well
2026-08-02 00:08:23 | WARNING  | co2_forecast | Very few sequences (7), LSTM may not train well
2026-08-02 00:08:23 | WARNING  | co2_forecast | Very few sequences (3), LSTM may not train well
2026-08-02 00:08:24 | WARNING  | co2_forecast | Very few sequences (3), LSTM may not train well
2026-08-02 00:08:24 | WARNING  | co2_forecast | Very few sequences (4), LSTM may not train well
2026-08-02 00:08:24 | WARNING  | co2_forecast | Very few sequences (8), LSTM may not train well
2026-08-02 00:08:24 | WARNING  | co2_forecast | Very few sequences (4), LSTM may not train well
2026-08-02 00:08:25 | WARNING  | co2_forecast | Very few sequences (4), LSTM may not train well
2026-08-02 00:08:25 | WARNING  | co2_forecast | Very few sequences (4), LSTM may not train well
2026-08-02 00:08:25 | WARNING  | co2_forecast | Very few sequences (8), LSTM may not train well
2026-08-02 00:08:25 | WARNING  | co2_forecast | Very few sequences (4), LSTM may not train well
2026-08-02 00:08:25 | WARNING  | co2_forecast | Very few sequences (4), LSTM may not train well
2026-08-02 00:08:25 | WARNING  | co2_forecast | Very few sequences (4), LSTM may not train well
2026-08-02 00:08:26 | WARNING  | co2_forecast | Very few sequences (8), LSTM may not train well
2026-08-02 00:08:26 | WARNING  | co2_forecast | Very few sequences (4), LSTM may not train well
2026-08-02 00:08:27 | WARNING  | co2_forecast | Very few sequences (4), LSTM may not train well
2026-08-02 00:08:27 | WARNING  | co2_forecast | Very few sequences (4), LSTM may not train well
2026-08-02 00:08:27 | WARNING  | co2_forecast | Very few sequences (8), LSTM may not train well
2026-08-02 00:08:27 | WARNING  | co2_forecast | Very few sequences (4), LSTM may not train well
2026-08-02 00:08:28 | WARNING  | co2_forecast | Very few sequences (4), LSTM may not train well
2026-08-02 00:08:28 | WARNING  | co2_forecast | Very few sequences (4), LSTM may not train well
2026-08-02 00:08:28 | WARNING  | co2_forecast | Very few sequences (8), LSTM may not train well
2026-08-02 00:08:28 | WARNING  | co2_forecast | Very few sequences (4), LSTM may not train well
2026-08-02 00:08:28 | WARNING  | co2_forecast | Very few sequences (4), LSTM may not train well
2026-08-02 00:08:28 | WARNING  | co2_forecast | Very few sequences (4), LSTM may not train well
2026-08-02 00:08:28 | WARNING  | co2_forecast | Very few sequences (8), LSTM may not train well
2026-08-02 00:08:29 | WARNING  | co2_forecast | Very few sequences (4), LSTM may not train well
2026-08-02 00:08:29 | WARNING  | co2_forecast | Very few sequences (4), LSTM may not train well
2026-08-02 00:08:29 | WARNING  | co2_forecast | Very few sequences (4), LSTM may not train well
2026-08-02 00:08:29 | WARNING  | co2_forecast | Very few sequences (8), LSTM may not train well
2026-08-02 00:08:29 | WARNING  | co2_forecast | Very few sequences (4), LSTM may not train well
2026-08-02 00:08:29 | WARNING  | co2_forecast | Very few sequences (4), LSTM may not train well
2026-08-02 00:08:29 | INFO     | co2_forecast |   Iteration 5: Best fitness = 0.751881
2026-08-02 00:08:29 | WARNING  | co2_forecast | Very few sequences (3), LSTM may not train well
2026-08-02 00:08:29 | WARNING  | co2_forecast | Very few sequences (7), LSTM may not train well
2026-08-02 00:08:30 | WARNING  | co2_forecast | Very few sequences (3), LSTM may not train well
2026-08-02 00:08:31 | WARNING  | co2_forecast | Very few sequences (3), LSTM may not train well
2026-08-02 00:08:31 | WARNING  | co2_forecast | Very few sequences (4), LSTM may not train well
2026-08-02 00:08:31 | WARNING  | co2_forecast | Very few sequences (8), LSTM may not train well
2026-08-02 00:08:31 | WARNING  | co2_forecast | Very few sequences (4), LSTM may not train well
2026-08-02 00:08:31 | WARNING  | co2_forecast | Very few sequences (4), LSTM may not train well
2026-08-02 00:08:31 | WARNING  | co2_forecast | Very few sequences (4), LSTM may not train well
2026-08-02 00:08:31 | WARNING  | co2_forecast | Very few sequences (8), LSTM may not train well
2026-08-02 00:08:32 | WARNING  | co2_forecast | Very few sequences (4), LSTM may not train well
2026-08-02 00:08:33 | WARNING  | co2_forecast | Very few sequences (4), LSTM may not train well
2026-08-02 00:08:33 | WARNING  | co2_forecast | Very few sequences (4), LSTM may not train well
2026-08-02 00:08:33 | WARNING  | co2_forecast | Very few sequences (8), LSTM may not train well
2026-08-02 00:08:33 | WARNING  | co2_forecast | Very few sequences (4), LSTM may not train well
2026-08-02 00:08:34 | WARNING  | co2_forecast | Very few sequences (4), LSTM may not train well
2026-08-02 00:08:34 | WARNING  | co2_forecast | Very few sequences (4), LSTM may not train well
2026-08-02 00:08:34 | WARNING  | co2_forecast | Very few sequences (8), LSTM may not train well
2026-08-02 00:08:35 | WARNING  | co2_forecast | Very few sequences (4), LSTM may not train well
2026-08-02 00:08:35 | WARNING  | co2_forecast | Very few sequences (4), LSTM may not train well
2026-08-02 00:08:36 | WARNING  | co2_forecast | Very few sequences (4), LSTM may not train well
2026-08-02 00:08:36 | WARNING  | co2_forecast | Very few sequences (8), LSTM may not train well
2026-08-02 00:08:36 | WARNING  | co2_forecast | Very few sequences (4), LSTM may not train well
2026-08-02 00:08:37 | WARNING  | co2_forecast | Very few sequences (4), LSTM may not train well
2026-08-02 00:08:37 | WARNING  | co2_forecast | Very few sequences (4), LSTM may not train well
2026-08-02 00:08:37 | WARNING  | co2_forecast | Very few sequences (8), LSTM may not train well
2026-08-02 00:08:38 | WARNING  | co2_forecast | Very few sequences (4), LSTM may not train well
2026-08-02 00:08:38 | WARNING  | co2_forecast | Very few sequences (4), LSTM may not train well
2026-08-02 00:08:38 | WARNING  | co2_forecast | Very few sequences (4), LSTM may not train well
2026-08-02 00:08:38 | WARNING  | co2_forecast | Very few sequences (8), LSTM may not train well
2026-08-02 00:08:38 | WARNING  | co2_forecast | Very few sequences (4), LSTM may not train well
2026-08-02 00:08:38 | WARNING  | co2_forecast | Very few sequences (4), LSTM may not train well
2026-08-02 00:08:38 | WARNING  | co2_forecast | Very few sequences (4), LSTM may not train well
2026-08-02 00:08:38 | WARNING  | co2_forecast | Very few sequences (8), LSTM may not train well
2026-08-02 00:08:39 | WARNING  | co2_forecast | Very few sequences (4), LSTM may not train well
2026-08-02 00:08:40 | WARNING  | co2_forecast | Very few sequences (4), LSTM may not train well
2026-08-02 00:08:40 | WARNING  | co2_forecast | Very few sequences (4), LSTM may not train well
2026-08-02 00:08:40 | WARNING  | co2_forecast | Very few sequences (8), LSTM may not train well
2026-08-02 00:08:40 | WARNING  | co2_forecast | Very few sequences (4), LSTM may not train well
2026-08-02 00:08:40 | WARNING  | co2_forecast | Very few sequences (4), LSTM may not train well
2026-08-02 00:08:40 | INFO     | co2_forecast |   Iteration 7: Best fitness = 0.751873
2026-08-02 00:08:40 | INFO     | co2_forecast | PSO complete. Best fitness: 0.751873
2026-08-02 00:08:40 | INFO     | co2_forecast |   Best params: {'lookback': 4, 'hidden_size': 19, 'num_layers': 2, 'dropout': 0.25630066664214113, 'learning_rate': 0.0001, 'batch_size': 16}
2026-08-02 00:08:40 | INFO     | co2_forecast |   Best fitness: 0.751873
2026-08-02 00:08:40 | INFO     | co2_forecast | [A2/panel2_common_period/fs_consensus/lstm] sweep tuning: best_params={'lookback': 4, 'hidden_size': 19, 'num_layers': 2, 'dropout': 0.25630066664214113, 'learning_rate': 0.0001, 'batch_size': 16}
2026-08-02 00:08:41 | INFO     | co2_forecast |   -> weighted_mase=1.0249005792649073, runtime=33.3s
2026-08-02 00:08:41 | INFO     | co2_forecast | Running FS1-FS5 on A3 (23 candidate features)...
2026-08-02 00:08:41 | INFO     | co2_forecast | Creating walk-forward splits for 16 valid samples
2026-08-02 00:08:41 | INFO     | co2_forecast | Created 4 CV folds across horizons [1, 2, 4]
2026-08-02 00:08:41 | INFO     | co2_forecast | Built tuning CV plan: 4 folds from 16 rows before 2022-Q%q (evaluation cutoff) - isolation OK (max tuning date 2021-Q%q)
2026-08-02 00:08:41 | INFO     | co2_forecast | Running all feature selection options...
2026-08-02 00:08:41 | INFO     | co2_forecast | ==================================================
2026-08-02 00:08:41 | INFO     | co2_forecast | Running linear feature selection (FS_linear)...
2026-08-02 00:08:41 | INFO     | co2_forecast | Iteration 0: Removed 'Mobility_Residential' (VIF=4522.26)
2026-08-02 00:08:41 | INFO     | co2_forecast | Iteration 1: Removed 'OWID_RenewableShare_L1Y' (VIF=1287.92)
2026-08-02 00:08:41 | INFO     | co2_forecast | Iteration 2: Removed 'Mobility_Transit_Stations' (VIF=794.41)
2026-08-02 00:08:41 | INFO     | co2_forecast | Iteration 3: Removed 'Grid_fossil_share' (VIF=370.88)
2026-08-02 00:08:41 | INFO     | co2_forecast | Iteration 4: Removed 'Grid_CI_p90' (VIF=238.96)
2026-08-02 00:08:41 | INFO     | co2_forecast | Iteration 5: Removed 'Grid_renewable_share' (VIF=113.75)
2026-08-02 00:08:41 | INFO     | co2_forecast | Iteration 6: Removed 'Grid_CI_mean' (VIF=84.74)
2026-08-02 00:08:41 | INFO     | co2_forecast | Iteration 7: Removed 'Mobility_Retail_Recreation' (VIF=78.51)
2026-08-02 00:08:41 | INFO     | co2_forecast | Iteration 8: Removed 'Mobility_Workplaces' (VIF=27.43)
2026-08-02 00:08:41 | INFO     | co2_forecast | Iteration 9: Removed 'Grid_wind_share' (VIF=26.54)
2026-08-02 00:08:41 | INFO     | co2_forecast | Iteration 10: Removed 'Grid_CI_low_share' (VIF=19.31)
2026-08-02 00:08:41 | INFO     | co2_forecast | Iteration 11: Removed 'Mobility_Grocery_Pharmacy' (VIF=15.12)
2026-08-02 00:08:41 | INFO     | co2_forecast | VIF filter: 23 -> 11 features
2026-08-02 00:08:41 | INFO     | co2_forecast | Ridge stability: Selected 10 features (stability >= 0.5)
2026-08-02 00:08:41 | INFO     | co2_forecast | ElasticNet: Only 0 features passed threshold, adding top features to reach 3
2026-08-02 00:08:41 | INFO     | co2_forecast | ElasticNet stability: Selected 3 features (stability >= 0.5)
2026-08-02 00:08:41 | INFO     | co2_forecast | FS_linear final: 11 features selected
2026-08-02 00:08:41 | INFO     | co2_forecast | ==================================================
2026-08-02 00:08:41 | INFO     | co2_forecast | Running wrapper feature selection (FS_wrapper)...
2026-08-02 00:08:41 | INFO     | co2_forecast | ==================================================
2026-08-02 00:08:41 | INFO     | co2_forecast | Running ALL wrapper-based feature selection methods...
2026-08-02 00:08:41 | INFO     | co2_forecast | Running RFE feature selection (target: 5 features)...
2026-08-02 00:08:41 | INFO     | co2_forecast | RFE: Selected 7 features using ridge (stability >= 0.5 across 2 folds)
2026-08-02 00:08:41 | INFO     | co2_forecast | Running RFE feature selection (target: 5 features)...
2026-08-02 00:08:46 | INFO     | co2_forecast | RFE: Selected 7 features using random_forest (stability >= 0.5 across 2 folds)
2026-08-02 00:08:46 | INFO     | co2_forecast | Running Sequential Forward Selection (target: 5 features)...
2026-08-02 00:09:52 | INFO     | co2_forecast | SFS: Selected 5 features using ridge
2026-08-02 00:09:52 | INFO     | co2_forecast | Running Sequential Backward Selection (target: 5 features)...
2026-08-02 00:09:55 | INFO     | co2_forecast | SBS: Selected 5 features using ridge
2026-08-02 00:09:55 | INFO     | co2_forecast | Wrapper methods complete: 4 methods run
2026-08-02 00:09:55 | INFO     | co2_forecast | FS_wrapper final: 15 features selected
2026-08-02 00:09:55 | INFO     | co2_forecast | ==================================================
2026-08-02 00:09:55 | INFO     | co2_forecast | Running XGBoost-SHAP stability feature selection (FS_xgboost_shap)...
2026-08-02 00:09:55 | INFO     | co2_forecast | XGBoost-SHAP stability: Selected 6 features (stability >= 0.5)
2026-08-02 00:09:55 | INFO     | co2_forecast | FS_xgboost_shap final: 6 features selected
2026-08-02 00:09:55 | INFO     | co2_forecast | ==================================================
2026-08-02 00:09:55 | INFO     | co2_forecast | Running permutation stability feature selection (FS_permutation_stability)...
2026-08-02 00:09:55 | INFO     | co2_forecast | Permutation stability: Selected 5 features (stability >= 0.5)
2026-08-02 00:09:55 | INFO     | co2_forecast | FS_permutation_stability final: 5 features selected
2026-08-02 00:09:55 | INFO     | co2_forecast | ==================================================
2026-08-02 00:09:55 | INFO     | co2_forecast | Running consensus feature selection (FS_consensus)...
2026-08-02 00:09:55 | INFO     | co2_forecast | Vote-based selection: 11 features with >= 2 votes
2026-08-02 00:09:55 | INFO     | co2_forecast | FS_consensus final: 11 features selected
2026-08-02 00:09:55 | INFO     | co2_forecast | ==================================================
2026-08-02 00:09:55 | INFO     | co2_forecast | Total FS options: 5
2026-08-02 00:09:55 | INFO     | co2_forecast |   fs_linear: 11 features
2026-08-02 00:09:55 | INFO     | co2_forecast |   fs_wrapper: 15 features
2026-08-02 00:09:55 | INFO     | co2_forecast |   fs_xgboost_shap: 6 features
2026-08-02 00:09:55 | INFO     | co2_forecast |   fs_permutation_stability: 5 features
2026-08-02 00:09:55 | INFO     | co2_forecast |   fs_consensus: 11 features
2026-08-02 00:09:55 | INFO     | co2_forecast | Stream B cell: A3/fs_linear/ridge (11 features)
2026-08-02 00:09:55 | INFO     | co2_forecast | Creating walk-forward splits for 16 valid samples
2026-08-02 00:09:55 | INFO     | co2_forecast | Created 4 CV folds across horizons [1, 2, 4]
2026-08-02 00:09:55 | INFO     | co2_forecast | Built tuning CV plan: 4 folds from 16 rows before 2022-Q%q (evaluation cutoff) - isolation OK (max tuning date 2021-Q%q)
2026-08-02 00:09:55 | INFO     | co2_forecast | Optimizing ridge...
2026-08-02 00:09:55 | INFO     | co2_forecast | Starting PSO: 5 particles, 8 iterations
2026-08-02 00:09:55 | INFO     | co2_forecast |   Iteration 0: Best fitness = 2.530735
2026-08-02 00:09:56 | INFO     | co2_forecast |   Iteration 5: Best fitness = 2.011742
2026-08-02 00:09:56 | INFO     | co2_forecast |   Iteration 7: Best fitness = 2.011742
2026-08-02 00:09:56 | INFO     | co2_forecast | PSO complete. Best fitness: 2.011742
2026-08-02 00:09:56 | INFO     | co2_forecast |   Best params: {'alpha': 100.0}
2026-08-02 00:09:56 | INFO     | co2_forecast |   Best fitness: 2.011742
2026-08-02 00:09:56 | INFO     | co2_forecast | [A3/panel2_common_period/fs_linear/ridge] sweep tuning: best_params={'alpha': 100.0}
2026-08-02 00:09:56 | INFO     | co2_forecast |   -> weighted_mase=0.827740658154751, runtime=0.2s
2026-08-02 00:09:56 | INFO     | co2_forecast | Stream B cell: A3/fs_linear/random_forest (11 features)
2026-08-02 00:09:56 | INFO     | co2_forecast | Creating walk-forward splits for 16 valid samples
2026-08-02 00:09:56 | INFO     | co2_forecast | Created 4 CV folds across horizons [1, 2, 4]
2026-08-02 00:09:56 | INFO     | co2_forecast | Built tuning CV plan: 4 folds from 16 rows before 2022-Q%q (evaluation cutoff) - isolation OK (max tuning date 2021-Q%q)
2026-08-02 00:09:56 | INFO     | co2_forecast | Optimizing random_forest...
2026-08-02 00:09:56 | INFO     | co2_forecast | Starting PSO: 5 particles, 8 iterations
2026-08-02 00:10:00 | INFO     | co2_forecast |   Iteration 0: Best fitness = 0.748939
2026-08-02 00:10:17 | INFO     | co2_forecast |   Iteration 5: Best fitness = 0.381615
2026-08-02 00:10:23 | INFO     | co2_forecast |   Iteration 7: Best fitness = 0.377428
2026-08-02 00:10:23 | INFO     | co2_forecast | PSO complete. Best fitness: 0.377428
2026-08-02 00:10:23 | INFO     | co2_forecast |   Best params: {'n_estimators': 89, 'max_depth': 3, 'min_samples_split': 2, 'min_samples_leaf': 1}
2026-08-02 00:10:23 | INFO     | co2_forecast |   Best fitness: 0.377428
2026-08-02 00:10:23 | INFO     | co2_forecast | [A3/panel2_common_period/fs_linear/random_forest] sweep tuning: best_params={'n_estimators': 89, 'max_depth': 3, 'min_samples_split': 2, 'min_samples_leaf': 1}
2026-08-02 00:10:24 | INFO     | co2_forecast |   -> weighted_mase=0.7028928898980983, runtime=28.8s
2026-08-02 00:10:24 | INFO     | co2_forecast | Stream B cell: A3/fs_linear/lightgbm (11 features)
2026-08-02 00:10:24 | INFO     | co2_forecast | Creating walk-forward splits for 16 valid samples
2026-08-02 00:10:24 | INFO     | co2_forecast | Created 4 CV folds across horizons [1, 2, 4]
2026-08-02 00:10:24 | INFO     | co2_forecast | Built tuning CV plan: 4 folds from 16 rows before 2022-Q%q (evaluation cutoff) - isolation OK (max tuning date 2021-Q%q)
2026-08-02 00:10:24 | INFO     | co2_forecast | Optimizing lightgbm...
2026-08-02 00:10:24 | INFO     | co2_forecast | Starting PSO: 5 particles, 8 iterations
2026-08-02 00:10:25 | INFO     | co2_forecast |   Iteration 0: Best fitness = 0.768990
2026-08-02 00:10:25 | INFO     | co2_forecast |   Iteration 5: Best fitness = 0.649767
2026-08-02 00:10:25 | INFO     | co2_forecast |   Iteration 7: Best fitness = 0.649767
2026-08-02 00:10:25 | INFO     | co2_forecast | PSO complete. Best fitness: 0.649767
2026-08-02 00:10:25 | INFO     | co2_forecast |   Best params: {'n_estimators': 164, 'learning_rate': 0.3, 'num_leaves': 127, 'max_depth': 10, 'min_child_samples': 6, 'reg_alpha': 0.001, 'reg_lambda': 0.001}
2026-08-02 00:10:25 | INFO     | co2_forecast |   Best fitness: 0.649767
2026-08-02 00:10:25 | INFO     | co2_forecast | [A3/panel2_common_period/fs_linear/lightgbm] sweep tuning: best_params={'n_estimators': 164, 'learning_rate': 0.3, 'num_leaves': 127, 'max_depth': 10, 'min_child_samples': 6, 'reg_alpha': 0.001, 'reg_lambda': 0.001}
2026-08-02 00:10:26 | INFO     | co2_forecast |   -> weighted_mase=0.5182814515194354, runtime=1.1s
2026-08-02 00:10:26 | INFO     | co2_forecast | Stream B cell: A3/fs_linear/catboost (11 features)
2026-08-02 00:10:26 | INFO     | co2_forecast | Creating walk-forward splits for 16 valid samples
2026-08-02 00:10:26 | INFO     | co2_forecast | Created 4 CV folds across horizons [1, 2, 4]
2026-08-02 00:10:26 | INFO     | co2_forecast | Built tuning CV plan: 4 folds from 16 rows before 2022-Q%q (evaluation cutoff) - isolation OK (max tuning date 2021-Q%q)
2026-08-02 00:10:26 | INFO     | co2_forecast | Optimizing catboost...
2026-08-02 00:10:26 | INFO     | co2_forecast | Starting PSO: 5 particles, 8 iterations
2026-08-02 00:10:53 | INFO     | co2_forecast |   Iteration 0: Best fitness = 0.380517
2026-08-02 00:13:49 | INFO     | co2_forecast |   Iteration 5: Best fitness = 0.307131
2026-08-02 00:15:03 | INFO     | co2_forecast |   Iteration 7: Best fitness = 0.307131
2026-08-02 00:15:03 | INFO     | co2_forecast | PSO complete. Best fitness: 0.307131
2026-08-02 00:15:03 | INFO     | co2_forecast |   Best params: {'iterations': 284, 'learning_rate': 0.06916874330190055, 'depth': 3, 'l2_leaf_reg': 10.0}
2026-08-02 00:15:03 | INFO     | co2_forecast |   Best fitness: 0.307131
2026-08-02 00:15:03 | INFO     | co2_forecast | [A3/panel2_common_period/fs_linear/catboost] sweep tuning: best_params={'iterations': 284, 'learning_rate': 0.06916874330190055, 'depth': 3, 'l2_leaf_reg': 10.0}
2026-08-02 00:15:18 | INFO     | co2_forecast |   -> weighted_mase=0.6502309549259357, runtime=292.7s
2026-08-02 00:15:18 | INFO     | co2_forecast | Stream B cell: A3/fs_linear/lstm (11 features)
2026-08-02 00:15:18 | INFO     | co2_forecast | Creating walk-forward splits for 16 valid samples
2026-08-02 00:15:18 | INFO     | co2_forecast | Created 4 CV folds across horizons [1, 2, 4]
2026-08-02 00:15:18 | INFO     | co2_forecast | Built tuning CV plan: 4 folds from 16 rows before 2022-Q%q (evaluation cutoff) - isolation OK (max tuning date 2021-Q%q)
2026-08-02 00:15:18 | INFO     | co2_forecast | Optimizing lstm...
2026-08-02 00:15:18 | INFO     | co2_forecast | Starting PSO: 5 particles, 8 iterations
2026-08-02 00:15:18 | WARNING  | co2_forecast | Model training failed with params {'lookback': 7, 'hidden_size': 62, 'num_layers': 2, 'dropout': 0.3394633936788146, 'learning_rate': 0.0016445845403801217, 'batch_size': 8}: LSTM.fit: training data has 8 rows, giving only 1 sequence(s) with lookback=7; at least 2 are required (one is always reserved for validation). Reduce lookback or provide more training history.
2026-08-02 00:15:18 | WARNING  | co2_forecast | Model training failed with params {'lookback': 11, 'hidden_size': 26, 'num_layers': 1, 'dropout': 0.17336180394137352, 'learning_rate': 0.0031119982052994237, 'batch_size': 16}: LSTM.fit: training data has 8 rows, giving only 0 sequence(s) with lookback=11; at least 2 are required (one is always reserved for validation). Reduce lookback or provide more training history.
2026-08-02 00:15:18 | WARNING  | co2_forecast | Model training failed with params {'lookback': 8, 'hidden_size': 54, 'num_layers': 1, 'dropout': 0.3056937753654446, 'learning_rate': 0.005964904231734221, 'batch_size': 8}: LSTM.fit: training data has 8 rows, giving only 0 sequence(s) with lookback=8; at least 2 are required (one is always reserved for validation). Reduce lookback or provide more training history.
2026-08-02 00:15:18 | WARNING  | co2_forecast | Very few sequences (2), LSTM may not train well
2026-08-02 00:15:18 | WARNING  | co2_forecast | Very few sequences (6), LSTM may not train well
2026-08-02 00:15:19 | WARNING  | co2_forecast | Very few sequences (2), LSTM may not train well
2026-08-02 00:15:19 | WARNING  | co2_forecast | Very few sequences (2), LSTM may not train well
2026-08-02 00:15:19 | WARNING  | co2_forecast | Model training failed with params {'lookback': 8, 'hidden_size': 25, 'num_layers': 2, 'dropout': 0.4100531293444458, 'learning_rate': 0.009401039521485473, 'batch_size': 32}: LSTM.fit: training data has 8 rows, giving only 0 sequence(s) with lookback=8; at least 2 are required (one is always reserved for validation). Reduce lookback or provide more training history.
2026-08-02 00:15:19 | INFO     | co2_forecast |   Iteration 0: Best fitness = 1.046700
2026-08-02 00:15:19 | WARNING  | co2_forecast | Very few sequences (3), LSTM may not train well
2026-08-02 00:15:19 | WARNING  | co2_forecast | Very few sequences (7), LSTM may not train well
2026-08-02 00:15:20 | WARNING  | co2_forecast | Very few sequences (3), LSTM may not train well
2026-08-02 00:15:21 | WARNING  | co2_forecast | Very few sequences (3), LSTM may not train well
2026-08-02 00:15:21 | WARNING  | co2_forecast | Very few sequences (2), LSTM may not train well
2026-08-02 00:15:21 | WARNING  | co2_forecast | Very few sequences (6), LSTM may not train well
2026-08-02 00:15:21 | WARNING  | co2_forecast | Very few sequences (2), LSTM may not train well
2026-08-02 00:15:22 | WARNING  | co2_forecast | Very few sequences (2), LSTM may not train well
2026-08-02 00:15:22 | WARNING  | co2_forecast | Model training failed with params {'lookback': 8, 'hidden_size': 44, 'num_layers': 1, 'dropout': 0.3238975389966341, 'learning_rate': 0.005520634690128072, 'batch_size': 8}: LSTM.fit: training data has 8 rows, giving only 0 sequence(s) with lookback=8; at least 2 are required (one is always reserved for validation). Reduce lookback or provide more training history.
2026-08-02 00:15:22 | WARNING  | co2_forecast | Very few sequences (3), LSTM may not train well
2026-08-02 00:15:22 | WARNING  | co2_forecast | Very few sequences (7), LSTM may not train well
2026-08-02 00:15:22 | WARNING  | co2_forecast | Very few sequences (3), LSTM may not train well
2026-08-02 00:15:23 | WARNING  | co2_forecast | Very few sequences (3), LSTM may not train well
2026-08-02 00:15:23 | WARNING  | co2_forecast | Very few sequences (2), LSTM may not train well
2026-08-02 00:15:23 | WARNING  | co2_forecast | Very few sequences (6), LSTM may not train well
2026-08-02 00:15:24 | WARNING  | co2_forecast | Very few sequences (2), LSTM may not train well
2026-08-02 00:15:25 | WARNING  | co2_forecast | Very few sequences (2), LSTM may not train well
2026-08-02 00:15:26 | WARNING  | co2_forecast | Very few sequences (3), LSTM may not train well
2026-08-02 00:15:26 | WARNING  | co2_forecast | Very few sequences (7), LSTM may not train well
2026-08-02 00:15:27 | WARNING  | co2_forecast | Very few sequences (3), LSTM may not train well
2026-08-02 00:15:28 | WARNING  | co2_forecast | Very few sequences (3), LSTM may not train well
2026-08-02 00:15:28 | WARNING  | co2_forecast | Very few sequences (4), LSTM may not train well
2026-08-02 00:15:28 | WARNING  | co2_forecast | Very few sequences (8), LSTM may not train well
2026-08-02 00:15:29 | WARNING  | co2_forecast | Very few sequences (4), LSTM may not train well
2026-08-02 00:15:30 | WARNING  | co2_forecast | Very few sequences (4), LSTM may not train well
2026-08-02 00:15:30 | WARNING  | co2_forecast | Model training failed with params {'lookback': 7, 'hidden_size': 35, 'num_layers': 1, 'dropout': 0.31512819649180424, 'learning_rate': 0.004065945490368326, 'batch_size': 8}: LSTM.fit: training data has 8 rows, giving only 1 sequence(s) with lookback=7; at least 2 are required (one is always reserved for validation). Reduce lookback or provide more training history.
2026-08-02 00:15:30 | WARNING  | co2_forecast | Very few sequences (2), LSTM may not train well
2026-08-02 00:15:30 | WARNING  | co2_forecast | Very few sequences (6), LSTM may not train well
2026-08-02 00:15:31 | WARNING  | co2_forecast | Very few sequences (2), LSTM may not train well
2026-08-02 00:15:32 | WARNING  | co2_forecast | Very few sequences (2), LSTM may not train well
2026-08-02 00:15:33 | WARNING  | co2_forecast | Very few sequences (3), LSTM may not train well
2026-08-02 00:15:33 | WARNING  | co2_forecast | Very few sequences (7), LSTM may not train well
2026-08-02 00:15:34 | WARNING  | co2_forecast | Very few sequences (3), LSTM may not train well
2026-08-02 00:15:35 | WARNING  | co2_forecast | Very few sequences (3), LSTM may not train well
2026-08-02 00:15:35 | WARNING  | co2_forecast | Very few sequences (3), LSTM may not train well
2026-08-02 00:15:35 | WARNING  | co2_forecast | Very few sequences (7), LSTM may not train well
2026-08-02 00:15:36 | WARNING  | co2_forecast | Very few sequences (3), LSTM may not train well
2026-08-02 00:15:37 | WARNING  | co2_forecast | Very few sequences (3), LSTM may not train well
2026-08-02 00:15:37 | WARNING  | co2_forecast | Very few sequences (4), LSTM may not train well
2026-08-02 00:15:37 | WARNING  | co2_forecast | Very few sequences (8), LSTM may not train well
2026-08-02 00:15:38 | WARNING  | co2_forecast | Very few sequences (4), LSTM may not train well
2026-08-02 00:15:38 | WARNING  | co2_forecast | Very few sequences (4), LSTM may not train well
2026-08-02 00:15:38 | WARNING  | co2_forecast | Very few sequences (2), LSTM may not train well
2026-08-02 00:15:38 | WARNING  | co2_forecast | Very few sequences (6), LSTM may not train well
2026-08-02 00:15:38 | WARNING  | co2_forecast | Very few sequences (2), LSTM may not train well
2026-08-02 00:15:39 | WARNING  | co2_forecast | Very few sequences (2), LSTM may not train well
2026-08-02 00:15:39 | WARNING  | co2_forecast | Very few sequences (3), LSTM may not train well
2026-08-02 00:15:39 | WARNING  | co2_forecast | Very few sequences (7), LSTM may not train well
2026-08-02 00:15:40 | WARNING  | co2_forecast | Very few sequences (3), LSTM may not train well
2026-08-02 00:15:41 | WARNING  | co2_forecast | Very few sequences (3), LSTM may not train well
2026-08-02 00:15:41 | WARNING  | co2_forecast | Very few sequences (4), LSTM may not train well
2026-08-02 00:15:41 | WARNING  | co2_forecast | Very few sequences (8), LSTM may not train well
2026-08-02 00:15:42 | WARNING  | co2_forecast | Very few sequences (4), LSTM may not train well
2026-08-02 00:15:43 | WARNING  | co2_forecast | Very few sequences (4), LSTM may not train well
2026-08-02 00:15:43 | WARNING  | co2_forecast | Very few sequences (4), LSTM may not train well
2026-08-02 00:15:43 | WARNING  | co2_forecast | Very few sequences (8), LSTM may not train well
2026-08-02 00:15:44 | WARNING  | co2_forecast | Very few sequences (4), LSTM may not train well
2026-08-02 00:15:44 | WARNING  | co2_forecast | Very few sequences (4), LSTM may not train well
2026-08-02 00:15:44 | WARNING  | co2_forecast | Very few sequences (4), LSTM may not train well
2026-08-02 00:15:44 | WARNING  | co2_forecast | Very few sequences (8), LSTM may not train well
2026-08-02 00:15:45 | WARNING  | co2_forecast | Very few sequences (4), LSTM may not train well
2026-08-02 00:15:46 | WARNING  | co2_forecast | Very few sequences (4), LSTM may not train well
2026-08-02 00:15:46 | WARNING  | co2_forecast | Very few sequences (3), LSTM may not train well
2026-08-02 00:15:47 | WARNING  | co2_forecast | Very few sequences (7), LSTM may not train well
2026-08-02 00:15:47 | WARNING  | co2_forecast | Very few sequences (3), LSTM may not train well
2026-08-02 00:15:47 | WARNING  | co2_forecast | Very few sequences (3), LSTM may not train well
2026-08-02 00:15:47 | WARNING  | co2_forecast | Very few sequences (4), LSTM may not train well
2026-08-02 00:15:47 | WARNING  | co2_forecast | Very few sequences (8), LSTM may not train well
2026-08-02 00:15:48 | WARNING  | co2_forecast | Very few sequences (4), LSTM may not train well
2026-08-02 00:15:49 | WARNING  | co2_forecast | Very few sequences (4), LSTM may not train well
2026-08-02 00:15:50 | WARNING  | co2_forecast | Very few sequences (4), LSTM may not train well
2026-08-02 00:15:50 | WARNING  | co2_forecast | Very few sequences (8), LSTM may not train well
2026-08-02 00:15:51 | WARNING  | co2_forecast | Very few sequences (4), LSTM may not train well
2026-08-02 00:15:51 | WARNING  | co2_forecast | Very few sequences (4), LSTM may not train well
2026-08-02 00:15:51 | WARNING  | co2_forecast | Very few sequences (4), LSTM may not train well
2026-08-02 00:15:51 | WARNING  | co2_forecast | Very few sequences (8), LSTM may not train well
2026-08-02 00:15:52 | WARNING  | co2_forecast | Very few sequences (4), LSTM may not train well
2026-08-02 00:15:52 | WARNING  | co2_forecast | Very few sequences (4), LSTM may not train well
2026-08-02 00:15:52 | WARNING  | co2_forecast | Very few sequences (4), LSTM may not train well
2026-08-02 00:15:52 | WARNING  | co2_forecast | Very few sequences (8), LSTM may not train well
2026-08-02 00:15:53 | WARNING  | co2_forecast | Very few sequences (4), LSTM may not train well
2026-08-02 00:15:53 | WARNING  | co2_forecast | Very few sequences (4), LSTM may not train well
2026-08-02 00:15:54 | WARNING  | co2_forecast | Very few sequences (4), LSTM may not train well
2026-08-02 00:15:54 | WARNING  | co2_forecast | Very few sequences (8), LSTM may not train well
2026-08-02 00:15:55 | WARNING  | co2_forecast | Very few sequences (4), LSTM may not train well
2026-08-02 00:15:56 | WARNING  | co2_forecast | Very few sequences (4), LSTM may not train well
2026-08-02 00:15:56 | WARNING  | co2_forecast | Very few sequences (4), LSTM may not train well
2026-08-02 00:15:56 | WARNING  | co2_forecast | Very few sequences (8), LSTM may not train well
2026-08-02 00:15:57 | WARNING  | co2_forecast | Very few sequences (4), LSTM may not train well
2026-08-02 00:15:57 | WARNING  | co2_forecast | Very few sequences (4), LSTM may not train well
2026-08-02 00:15:57 | WARNING  | co2_forecast | Very few sequences (4), LSTM may not train well
2026-08-02 00:15:57 | WARNING  | co2_forecast | Very few sequences (8), LSTM may not train well
2026-08-02 00:15:58 | WARNING  | co2_forecast | Very few sequences (4), LSTM may not train well
2026-08-02 00:15:58 | WARNING  | co2_forecast | Very few sequences (4), LSTM may not train well
2026-08-02 00:15:58 | INFO     | co2_forecast |   Iteration 5: Best fitness = 0.765797
2026-08-02 00:15:58 | WARNING  | co2_forecast | Very few sequences (4), LSTM may not train well
2026-08-02 00:15:58 | WARNING  | co2_forecast | Very few sequences (8), LSTM may not train well
2026-08-02 00:15:59 | WARNING  | co2_forecast | Very few sequences (4), LSTM may not train well
2026-08-02 00:15:59 | WARNING  | co2_forecast | Very few sequences (4), LSTM may not train well
2026-08-02 00:16:00 | WARNING  | co2_forecast | Very few sequences (4), LSTM may not train well
2026-08-02 00:16:00 | WARNING  | co2_forecast | Very few sequences (8), LSTM may not train well
2026-08-02 00:16:01 | WARNING  | co2_forecast | Very few sequences (4), LSTM may not train well
2026-08-02 00:16:01 | WARNING  | co2_forecast | Very few sequences (4), LSTM may not train well
2026-08-02 00:16:01 | WARNING  | co2_forecast | Very few sequences (4), LSTM may not train well
2026-08-02 00:16:01 | WARNING  | co2_forecast | Very few sequences (8), LSTM may not train well
2026-08-02 00:16:02 | WARNING  | co2_forecast | Very few sequences (4), LSTM may not train well
2026-08-02 00:16:02 | WARNING  | co2_forecast | Very few sequences (4), LSTM may not train well
2026-08-02 00:16:02 | WARNING  | co2_forecast | Very few sequences (4), LSTM may not train well
2026-08-02 00:16:02 | WARNING  | co2_forecast | Very few sequences (8), LSTM may not train well
2026-08-02 00:16:03 | WARNING  | co2_forecast | Very few sequences (4), LSTM may not train well
2026-08-02 00:16:03 | WARNING  | co2_forecast | Very few sequences (4), LSTM may not train well
2026-08-02 00:16:03 | WARNING  | co2_forecast | Very few sequences (4), LSTM may not train well
2026-08-02 00:16:04 | WARNING  | co2_forecast | Very few sequences (8), LSTM may not train well
2026-08-02 00:16:05 | WARNING  | co2_forecast | Very few sequences (4), LSTM may not train well
2026-08-02 00:16:05 | WARNING  | co2_forecast | Very few sequences (4), LSTM may not train well
2026-08-02 00:16:05 | WARNING  | co2_forecast | Very few sequences (4), LSTM may not train well
2026-08-02 00:16:05 | WARNING  | co2_forecast | Very few sequences (8), LSTM may not train well
2026-08-02 00:16:06 | WARNING  | co2_forecast | Very few sequences (4), LSTM may not train well
2026-08-02 00:16:06 | WARNING  | co2_forecast | Very few sequences (4), LSTM may not train well
2026-08-02 00:16:06 | WARNING  | co2_forecast | Very few sequences (4), LSTM may not train well
2026-08-02 00:16:06 | WARNING  | co2_forecast | Very few sequences (8), LSTM may not train well
2026-08-02 00:16:07 | WARNING  | co2_forecast | Very few sequences (4), LSTM may not train well
2026-08-02 00:16:07 | WARNING  | co2_forecast | Very few sequences (4), LSTM may not train well
2026-08-02 00:16:07 | WARNING  | co2_forecast | Very few sequences (4), LSTM may not train well
2026-08-02 00:16:07 | WARNING  | co2_forecast | Very few sequences (8), LSTM may not train well
2026-08-02 00:16:08 | WARNING  | co2_forecast | Very few sequences (4), LSTM may not train well
2026-08-02 00:16:08 | WARNING  | co2_forecast | Very few sequences (4), LSTM may not train well
2026-08-02 00:16:08 | WARNING  | co2_forecast | Very few sequences (4), LSTM may not train well
2026-08-02 00:16:08 | WARNING  | co2_forecast | Very few sequences (8), LSTM may not train well
2026-08-02 00:16:09 | WARNING  | co2_forecast | Very few sequences (4), LSTM may not train well
2026-08-02 00:16:09 | WARNING  | co2_forecast | Very few sequences (4), LSTM may not train well
2026-08-02 00:16:10 | WARNING  | co2_forecast | Very few sequences (4), LSTM may not train well
2026-08-02 00:16:10 | WARNING  | co2_forecast | Very few sequences (8), LSTM may not train well
2026-08-02 00:16:11 | WARNING  | co2_forecast | Very few sequences (4), LSTM may not train well
2026-08-02 00:16:11 | WARNING  | co2_forecast | Very few sequences (4), LSTM may not train well
2026-08-02 00:16:11 | INFO     | co2_forecast |   Iteration 7: Best fitness = 0.764549
2026-08-02 00:16:11 | INFO     | co2_forecast | PSO complete. Best fitness: 0.764549
2026-08-02 00:16:11 | INFO     | co2_forecast |   Best params: {'lookback': 4, 'hidden_size': 16, 'num_layers': 2, 'dropout': 0.5, 'learning_rate': 0.0001, 'batch_size': 32}
2026-08-02 00:16:11 | INFO     | co2_forecast |   Best fitness: 0.764549
2026-08-02 00:16:11 | INFO     | co2_forecast | [A3/panel2_common_period/fs_linear/lstm] sweep tuning: best_params={'lookback': 4, 'hidden_size': 16, 'num_layers': 2, 'dropout': 0.5, 'learning_rate': 0.0001, 'batch_size': 32}
2026-08-02 00:16:16 | INFO     | co2_forecast |   -> weighted_mase=1.0213624363644689, runtime=57.4s
2026-08-02 00:16:16 | INFO     | co2_forecast | Stream B cell: A3/fs_wrapper/ridge (15 features)
2026-08-02 00:16:16 | INFO     | co2_forecast | Creating walk-forward splits for 16 valid samples
2026-08-02 00:16:16 | INFO     | co2_forecast | Created 4 CV folds across horizons [1, 2, 4]
2026-08-02 00:16:16 | INFO     | co2_forecast | Built tuning CV plan: 4 folds from 16 rows before 2022-Q%q (evaluation cutoff) - isolation OK (max tuning date 2021-Q%q)
2026-08-02 00:16:16 | INFO     | co2_forecast | Optimizing ridge...
2026-08-02 00:16:16 | INFO     | co2_forecast | Starting PSO: 5 particles, 8 iterations
2026-08-02 00:16:16 | INFO     | co2_forecast |   Iteration 0: Best fitness = 0.628765
2026-08-02 00:16:16 | INFO     | co2_forecast |   Iteration 5: Best fitness = 0.592726
2026-08-02 00:16:16 | INFO     | co2_forecast |   Iteration 7: Best fitness = 0.592726
2026-08-02 00:16:16 | INFO     | co2_forecast | PSO complete. Best fitness: 0.592726
2026-08-02 00:16:16 | INFO     | co2_forecast |   Best params: {'alpha': 100.0}
2026-08-02 00:16:16 | INFO     | co2_forecast |   Best fitness: 0.592726
2026-08-02 00:16:16 | INFO     | co2_forecast | [A3/panel2_common_period/fs_wrapper/ridge] sweep tuning: best_params={'alpha': 100.0}
2026-08-02 00:16:16 | INFO     | co2_forecast |   -> weighted_mase=0.8132480168180651, runtime=0.2s
2026-08-02 00:16:16 | INFO     | co2_forecast | Stream B cell: A3/fs_wrapper/random_forest (15 features)
2026-08-02 00:16:16 | INFO     | co2_forecast | Creating walk-forward splits for 16 valid samples
2026-08-02 00:16:16 | INFO     | co2_forecast | Created 4 CV folds across horizons [1, 2, 4]
2026-08-02 00:16:16 | INFO     | co2_forecast | Built tuning CV plan: 4 folds from 16 rows before 2022-Q%q (evaluation cutoff) - isolation OK (max tuning date 2021-Q%q)
2026-08-02 00:16:16 | INFO     | co2_forecast | Optimizing random_forest...
2026-08-02 00:16:16 | INFO     | co2_forecast | Starting PSO: 5 particles, 8 iterations
2026-08-02 00:16:20 | INFO     | co2_forecast |   Iteration 0: Best fitness = 0.748939
2026-08-02 00:16:39 | INFO     | co2_forecast |   Iteration 5: Best fitness = 0.438390
2026-08-02 00:16:45 | INFO     | co2_forecast |   Iteration 7: Best fitness = 0.438390
2026-08-02 00:16:45 | INFO     | co2_forecast | PSO complete. Best fitness: 0.438390
2026-08-02 00:16:45 | INFO     | co2_forecast |   Best params: {'n_estimators': 116, 'max_depth': 3, 'min_samples_split': 2, 'min_samples_leaf': 1}
2026-08-02 00:16:45 | INFO     | co2_forecast |   Best fitness: 0.438390
2026-08-02 00:16:45 | INFO     | co2_forecast | [A3/panel2_common_period/fs_wrapper/random_forest] sweep tuning: best_params={'n_estimators': 116, 'max_depth': 3, 'min_samples_split': 2, 'min_samples_leaf': 1}
2026-08-02 00:16:46 | INFO     | co2_forecast |   -> weighted_mase=0.7191965190311599, runtime=30.5s
2026-08-02 00:16:46 | INFO     | co2_forecast | Stream B cell: A3/fs_wrapper/lightgbm (15 features)
2026-08-02 00:16:46 | INFO     | co2_forecast | Creating walk-forward splits for 16 valid samples
2026-08-02 00:16:46 | INFO     | co2_forecast | Created 4 CV folds across horizons [1, 2, 4]
2026-08-02 00:16:46 | INFO     | co2_forecast | Built tuning CV plan: 4 folds from 16 rows before 2022-Q%q (evaluation cutoff) - isolation OK (max tuning date 2021-Q%q)
2026-08-02 00:16:46 | INFO     | co2_forecast | Optimizing lightgbm...
2026-08-02 00:16:46 | INFO     | co2_forecast | Starting PSO: 5 particles, 8 iterations
2026-08-02 00:16:47 | INFO     | co2_forecast |   Iteration 0: Best fitness = 0.768990
2026-08-02 00:16:47 | INFO     | co2_forecast |   Iteration 5: Best fitness = 0.605409
2026-08-02 00:16:47 | INFO     | co2_forecast |   Iteration 7: Best fitness = 0.605409
2026-08-02 00:16:47 | INFO     | co2_forecast | PSO complete. Best fitness: 0.605409
2026-08-02 00:16:47 | INFO     | co2_forecast |   Best params: {'n_estimators': 164, 'learning_rate': 0.3, 'num_leaves': 127, 'max_depth': 10, 'min_child_samples': 6, 'reg_alpha': 0.001, 'reg_lambda': 0.001}
2026-08-02 00:16:47 | INFO     | co2_forecast |   Best fitness: 0.605409
2026-08-02 00:16:47 | INFO     | co2_forecast | [A3/panel2_common_period/fs_wrapper/lightgbm] sweep tuning: best_params={'n_estimators': 164, 'learning_rate': 0.3, 'num_leaves': 127, 'max_depth': 10, 'min_child_samples': 6, 'reg_alpha': 0.001, 'reg_lambda': 0.001}
2026-08-02 00:16:47 | INFO     | co2_forecast |   -> weighted_mase=0.5064382398753859, runtime=0.8s
2026-08-02 00:16:47 | INFO     | co2_forecast | Stream B cell: A3/fs_wrapper/catboost (15 features)
2026-08-02 00:16:47 | INFO     | co2_forecast | Creating walk-forward splits for 16 valid samples
2026-08-02 00:16:47 | INFO     | co2_forecast | Created 4 CV folds across horizons [1, 2, 4]
2026-08-02 00:16:47 | INFO     | co2_forecast | Built tuning CV plan: 4 folds from 16 rows before 2022-Q%q (evaluation cutoff) - isolation OK (max tuning date 2021-Q%q)
2026-08-02 00:16:47 | INFO     | co2_forecast | Optimizing catboost...
2026-08-02 00:16:47 | INFO     | co2_forecast | Starting PSO: 5 particles, 8 iterations
2026-08-02 00:17:10 | INFO     | co2_forecast |   Iteration 0: Best fitness = 0.363128
2026-08-02 00:19:10 | INFO     | co2_forecast |   Iteration 5: Best fitness = 0.322893
2026-08-02 00:20:10 | INFO     | co2_forecast |   Iteration 7: Best fitness = 0.322893
2026-08-02 00:20:10 | INFO     | co2_forecast | PSO complete. Best fitness: 0.322893
2026-08-02 00:20:10 | INFO     | co2_forecast |   Best params: {'iterations': 212, 'learning_rate': 0.2036620154543912, 'depth': 3, 'l2_leaf_reg': 9.263306187060603}
2026-08-02 00:20:10 | INFO     | co2_forecast |   Best fitness: 0.322893
2026-08-02 00:20:10 | INFO     | co2_forecast | [A3/panel2_common_period/fs_wrapper/catboost] sweep tuning: best_params={'iterations': 212, 'learning_rate': 0.2036620154543912, 'depth': 3, 'l2_leaf_reg': 9.263306187060603}
2026-08-02 00:20:22 | INFO     | co2_forecast |   -> weighted_mase=0.6459022481959835, runtime=214.3s
2026-08-02 00:20:22 | INFO     | co2_forecast | Stream B cell: A3/fs_wrapper/lstm (15 features)
2026-08-02 00:20:22 | INFO     | co2_forecast | Creating walk-forward splits for 16 valid samples
2026-08-02 00:20:22 | INFO     | co2_forecast | Created 4 CV folds across horizons [1, 2, 4]
2026-08-02 00:20:22 | INFO     | co2_forecast | Built tuning CV plan: 4 folds from 16 rows before 2022-Q%q (evaluation cutoff) - isolation OK (max tuning date 2021-Q%q)
2026-08-02 00:20:22 | INFO     | co2_forecast | Optimizing lstm...
2026-08-02 00:20:22 | INFO     | co2_forecast | Starting PSO: 5 particles, 8 iterations
2026-08-02 00:20:22 | WARNING  | co2_forecast | Model training failed with params {'lookback': 7, 'hidden_size': 62, 'num_layers': 2, 'dropout': 0.3394633936788146, 'learning_rate': 0.0016445845403801217, 'batch_size': 8}: LSTM.fit: training data has 8 rows, giving only 1 sequence(s) with lookback=7; at least 2 are required (one is always reserved for validation). Reduce lookback or provide more training history.
2026-08-02 00:20:22 | WARNING  | co2_forecast | Model training failed with params {'lookback': 11, 'hidden_size': 26, 'num_layers': 1, 'dropout': 0.17336180394137352, 'learning_rate': 0.0031119982052994237, 'batch_size': 16}: LSTM.fit: training data has 8 rows, giving only 0 sequence(s) with lookback=11; at least 2 are required (one is always reserved for validation). Reduce lookback or provide more training history.
2026-08-02 00:20:22 | WARNING  | co2_forecast | Model training failed with params {'lookback': 8, 'hidden_size': 54, 'num_layers': 1, 'dropout': 0.3056937753654446, 'learning_rate': 0.005964904231734221, 'batch_size': 8}: LSTM.fit: training data has 8 rows, giving only 0 sequence(s) with lookback=8; at least 2 are required (one is always reserved for validation). Reduce lookback or provide more training history.
2026-08-02 00:20:22 | WARNING  | co2_forecast | Very few sequences (2), LSTM may not train well
2026-08-02 00:20:22 | WARNING  | co2_forecast | Very few sequences (6), LSTM may not train well
2026-08-02 00:20:22 | WARNING  | co2_forecast | Very few sequences (2), LSTM may not train well
2026-08-02 00:20:22 | WARNING  | co2_forecast | Very few sequences (2), LSTM may not train well
2026-08-02 00:20:22 | WARNING  | co2_forecast | Model training failed with params {'lookback': 8, 'hidden_size': 25, 'num_layers': 2, 'dropout': 0.4100531293444458, 'learning_rate': 0.009401039521485473, 'batch_size': 32}: LSTM.fit: training data has 8 rows, giving only 0 sequence(s) with lookback=8; at least 2 are required (one is always reserved for validation). Reduce lookback or provide more training history.
2026-08-02 00:20:22 | INFO     | co2_forecast |   Iteration 0: Best fitness = 1.023882
2026-08-02 00:20:22 | WARNING  | co2_forecast | Very few sequences (3), LSTM may not train well
2026-08-02 00:20:22 | WARNING  | co2_forecast | Very few sequences (7), LSTM may not train well
2026-08-02 00:20:23 | WARNING  | co2_forecast | Very few sequences (3), LSTM may not train well
2026-08-02 00:20:24 | WARNING  | co2_forecast | Very few sequences (3), LSTM may not train well
2026-08-02 00:20:24 | WARNING  | co2_forecast | Very few sequences (2), LSTM may not train well
2026-08-02 00:20:24 | WARNING  | co2_forecast | Very few sequences (6), LSTM may not train well
2026-08-02 00:20:24 | WARNING  | co2_forecast | Very few sequences (2), LSTM may not train well
2026-08-02 00:20:24 | WARNING  | co2_forecast | Very few sequences (2), LSTM may not train well
2026-08-02 00:20:25 | WARNING  | co2_forecast | Model training failed with params {'lookback': 8, 'hidden_size': 44, 'num_layers': 1, 'dropout': 0.3238975389966341, 'learning_rate': 0.005520634690128072, 'batch_size': 8}: LSTM.fit: training data has 8 rows, giving only 0 sequence(s) with lookback=8; at least 2 are required (one is always reserved for validation). Reduce lookback or provide more training history.
2026-08-02 00:20:25 | WARNING  | co2_forecast | Very few sequences (3), LSTM may not train well
2026-08-02 00:20:25 | WARNING  | co2_forecast | Very few sequences (7), LSTM may not train well
2026-08-02 00:20:25 | WARNING  | co2_forecast | Very few sequences (3), LSTM may not train well
2026-08-02 00:20:25 | WARNING  | co2_forecast | Very few sequences (3), LSTM may not train well
2026-08-02 00:20:25 | WARNING  | co2_forecast | Very few sequences (2), LSTM may not train well
2026-08-02 00:20:25 | WARNING  | co2_forecast | Very few sequences (6), LSTM may not train well
2026-08-02 00:20:26 | WARNING  | co2_forecast | Very few sequences (2), LSTM may not train well
2026-08-02 00:20:27 | WARNING  | co2_forecast | Very few sequences (2), LSTM may not train well
2026-08-02 00:20:27 | WARNING  | co2_forecast | Very few sequences (4), LSTM may not train well
2026-08-02 00:20:27 | WARNING  | co2_forecast | Very few sequences (8), LSTM may not train well
2026-08-02 00:20:28 | WARNING  | co2_forecast | Very few sequences (4), LSTM may not train well
2026-08-02 00:20:29 | WARNING  | co2_forecast | Very few sequences (4), LSTM may not train well
2026-08-02 00:20:29 | WARNING  | co2_forecast | Very few sequences (4), LSTM may not train well
2026-08-02 00:20:29 | WARNING  | co2_forecast | Very few sequences (8), LSTM may not train well
2026-08-02 00:20:30 | WARNING  | co2_forecast | Very few sequences (4), LSTM may not train well
2026-08-02 00:20:31 | WARNING  | co2_forecast | Very few sequences (4), LSTM may not train well
2026-08-02 00:20:31 | WARNING  | co2_forecast | Model training failed with params {'lookback': 7, 'hidden_size': 33, 'num_layers': 1, 'dropout': 0.3174646446740698, 'learning_rate': 0.004142028037008457, 'batch_size': 16}: LSTM.fit: training data has 8 rows, giving only 1 sequence(s) with lookback=7; at least 2 are required (one is always reserved for validation). Reduce lookback or provide more training history.
2026-08-02 00:20:31 | WARNING  | co2_forecast | Very few sequences (3), LSTM may not train well
2026-08-02 00:20:31 | WARNING  | co2_forecast | Very few sequences (7), LSTM may not train well
2026-08-02 00:20:32 | WARNING  | co2_forecast | Very few sequences (3), LSTM may not train well
2026-08-02 00:20:32 | WARNING  | co2_forecast | Very few sequences (3), LSTM may not train well
2026-08-02 00:20:32 | WARNING  | co2_forecast | Very few sequences (4), LSTM may not train well
2026-08-02 00:20:32 | WARNING  | co2_forecast | Very few sequences (8), LSTM may not train well
2026-08-02 00:20:33 | WARNING  | co2_forecast | Very few sequences (4), LSTM may not train well
2026-08-02 00:20:34 | WARNING  | co2_forecast | Very few sequences (4), LSTM may not train well
2026-08-02 00:20:34 | WARNING  | co2_forecast | Very few sequences (4), LSTM may not train well
2026-08-02 00:20:34 | WARNING  | co2_forecast | Very few sequences (8), LSTM may not train well
2026-08-02 00:20:35 | WARNING  | co2_forecast | Very few sequences (4), LSTM may not train well
2026-08-02 00:20:35 | WARNING  | co2_forecast | Very few sequences (4), LSTM may not train well
2026-08-02 00:20:36 | WARNING  | co2_forecast | Very few sequences (4), LSTM may not train well
2026-08-02 00:20:36 | WARNING  | co2_forecast | Very few sequences (8), LSTM may not train well
2026-08-02 00:20:36 | WARNING  | co2_forecast | Very few sequences (4), LSTM may not train well
2026-08-02 00:20:37 | WARNING  | co2_forecast | Very few sequences (4), LSTM may not train well
2026-08-02 00:20:37 | WARNING  | co2_forecast | Very few sequences (2), LSTM may not train well
2026-08-02 00:20:37 | WARNING  | co2_forecast | Very few sequences (6), LSTM may not train well
2026-08-02 00:20:37 | WARNING  | co2_forecast | Very few sequences (2), LSTM may not train well
2026-08-02 00:20:37 | WARNING  | co2_forecast | Very few sequences (2), LSTM may not train well
2026-08-02 00:20:38 | WARNING  | co2_forecast | Very few sequences (4), LSTM may not train well
2026-08-02 00:20:38 | WARNING  | co2_forecast | Very few sequences (8), LSTM may not train well
2026-08-02 00:20:38 | WARNING  | co2_forecast | Very few sequences (4), LSTM may not train well
2026-08-02 00:20:39 | WARNING  | co2_forecast | Very few sequences (4), LSTM may not train well
2026-08-02 00:20:39 | WARNING  | co2_forecast | Very few sequences (4), LSTM may not train well
2026-08-02 00:20:39 | WARNING  | co2_forecast | Very few sequences (8), LSTM may not train well
2026-08-02 00:20:40 | WARNING  | co2_forecast | Very few sequences (4), LSTM may not train well
2026-08-02 00:20:41 | WARNING  | co2_forecast | Very few sequences (4), LSTM may not train well
2026-08-02 00:20:41 | WARNING  | co2_forecast | Very few sequences (4), LSTM may not train well
2026-08-02 00:20:41 | WARNING  | co2_forecast | Very few sequences (8), LSTM may not train well
2026-08-02 00:20:42 | WARNING  | co2_forecast | Very few sequences (4), LSTM may not train well
2026-08-02 00:20:42 | WARNING  | co2_forecast | Very few sequences (4), LSTM may not train well
2026-08-02 00:20:42 | WARNING  | co2_forecast | Very few sequences (4), LSTM may not train well
2026-08-02 00:20:42 | WARNING  | co2_forecast | Very few sequences (8), LSTM may not train well
2026-08-02 00:20:43 | WARNING  | co2_forecast | Very few sequences (4), LSTM may not train well
2026-08-02 00:20:44 | WARNING  | co2_forecast | Very few sequences (4), LSTM may not train well
2026-08-02 00:20:44 | WARNING  | co2_forecast | Very few sequences (3), LSTM may not train well
2026-08-02 00:20:44 | WARNING  | co2_forecast | Very few sequences (7), LSTM may not train well
2026-08-02 00:20:45 | WARNING  | co2_forecast | Very few sequences (3), LSTM may not train well
2026-08-02 00:20:45 | WARNING  | co2_forecast | Very few sequences (3), LSTM may not train well
2026-08-02 00:20:45 | WARNING  | co2_forecast | Very few sequences (4), LSTM may not train well
2026-08-02 00:20:45 | WARNING  | co2_forecast | Very few sequences (8), LSTM may not train well
2026-08-02 00:20:46 | WARNING  | co2_forecast | Very few sequences (4), LSTM may not train well
2026-08-02 00:20:47 | WARNING  | co2_forecast | Very few sequences (4), LSTM may not train well
2026-08-02 00:20:47 | WARNING  | co2_forecast | Very few sequences (4), LSTM may not train well
2026-08-02 00:20:47 | WARNING  | co2_forecast | Very few sequences (8), LSTM may not train well
2026-08-02 00:20:47 | WARNING  | co2_forecast | Very few sequences (4), LSTM may not train well
2026-08-02 00:20:48 | WARNING  | co2_forecast | Very few sequences (4), LSTM may not train well
2026-08-02 00:20:48 | WARNING  | co2_forecast | Very few sequences (4), LSTM may not train well
2026-08-02 00:20:48 | WARNING  | co2_forecast | Very few sequences (8), LSTM may not train well
2026-08-02 00:20:49 | WARNING  | co2_forecast | Very few sequences (4), LSTM may not train well
2026-08-02 00:20:50 | WARNING  | co2_forecast | Very few sequences (4), LSTM may not train well
2026-08-02 00:20:50 | WARNING  | co2_forecast | Very few sequences (4), LSTM may not train well
2026-08-02 00:20:50 | WARNING  | co2_forecast | Very few sequences (8), LSTM may not train well
2026-08-02 00:20:51 | WARNING  | co2_forecast | Very few sequences (4), LSTM may not train well
2026-08-02 00:20:52 | WARNING  | co2_forecast | Very few sequences (4), LSTM may not train well
2026-08-02 00:20:52 | WARNING  | co2_forecast | Very few sequences (4), LSTM may not train well
2026-08-02 00:20:52 | WARNING  | co2_forecast | Very few sequences (8), LSTM may not train well
2026-08-02 00:20:53 | WARNING  | co2_forecast | Very few sequences (4), LSTM may not train well
2026-08-02 00:20:53 | WARNING  | co2_forecast | Very few sequences (4), LSTM may not train well
2026-08-02 00:20:53 | WARNING  | co2_forecast | Very few sequences (4), LSTM may not train well
2026-08-02 00:20:54 | WARNING  | co2_forecast | Very few sequences (8), LSTM may not train well
2026-08-02 00:20:54 | WARNING  | co2_forecast | Very few sequences (4), LSTM may not train well
2026-08-02 00:20:55 | WARNING  | co2_forecast | Very few sequences (4), LSTM may not train well
2026-08-02 00:20:55 | WARNING  | co2_forecast | Very few sequences (4), LSTM may not train well
2026-08-02 00:20:55 | WARNING  | co2_forecast | Very few sequences (8), LSTM may not train well
2026-08-02 00:20:56 | WARNING  | co2_forecast | Very few sequences (4), LSTM may not train well
2026-08-02 00:20:57 | WARNING  | co2_forecast | Very few sequences (4), LSTM may not train well
2026-08-02 00:20:57 | INFO     | co2_forecast |   Iteration 5: Best fitness = 0.775469
2026-08-02 00:20:57 | WARNING  | co2_forecast | Very few sequences (4), LSTM may not train well
2026-08-02 00:20:57 | WARNING  | co2_forecast | Very few sequences (8), LSTM may not train well
2026-08-02 00:20:58 | WARNING  | co2_forecast | Very few sequences (4), LSTM may not train well
2026-08-02 00:20:58 | WARNING  | co2_forecast | Very few sequences (4), LSTM may not train well
2026-08-02 00:20:58 | WARNING  | co2_forecast | Very few sequences (4), LSTM may not train well
2026-08-02 00:20:58 | WARNING  | co2_forecast | Very few sequences (8), LSTM may not train well
2026-08-02 00:20:59 | WARNING  | co2_forecast | Very few sequences (4), LSTM may not train well
2026-08-02 00:21:00 | WARNING  | co2_forecast | Very few sequences (4), LSTM may not train well
2026-08-02 00:21:00 | WARNING  | co2_forecast | Very few sequences (4), LSTM may not train well
2026-08-02 00:21:00 | WARNING  | co2_forecast | Very few sequences (8), LSTM may not train well
2026-08-02 00:21:01 | WARNING  | co2_forecast | Very few sequences (4), LSTM may not train well
2026-08-02 00:21:02 | WARNING  | co2_forecast | Very few sequences (4), LSTM may not train well
2026-08-02 00:21:02 | WARNING  | co2_forecast | Very few sequences (4), LSTM may not train well
2026-08-02 00:21:02 | WARNING  | co2_forecast | Very few sequences (8), LSTM may not train well
2026-08-02 00:21:03 | WARNING  | co2_forecast | Very few sequences (4), LSTM may not train well
2026-08-02 00:21:03 | WARNING  | co2_forecast | Very few sequences (4), LSTM may not train well
2026-08-02 00:21:03 | WARNING  | co2_forecast | Very few sequences (4), LSTM may not train well
2026-08-02 00:21:03 | WARNING  | co2_forecast | Very few sequences (8), LSTM may not train well
2026-08-02 00:21:04 | WARNING  | co2_forecast | Very few sequences (4), LSTM may not train well
2026-08-02 00:21:05 | WARNING  | co2_forecast | Very few sequences (4), LSTM may not train well
2026-08-02 00:21:05 | WARNING  | co2_forecast | Very few sequences (4), LSTM may not train well
2026-08-02 00:21:05 | WARNING  | co2_forecast | Very few sequences (8), LSTM may not train well
2026-08-02 00:21:06 | WARNING  | co2_forecast | Very few sequences (4), LSTM may not train well
2026-08-02 00:21:07 | WARNING  | co2_forecast | Very few sequences (4), LSTM may not train well
2026-08-02 00:21:07 | WARNING  | co2_forecast | Very few sequences (4), LSTM may not train well
2026-08-02 00:21:07 | WARNING  | co2_forecast | Very few sequences (8), LSTM may not train well
2026-08-02 00:21:08 | WARNING  | co2_forecast | Very few sequences (4), LSTM may not train well
2026-08-02 00:21:08 | WARNING  | co2_forecast | Very few sequences (4), LSTM may not train well
2026-08-02 00:21:09 | WARNING  | co2_forecast | Very few sequences (4), LSTM may not train well
2026-08-02 00:21:09 | WARNING  | co2_forecast | Very few sequences (8), LSTM may not train well
2026-08-02 00:21:09 | WARNING  | co2_forecast | Very few sequences (4), LSTM may not train well
2026-08-02 00:21:10 | WARNING  | co2_forecast | Very few sequences (4), LSTM may not train well
2026-08-02 00:21:10 | WARNING  | co2_forecast | Very few sequences (4), LSTM may not train well
2026-08-02 00:21:10 | WARNING  | co2_forecast | Very few sequences (8), LSTM may not train well
2026-08-02 00:21:11 | WARNING  | co2_forecast | Very few sequences (4), LSTM may not train well
2026-08-02 00:21:12 | WARNING  | co2_forecast | Very few sequences (4), LSTM may not train well
2026-08-02 00:21:12 | WARNING  | co2_forecast | Very few sequences (4), LSTM may not train well
2026-08-02 00:21:12 | WARNING  | co2_forecast | Very few sequences (8), LSTM may not train well
2026-08-02 00:21:13 | WARNING  | co2_forecast | Very few sequences (4), LSTM may not train well
2026-08-02 00:21:14 | WARNING  | co2_forecast | Very few sequences (4), LSTM may not train well
2026-08-02 00:21:14 | INFO     | co2_forecast |   Iteration 7: Best fitness = 0.775469
2026-08-02 00:21:14 | INFO     | co2_forecast | PSO complete. Best fitness: 0.775469
2026-08-02 00:21:14 | INFO     | co2_forecast |   Best params: {'lookback': 4, 'hidden_size': 16, 'num_layers': 2, 'dropout': 0.5, 'learning_rate': 0.0001, 'batch_size': 32}
2026-08-02 00:21:14 | INFO     | co2_forecast |   Best fitness: 0.775469
2026-08-02 00:21:14 | INFO     | co2_forecast | [A3/panel2_common_period/fs_wrapper/lstm] sweep tuning: best_params={'lookback': 4, 'hidden_size': 16, 'num_layers': 2, 'dropout': 0.5, 'learning_rate': 0.0001, 'batch_size': 32}
2026-08-02 00:21:18 | INFO     | co2_forecast |   -> weighted_mase=1.0223392532555875, runtime=56.5s
2026-08-02 00:21:18 | INFO     | co2_forecast | Stream B cell: A3/fs_xgboost_shap/ridge (6 features)
2026-08-02 00:21:18 | INFO     | co2_forecast | Creating walk-forward splits for 16 valid samples
2026-08-02 00:21:18 | INFO     | co2_forecast | Created 4 CV folds across horizons [1, 2, 4]
2026-08-02 00:21:18 | INFO     | co2_forecast | Built tuning CV plan: 4 folds from 16 rows before 2022-Q%q (evaluation cutoff) - isolation OK (max tuning date 2021-Q%q)
2026-08-02 00:21:18 | INFO     | co2_forecast | Optimizing ridge...
2026-08-02 00:21:18 | INFO     | co2_forecast | Starting PSO: 5 particles, 8 iterations
2026-08-02 00:21:18 | INFO     | co2_forecast |   Iteration 0: Best fitness = 0.616016
2026-08-02 00:21:18 | INFO     | co2_forecast |   Iteration 5: Best fitness = 0.585586
2026-08-02 00:21:18 | INFO     | co2_forecast |   Iteration 7: Best fitness = 0.583914
2026-08-02 00:21:18 | INFO     | co2_forecast | PSO complete. Best fitness: 0.583914
2026-08-02 00:21:18 | INFO     | co2_forecast |   Best params: {'alpha': 90.50960635546917}
2026-08-02 00:21:18 | INFO     | co2_forecast |   Best fitness: 0.583914
2026-08-02 00:21:18 | INFO     | co2_forecast | [A3/panel2_common_period/fs_xgboost_shap/ridge] sweep tuning: best_params={'alpha': 90.50960635546917}
2026-08-02 00:21:18 | INFO     | co2_forecast |   -> weighted_mase=0.8552300931336236, runtime=0.2s
2026-08-02 00:21:18 | INFO     | co2_forecast | Stream B cell: A3/fs_xgboost_shap/random_forest (6 features)
2026-08-02 00:21:18 | INFO     | co2_forecast | Creating walk-forward splits for 16 valid samples
2026-08-02 00:21:18 | INFO     | co2_forecast | Created 4 CV folds across horizons [1, 2, 4]
2026-08-02 00:21:18 | INFO     | co2_forecast | Built tuning CV plan: 4 folds from 16 rows before 2022-Q%q (evaluation cutoff) - isolation OK (max tuning date 2021-Q%q)
2026-08-02 00:21:18 | INFO     | co2_forecast | Optimizing random_forest...
2026-08-02 00:21:18 | INFO     | co2_forecast | Starting PSO: 5 particles, 8 iterations
2026-08-02 00:21:22 | INFO     | co2_forecast |   Iteration 0: Best fitness = 0.748939
2026-08-02 00:21:39 | INFO     | co2_forecast |   Iteration 5: Best fitness = 0.343283
2026-08-02 00:21:45 | INFO     | co2_forecast |   Iteration 7: Best fitness = 0.342950
2026-08-02 00:21:45 | INFO     | co2_forecast | PSO complete. Best fitness: 0.342950
2026-08-02 00:21:45 | INFO     | co2_forecast |   Best params: {'n_estimators': 100, 'max_depth': 3, 'min_samples_split': 2, 'min_samples_leaf': 1}
2026-08-02 00:21:45 | INFO     | co2_forecast |   Best fitness: 0.342950
2026-08-02 00:21:45 | INFO     | co2_forecast | [A3/panel2_common_period/fs_xgboost_shap/random_forest] sweep tuning: best_params={'n_estimators': 100, 'max_depth': 3, 'min_samples_split': 2, 'min_samples_leaf': 1}
2026-08-02 00:21:47 | INFO     | co2_forecast |   -> weighted_mase=0.6918208146213009, runtime=28.2s
2026-08-02 00:21:47 | INFO     | co2_forecast | Stream B cell: A3/fs_xgboost_shap/lightgbm (6 features)
2026-08-02 00:21:47 | INFO     | co2_forecast | Creating walk-forward splits for 16 valid samples
2026-08-02 00:21:47 | INFO     | co2_forecast | Created 4 CV folds across horizons [1, 2, 4]
2026-08-02 00:21:47 | INFO     | co2_forecast | Built tuning CV plan: 4 folds from 16 rows before 2022-Q%q (evaluation cutoff) - isolation OK (max tuning date 2021-Q%q)
2026-08-02 00:21:47 | INFO     | co2_forecast | Optimizing lightgbm...
2026-08-02 00:21:47 | INFO     | co2_forecast | Starting PSO: 5 particles, 8 iterations
2026-08-02 00:21:47 | INFO     | co2_forecast |   Iteration 0: Best fitness = 0.768990
2026-08-02 00:21:47 | INFO     | co2_forecast |   Iteration 5: Best fitness = 0.677587
2026-08-02 00:21:47 | INFO     | co2_forecast |   Iteration 7: Best fitness = 0.677587
2026-08-02 00:21:47 | INFO     | co2_forecast | PSO complete. Best fitness: 0.677587
2026-08-02 00:21:47 | INFO     | co2_forecast |   Best params: {'n_estimators': 164, 'learning_rate': 0.3, 'num_leaves': 127, 'max_depth': 10, 'min_child_samples': 6, 'reg_alpha': 0.001, 'reg_lambda': 0.001}
2026-08-02 00:21:47 | INFO     | co2_forecast |   Best fitness: 0.677587
2026-08-02 00:21:47 | INFO     | co2_forecast | [A3/panel2_common_period/fs_xgboost_shap/lightgbm] sweep tuning: best_params={'n_estimators': 164, 'learning_rate': 0.3, 'num_leaves': 127, 'max_depth': 10, 'min_child_samples': 6, 'reg_alpha': 0.001, 'reg_lambda': 0.001}
2026-08-02 00:21:47 | INFO     | co2_forecast |   -> weighted_mase=0.771323280394931, runtime=0.9s
2026-08-02 00:21:47 | INFO     | co2_forecast | Stream B cell: A3/fs_xgboost_shap/catboost (6 features)
2026-08-02 00:21:47 | INFO     | co2_forecast | Creating walk-forward splits for 16 valid samples
2026-08-02 00:21:47 | INFO     | co2_forecast | Created 4 CV folds across horizons [1, 2, 4]
2026-08-02 00:21:47 | INFO     | co2_forecast | Built tuning CV plan: 4 folds from 16 rows before 2022-Q%q (evaluation cutoff) - isolation OK (max tuning date 2021-Q%q)
2026-08-02 00:21:47 | INFO     | co2_forecast | Optimizing catboost...
2026-08-02 00:21:47 | INFO     | co2_forecast | Starting PSO: 5 particles, 8 iterations
2026-08-02 00:22:15 | INFO     | co2_forecast |   Iteration 0: Best fitness = 0.386676
2026-08-02 00:24:29 | INFO     | co2_forecast |   Iteration 5: Best fitness = 0.371434
2026-08-02 00:25:34 | INFO     | co2_forecast |   Iteration 7: Best fitness = 0.371434
2026-08-02 00:25:34 | INFO     | co2_forecast | PSO complete. Best fitness: 0.371434
2026-08-02 00:25:34 | INFO     | co2_forecast |   Best params: {'iterations': 270, 'learning_rate': 0.1669662813370261, 'depth': 3, 'l2_leaf_reg': 8.677720325940887}
2026-08-02 00:25:34 | INFO     | co2_forecast |   Best fitness: 0.371434
2026-08-02 00:25:34 | INFO     | co2_forecast | [A3/panel2_common_period/fs_xgboost_shap/catboost] sweep tuning: best_params={'iterations': 270, 'learning_rate': 0.1669662813370261, 'depth': 3, 'l2_leaf_reg': 8.677720325940887}
2026-08-02 00:25:45 | INFO     | co2_forecast |   -> weighted_mase=0.6561198610772855, runtime=238.0s
2026-08-02 00:25:45 | INFO     | co2_forecast | Stream B cell: A3/fs_xgboost_shap/lstm (6 features)
2026-08-02 00:25:45 | INFO     | co2_forecast | Creating walk-forward splits for 16 valid samples
2026-08-02 00:25:45 | INFO     | co2_forecast | Created 4 CV folds across horizons [1, 2, 4]
2026-08-02 00:25:45 | INFO     | co2_forecast | Built tuning CV plan: 4 folds from 16 rows before 2022-Q%q (evaluation cutoff) - isolation OK (max tuning date 2021-Q%q)
2026-08-02 00:25:45 | INFO     | co2_forecast | Optimizing lstm...
2026-08-02 00:25:45 | INFO     | co2_forecast | Starting PSO: 5 particles, 8 iterations
2026-08-02 00:25:45 | WARNING  | co2_forecast | Model training failed with params {'lookback': 7, 'hidden_size': 62, 'num_layers': 2, 'dropout': 0.3394633936788146, 'learning_rate': 0.0016445845403801217, 'batch_size': 8}: LSTM.fit: training data has 8 rows, giving only 1 sequence(s) with lookback=7; at least 2 are required (one is always reserved for validation). Reduce lookback or provide more training history.
2026-08-02 00:25:45 | WARNING  | co2_forecast | Model training failed with params {'lookback': 11, 'hidden_size': 26, 'num_layers': 1, 'dropout': 0.17336180394137352, 'learning_rate': 0.0031119982052994237, 'batch_size': 16}: LSTM.fit: training data has 8 rows, giving only 0 sequence(s) with lookback=11; at least 2 are required (one is always reserved for validation). Reduce lookback or provide more training history.
2026-08-02 00:25:45 | WARNING  | co2_forecast | Model training failed with params {'lookback': 8, 'hidden_size': 54, 'num_layers': 1, 'dropout': 0.3056937753654446, 'learning_rate': 0.005964904231734221, 'batch_size': 8}: LSTM.fit: training data has 8 rows, giving only 0 sequence(s) with lookback=8; at least 2 are required (one is always reserved for validation). Reduce lookback or provide more training history.
2026-08-02 00:25:45 | WARNING  | co2_forecast | Very few sequences (2), LSTM may not train well
2026-08-02 00:25:46 | WARNING  | co2_forecast | Very few sequences (6), LSTM may not train well
2026-08-02 00:25:46 | WARNING  | co2_forecast | Very few sequences (2), LSTM may not train well
2026-08-02 00:25:46 | WARNING  | co2_forecast | Very few sequences (2), LSTM may not train well
2026-08-02 00:25:46 | WARNING  | co2_forecast | Model training failed with params {'lookback': 8, 'hidden_size': 25, 'num_layers': 2, 'dropout': 0.4100531293444458, 'learning_rate': 0.009401039521485473, 'batch_size': 32}: LSTM.fit: training data has 8 rows, giving only 0 sequence(s) with lookback=8; at least 2 are required (one is always reserved for validation). Reduce lookback or provide more training history.
2026-08-02 00:25:46 | INFO     | co2_forecast |   Iteration 0: Best fitness = 1.102015
2026-08-02 00:25:46 | WARNING  | co2_forecast | Very few sequences (3), LSTM may not train well
2026-08-02 00:25:46 | WARNING  | co2_forecast | Very few sequences (7), LSTM may not train well
2026-08-02 00:25:46 | WARNING  | co2_forecast | Very few sequences (3), LSTM may not train well
2026-08-02 00:25:47 | WARNING  | co2_forecast | Very few sequences (3), LSTM may not train well
2026-08-02 00:25:47 | WARNING  | co2_forecast | Very few sequences (2), LSTM may not train well
2026-08-02 00:25:47 | WARNING  | co2_forecast | Very few sequences (6), LSTM may not train well
2026-08-02 00:25:48 | WARNING  | co2_forecast | Very few sequences (2), LSTM may not train well
2026-08-02 00:25:48 | WARNING  | co2_forecast | Very few sequences (2), LSTM may not train well
2026-08-02 00:25:48 | WARNING  | co2_forecast | Model training failed with params {'lookback': 8, 'hidden_size': 44, 'num_layers': 1, 'dropout': 0.3238975389966341, 'learning_rate': 0.005520634690128072, 'batch_size': 8}: LSTM.fit: training data has 8 rows, giving only 0 sequence(s) with lookback=8; at least 2 are required (one is always reserved for validation). Reduce lookback or provide more training history.
2026-08-02 00:25:48 | WARNING  | co2_forecast | Very few sequences (3), LSTM may not train well
2026-08-02 00:25:48 | WARNING  | co2_forecast | Very few sequences (7), LSTM may not train well
2026-08-02 00:25:49 | WARNING  | co2_forecast | Very few sequences (3), LSTM may not train well
2026-08-02 00:25:49 | WARNING  | co2_forecast | Very few sequences (3), LSTM may not train well
2026-08-02 00:25:49 | WARNING  | co2_forecast | Very few sequences (2), LSTM may not train well
2026-08-02 00:25:49 | WARNING  | co2_forecast | Very few sequences (6), LSTM may not train well
2026-08-02 00:25:50 | WARNING  | co2_forecast | Very few sequences (2), LSTM may not train well
2026-08-02 00:25:51 | WARNING  | co2_forecast | Very few sequences (2), LSTM may not train well
2026-08-02 00:25:51 | WARNING  | co2_forecast | Very few sequences (4), LSTM may not train well
2026-08-02 00:25:51 | WARNING  | co2_forecast | Very few sequences (8), LSTM may not train well
2026-08-02 00:25:52 | WARNING  | co2_forecast | Very few sequences (4), LSTM may not train well
2026-08-02 00:25:52 | WARNING  | co2_forecast | Very few sequences (4), LSTM may not train well
2026-08-02 00:25:52 | WARNING  | co2_forecast | Very few sequences (4), LSTM may not train well
2026-08-02 00:25:52 | WARNING  | co2_forecast | Very few sequences (8), LSTM may not train well
2026-08-02 00:25:53 | WARNING  | co2_forecast | Very few sequences (4), LSTM may not train well
2026-08-02 00:25:53 | WARNING  | co2_forecast | Very few sequences (4), LSTM may not train well
2026-08-02 00:25:53 | WARNING  | co2_forecast | Model training failed with params {'lookback': 7, 'hidden_size': 33, 'num_layers': 1, 'dropout': 0.3174646446740698, 'learning_rate': 0.004142028037008457, 'batch_size': 16}: LSTM.fit: training data has 8 rows, giving only 1 sequence(s) with lookback=7; at least 2 are required (one is always reserved for validation). Reduce lookback or provide more training history.
2026-08-02 00:25:53 | WARNING  | co2_forecast | Very few sequences (3), LSTM may not train well
2026-08-02 00:25:53 | WARNING  | co2_forecast | Very few sequences (7), LSTM may not train well
2026-08-02 00:25:53 | WARNING  | co2_forecast | Very few sequences (3), LSTM may not train well
2026-08-02 00:25:54 | WARNING  | co2_forecast | Very few sequences (3), LSTM may not train well
2026-08-02 00:25:54 | WARNING  | co2_forecast | Very few sequences (4), LSTM may not train well
2026-08-02 00:25:54 | WARNING  | co2_forecast | Very few sequences (8), LSTM may not train well
2026-08-02 00:25:55 | WARNING  | co2_forecast | Very few sequences (4), LSTM may not train well
2026-08-02 00:25:55 | WARNING  | co2_forecast | Very few sequences (4), LSTM may not train well
2026-08-02 00:25:55 | WARNING  | co2_forecast | Very few sequences (3), LSTM may not train well
2026-08-02 00:25:55 | WARNING  | co2_forecast | Very few sequences (7), LSTM may not train well
2026-08-02 00:25:55 | WARNING  | co2_forecast | Very few sequences (3), LSTM may not train well
2026-08-02 00:25:56 | WARNING  | co2_forecast | Very few sequences (3), LSTM may not train well
2026-08-02 00:25:56 | WARNING  | co2_forecast | Very few sequences (4), LSTM may not train well
2026-08-02 00:25:56 | WARNING  | co2_forecast | Very few sequences (8), LSTM may not train well
2026-08-02 00:25:57 | WARNING  | co2_forecast | Very few sequences (4), LSTM may not train well
2026-08-02 00:25:57 | WARNING  | co2_forecast | Very few sequences (4), LSTM may not train well
2026-08-02 00:25:57 | WARNING  | co2_forecast | Very few sequences (2), LSTM may not train well
2026-08-02 00:25:57 | WARNING  | co2_forecast | Very few sequences (6), LSTM may not train well
2026-08-02 00:25:57 | WARNING  | co2_forecast | Very few sequences (2), LSTM may not train well
2026-08-02 00:25:58 | WARNING  | co2_forecast | Very few sequences (2), LSTM may not train well
2026-08-02 00:25:58 | WARNING  | co2_forecast | Very few sequences (3), LSTM may not train well
2026-08-02 00:25:58 | WARNING  | co2_forecast | Very few sequences (7), LSTM may not train well
2026-08-02 00:25:58 | WARNING  | co2_forecast | Very few sequences (3), LSTM may not train well
2026-08-02 00:25:59 | WARNING  | co2_forecast | Very few sequences (3), LSTM may not train well
2026-08-02 00:25:59 | WARNING  | co2_forecast | Very few sequences (4), LSTM may not train well
2026-08-02 00:25:59 | WARNING  | co2_forecast | Very few sequences (8), LSTM may not train well
2026-08-02 00:25:59 | WARNING  | co2_forecast | Very few sequences (4), LSTM may not train well
2026-08-02 00:26:00 | WARNING  | co2_forecast | Very few sequences (4), LSTM may not train well
2026-08-02 00:26:00 | WARNING  | co2_forecast | Very few sequences (3), LSTM may not train well
2026-08-02 00:26:00 | WARNING  | co2_forecast | Very few sequences (7), LSTM may not train well
2026-08-02 00:26:00 | WARNING  | co2_forecast | Very few sequences (3), LSTM may not train well
2026-08-02 00:26:01 | WARNING  | co2_forecast | Very few sequences (3), LSTM may not train well
2026-08-02 00:26:01 | WARNING  | co2_forecast | Very few sequences (4), LSTM may not train well
2026-08-02 00:26:01 | WARNING  | co2_forecast | Very few sequences (8), LSTM may not train well
2026-08-02 00:26:01 | WARNING  | co2_forecast | Very few sequences (4), LSTM may not train well
2026-08-02 00:26:01 | WARNING  | co2_forecast | Very few sequences (4), LSTM may not train well
2026-08-02 00:26:02 | WARNING  | co2_forecast | Very few sequences (3), LSTM may not train well
2026-08-02 00:26:02 | WARNING  | co2_forecast | Very few sequences (7), LSTM may not train well
2026-08-02 00:26:02 | WARNING  | co2_forecast | Very few sequences (3), LSTM may not train well
2026-08-02 00:26:03 | WARNING  | co2_forecast | Very few sequences (3), LSTM may not train well
2026-08-02 00:26:03 | WARNING  | co2_forecast | Very few sequences (3), LSTM may not train well
2026-08-02 00:26:03 | WARNING  | co2_forecast | Very few sequences (7), LSTM may not train well
2026-08-02 00:26:03 | WARNING  | co2_forecast | Very few sequences (3), LSTM may not train well
2026-08-02 00:26:04 | WARNING  | co2_forecast | Very few sequences (3), LSTM may not train well
2026-08-02 00:26:04 | WARNING  | co2_forecast | Very few sequences (3), LSTM may not train well
2026-08-02 00:26:04 | WARNING  | co2_forecast | Very few sequences (7), LSTM may not train well
2026-08-02 00:26:04 | WARNING  | co2_forecast | Very few sequences (3), LSTM may not train well
2026-08-02 00:26:05 | WARNING  | co2_forecast | Very few sequences (3), LSTM may not train well
2026-08-02 00:26:05 | WARNING  | co2_forecast | Very few sequences (3), LSTM may not train well
2026-08-02 00:26:05 | WARNING  | co2_forecast | Very few sequences (7), LSTM may not train well
2026-08-02 00:26:05 | WARNING  | co2_forecast | Very few sequences (3), LSTM may not train well
2026-08-02 00:26:06 | WARNING  | co2_forecast | Very few sequences (3), LSTM may not train well
2026-08-02 00:26:06 | WARNING  | co2_forecast | Very few sequences (3), LSTM may not train well
2026-08-02 00:26:06 | WARNING  | co2_forecast | Very few sequences (7), LSTM may not train well
2026-08-02 00:26:06 | WARNING  | co2_forecast | Very few sequences (3), LSTM may not train well
2026-08-02 00:26:07 | WARNING  | co2_forecast | Very few sequences (3), LSTM may not train well
2026-08-02 00:26:07 | WARNING  | co2_forecast | Very few sequences (3), LSTM may not train well
2026-08-02 00:26:07 | WARNING  | co2_forecast | Very few sequences (7), LSTM may not train well
2026-08-02 00:26:07 | WARNING  | co2_forecast | Very few sequences (3), LSTM may not train well
2026-08-02 00:26:08 | WARNING  | co2_forecast | Very few sequences (3), LSTM may not train well
2026-08-02 00:26:08 | WARNING  | co2_forecast | Very few sequences (3), LSTM may not train well
2026-08-02 00:26:08 | WARNING  | co2_forecast | Very few sequences (7), LSTM may not train well
2026-08-02 00:26:08 | WARNING  | co2_forecast | Very few sequences (3), LSTM may not train well
2026-08-02 00:26:08 | WARNING  | co2_forecast | Very few sequences (3), LSTM may not train well
2026-08-02 00:26:09 | WARNING  | co2_forecast | Very few sequences (3), LSTM may not train well
2026-08-02 00:26:09 | WARNING  | co2_forecast | Very few sequences (7), LSTM may not train well
2026-08-02 00:26:09 | WARNING  | co2_forecast | Very few sequences (3), LSTM may not train well
2026-08-02 00:26:09 | WARNING  | co2_forecast | Very few sequences (3), LSTM may not train well
2026-08-02 00:26:10 | INFO     | co2_forecast |   Iteration 5: Best fitness = 0.756707
2026-08-02 00:26:10 | WARNING  | co2_forecast | Very few sequences (3), LSTM may not train well
2026-08-02 00:26:10 | WARNING  | co2_forecast | Very few sequences (7), LSTM may not train well
2026-08-02 00:26:10 | WARNING  | co2_forecast | Very few sequences (3), LSTM may not train well
2026-08-02 00:26:10 | WARNING  | co2_forecast | Very few sequences (3), LSTM may not train well
2026-08-02 00:26:10 | WARNING  | co2_forecast | Very few sequences (3), LSTM may not train well
2026-08-02 00:26:10 | WARNING  | co2_forecast | Very few sequences (7), LSTM may not train well
2026-08-02 00:26:11 | WARNING  | co2_forecast | Very few sequences (3), LSTM may not train well
2026-08-02 00:26:11 | WARNING  | co2_forecast | Very few sequences (3), LSTM may not train well
2026-08-02 00:26:11 | WARNING  | co2_forecast | Very few sequences (3), LSTM may not train well
2026-08-02 00:26:11 | WARNING  | co2_forecast | Very few sequences (7), LSTM may not train well
2026-08-02 00:26:12 | WARNING  | co2_forecast | Very few sequences (3), LSTM may not train well
2026-08-02 00:26:12 | WARNING  | co2_forecast | Very few sequences (3), LSTM may not train well
2026-08-02 00:26:12 | WARNING  | co2_forecast | Very few sequences (3), LSTM may not train well
2026-08-02 00:26:13 | WARNING  | co2_forecast | Very few sequences (7), LSTM may not train well
2026-08-02 00:26:13 | WARNING  | co2_forecast | Very few sequences (3), LSTM may not train well
2026-08-02 00:26:13 | WARNING  | co2_forecast | Very few sequences (3), LSTM may not train well
2026-08-02 00:26:13 | WARNING  | co2_forecast | Very few sequences (3), LSTM may not train well
2026-08-02 00:26:14 | WARNING  | co2_forecast | Very few sequences (7), LSTM may not train well
2026-08-02 00:26:14 | WARNING  | co2_forecast | Very few sequences (3), LSTM may not train well
2026-08-02 00:26:14 | WARNING  | co2_forecast | Very few sequences (3), LSTM may not train well
2026-08-02 00:26:15 | WARNING  | co2_forecast | Very few sequences (3), LSTM may not train well
2026-08-02 00:26:15 | WARNING  | co2_forecast | Very few sequences (7), LSTM may not train well
2026-08-02 00:26:15 | WARNING  | co2_forecast | Very few sequences (3), LSTM may not train well
2026-08-02 00:26:15 | WARNING  | co2_forecast | Very few sequences (3), LSTM may not train well
2026-08-02 00:26:16 | WARNING  | co2_forecast | Very few sequences (3), LSTM may not train well
2026-08-02 00:26:16 | WARNING  | co2_forecast | Very few sequences (7), LSTM may not train well
2026-08-02 00:26:16 | WARNING  | co2_forecast | Very few sequences (3), LSTM may not train well
2026-08-02 00:26:16 | WARNING  | co2_forecast | Very few sequences (3), LSTM may not train well
2026-08-02 00:26:16 | WARNING  | co2_forecast | Very few sequences (3), LSTM may not train well
2026-08-02 00:26:17 | WARNING  | co2_forecast | Very few sequences (7), LSTM may not train well
2026-08-02 00:26:17 | WARNING  | co2_forecast | Very few sequences (3), LSTM may not train well
2026-08-02 00:26:17 | WARNING  | co2_forecast | Very few sequences (3), LSTM may not train well
2026-08-02 00:26:18 | WARNING  | co2_forecast | Very few sequences (3), LSTM may not train well
2026-08-02 00:26:18 | WARNING  | co2_forecast | Very few sequences (7), LSTM may not train well
2026-08-02 00:26:18 | WARNING  | co2_forecast | Very few sequences (3), LSTM may not train well
2026-08-02 00:26:18 | WARNING  | co2_forecast | Very few sequences (3), LSTM may not train well
2026-08-02 00:26:19 | WARNING  | co2_forecast | Very few sequences (3), LSTM may not train well
2026-08-02 00:26:19 | WARNING  | co2_forecast | Very few sequences (7), LSTM may not train well
2026-08-02 00:26:19 | WARNING  | co2_forecast | Very few sequences (3), LSTM may not train well
2026-08-02 00:26:20 | WARNING  | co2_forecast | Very few sequences (3), LSTM may not train well
2026-08-02 00:26:20 | INFO     | co2_forecast |   Iteration 7: Best fitness = 0.756680
2026-08-02 00:26:20 | INFO     | co2_forecast | PSO complete. Best fitness: 0.756680
2026-08-02 00:26:20 | INFO     | co2_forecast |   Best params: {'lookback': 5, 'hidden_size': 16, 'num_layers': 2, 'dropout': 0.35685850964720783, 'learning_rate': 0.0001, 'batch_size': 32}
2026-08-02 00:26:20 | INFO     | co2_forecast |   Best fitness: 0.756680
2026-08-02 00:26:20 | INFO     | co2_forecast | [A3/panel2_common_period/fs_xgboost_shap/lstm] sweep tuning: best_params={'lookback': 5, 'hidden_size': 16, 'num_layers': 2, 'dropout': 0.35685850964720783, 'learning_rate': 0.0001, 'batch_size': 32}
2026-08-02 00:26:24 | INFO     | co2_forecast |   -> weighted_mase=1.0246901429185267, runtime=38.5s
2026-08-02 00:26:24 | INFO     | co2_forecast | Stream B cell: A3/fs_permutation_stability/ridge (5 features)
2026-08-02 00:26:24 | INFO     | co2_forecast | Creating walk-forward splits for 16 valid samples
2026-08-02 00:26:24 | INFO     | co2_forecast | Created 4 CV folds across horizons [1, 2, 4]
2026-08-02 00:26:24 | INFO     | co2_forecast | Built tuning CV plan: 4 folds from 16 rows before 2022-Q%q (evaluation cutoff) - isolation OK (max tuning date 2021-Q%q)
2026-08-02 00:26:24 | INFO     | co2_forecast | Optimizing ridge...
2026-08-02 00:26:24 | INFO     | co2_forecast | Starting PSO: 5 particles, 8 iterations
2026-08-02 00:26:24 | INFO     | co2_forecast |   Iteration 0: Best fitness = 0.687774
2026-08-02 00:26:24 | INFO     | co2_forecast |   Iteration 5: Best fitness = 0.677851
2026-08-02 00:26:24 | INFO     | co2_forecast |   Iteration 7: Best fitness = 0.677851
2026-08-02 00:26:24 | INFO     | co2_forecast | PSO complete. Best fitness: 0.677851
2026-08-02 00:26:24 | INFO     | co2_forecast |   Best params: {'alpha': 27.34847947955912}
2026-08-02 00:26:24 | INFO     | co2_forecast |   Best fitness: 0.677851
2026-08-02 00:26:24 | INFO     | co2_forecast | [A3/panel2_common_period/fs_permutation_stability/ridge] sweep tuning: best_params={'alpha': 27.34847947955912}
2026-08-02 00:26:24 | INFO     | co2_forecast |   -> weighted_mase=0.9653088456422252, runtime=0.2s
2026-08-02 00:26:24 | INFO     | co2_forecast | Stream B cell: A3/fs_permutation_stability/random_forest (5 features)
2026-08-02 00:26:24 | INFO     | co2_forecast | Creating walk-forward splits for 16 valid samples
2026-08-02 00:26:24 | INFO     | co2_forecast | Created 4 CV folds across horizons [1, 2, 4]
2026-08-02 00:26:24 | INFO     | co2_forecast | Built tuning CV plan: 4 folds from 16 rows before 2022-Q%q (evaluation cutoff) - isolation OK (max tuning date 2021-Q%q)
2026-08-02 00:26:24 | INFO     | co2_forecast | Optimizing random_forest...
2026-08-02 00:26:24 | INFO     | co2_forecast | Starting PSO: 5 particles, 8 iterations
2026-08-02 00:26:28 | INFO     | co2_forecast |   Iteration 0: Best fitness = 0.771606
2026-08-02 00:26:41 | INFO     | co2_forecast |   Iteration 5: Best fitness = 0.769627
2026-08-02 00:26:46 | INFO     | co2_forecast |   Iteration 7: Best fitness = 0.768515
2026-08-02 00:26:46 | INFO     | co2_forecast | PSO complete. Best fitness: 0.768515
2026-08-02 00:26:46 | INFO     | co2_forecast |   Best params: {'n_estimators': 75, 'max_depth': 17, 'min_samples_split': 16, 'min_samples_leaf': 7}
2026-08-02 00:26:46 | INFO     | co2_forecast |   Best fitness: 0.768515
2026-08-02 00:26:46 | INFO     | co2_forecast | [A3/panel2_common_period/fs_permutation_stability/random_forest] sweep tuning: best_params={'n_estimators': 75, 'max_depth': 17, 'min_samples_split': 16, 'min_samples_leaf': 7}
2026-08-02 00:26:46 | INFO     | co2_forecast |   -> weighted_mase=1.0455294722103112, runtime=22.4s
2026-08-02 00:26:46 | INFO     | co2_forecast | Stream B cell: A3/fs_permutation_stability/lightgbm (5 features)
2026-08-02 00:26:46 | INFO     | co2_forecast | Creating walk-forward splits for 16 valid samples
2026-08-02 00:26:46 | INFO     | co2_forecast | Created 4 CV folds across horizons [1, 2, 4]
2026-08-02 00:26:46 | INFO     | co2_forecast | Built tuning CV plan: 4 folds from 16 rows before 2022-Q%q (evaluation cutoff) - isolation OK (max tuning date 2021-Q%q)
2026-08-02 00:26:46 | INFO     | co2_forecast | Optimizing lightgbm...
2026-08-02 00:26:46 | INFO     | co2_forecast | Starting PSO: 5 particles, 8 iterations
2026-08-02 00:26:47 | INFO     | co2_forecast |   Iteration 0: Best fitness = 0.768990
2026-08-02 00:26:47 | INFO     | co2_forecast |   Iteration 5: Best fitness = 0.768990
2026-08-02 00:26:47 | INFO     | co2_forecast |   Iteration 7: Best fitness = 0.768990
2026-08-02 00:26:47 | INFO     | co2_forecast | PSO complete. Best fitness: 0.768990
2026-08-02 00:26:47 | INFO     | co2_forecast |   Best params: {'n_estimators': 144, 'learning_rate': 0.28570714885887566, 'num_leaves': 97, 'max_depth': 10, 'min_child_samples': 12, 'reg_alpha': 1.5607892088416901, 'reg_lambda': 0.5817780380698264}
2026-08-02 00:26:47 | INFO     | co2_forecast |   Best fitness: 0.768990
2026-08-02 00:26:47 | INFO     | co2_forecast | [A3/panel2_common_period/fs_permutation_stability/lightgbm] sweep tuning: best_params={'n_estimators': 144, 'learning_rate': 0.28570714885887566, 'num_leaves': 97, 'max_depth': 10, 'min_child_samples': 12, 'reg_alpha': 1.5607892088416901, 'reg_lambda': 0.5817780380698264}
2026-08-02 00:26:47 | INFO     | co2_forecast |   -> weighted_mase=1.0410666416960128, runtime=0.7s
2026-08-02 00:26:47 | INFO     | co2_forecast | Stream B cell: A3/fs_permutation_stability/catboost (5 features)
2026-08-02 00:26:47 | INFO     | co2_forecast | Creating walk-forward splits for 16 valid samples
2026-08-02 00:26:47 | INFO     | co2_forecast | Created 4 CV folds across horizons [1, 2, 4]
2026-08-02 00:26:47 | INFO     | co2_forecast | Built tuning CV plan: 4 folds from 16 rows before 2022-Q%q (evaluation cutoff) - isolation OK (max tuning date 2021-Q%q)
2026-08-02 00:26:47 | INFO     | co2_forecast | Optimizing catboost...
2026-08-02 00:26:47 | INFO     | co2_forecast | Starting PSO: 5 particles, 8 iterations
2026-08-02 00:27:15 | INFO     | co2_forecast |   Iteration 0: Best fitness = 0.651913
2026-08-02 00:29:37 | INFO     | co2_forecast |   Iteration 5: Best fitness = 0.544334
2026-08-02 00:30:32 | INFO     | co2_forecast |   Iteration 7: Best fitness = 0.543045
2026-08-02 00:30:32 | INFO     | co2_forecast | PSO complete. Best fitness: 0.543045
2026-08-02 00:30:32 | INFO     | co2_forecast |   Best params: {'iterations': 91, 'learning_rate': 0.3, 'depth': 10, 'l2_leaf_reg': 1.796952963965336}
2026-08-02 00:30:32 | INFO     | co2_forecast |   Best fitness: 0.543045
2026-08-02 00:30:32 | INFO     | co2_forecast | [A3/panel2_common_period/fs_permutation_stability/catboost] sweep tuning: best_params={'iterations': 91, 'learning_rate': 0.3, 'depth': 10, 'l2_leaf_reg': 1.796952963965336}
2026-08-02 00:30:45 | INFO     | co2_forecast |   -> weighted_mase=1.1203442598789835, runtime=237.4s
2026-08-02 00:30:45 | INFO     | co2_forecast | Stream B cell: A3/fs_permutation_stability/lstm (5 features)
2026-08-02 00:30:45 | INFO     | co2_forecast | Creating walk-forward splits for 16 valid samples
2026-08-02 00:30:45 | INFO     | co2_forecast | Created 4 CV folds across horizons [1, 2, 4]
2026-08-02 00:30:45 | INFO     | co2_forecast | Built tuning CV plan: 4 folds from 16 rows before 2022-Q%q (evaluation cutoff) - isolation OK (max tuning date 2021-Q%q)
2026-08-02 00:30:45 | INFO     | co2_forecast | Optimizing lstm...
2026-08-02 00:30:45 | INFO     | co2_forecast | Starting PSO: 5 particles, 8 iterations
2026-08-02 00:30:45 | WARNING  | co2_forecast | Model training failed with params {'lookback': 7, 'hidden_size': 62, 'num_layers': 2, 'dropout': 0.3394633936788146, 'learning_rate': 0.0016445845403801217, 'batch_size': 8}: LSTM.fit: training data has 8 rows, giving only 1 sequence(s) with lookback=7; at least 2 are required (one is always reserved for validation). Reduce lookback or provide more training history.
2026-08-02 00:30:45 | WARNING  | co2_forecast | Model training failed with params {'lookback': 11, 'hidden_size': 26, 'num_layers': 1, 'dropout': 0.17336180394137352, 'learning_rate': 0.0031119982052994237, 'batch_size': 16}: LSTM.fit: training data has 8 rows, giving only 0 sequence(s) with lookback=11; at least 2 are required (one is always reserved for validation). Reduce lookback or provide more training history.
2026-08-02 00:30:45 | WARNING  | co2_forecast | Model training failed with params {'lookback': 8, 'hidden_size': 54, 'num_layers': 1, 'dropout': 0.3056937753654446, 'learning_rate': 0.005964904231734221, 'batch_size': 8}: LSTM.fit: training data has 8 rows, giving only 0 sequence(s) with lookback=8; at least 2 are required (one is always reserved for validation). Reduce lookback or provide more training history.
2026-08-02 00:30:45 | WARNING  | co2_forecast | Very few sequences (2), LSTM may not train well
2026-08-02 00:30:45 | WARNING  | co2_forecast | Very few sequences (6), LSTM may not train well
2026-08-02 00:30:45 | WARNING  | co2_forecast | Very few sequences (2), LSTM may not train well
2026-08-02 00:30:45 | WARNING  | co2_forecast | Very few sequences (2), LSTM may not train well
2026-08-02 00:30:45 | WARNING  | co2_forecast | Model training failed with params {'lookback': 8, 'hidden_size': 25, 'num_layers': 2, 'dropout': 0.4100531293444458, 'learning_rate': 0.009401039521485473, 'batch_size': 32}: LSTM.fit: training data has 8 rows, giving only 0 sequence(s) with lookback=8; at least 2 are required (one is always reserved for validation). Reduce lookback or provide more training history.
2026-08-02 00:30:45 | INFO     | co2_forecast |   Iteration 0: Best fitness = 0.940479
2026-08-02 00:30:45 | WARNING  | co2_forecast | Very few sequences (3), LSTM may not train well
2026-08-02 00:30:45 | WARNING  | co2_forecast | Very few sequences (7), LSTM may not train well
2026-08-02 00:30:46 | WARNING  | co2_forecast | Very few sequences (3), LSTM may not train well
2026-08-02 00:30:46 | WARNING  | co2_forecast | Very few sequences (3), LSTM may not train well
2026-08-02 00:30:46 | WARNING  | co2_forecast | Very few sequences (2), LSTM may not train well
2026-08-02 00:30:46 | WARNING  | co2_forecast | Very few sequences (6), LSTM may not train well
2026-08-02 00:30:47 | WARNING  | co2_forecast | Very few sequences (2), LSTM may not train well
2026-08-02 00:30:47 | WARNING  | co2_forecast | Very few sequences (2), LSTM may not train well
2026-08-02 00:30:47 | WARNING  | co2_forecast | Model training failed with params {'lookback': 8, 'hidden_size': 44, 'num_layers': 1, 'dropout': 0.3238975389966341, 'learning_rate': 0.005520634690128072, 'batch_size': 8}: LSTM.fit: training data has 8 rows, giving only 0 sequence(s) with lookback=8; at least 2 are required (one is always reserved for validation). Reduce lookback or provide more training history.
2026-08-02 00:30:47 | WARNING  | co2_forecast | Very few sequences (3), LSTM may not train well
2026-08-02 00:30:47 | WARNING  | co2_forecast | Very few sequences (7), LSTM may not train well
2026-08-02 00:30:47 | WARNING  | co2_forecast | Very few sequences (3), LSTM may not train well
2026-08-02 00:30:48 | WARNING  | co2_forecast | Very few sequences (3), LSTM may not train well
2026-08-02 00:30:48 | WARNING  | co2_forecast | Very few sequences (2), LSTM may not train well
2026-08-02 00:30:48 | WARNING  | co2_forecast | Very few sequences (6), LSTM may not train well
2026-08-02 00:30:49 | WARNING  | co2_forecast | Very few sequences (2), LSTM may not train well
2026-08-02 00:30:50 | WARNING  | co2_forecast | Very few sequences (2), LSTM may not train well
2026-08-02 00:30:50 | WARNING  | co2_forecast | Very few sequences (3), LSTM may not train well
2026-08-02 00:30:50 | WARNING  | co2_forecast | Very few sequences (7), LSTM may not train well
2026-08-02 00:30:51 | WARNING  | co2_forecast | Very few sequences (3), LSTM may not train well
2026-08-02 00:30:51 | WARNING  | co2_forecast | Very few sequences (3), LSTM may not train well
2026-08-02 00:30:51 | WARNING  | co2_forecast | Very few sequences (4), LSTM may not train well
2026-08-02 00:30:51 | WARNING  | co2_forecast | Very few sequences (8), LSTM may not train well
2026-08-02 00:30:52 | WARNING  | co2_forecast | Very few sequences (4), LSTM may not train well
2026-08-02 00:30:53 | WARNING  | co2_forecast | Very few sequences (4), LSTM may not train well
2026-08-02 00:30:53 | WARNING  | co2_forecast | Model training failed with params {'lookback': 7, 'hidden_size': 35, 'num_layers': 1, 'dropout': 0.31512819649180424, 'learning_rate': 0.004065945490368326, 'batch_size': 8}: LSTM.fit: training data has 8 rows, giving only 1 sequence(s) with lookback=7; at least 2 are required (one is always reserved for validation). Reduce lookback or provide more training history.
2026-08-02 00:30:53 | WARNING  | co2_forecast | Very few sequences (2), LSTM may not train well
2026-08-02 00:30:53 | WARNING  | co2_forecast | Very few sequences (6), LSTM may not train well
2026-08-02 00:30:54 | WARNING  | co2_forecast | Very few sequences (2), LSTM may not train well
2026-08-02 00:30:55 | WARNING  | co2_forecast | Very few sequences (2), LSTM may not train well
2026-08-02 00:30:55 | WARNING  | co2_forecast | Very few sequences (3), LSTM may not train well
2026-08-02 00:30:55 | WARNING  | co2_forecast | Very few sequences (7), LSTM may not train well
2026-08-02 00:30:56 | WARNING  | co2_forecast | Very few sequences (3), LSTM may not train well
2026-08-02 00:30:57 | WARNING  | co2_forecast | Very few sequences (3), LSTM may not train well
2026-08-02 00:30:57 | WARNING  | co2_forecast | Very few sequences (3), LSTM may not train well
2026-08-02 00:30:57 | WARNING  | co2_forecast | Very few sequences (7), LSTM may not train well
2026-08-02 00:30:57 | WARNING  | co2_forecast | Very few sequences (3), LSTM may not train well
2026-08-02 00:30:58 | WARNING  | co2_forecast | Very few sequences (3), LSTM may not train well
2026-08-02 00:30:58 | WARNING  | co2_forecast | Very few sequences (4), LSTM may not train well
2026-08-02 00:30:58 | WARNING  | co2_forecast | Very few sequences (8), LSTM may not train well
2026-08-02 00:30:58 | WARNING  | co2_forecast | Very few sequences (4), LSTM may not train well
2026-08-02 00:30:58 | WARNING  | co2_forecast | Very few sequences (4), LSTM may not train well
2026-08-02 00:30:58 | WARNING  | co2_forecast | Very few sequences (2), LSTM may not train well
2026-08-02 00:30:58 | WARNING  | co2_forecast | Very few sequences (6), LSTM may not train well
2026-08-02 00:30:58 | WARNING  | co2_forecast | Very few sequences (2), LSTM may not train well
2026-08-02 00:30:59 | WARNING  | co2_forecast | Very few sequences (2), LSTM may not train well
2026-08-02 00:30:59 | WARNING  | co2_forecast | Very few sequences (3), LSTM may not train well
2026-08-02 00:30:59 | WARNING  | co2_forecast | Very few sequences (7), LSTM may not train well
2026-08-02 00:30:59 | WARNING  | co2_forecast | Very few sequences (3), LSTM may not train well
2026-08-02 00:31:00 | WARNING  | co2_forecast | Very few sequences (3), LSTM may not train well
2026-08-02 00:31:00 | WARNING  | co2_forecast | Very few sequences (4), LSTM may not train well
2026-08-02 00:31:00 | WARNING  | co2_forecast | Very few sequences (8), LSTM may not train well
2026-08-02 00:31:00 | WARNING  | co2_forecast | Very few sequences (4), LSTM may not train well
2026-08-02 00:31:00 | WARNING  | co2_forecast | Very few sequences (4), LSTM may not train well
2026-08-02 00:31:00 | WARNING  | co2_forecast | Very few sequences (3), LSTM may not train well
2026-08-02 00:31:00 | WARNING  | co2_forecast | Very few sequences (7), LSTM may not train well
2026-08-02 00:31:00 | WARNING  | co2_forecast | Very few sequences (3), LSTM may not train well
2026-08-02 00:31:01 | WARNING  | co2_forecast | Very few sequences (3), LSTM may not train well
2026-08-02 00:31:01 | WARNING  | co2_forecast | Very few sequences (4), LSTM may not train well
2026-08-02 00:31:01 | WARNING  | co2_forecast | Very few sequences (8), LSTM may not train well
2026-08-02 00:31:01 | WARNING  | co2_forecast | Very few sequences (4), LSTM may not train well
2026-08-02 00:31:01 | WARNING  | co2_forecast | Very few sequences (4), LSTM may not train well
2026-08-02 00:31:01 | WARNING  | co2_forecast | Very few sequences (3), LSTM may not train well
2026-08-02 00:31:01 | WARNING  | co2_forecast | Very few sequences (7), LSTM may not train well
2026-08-02 00:31:02 | WARNING  | co2_forecast | Very few sequences (3), LSTM may not train well
2026-08-02 00:31:02 | WARNING  | co2_forecast | Very few sequences (3), LSTM may not train well
2026-08-02 00:31:02 | WARNING  | co2_forecast | Very few sequences (3), LSTM may not train well
2026-08-02 00:31:02 | WARNING  | co2_forecast | Very few sequences (7), LSTM may not train well
2026-08-02 00:31:02 | WARNING  | co2_forecast | Very few sequences (3), LSTM may not train well
2026-08-02 00:31:03 | WARNING  | co2_forecast | Very few sequences (3), LSTM may not train well
2026-08-02 00:31:03 | WARNING  | co2_forecast | Very few sequences (4), LSTM may not train well
2026-08-02 00:31:03 | WARNING  | co2_forecast | Very few sequences (8), LSTM may not train well
2026-08-02 00:31:03 | WARNING  | co2_forecast | Very few sequences (4), LSTM may not train well
2026-08-02 00:31:03 | WARNING  | co2_forecast | Very few sequences (4), LSTM may not train well
2026-08-02 00:31:04 | WARNING  | co2_forecast | Very few sequences (3), LSTM may not train well
2026-08-02 00:31:04 | WARNING  | co2_forecast | Very few sequences (7), LSTM may not train well
2026-08-02 00:31:04 | WARNING  | co2_forecast | Very few sequences (3), LSTM may not train well
2026-08-02 00:31:05 | WARNING  | co2_forecast | Very few sequences (3), LSTM may not train well
2026-08-02 00:31:05 | WARNING  | co2_forecast | Very few sequences (3), LSTM may not train well
2026-08-02 00:31:05 | WARNING  | co2_forecast | Very few sequences (7), LSTM may not train well
2026-08-02 00:31:05 | WARNING  | co2_forecast | Very few sequences (3), LSTM may not train well
2026-08-02 00:31:06 | WARNING  | co2_forecast | Very few sequences (3), LSTM may not train well
2026-08-02 00:31:06 | WARNING  | co2_forecast | Very few sequences (3), LSTM may not train well
2026-08-02 00:31:06 | WARNING  | co2_forecast | Very few sequences (7), LSTM may not train well
2026-08-02 00:31:07 | WARNING  | co2_forecast | Very few sequences (3), LSTM may not train well
2026-08-02 00:31:07 | WARNING  | co2_forecast | Very few sequences (3), LSTM may not train well
2026-08-02 00:31:07 | WARNING  | co2_forecast | Very few sequences (3), LSTM may not train well
2026-08-02 00:31:07 | WARNING  | co2_forecast | Very few sequences (7), LSTM may not train well
2026-08-02 00:31:08 | WARNING  | co2_forecast | Very few sequences (3), LSTM may not train well
2026-08-02 00:31:08 | WARNING  | co2_forecast | Very few sequences (3), LSTM may not train well
2026-08-02 00:31:08 | WARNING  | co2_forecast | Very few sequences (3), LSTM may not train well
2026-08-02 00:31:08 | WARNING  | co2_forecast | Very few sequences (7), LSTM may not train well
2026-08-02 00:31:09 | WARNING  | co2_forecast | Very few sequences (3), LSTM may not train well
2026-08-02 00:31:09 | WARNING  | co2_forecast | Very few sequences (3), LSTM may not train well
2026-08-02 00:31:09 | INFO     | co2_forecast |   Iteration 5: Best fitness = 0.763558
2026-08-02 00:31:09 | WARNING  | co2_forecast | Very few sequences (3), LSTM may not train well
2026-08-02 00:31:09 | WARNING  | co2_forecast | Very few sequences (7), LSTM may not train well
2026-08-02 00:31:09 | WARNING  | co2_forecast | Very few sequences (3), LSTM may not train well
2026-08-02 00:31:10 | WARNING  | co2_forecast | Very few sequences (3), LSTM may not train well
2026-08-02 00:31:10 | WARNING  | co2_forecast | Very few sequences (2), LSTM may not train well
2026-08-02 00:31:10 | WARNING  | co2_forecast | Very few sequences (6), LSTM may not train well
2026-08-02 00:31:11 | WARNING  | co2_forecast | Very few sequences (2), LSTM may not train well
2026-08-02 00:31:12 | WARNING  | co2_forecast | Very few sequences (2), LSTM may not train well
2026-08-02 00:31:13 | WARNING  | co2_forecast | Very few sequences (3), LSTM may not train well
2026-08-02 00:31:13 | WARNING  | co2_forecast | Very few sequences (7), LSTM may not train well
2026-08-02 00:31:13 | WARNING  | co2_forecast | Very few sequences (3), LSTM may not train well
2026-08-02 00:31:14 | WARNING  | co2_forecast | Very few sequences (3), LSTM may not train well
2026-08-02 00:31:14 | WARNING  | co2_forecast | Very few sequences (3), LSTM may not train well
2026-08-02 00:31:14 | WARNING  | co2_forecast | Very few sequences (7), LSTM may not train well
2026-08-02 00:31:14 | WARNING  | co2_forecast | Very few sequences (3), LSTM may not train well
2026-08-02 00:31:15 | WARNING  | co2_forecast | Very few sequences (3), LSTM may not train well
2026-08-02 00:31:15 | WARNING  | co2_forecast | Very few sequences (2), LSTM may not train well
2026-08-02 00:31:15 | WARNING  | co2_forecast | Very few sequences (6), LSTM may not train well
2026-08-02 00:31:15 | WARNING  | co2_forecast | Very few sequences (2), LSTM may not train well
2026-08-02 00:31:16 | WARNING  | co2_forecast | Very few sequences (2), LSTM may not train well
2026-08-02 00:31:17 | WARNING  | co2_forecast | Very few sequences (3), LSTM may not train well
2026-08-02 00:31:17 | WARNING  | co2_forecast | Very few sequences (7), LSTM may not train well
2026-08-02 00:31:17 | WARNING  | co2_forecast | Very few sequences (3), LSTM may not train well
2026-08-02 00:31:18 | WARNING  | co2_forecast | Very few sequences (3), LSTM may not train well
2026-08-02 00:31:18 | WARNING  | co2_forecast | Very few sequences (4), LSTM may not train well
2026-08-02 00:31:18 | WARNING  | co2_forecast | Very few sequences (8), LSTM may not train well
2026-08-02 00:31:18 | WARNING  | co2_forecast | Very few sequences (4), LSTM may not train well
2026-08-02 00:31:18 | WARNING  | co2_forecast | Very few sequences (4), LSTM may not train well
2026-08-02 00:31:18 | WARNING  | co2_forecast | Very few sequences (3), LSTM may not train well
2026-08-02 00:31:18 | WARNING  | co2_forecast | Very few sequences (7), LSTM may not train well
2026-08-02 00:31:18 | WARNING  | co2_forecast | Very few sequences (3), LSTM may not train well
2026-08-02 00:31:19 | WARNING  | co2_forecast | Very few sequences (3), LSTM may not train well
2026-08-02 00:31:19 | WARNING  | co2_forecast | Very few sequences (3), LSTM may not train well
2026-08-02 00:31:19 | WARNING  | co2_forecast | Very few sequences (7), LSTM may not train well
2026-08-02 00:31:19 | WARNING  | co2_forecast | Very few sequences (3), LSTM may not train well
2026-08-02 00:31:20 | WARNING  | co2_forecast | Very few sequences (3), LSTM may not train well
2026-08-02 00:31:20 | WARNING  | co2_forecast | Very few sequences (3), LSTM may not train well
2026-08-02 00:31:21 | WARNING  | co2_forecast | Very few sequences (7), LSTM may not train well
2026-08-02 00:31:21 | WARNING  | co2_forecast | Very few sequences (3), LSTM may not train well
2026-08-02 00:31:22 | WARNING  | co2_forecast | Very few sequences (3), LSTM may not train well
2026-08-02 00:31:22 | INFO     | co2_forecast |   Iteration 7: Best fitness = 0.763558
2026-08-02 00:31:22 | INFO     | co2_forecast | PSO complete. Best fitness: 0.763558
2026-08-02 00:31:22 | INFO     | co2_forecast |   Best params: {'lookback': 5, 'hidden_size': 16, 'num_layers': 2, 'dropout': 0.1, 'learning_rate': 0.0001, 'batch_size': 32}
2026-08-02 00:31:22 | INFO     | co2_forecast |   Best fitness: 0.763558
2026-08-02 00:31:22 | INFO     | co2_forecast | [A3/panel2_common_period/fs_permutation_stability/lstm] sweep tuning: best_params={'lookback': 5, 'hidden_size': 16, 'num_layers': 2, 'dropout': 0.1, 'learning_rate': 0.0001, 'batch_size': 32}
2026-08-02 00:31:26 | INFO     | co2_forecast |   -> weighted_mase=1.0311644477063728, runtime=41.4s
2026-08-02 00:31:26 | INFO     | co2_forecast | Stream B cell: A3/fs_consensus/ridge (11 features)
2026-08-02 00:31:26 | INFO     | co2_forecast | Creating walk-forward splits for 16 valid samples
2026-08-02 00:31:26 | INFO     | co2_forecast | Created 4 CV folds across horizons [1, 2, 4]
2026-08-02 00:31:26 | INFO     | co2_forecast | Built tuning CV plan: 4 folds from 16 rows before 2022-Q%q (evaluation cutoff) - isolation OK (max tuning date 2021-Q%q)
2026-08-02 00:31:26 | INFO     | co2_forecast | Optimizing ridge...
2026-08-02 00:31:26 | INFO     | co2_forecast | Starting PSO: 5 particles, 8 iterations
2026-08-02 00:31:26 | INFO     | co2_forecast |   Iteration 0: Best fitness = 0.614861
2026-08-02 00:31:26 | INFO     | co2_forecast |   Iteration 5: Best fitness = 0.582797
2026-08-02 00:31:26 | INFO     | co2_forecast |   Iteration 7: Best fitness = 0.582797
2026-08-02 00:31:26 | INFO     | co2_forecast | PSO complete. Best fitness: 0.582797
2026-08-02 00:31:26 | INFO     | co2_forecast |   Best params: {'alpha': 95.7687521752456}
2026-08-02 00:31:26 | INFO     | co2_forecast |   Best fitness: 0.582797
2026-08-02 00:31:26 | INFO     | co2_forecast | [A3/panel2_common_period/fs_consensus/ridge] sweep tuning: best_params={'alpha': 95.7687521752456}
2026-08-02 00:31:26 | INFO     | co2_forecast |   -> weighted_mase=0.8112297997001512, runtime=0.2s
2026-08-02 00:31:26 | INFO     | co2_forecast | Stream B cell: A3/fs_consensus/random_forest (11 features)
2026-08-02 00:31:26 | INFO     | co2_forecast | Creating walk-forward splits for 16 valid samples
2026-08-02 00:31:26 | INFO     | co2_forecast | Created 4 CV folds across horizons [1, 2, 4]
2026-08-02 00:31:26 | INFO     | co2_forecast | Built tuning CV plan: 4 folds from 16 rows before 2022-Q%q (evaluation cutoff) - isolation OK (max tuning date 2021-Q%q)
2026-08-02 00:31:26 | INFO     | co2_forecast | Optimizing random_forest...
2026-08-02 00:31:26 | INFO     | co2_forecast | Starting PSO: 5 particles, 8 iterations
2026-08-02 00:31:31 | INFO     | co2_forecast |   Iteration 0: Best fitness = 0.748939
2026-08-02 00:31:50 | INFO     | co2_forecast |   Iteration 5: Best fitness = 0.423789
2026-08-02 00:31:56 | INFO     | co2_forecast |   Iteration 7: Best fitness = 0.406156
2026-08-02 00:31:56 | INFO     | co2_forecast | PSO complete. Best fitness: 0.406156
2026-08-02 00:31:56 | INFO     | co2_forecast |   Best params: {'n_estimators': 59, 'max_depth': 3, 'min_samples_split': 2, 'min_samples_leaf': 1}
2026-08-02 00:31:56 | INFO     | co2_forecast |   Best fitness: 0.406156
2026-08-02 00:31:56 | INFO     | co2_forecast | [A3/panel2_common_period/fs_consensus/random_forest] sweep tuning: best_params={'n_estimators': 59, 'max_depth': 3, 'min_samples_split': 2, 'min_samples_leaf': 1}
2026-08-02 00:31:57 | INFO     | co2_forecast |   -> weighted_mase=0.7745586053936891, runtime=31.3s
2026-08-02 00:31:57 | INFO     | co2_forecast | Stream B cell: A3/fs_consensus/lightgbm (11 features)
2026-08-02 00:31:57 | INFO     | co2_forecast | Creating walk-forward splits for 16 valid samples
2026-08-02 00:31:57 | INFO     | co2_forecast | Created 4 CV folds across horizons [1, 2, 4]
2026-08-02 00:31:57 | INFO     | co2_forecast | Built tuning CV plan: 4 folds from 16 rows before 2022-Q%q (evaluation cutoff) - isolation OK (max tuning date 2021-Q%q)
2026-08-02 00:31:57 | INFO     | co2_forecast | Optimizing lightgbm...
2026-08-02 00:31:57 | INFO     | co2_forecast | Starting PSO: 5 particles, 8 iterations
2026-08-02 00:32:00 | INFO     | co2_forecast |   Iteration 0: Best fitness = 0.768990
2026-08-02 00:32:01 | INFO     | co2_forecast |   Iteration 5: Best fitness = 0.601385
2026-08-02 00:33:54 | INFO     | co2_forecast |   Iteration 7: Best fitness = 0.601385
2026-08-02 00:33:54 | INFO     | co2_forecast | PSO complete. Best fitness: 0.601385
2026-08-02 00:33:54 | INFO     | co2_forecast |   Best params: {'n_estimators': 164, 'learning_rate': 0.3, 'num_leaves': 127, 'max_depth': 10, 'min_child_samples': 6, 'reg_alpha': 0.001, 'reg_lambda': 0.001}
2026-08-02 00:33:54 | INFO     | co2_forecast |   Best fitness: 0.601385
2026-08-02 00:33:54 | INFO     | co2_forecast | [A3/panel2_common_period/fs_consensus/lightgbm] sweep tuning: best_params={'n_estimators': 164, 'learning_rate': 0.3, 'num_leaves': 127, 'max_depth': 10, 'min_child_samples': 6, 'reg_alpha': 0.001, 'reg_lambda': 0.001}
2026-08-02 00:33:55 | INFO     | co2_forecast |   -> weighted_mase=0.5864649596156172, runtime=117.3s
2026-08-02 00:33:55 | INFO     | co2_forecast | Stream B cell: A3/fs_consensus/catboost (11 features)
2026-08-02 00:33:55 | INFO     | co2_forecast | Creating walk-forward splits for 16 valid samples
2026-08-02 00:33:55 | INFO     | co2_forecast | Created 4 CV folds across horizons [1, 2, 4]
2026-08-02 00:33:55 | INFO     | co2_forecast | Built tuning CV plan: 4 folds from 16 rows before 2022-Q%q (evaluation cutoff) - isolation OK (max tuning date 2021-Q%q)
2026-08-02 00:33:55 | INFO     | co2_forecast | Optimizing catboost...
2026-08-02 00:33:55 | INFO     | co2_forecast | Starting PSO: 5 particles, 8 iterations
2026-08-02 00:34:36 | INFO     | co2_forecast |   Iteration 0: Best fitness = 0.383172
2026-08-02 00:38:00 | INFO     | co2_forecast |   Iteration 5: Best fitness = 0.377323
2026-08-02 00:39:14 | INFO     | co2_forecast |   Iteration 7: Best fitness = 0.377323
2026-08-02 00:39:14 | INFO     | co2_forecast | PSO complete. Best fitness: 0.377323
2026-08-02 00:39:14 | INFO     | co2_forecast |   Best params: {'iterations': 169, 'learning_rate': 0.20652593508261316, 'depth': 4, 'l2_leaf_reg': 4.417806455478738}
2026-08-02 00:39:14 | INFO     | co2_forecast |   Best fitness: 0.377323
2026-08-02 00:39:14 | INFO     | co2_forecast | [A3/panel2_common_period/fs_consensus/catboost] sweep tuning: best_params={'iterations': 169, 'learning_rate': 0.20652593508261316, 'depth': 4, 'l2_leaf_reg': 4.417806455478738}
2026-08-02 00:39:28 | INFO     | co2_forecast |   -> weighted_mase=0.7437195224636504, runtime=333.1s
2026-08-02 00:39:28 | INFO     | co2_forecast | Stream B cell: A3/fs_consensus/lstm (11 features)
2026-08-02 00:39:28 | INFO     | co2_forecast | Creating walk-forward splits for 16 valid samples
2026-08-02 00:39:28 | INFO     | co2_forecast | Created 4 CV folds across horizons [1, 2, 4]
2026-08-02 00:39:28 | INFO     | co2_forecast | Built tuning CV plan: 4 folds from 16 rows before 2022-Q%q (evaluation cutoff) - isolation OK (max tuning date 2021-Q%q)
2026-08-02 00:39:28 | INFO     | co2_forecast | Optimizing lstm...
2026-08-02 00:39:28 | INFO     | co2_forecast | Starting PSO: 5 particles, 8 iterations
2026-08-02 00:39:28 | WARNING  | co2_forecast | Model training failed with params {'lookback': 7, 'hidden_size': 62, 'num_layers': 2, 'dropout': 0.3394633936788146, 'learning_rate': 0.0016445845403801217, 'batch_size': 8}: LSTM.fit: training data has 8 rows, giving only 1 sequence(s) with lookback=7; at least 2 are required (one is always reserved for validation). Reduce lookback or provide more training history.
2026-08-02 00:39:28 | WARNING  | co2_forecast | Model training failed with params {'lookback': 11, 'hidden_size': 26, 'num_layers': 1, 'dropout': 0.17336180394137352, 'learning_rate': 0.0031119982052994237, 'batch_size': 16}: LSTM.fit: training data has 8 rows, giving only 0 sequence(s) with lookback=11; at least 2 are required (one is always reserved for validation). Reduce lookback or provide more training history.
2026-08-02 00:39:28 | WARNING  | co2_forecast | Model training failed with params {'lookback': 8, 'hidden_size': 54, 'num_layers': 1, 'dropout': 0.3056937753654446, 'learning_rate': 0.005964904231734221, 'batch_size': 8}: LSTM.fit: training data has 8 rows, giving only 0 sequence(s) with lookback=8; at least 2 are required (one is always reserved for validation). Reduce lookback or provide more training history.
2026-08-02 00:39:28 | WARNING  | co2_forecast | Very few sequences (2), LSTM may not train well
2026-08-02 00:39:28 | WARNING  | co2_forecast | Very few sequences (6), LSTM may not train well
2026-08-02 00:39:28 | WARNING  | co2_forecast | Very few sequences (2), LSTM may not train well
2026-08-02 00:39:29 | WARNING  | co2_forecast | Very few sequences (2), LSTM may not train well
2026-08-02 00:39:29 | WARNING  | co2_forecast | Model training failed with params {'lookback': 8, 'hidden_size': 25, 'num_layers': 2, 'dropout': 0.4100531293444458, 'learning_rate': 0.009401039521485473, 'batch_size': 32}: LSTM.fit: training data has 8 rows, giving only 0 sequence(s) with lookback=8; at least 2 are required (one is always reserved for validation). Reduce lookback or provide more training history.
2026-08-02 00:39:29 | INFO     | co2_forecast |   Iteration 0: Best fitness = 1.035363
2026-08-02 00:39:29 | WARNING  | co2_forecast | Very few sequences (3), LSTM may not train well
2026-08-02 00:39:29 | WARNING  | co2_forecast | Very few sequences (7), LSTM may not train well
2026-08-02 00:39:30 | WARNING  | co2_forecast | Very few sequences (3), LSTM may not train well
2026-08-02 00:39:30 | WARNING  | co2_forecast | Very few sequences (3), LSTM may not train well
2026-08-02 00:39:31 | WARNING  | co2_forecast | Very few sequences (2), LSTM may not train well
2026-08-02 00:39:31 | WARNING  | co2_forecast | Very few sequences (6), LSTM may not train well
2026-08-02 00:39:31 | WARNING  | co2_forecast | Very few sequences (2), LSTM may not train well
2026-08-02 00:39:31 | WARNING  | co2_forecast | Very few sequences (2), LSTM may not train well
2026-08-02 00:39:32 | WARNING  | co2_forecast | Model training failed with params {'lookback': 8, 'hidden_size': 44, 'num_layers': 1, 'dropout': 0.3238975389966341, 'learning_rate': 0.005520634690128072, 'batch_size': 8}: LSTM.fit: training data has 8 rows, giving only 0 sequence(s) with lookback=8; at least 2 are required (one is always reserved for validation). Reduce lookback or provide more training history.
2026-08-02 00:39:32 | WARNING  | co2_forecast | Very few sequences (3), LSTM may not train well
2026-08-02 00:39:32 | WARNING  | co2_forecast | Very few sequences (7), LSTM may not train well
2026-08-02 00:39:32 | WARNING  | co2_forecast | Very few sequences (3), LSTM may not train well
2026-08-02 00:39:33 | WARNING  | co2_forecast | Very few sequences (3), LSTM may not train well
2026-08-02 00:39:33 | WARNING  | co2_forecast | Very few sequences (2), LSTM may not train well
2026-08-02 00:39:33 | WARNING  | co2_forecast | Very few sequences (6), LSTM may not train well
2026-08-02 00:39:34 | WARNING  | co2_forecast | Very few sequences (2), LSTM may not train well
2026-08-02 00:39:35 | WARNING  | co2_forecast | Very few sequences (2), LSTM may not train well
2026-08-02 00:39:35 | WARNING  | co2_forecast | Very few sequences (4), LSTM may not train well
2026-08-02 00:39:36 | WARNING  | co2_forecast | Very few sequences (8), LSTM may not train well
2026-08-02 00:39:36 | WARNING  | co2_forecast | Very few sequences (4), LSTM may not train well
2026-08-02 00:39:37 | WARNING  | co2_forecast | Very few sequences (4), LSTM may not train well
2026-08-02 00:39:37 | WARNING  | co2_forecast | Very few sequences (4), LSTM may not train well
2026-08-02 00:39:37 | WARNING  | co2_forecast | Very few sequences (8), LSTM may not train well
2026-08-02 00:39:38 | WARNING  | co2_forecast | Very few sequences (4), LSTM may not train well
2026-08-02 00:39:39 | WARNING  | co2_forecast | Very few sequences (4), LSTM may not train well
2026-08-02 00:39:39 | WARNING  | co2_forecast | Model training failed with params {'lookback': 7, 'hidden_size': 33, 'num_layers': 1, 'dropout': 0.3174646446740698, 'learning_rate': 0.004142028037008457, 'batch_size': 16}: LSTM.fit: training data has 8 rows, giving only 1 sequence(s) with lookback=7; at least 2 are required (one is always reserved for validation). Reduce lookback or provide more training history.
2026-08-02 00:39:39 | WARNING  | co2_forecast | Very few sequences (3), LSTM may not train well
2026-08-02 00:39:39 | WARNING  | co2_forecast | Very few sequences (7), LSTM may not train well
2026-08-02 00:39:40 | WARNING  | co2_forecast | Very few sequences (3), LSTM may not train well
2026-08-02 00:39:41 | WARNING  | co2_forecast | Very few sequences (3), LSTM may not train well
2026-08-02 00:39:41 | WARNING  | co2_forecast | Very few sequences (4), LSTM may not train well
2026-08-02 00:39:41 | WARNING  | co2_forecast | Very few sequences (8), LSTM may not train well
2026-08-02 00:39:42 | WARNING  | co2_forecast | Very few sequences (4), LSTM may not train well
2026-08-02 00:39:43 | WARNING  | co2_forecast | Very few sequences (4), LSTM may not train well
2026-08-02 00:39:43 | WARNING  | co2_forecast | Very few sequences (4), LSTM may not train well
2026-08-02 00:39:44 | WARNING  | co2_forecast | Very few sequences (8), LSTM may not train well
2026-08-02 00:39:44 | WARNING  | co2_forecast | Very few sequences (4), LSTM may not train well
2026-08-02 00:39:45 | WARNING  | co2_forecast | Very few sequences (4), LSTM may not train well
2026-08-02 00:39:45 | WARNING  | co2_forecast | Very few sequences (4), LSTM may not train well
2026-08-02 00:39:46 | WARNING  | co2_forecast | Very few sequences (8), LSTM may not train well
2026-08-02 00:39:47 | WARNING  | co2_forecast | Very few sequences (4), LSTM may not train well
2026-08-02 00:39:47 | WARNING  | co2_forecast | Very few sequences (4), LSTM may not train well
2026-08-02 00:39:48 | WARNING  | co2_forecast | Very few sequences (2), LSTM may not train well
2026-08-02 00:39:48 | WARNING  | co2_forecast | Very few sequences (6), LSTM may not train well
2026-08-02 00:39:48 | WARNING  | co2_forecast | Very few sequences (2), LSTM may not train well
2026-08-02 00:39:48 | WARNING  | co2_forecast | Very few sequences (2), LSTM may not train well
2026-08-02 00:39:48 | WARNING  | co2_forecast | Very few sequences (4), LSTM may not train well
2026-08-02 00:39:48 | WARNING  | co2_forecast | Very few sequences (8), LSTM may not train well
2026-08-02 00:39:49 | WARNING  | co2_forecast | Very few sequences (4), LSTM may not train well
2026-08-02 00:39:50 | WARNING  | co2_forecast | Very few sequences (4), LSTM may not train well
2026-08-02 00:39:50 | WARNING  | co2_forecast | Very few sequences (4), LSTM may not train well
2026-08-02 00:39:50 | WARNING  | co2_forecast | Very few sequences (8), LSTM may not train well
2026-08-02 00:39:51 | WARNING  | co2_forecast | Very few sequences (4), LSTM may not train well
2026-08-02 00:39:52 | WARNING  | co2_forecast | Very few sequences (4), LSTM may not train well
2026-08-02 00:39:52 | WARNING  | co2_forecast | Very few sequences (4), LSTM may not train well
2026-08-02 00:39:52 | WARNING  | co2_forecast | Very few sequences (8), LSTM may not train well
2026-08-02 00:39:53 | WARNING  | co2_forecast | Very few sequences (4), LSTM may not train well
2026-08-02 00:39:53 | WARNING  | co2_forecast | Very few sequences (4), LSTM may not train well
2026-08-02 00:39:53 | WARNING  | co2_forecast | Very few sequences (4), LSTM may not train well
2026-08-02 00:39:53 | WARNING  | co2_forecast | Very few sequences (8), LSTM may not train well
2026-08-02 00:39:54 | WARNING  | co2_forecast | Very few sequences (4), LSTM may not train well
2026-08-02 00:39:55 | WARNING  | co2_forecast | Very few sequences (4), LSTM may not train well
2026-08-02 00:39:55 | WARNING  | co2_forecast | Very few sequences (3), LSTM may not train well
2026-08-02 00:39:55 | WARNING  | co2_forecast | Very few sequences (7), LSTM may not train well
2026-08-02 00:39:55 | WARNING  | co2_forecast | Very few sequences (3), LSTM may not train well
2026-08-02 00:39:56 | WARNING  | co2_forecast | Very few sequences (3), LSTM may not train well
2026-08-02 00:39:56 | WARNING  | co2_forecast | Very few sequences (4), LSTM may not train well
2026-08-02 00:39:56 | WARNING  | co2_forecast | Very few sequences (8), LSTM may not train well
2026-08-02 00:39:57 | WARNING  | co2_forecast | Very few sequences (4), LSTM may not train well
2026-08-02 00:39:57 | WARNING  | co2_forecast | Very few sequences (4), LSTM may not train well
2026-08-02 00:39:57 | WARNING  | co2_forecast | Very few sequences (4), LSTM may not train well
2026-08-02 00:39:57 | WARNING  | co2_forecast | Very few sequences (8), LSTM may not train well
2026-08-02 00:39:58 | WARNING  | co2_forecast | Very few sequences (4), LSTM may not train well
2026-08-02 00:39:59 | WARNING  | co2_forecast | Very few sequences (4), LSTM may not train well
2026-08-02 00:40:00 | WARNING  | co2_forecast | Very few sequences (4), LSTM may not train well
2026-08-02 00:40:00 | WARNING  | co2_forecast | Very few sequences (8), LSTM may not train well
2026-08-02 00:40:01 | WARNING  | co2_forecast | Very few sequences (4), LSTM may not train well
2026-08-02 00:40:01 | WARNING  | co2_forecast | Very few sequences (4), LSTM may not train well
2026-08-02 00:40:01 | WARNING  | co2_forecast | Very few sequences (4), LSTM may not train well
2026-08-02 00:40:01 | WARNING  | co2_forecast | Very few sequences (8), LSTM may not train well
2026-08-02 00:40:02 | WARNING  | co2_forecast | Very few sequences (4), LSTM may not train well
2026-08-02 00:40:02 | WARNING  | co2_forecast | Very few sequences (4), LSTM may not train well
2026-08-02 00:40:02 | WARNING  | co2_forecast | Very few sequences (4), LSTM may not train well
2026-08-02 00:40:02 | WARNING  | co2_forecast | Very few sequences (8), LSTM may not train well
2026-08-02 00:40:04 | WARNING  | co2_forecast | Very few sequences (4), LSTM may not train well
2026-08-02 00:40:04 | WARNING  | co2_forecast | Very few sequences (4), LSTM may not train well
2026-08-02 00:40:04 | WARNING  | co2_forecast | Very few sequences (4), LSTM may not train well
2026-08-02 00:40:05 | WARNING  | co2_forecast | Very few sequences (8), LSTM may not train well
2026-08-02 00:40:05 | WARNING  | co2_forecast | Very few sequences (4), LSTM may not train well
2026-08-02 00:40:06 | WARNING  | co2_forecast | Very few sequences (4), LSTM may not train well
2026-08-02 00:40:06 | WARNING  | co2_forecast | Very few sequences (4), LSTM may not train well
2026-08-02 00:40:06 | WARNING  | co2_forecast | Very few sequences (8), LSTM may not train well
2026-08-02 00:40:07 | WARNING  | co2_forecast | Very few sequences (4), LSTM may not train well
2026-08-02 00:40:07 | WARNING  | co2_forecast | Very few sequences (4), LSTM may not train well
2026-08-02 00:40:07 | INFO     | co2_forecast |   Iteration 5: Best fitness = 0.766558
2026-08-02 00:40:07 | WARNING  | co2_forecast | Very few sequences (4), LSTM may not train well
2026-08-02 00:40:07 | WARNING  | co2_forecast | Very few sequences (8), LSTM may not train well
2026-08-02 00:40:08 | WARNING  | co2_forecast | Very few sequences (4), LSTM may not train well
2026-08-02 00:40:08 | WARNING  | co2_forecast | Very few sequences (4), LSTM may not train well
2026-08-02 00:40:08 | WARNING  | co2_forecast | Very few sequences (4), LSTM may not train well
2026-08-02 00:40:08 | WARNING  | co2_forecast | Very few sequences (8), LSTM may not train well
2026-08-02 00:40:09 | WARNING  | co2_forecast | Very few sequences (4), LSTM may not train well
2026-08-02 00:40:09 | WARNING  | co2_forecast | Very few sequences (4), LSTM may not train well
2026-08-02 00:40:09 | WARNING  | co2_forecast | Very few sequences (4), LSTM may not train well
2026-08-02 00:40:09 | WARNING  | co2_forecast | Very few sequences (8), LSTM may not train well
2026-08-02 00:40:10 | WARNING  | co2_forecast | Very few sequences (4), LSTM may not train well
2026-08-02 00:40:11 | WARNING  | co2_forecast | Very few sequences (4), LSTM may not train well
2026-08-02 00:40:11 | WARNING  | co2_forecast | Very few sequences (4), LSTM may not train well
2026-08-02 00:40:11 | WARNING  | co2_forecast | Very few sequences (8), LSTM may not train well
2026-08-02 00:40:12 | WARNING  | co2_forecast | Very few sequences (4), LSTM may not train well
2026-08-02 00:40:12 | WARNING  | co2_forecast | Very few sequences (4), LSTM may not train well
2026-08-02 00:40:12 | WARNING  | co2_forecast | Very few sequences (4), LSTM may not train well
2026-08-02 00:40:13 | WARNING  | co2_forecast | Very few sequences (8), LSTM may not train well
2026-08-02 00:40:13 | WARNING  | co2_forecast | Very few sequences (4), LSTM may not train well
2026-08-02 00:40:14 | WARNING  | co2_forecast | Very few sequences (4), LSTM may not train well
2026-08-02 00:40:14 | WARNING  | co2_forecast | Very few sequences (4), LSTM may not train well
2026-08-02 00:40:14 | WARNING  | co2_forecast | Very few sequences (8), LSTM may not train well
2026-08-02 00:40:15 | WARNING  | co2_forecast | Very few sequences (4), LSTM may not train well
2026-08-02 00:40:15 | WARNING  | co2_forecast | Very few sequences (4), LSTM may not train well
2026-08-02 00:40:15 | WARNING  | co2_forecast | Very few sequences (4), LSTM may not train well
2026-08-02 00:40:15 | WARNING  | co2_forecast | Very few sequences (8), LSTM may not train well
2026-08-02 00:40:16 | WARNING  | co2_forecast | Very few sequences (4), LSTM may not train well
2026-08-02 00:40:16 | WARNING  | co2_forecast | Very few sequences (4), LSTM may not train well
2026-08-02 00:40:16 | WARNING  | co2_forecast | Very few sequences (4), LSTM may not train well
2026-08-02 00:40:16 | WARNING  | co2_forecast | Very few sequences (8), LSTM may not train well
2026-08-02 00:40:17 | WARNING  | co2_forecast | Very few sequences (4), LSTM may not train well
2026-08-02 00:40:17 | WARNING  | co2_forecast | Very few sequences (4), LSTM may not train well
2026-08-02 00:40:17 | WARNING  | co2_forecast | Very few sequences (4), LSTM may not train well
2026-08-02 00:40:17 | WARNING  | co2_forecast | Very few sequences (8), LSTM may not train well
2026-08-02 00:40:18 | WARNING  | co2_forecast | Very few sequences (4), LSTM may not train well
2026-08-02 00:40:18 | WARNING  | co2_forecast | Very few sequences (4), LSTM may not train well
2026-08-02 00:40:18 | WARNING  | co2_forecast | Very few sequences (4), LSTM may not train well
2026-08-02 00:40:19 | WARNING  | co2_forecast | Very few sequences (8), LSTM may not train well
2026-08-02 00:40:19 | WARNING  | co2_forecast | Very few sequences (4), LSTM may not train well
2026-08-02 00:40:20 | WARNING  | co2_forecast | Very few sequences (4), LSTM may not train well
2026-08-02 00:40:20 | INFO     | co2_forecast |   Iteration 7: Best fitness = 0.766558
2026-08-02 00:40:20 | INFO     | co2_forecast | PSO complete. Best fitness: 0.766558
2026-08-02 00:40:20 | INFO     | co2_forecast |   Best params: {'lookback': 4, 'hidden_size': 16, 'num_layers': 2, 'dropout': 0.5, 'learning_rate': 0.0001, 'batch_size': 32}
2026-08-02 00:40:20 | INFO     | co2_forecast |   Best fitness: 0.766558
2026-08-02 00:40:20 | INFO     | co2_forecast | [A3/panel2_common_period/fs_consensus/lstm] sweep tuning: best_params={'lookback': 4, 'hidden_size': 16, 'num_layers': 2, 'dropout': 0.5, 'learning_rate': 0.0001, 'batch_size': 32}
2026-08-02 00:40:25 | INFO     | co2_forecast |   -> weighted_mase=1.0185398015204656, runtime=56.9s
2026-08-02 00:40:25 | INFO     | co2_forecast | Running FS1-FS5 on A4 (37 candidate features)...
2026-08-02 00:40:25 | INFO     | co2_forecast | Creating walk-forward splits for 16 valid samples
2026-08-02 00:40:25 | INFO     | co2_forecast | Created 4 CV folds across horizons [1, 2, 4]
2026-08-02 00:40:25 | INFO     | co2_forecast | Built tuning CV plan: 4 folds from 16 rows before 2022-Q%q (evaluation cutoff) - isolation OK (max tuning date 2021-Q%q)
2026-08-02 00:40:25 | INFO     | co2_forecast | Running all feature selection options...
2026-08-02 00:40:25 | INFO     | co2_forecast | ==================================================
2026-08-02 00:40:25 | INFO     | co2_forecast | Running linear feature selection (FS_linear)...
2026-08-02 00:40:25 | INFO     | co2_forecast | Iteration 0: Removed 'GDP' (VIF=inf)
2026-08-02 00:40:25 | INFO     | co2_forecast | Iteration 1: Removed 'Population' (VIF=inf)
2026-08-02 00:40:25 | INFO     | co2_forecast | Iteration 2: Removed 'Air_Temp' (VIF=inf)
2026-08-02 00:40:25 | INFO     | co2_forecast | Iteration 3: Removed 'Rainfall' (VIF=inf)
2026-08-02 00:40:25 | INFO     | co2_forecast | Iteration 4: Removed 'COVID_Deaths' (VIF=inf)
2026-08-02 00:40:25 | INFO     | co2_forecast | Iteration 5: Removed 'CO2e_lag1' (VIF=inf)
2026-08-02 00:40:25 | INFO     | co2_forecast | Iteration 6: Removed 'CO2e_lag2' (VIF=inf)
2026-08-02 00:40:25 | INFO     | co2_forecast | Iteration 7: Removed 'CO2e_lag3' (VIF=inf)
2026-08-02 00:40:25 | INFO     | co2_forecast | Iteration 8: Removed 'CO2e_lag4' (VIF=inf)
2026-08-02 00:40:25 | INFO     | co2_forecast | Iteration 9: Removed 'Mobility_Residential' (VIF=191568.39)
2026-08-02 00:40:25 | INFO     | co2_forecast | Iteration 10: Removed 'OWID_RenewableShare_L1Y' (VIF=9272.12)
2026-08-02 00:40:25 | INFO     | co2_forecast | Iteration 11: Removed 'Mobility_Transit_Stations' (VIF=2186.72)
2026-08-02 00:40:25 | INFO     | co2_forecast | Iteration 12: Removed 'Q3' (VIF=1093.80)
2026-08-02 00:40:25 | INFO     | co2_forecast | Iteration 13: Removed 'Grid_CI_p90' (VIF=728.92)
2026-08-02 00:40:25 | INFO     | co2_forecast | Iteration 14: Removed 'Grid_fossil_share' (VIF=415.07)
2026-08-02 00:40:25 | INFO     | co2_forecast | Iteration 15: Removed 'Grid_wind_share' (VIF=252.13)
2026-08-02 00:40:25 | INFO     | co2_forecast | Iteration 16: Removed 'Grid_CI_mean' (VIF=185.13)
2026-08-02 00:40:25 | INFO     | co2_forecast | Iteration 17: Removed 'Mobility_Retail_Recreation' (VIF=50.75)
2026-08-02 00:40:25 | INFO     | co2_forecast | Iteration 18: Removed 'Grid_renewable_share' (VIF=45.20)
2026-08-02 00:40:25 | INFO     | co2_forecast | Iteration 19: Removed 'CO2e_per_Population' (VIF=25.13)
2026-08-02 00:40:25 | INFO     | co2_forecast | Iteration 20: Removed 'Grid_CI_high_share' (VIF=15.99)
2026-08-02 00:40:25 | INFO     | co2_forecast | Iteration 21: Removed 'HDD_proxy' (VIF=12.82)
2026-08-02 00:40:25 | INFO     | co2_forecast | Iteration 22: Removed 'Grid_gas_share' (VIF=11.21)
2026-08-02 00:40:25 | INFO     | co2_forecast | VIF filter: 37 -> 14 features
2026-08-02 00:40:25 | INFO     | co2_forecast | Ridge stability: Selected 12 features (stability >= 0.5)
2026-08-02 00:40:25 | INFO     | co2_forecast | ElasticNet: Only 0 features passed threshold, adding top features to reach 3
2026-08-02 00:40:25 | INFO     | co2_forecast | ElasticNet stability: Selected 3 features (stability >= 0.5)
2026-08-02 00:40:25 | INFO     | co2_forecast | FS_linear final: 13 features selected
2026-08-02 00:40:25 | INFO     | co2_forecast | ==================================================
2026-08-02 00:40:25 | INFO     | co2_forecast | Running wrapper feature selection (FS_wrapper)...
2026-08-02 00:40:25 | INFO     | co2_forecast | ==================================================
2026-08-02 00:40:25 | INFO     | co2_forecast | Running ALL wrapper-based feature selection methods...
2026-08-02 00:40:25 | INFO     | co2_forecast | Running RFE feature selection (target: 5 features)...
2026-08-02 00:40:25 | INFO     | co2_forecast | RFE: Selected 7 features using ridge (stability >= 0.5 across 2 folds)
2026-08-02 00:40:25 | INFO     | co2_forecast | Running RFE feature selection (target: 5 features)...
2026-08-02 00:40:38 | INFO     | co2_forecast | RFE: Selected 9 features using random_forest (stability >= 0.5 across 2 folds)
2026-08-02 00:40:38 | INFO     | co2_forecast | Running Sequential Forward Selection (target: 5 features)...
2026-08-02 00:42:04 | INFO     | co2_forecast | SFS: Selected 5 features using ridge
2026-08-02 00:42:04 | INFO     | co2_forecast | Running Sequential Backward Selection (target: 5 features)...
2026-08-02 00:42:17 | INFO     | co2_forecast | SBS: Selected 5 features using ridge
2026-08-02 00:42:17 | INFO     | co2_forecast | Wrapper methods complete: 4 methods run
2026-08-02 00:42:17 | INFO     | co2_forecast | FS_wrapper final: 21 features selected
2026-08-02 00:42:17 | INFO     | co2_forecast | ==================================================
2026-08-02 00:42:17 | INFO     | co2_forecast | Running XGBoost-SHAP stability feature selection (FS_xgboost_shap)...
2026-08-02 00:43:25 | INFO     | co2_forecast | XGBoost-SHAP stability: Selected 6 features (stability >= 0.5)
2026-08-02 00:43:25 | INFO     | co2_forecast | FS_xgboost_shap final: 6 features selected
2026-08-02 00:43:25 | INFO     | co2_forecast | ==================================================
2026-08-02 00:43:25 | INFO     | co2_forecast | Running permutation stability feature selection (FS_permutation_stability)...
2026-08-02 00:43:40 | INFO     | co2_forecast | Permutation stability: Selected 5 features (stability >= 0.5)
2026-08-02 00:43:40 | INFO     | co2_forecast | FS_permutation_stability final: 5 features selected
2026-08-02 00:43:40 | INFO     | co2_forecast | ==================================================
2026-08-02 00:43:40 | INFO     | co2_forecast | Running consensus feature selection (FS_consensus)...
2026-08-02 00:43:40 | INFO     | co2_forecast | Vote-based selection: 15 features with >= 2 votes
2026-08-02 00:43:40 | INFO     | co2_forecast | FS_consensus final: 15 features selected
2026-08-02 00:43:40 | INFO     | co2_forecast | ==================================================
2026-08-02 00:43:40 | INFO     | co2_forecast | Total FS options: 5
2026-08-02 00:43:40 | INFO     | co2_forecast |   fs_linear: 13 features
2026-08-02 00:43:40 | INFO     | co2_forecast |   fs_wrapper: 21 features
2026-08-02 00:43:40 | INFO     | co2_forecast |   fs_xgboost_shap: 6 features
2026-08-02 00:43:40 | INFO     | co2_forecast |   fs_permutation_stability: 5 features
2026-08-02 00:43:40 | INFO     | co2_forecast |   fs_consensus: 15 features
2026-08-02 00:43:40 | INFO     | co2_forecast | Stream B cell: A4/fs_linear/ridge (13 features)
2026-08-02 00:43:40 | INFO     | co2_forecast | Creating walk-forward splits for 16 valid samples
2026-08-02 00:43:40 | INFO     | co2_forecast | Created 4 CV folds across horizons [1, 2, 4]
2026-08-02 00:43:40 | INFO     | co2_forecast | Built tuning CV plan: 4 folds from 16 rows before 2022-Q%q (evaluation cutoff) - isolation OK (max tuning date 2021-Q%q)
2026-08-02 00:43:40 | INFO     | co2_forecast | Optimizing ridge...
2026-08-02 00:43:40 | INFO     | co2_forecast | Starting PSO: 5 particles, 8 iterations
2026-08-02 00:43:40 | INFO     | co2_forecast |   Iteration 0: Best fitness = 0.736641
2026-08-02 00:43:40 | INFO     | co2_forecast |   Iteration 5: Best fitness = 0.685980
2026-08-02 00:43:40 | INFO     | co2_forecast |   Iteration 7: Best fitness = 0.685980
2026-08-02 00:43:40 | INFO     | co2_forecast | PSO complete. Best fitness: 0.685980
2026-08-02 00:43:40 | INFO     | co2_forecast |   Best params: {'alpha': 97.44659407196627}
2026-08-02 00:43:40 | INFO     | co2_forecast |   Best fitness: 0.685980
2026-08-02 00:43:40 | INFO     | co2_forecast | [A4/panel2_common_period/fs_linear/ridge] sweep tuning: best_params={'alpha': 97.44659407196627}
2026-08-02 00:43:40 | INFO     | co2_forecast |   -> weighted_mase=0.891974922041408, runtime=0.3s
2026-08-02 00:43:40 | INFO     | co2_forecast | Stream B cell: A4/fs_linear/random_forest (13 features)
2026-08-02 00:43:40 | INFO     | co2_forecast | Creating walk-forward splits for 16 valid samples
2026-08-02 00:43:40 | INFO     | co2_forecast | Created 4 CV folds across horizons [1, 2, 4]
2026-08-02 00:43:40 | INFO     | co2_forecast | Built tuning CV plan: 4 folds from 16 rows before 2022-Q%q (evaluation cutoff) - isolation OK (max tuning date 2021-Q%q)
2026-08-02 00:43:40 | INFO     | co2_forecast | Optimizing random_forest...
2026-08-02 00:43:40 | INFO     | co2_forecast | Starting PSO: 5 particles, 8 iterations
2026-08-02 00:43:46 | INFO     | co2_forecast |   Iteration 0: Best fitness = 0.750500
2026-08-02 00:44:16 | INFO     | co2_forecast |   Iteration 5: Best fitness = 0.504924
2026-08-02 00:44:25 | INFO     | co2_forecast |   Iteration 7: Best fitness = 0.502115
2026-08-02 00:44:25 | INFO     | co2_forecast | PSO complete. Best fitness: 0.502115
2026-08-02 00:44:25 | INFO     | co2_forecast |   Best params: {'n_estimators': 97, 'max_depth': 3, 'min_samples_split': 2, 'min_samples_leaf': 1}
2026-08-02 00:44:25 | INFO     | co2_forecast |   Best fitness: 0.502115
2026-08-02 00:44:25 | INFO     | co2_forecast | [A4/panel2_common_period/fs_linear/random_forest] sweep tuning: best_params={'n_estimators': 97, 'max_depth': 3, 'min_samples_split': 2, 'min_samples_leaf': 1}
2026-08-02 00:44:27 | INFO     | co2_forecast |   -> weighted_mase=0.7677002089835049, runtime=46.7s
2026-08-02 00:44:27 | INFO     | co2_forecast | Stream B cell: A4/fs_linear/lightgbm (13 features)
2026-08-02 00:44:27 | INFO     | co2_forecast | Creating walk-forward splits for 16 valid samples
2026-08-02 00:44:27 | INFO     | co2_forecast | Created 4 CV folds across horizons [1, 2, 4]
2026-08-02 00:44:27 | INFO     | co2_forecast | Built tuning CV plan: 4 folds from 16 rows before 2022-Q%q (evaluation cutoff) - isolation OK (max tuning date 2021-Q%q)
2026-08-02 00:44:27 | INFO     | co2_forecast | Optimizing lightgbm...
2026-08-02 00:44:27 | INFO     | co2_forecast | Starting PSO: 5 particles, 8 iterations
2026-08-02 00:45:06 | INFO     | co2_forecast |   Iteration 0: Best fitness = 0.768990
2026-08-02 00:46:35 | INFO     | co2_forecast |   Iteration 5: Best fitness = 0.721932
2026-08-02 00:46:36 | INFO     | co2_forecast |   Iteration 7: Best fitness = 0.721932
2026-08-02 00:46:36 | INFO     | co2_forecast | PSO complete. Best fitness: 0.721932
2026-08-02 00:46:36 | INFO     | co2_forecast |   Best params: {'n_estimators': 164, 'learning_rate': 0.3, 'num_leaves': 127, 'max_depth': 10, 'min_child_samples': 6, 'reg_alpha': 0.001, 'reg_lambda': 0.001}
2026-08-02 00:46:36 | INFO     | co2_forecast |   Best fitness: 0.721932
2026-08-02 00:46:36 | INFO     | co2_forecast | [A4/panel2_common_period/fs_linear/lightgbm] sweep tuning: best_params={'n_estimators': 164, 'learning_rate': 0.3, 'num_leaves': 127, 'max_depth': 10, 'min_child_samples': 6, 'reg_alpha': 0.001, 'reg_lambda': 0.001}
2026-08-02 00:46:36 | INFO     | co2_forecast |   -> weighted_mase=0.9029435001515103, runtime=129.2s
2026-08-02 00:46:36 | INFO     | co2_forecast | Stream B cell: A4/fs_linear/catboost (13 features)
2026-08-02 00:46:36 | INFO     | co2_forecast | Creating walk-forward splits for 16 valid samples
2026-08-02 00:46:36 | INFO     | co2_forecast | Created 4 CV folds across horizons [1, 2, 4]
2026-08-02 00:46:36 | INFO     | co2_forecast | Built tuning CV plan: 4 folds from 16 rows before 2022-Q%q (evaluation cutoff) - isolation OK (max tuning date 2021-Q%q)
2026-08-02 00:46:36 | INFO     | co2_forecast | Optimizing catboost...
2026-08-02 00:46:36 | INFO     | co2_forecast | Starting PSO: 5 particles, 8 iterations
2026-08-02 00:47:18 | INFO     | co2_forecast |   Iteration 0: Best fitness = 0.506082
2026-08-02 00:50:20 | INFO     | co2_forecast |   Iteration 5: Best fitness = 0.502298
2026-08-02 00:51:42 | INFO     | co2_forecast |   Iteration 7: Best fitness = 0.502298
2026-08-02 00:51:42 | INFO     | co2_forecast | PSO complete. Best fitness: 0.502298
2026-08-02 00:51:42 | INFO     | co2_forecast |   Best params: {'iterations': 156, 'learning_rate': 0.2012595509791878, 'depth': 4, 'l2_leaf_reg': 3.8708748126300163}
2026-08-02 00:51:42 | INFO     | co2_forecast |   Best fitness: 0.502298
2026-08-02 00:51:42 | INFO     | co2_forecast | [A4/panel2_common_period/fs_linear/catboost] sweep tuning: best_params={'iterations': 156, 'learning_rate': 0.2012595509791878, 'depth': 4, 'l2_leaf_reg': 3.8708748126300163}
2026-08-02 00:51:58 | INFO     | co2_forecast |   -> weighted_mase=0.663549569627783, runtime=321.5s
2026-08-02 00:51:58 | INFO     | co2_forecast | Stream B cell: A4/fs_linear/lstm (13 features)
2026-08-02 00:51:58 | INFO     | co2_forecast | Creating walk-forward splits for 16 valid samples
2026-08-02 00:51:58 | INFO     | co2_forecast | Created 4 CV folds across horizons [1, 2, 4]
2026-08-02 00:51:58 | INFO     | co2_forecast | Built tuning CV plan: 4 folds from 16 rows before 2022-Q%q (evaluation cutoff) - isolation OK (max tuning date 2021-Q%q)
2026-08-02 00:51:58 | INFO     | co2_forecast | Optimizing lstm...
2026-08-02 00:51:58 | INFO     | co2_forecast | Starting PSO: 5 particles, 8 iterations
2026-08-02 00:51:58 | WARNING  | co2_forecast | Model training failed with params {'lookback': 7, 'hidden_size': 62, 'num_layers': 2, 'dropout': 0.3394633936788146, 'learning_rate': 0.0016445845403801217, 'batch_size': 8}: LSTM.fit: training data has 8 rows, giving only 1 sequence(s) with lookback=7; at least 2 are required (one is always reserved for validation). Reduce lookback or provide more training history.
2026-08-02 00:51:58 | WARNING  | co2_forecast | Model training failed with params {'lookback': 11, 'hidden_size': 26, 'num_layers': 1, 'dropout': 0.17336180394137352, 'learning_rate': 0.0031119982052994237, 'batch_size': 16}: LSTM.fit: training data has 8 rows, giving only 0 sequence(s) with lookback=11; at least 2 are required (one is always reserved for validation). Reduce lookback or provide more training history.
2026-08-02 00:51:58 | WARNING  | co2_forecast | Model training failed with params {'lookback': 8, 'hidden_size': 54, 'num_layers': 1, 'dropout': 0.3056937753654446, 'learning_rate': 0.005964904231734221, 'batch_size': 8}: LSTM.fit: training data has 8 rows, giving only 0 sequence(s) with lookback=8; at least 2 are required (one is always reserved for validation). Reduce lookback or provide more training history.
2026-08-02 00:51:58 | WARNING  | co2_forecast | Very few sequences (2), LSTM may not train well
2026-08-02 00:51:58 | WARNING  | co2_forecast | Very few sequences (6), LSTM may not train well
2026-08-02 00:51:58 | WARNING  | co2_forecast | Very few sequences (2), LSTM may not train well
2026-08-02 00:51:58 | WARNING  | co2_forecast | Very few sequences (2), LSTM may not train well
2026-08-02 00:51:59 | WARNING  | co2_forecast | Model training failed with params {'lookback': 8, 'hidden_size': 25, 'num_layers': 2, 'dropout': 0.4100531293444458, 'learning_rate': 0.009401039521485473, 'batch_size': 32}: LSTM.fit: training data has 8 rows, giving only 0 sequence(s) with lookback=8; at least 2 are required (one is always reserved for validation). Reduce lookback or provide more training history.
2026-08-02 00:51:59 | INFO     | co2_forecast |   Iteration 0: Best fitness = 1.115284
2026-08-02 00:51:59 | WARNING  | co2_forecast | Very few sequences (3), LSTM may not train well
2026-08-02 00:51:59 | WARNING  | co2_forecast | Very few sequences (7), LSTM may not train well
2026-08-02 00:51:59 | WARNING  | co2_forecast | Very few sequences (3), LSTM may not train well
2026-08-02 00:52:00 | WARNING  | co2_forecast | Very few sequences (3), LSTM may not train well
2026-08-02 00:52:00 | WARNING  | co2_forecast | Very few sequences (2), LSTM may not train well
2026-08-02 00:52:00 | WARNING  | co2_forecast | Very few sequences (6), LSTM may not train well
2026-08-02 00:52:01 | WARNING  | co2_forecast | Very few sequences (2), LSTM may not train well
2026-08-02 00:52:01 | WARNING  | co2_forecast | Very few sequences (2), LSTM may not train well
2026-08-02 00:52:01 | WARNING  | co2_forecast | Model training failed with params {'lookback': 8, 'hidden_size': 44, 'num_layers': 1, 'dropout': 0.3238975389966341, 'learning_rate': 0.005520634690128072, 'batch_size': 8}: LSTM.fit: training data has 8 rows, giving only 0 sequence(s) with lookback=8; at least 2 are required (one is always reserved for validation). Reduce lookback or provide more training history.
2026-08-02 00:52:01 | WARNING  | co2_forecast | Very few sequences (3), LSTM may not train well
2026-08-02 00:52:01 | WARNING  | co2_forecast | Very few sequences (7), LSTM may not train well
2026-08-02 00:52:01 | WARNING  | co2_forecast | Very few sequences (3), LSTM may not train well
2026-08-02 00:52:02 | WARNING  | co2_forecast | Very few sequences (3), LSTM may not train well
2026-08-02 00:52:02 | WARNING  | co2_forecast | Very few sequences (2), LSTM may not train well
2026-08-02 00:52:02 | WARNING  | co2_forecast | Very few sequences (6), LSTM may not train well
2026-08-02 00:52:03 | WARNING  | co2_forecast | Very few sequences (2), LSTM may not train well
2026-08-02 00:52:04 | WARNING  | co2_forecast | Very few sequences (2), LSTM may not train well
2026-08-02 00:52:04 | WARNING  | co2_forecast | Very few sequences (4), LSTM may not train well
2026-08-02 00:52:04 | WARNING  | co2_forecast | Very few sequences (8), LSTM may not train well
2026-08-02 00:52:05 | WARNING  | co2_forecast | Very few sequences (4), LSTM may not train well
2026-08-02 00:52:06 | WARNING  | co2_forecast | Very few sequences (4), LSTM may not train well
2026-08-02 00:52:06 | WARNING  | co2_forecast | Very few sequences (4), LSTM may not train well
2026-08-02 00:52:06 | WARNING  | co2_forecast | Very few sequences (8), LSTM may not train well
2026-08-02 00:52:08 | WARNING  | co2_forecast | Very few sequences (4), LSTM may not train well
2026-08-02 00:52:09 | WARNING  | co2_forecast | Very few sequences (4), LSTM may not train well
2026-08-02 00:52:09 | WARNING  | co2_forecast | Model training failed with params {'lookback': 7, 'hidden_size': 33, 'num_layers': 1, 'dropout': 0.3174646446740698, 'learning_rate': 0.004142028037008457, 'batch_size': 16}: LSTM.fit: training data has 8 rows, giving only 1 sequence(s) with lookback=7; at least 2 are required (one is always reserved for validation). Reduce lookback or provide more training history.
2026-08-02 00:52:09 | WARNING  | co2_forecast | Very few sequences (3), LSTM may not train well
2026-08-02 00:52:09 | WARNING  | co2_forecast | Very few sequences (7), LSTM may not train well
2026-08-02 00:52:10 | WARNING  | co2_forecast | Very few sequences (3), LSTM may not train well
2026-08-02 00:52:11 | WARNING  | co2_forecast | Very few sequences (3), LSTM may not train well
2026-08-02 00:52:11 | WARNING  | co2_forecast | Very few sequences (4), LSTM may not train well
2026-08-02 00:52:11 | WARNING  | co2_forecast | Very few sequences (8), LSTM may not train well
2026-08-02 00:52:13 | WARNING  | co2_forecast | Very few sequences (4), LSTM may not train well
2026-08-02 00:52:13 | WARNING  | co2_forecast | Very few sequences (4), LSTM may not train well
2026-08-02 00:52:14 | WARNING  | co2_forecast | Very few sequences (4), LSTM may not train well
2026-08-02 00:52:14 | WARNING  | co2_forecast | Very few sequences (8), LSTM may not train well
2026-08-02 00:52:15 | WARNING  | co2_forecast | Very few sequences (4), LSTM may not train well
2026-08-02 00:52:15 | WARNING  | co2_forecast | Very few sequences (4), LSTM may not train well
2026-08-02 00:52:16 | WARNING  | co2_forecast | Very few sequences (4), LSTM may not train well
2026-08-02 00:52:16 | WARNING  | co2_forecast | Very few sequences (8), LSTM may not train well
2026-08-02 00:52:16 | WARNING  | co2_forecast | Very few sequences (4), LSTM may not train well
2026-08-02 00:52:17 | WARNING  | co2_forecast | Very few sequences (4), LSTM may not train well
2026-08-02 00:52:18 | WARNING  | co2_forecast | Very few sequences (2), LSTM may not train well
2026-08-02 00:52:18 | WARNING  | co2_forecast | Very few sequences (6), LSTM may not train well
2026-08-02 00:52:19 | WARNING  | co2_forecast | Very few sequences (2), LSTM may not train well
2026-08-02 00:52:19 | WARNING  | co2_forecast | Very few sequences (2), LSTM may not train well
2026-08-02 00:52:19 | WARNING  | co2_forecast | Very few sequences (4), LSTM may not train well
2026-08-02 00:52:19 | WARNING  | co2_forecast | Very few sequences (8), LSTM may not train well
2026-08-02 00:52:21 | WARNING  | co2_forecast | Very few sequences (4), LSTM may not train well
2026-08-02 00:52:22 | WARNING  | co2_forecast | Very few sequences (4), LSTM may not train well
2026-08-02 00:52:22 | WARNING  | co2_forecast | Very few sequences (4), LSTM may not train well
2026-08-02 00:52:22 | WARNING  | co2_forecast | Very few sequences (8), LSTM may not train well
2026-08-02 00:52:22 | WARNING  | co2_forecast | Very few sequences (4), LSTM may not train well
2026-08-02 00:52:23 | WARNING  | co2_forecast | Very few sequences (4), LSTM may not train well
2026-08-02 00:52:23 | WARNING  | co2_forecast | Very few sequences (4), LSTM may not train well
2026-08-02 00:52:24 | WARNING  | co2_forecast | Very few sequences (8), LSTM may not train well
2026-08-02 00:52:24 | WARNING  | co2_forecast | Very few sequences (4), LSTM may not train well
2026-08-02 00:52:25 | WARNING  | co2_forecast | Very few sequences (4), LSTM may not train well
2026-08-02 00:52:26 | WARNING  | co2_forecast | Very few sequences (4), LSTM may not train well
2026-08-02 00:52:26 | WARNING  | co2_forecast | Very few sequences (8), LSTM may not train well
2026-08-02 00:52:27 | WARNING  | co2_forecast | Very few sequences (4), LSTM may not train well
2026-08-02 00:52:28 | WARNING  | co2_forecast | Very few sequences (4), LSTM may not train well
2026-08-02 00:52:28 | WARNING  | co2_forecast | Very few sequences (3), LSTM may not train well
2026-08-02 00:52:28 | WARNING  | co2_forecast | Very few sequences (7), LSTM may not train well
2026-08-02 00:52:28 | WARNING  | co2_forecast | Very few sequences (3), LSTM may not train well
2026-08-02 00:52:28 | WARNING  | co2_forecast | Very few sequences (3), LSTM may not train well
2026-08-02 00:52:28 | WARNING  | co2_forecast | Very few sequences (4), LSTM may not train well
2026-08-02 00:52:29 | WARNING  | co2_forecast | Very few sequences (8), LSTM may not train well
2026-08-02 00:52:30 | WARNING  | co2_forecast | Very few sequences (4), LSTM may not train well
2026-08-02 00:52:31 | WARNING  | co2_forecast | Very few sequences (4), LSTM may not train well
2026-08-02 00:52:31 | WARNING  | co2_forecast | Very few sequences (4), LSTM may not train well
2026-08-02 00:52:31 | WARNING  | co2_forecast | Very few sequences (8), LSTM may not train well
2026-08-02 00:52:33 | WARNING  | co2_forecast | Very few sequences (4), LSTM may not train well
2026-08-02 00:52:34 | WARNING  | co2_forecast | Very few sequences (4), LSTM may not train well
2026-08-02 00:52:34 | WARNING  | co2_forecast | Very few sequences (4), LSTM may not train well
2026-08-02 00:52:34 | WARNING  | co2_forecast | Very few sequences (8), LSTM may not train well
2026-08-02 00:52:35 | WARNING  | co2_forecast | Very few sequences (4), LSTM may not train well
2026-08-02 00:52:36 | WARNING  | co2_forecast | Very few sequences (4), LSTM may not train well
2026-08-02 00:52:36 | WARNING  | co2_forecast | Very few sequences (4), LSTM may not train well
2026-08-02 00:52:36 | WARNING  | co2_forecast | Very few sequences (8), LSTM may not train well
2026-08-02 00:52:37 | WARNING  | co2_forecast | Very few sequences (4), LSTM may not train well
2026-08-02 00:52:38 | WARNING  | co2_forecast | Very few sequences (4), LSTM may not train well
2026-08-02 00:52:38 | WARNING  | co2_forecast | Very few sequences (4), LSTM may not train well
2026-08-02 00:52:38 | WARNING  | co2_forecast | Very few sequences (8), LSTM may not train well
2026-08-02 00:52:39 | WARNING  | co2_forecast | Very few sequences (4), LSTM may not train well
2026-08-02 00:52:40 | WARNING  | co2_forecast | Very few sequences (4), LSTM may not train well
2026-08-02 00:52:40 | WARNING  | co2_forecast | Very few sequences (4), LSTM may not train well
2026-08-02 00:52:40 | WARNING  | co2_forecast | Very few sequences (8), LSTM may not train well
2026-08-02 00:52:41 | WARNING  | co2_forecast | Very few sequences (4), LSTM may not train well
2026-08-02 00:52:42 | WARNING  | co2_forecast | Very few sequences (4), LSTM may not train well
2026-08-02 00:52:42 | WARNING  | co2_forecast | Very few sequences (4), LSTM may not train well
2026-08-02 00:52:42 | WARNING  | co2_forecast | Very few sequences (8), LSTM may not train well
2026-08-02 00:52:43 | WARNING  | co2_forecast | Very few sequences (4), LSTM may not train well
2026-08-02 00:52:44 | WARNING  | co2_forecast | Very few sequences (4), LSTM may not train well
2026-08-02 00:52:44 | INFO     | co2_forecast |   Iteration 5: Best fitness = 0.777546
2026-08-02 00:52:44 | WARNING  | co2_forecast | Very few sequences (4), LSTM may not train well
2026-08-02 00:52:44 | WARNING  | co2_forecast | Very few sequences (8), LSTM may not train well
2026-08-02 00:52:45 | WARNING  | co2_forecast | Very few sequences (4), LSTM may not train well
2026-08-02 00:52:46 | WARNING  | co2_forecast | Very few sequences (4), LSTM may not train well
2026-08-02 00:52:46 | WARNING  | co2_forecast | Very few sequences (4), LSTM may not train well
2026-08-02 00:52:46 | WARNING  | co2_forecast | Very few sequences (8), LSTM may not train well
2026-08-02 00:52:47 | WARNING  | co2_forecast | Very few sequences (4), LSTM may not train well
2026-08-02 00:52:48 | WARNING  | co2_forecast | Very few sequences (4), LSTM may not train well
2026-08-02 00:52:48 | WARNING  | co2_forecast | Very few sequences (4), LSTM may not train well
2026-08-02 00:52:48 | WARNING  | co2_forecast | Very few sequences (8), LSTM may not train well
2026-08-02 00:52:49 | WARNING  | co2_forecast | Very few sequences (4), LSTM may not train well
2026-08-02 00:52:51 | WARNING  | co2_forecast | Very few sequences (4), LSTM may not train well
2026-08-02 00:52:51 | WARNING  | co2_forecast | Very few sequences (4), LSTM may not train well
2026-08-02 00:52:51 | WARNING  | co2_forecast | Very few sequences (8), LSTM may not train well
2026-08-02 00:52:52 | WARNING  | co2_forecast | Very few sequences (4), LSTM may not train well
2026-08-02 00:52:53 | WARNING  | co2_forecast | Very few sequences (4), LSTM may not train well
2026-08-02 00:52:53 | WARNING  | co2_forecast | Very few sequences (4), LSTM may not train well
2026-08-02 00:52:54 | WARNING  | co2_forecast | Very few sequences (8), LSTM may not train well
2026-08-02 00:52:55 | WARNING  | co2_forecast | Very few sequences (4), LSTM may not train well
2026-08-02 00:52:56 | WARNING  | co2_forecast | Very few sequences (4), LSTM may not train well
2026-08-02 00:52:56 | WARNING  | co2_forecast | Very few sequences (4), LSTM may not train well
2026-08-02 00:52:56 | WARNING  | co2_forecast | Very few sequences (8), LSTM may not train well
2026-08-02 00:52:57 | WARNING  | co2_forecast | Very few sequences (4), LSTM may not train well
2026-08-02 00:52:58 | WARNING  | co2_forecast | Very few sequences (4), LSTM may not train well
2026-08-02 00:52:58 | WARNING  | co2_forecast | Very few sequences (4), LSTM may not train well
2026-08-02 00:52:58 | WARNING  | co2_forecast | Very few sequences (8), LSTM may not train well
2026-08-02 00:52:59 | WARNING  | co2_forecast | Very few sequences (4), LSTM may not train well
2026-08-02 00:53:00 | WARNING  | co2_forecast | Very few sequences (4), LSTM may not train well
2026-08-02 00:53:00 | WARNING  | co2_forecast | Very few sequences (4), LSTM may not train well
2026-08-02 00:53:00 | WARNING  | co2_forecast | Very few sequences (8), LSTM may not train well
2026-08-02 00:53:01 | WARNING  | co2_forecast | Very few sequences (4), LSTM may not train well
2026-08-02 00:53:02 | WARNING  | co2_forecast | Very few sequences (4), LSTM may not train well
2026-08-02 00:53:02 | WARNING  | co2_forecast | Very few sequences (4), LSTM may not train well
2026-08-02 00:53:02 | WARNING  | co2_forecast | Very few sequences (8), LSTM may not train well
2026-08-02 00:53:04 | WARNING  | co2_forecast | Very few sequences (4), LSTM may not train well
2026-08-02 00:53:04 | WARNING  | co2_forecast | Very few sequences (4), LSTM may not train well
2026-08-02 00:53:04 | WARNING  | co2_forecast | Very few sequences (4), LSTM may not train well
2026-08-02 00:53:04 | WARNING  | co2_forecast | Very few sequences (8), LSTM may not train well
2026-08-02 00:53:06 | WARNING  | co2_forecast | Very few sequences (4), LSTM may not train well
2026-08-02 00:53:07 | WARNING  | co2_forecast | Very few sequences (4), LSTM may not train well
2026-08-02 00:53:07 | INFO     | co2_forecast |   Iteration 7: Best fitness = 0.777546
2026-08-02 00:53:07 | INFO     | co2_forecast | PSO complete. Best fitness: 0.777546
2026-08-02 00:53:07 | INFO     | co2_forecast |   Best params: {'lookback': 4, 'hidden_size': 16, 'num_layers': 2, 'dropout': 0.5, 'learning_rate': 0.0001, 'batch_size': 32}
2026-08-02 00:53:07 | INFO     | co2_forecast |   Best fitness: 0.777546
2026-08-02 00:53:07 | INFO     | co2_forecast | [A4/panel2_common_period/fs_linear/lstm] sweep tuning: best_params={'lookback': 4, 'hidden_size': 16, 'num_layers': 2, 'dropout': 0.5, 'learning_rate': 0.0001, 'batch_size': 32}
2026-08-02 00:53:12 | INFO     | co2_forecast |   -> weighted_mase=1.0210484854250197, runtime=74.6s
2026-08-02 00:53:12 | INFO     | co2_forecast | Stream B cell: A4/fs_wrapper/ridge (21 features)
2026-08-02 00:53:12 | INFO     | co2_forecast | Creating walk-forward splits for 16 valid samples
2026-08-02 00:53:12 | INFO     | co2_forecast | Created 4 CV folds across horizons [1, 2, 4]
2026-08-02 00:53:12 | INFO     | co2_forecast | Built tuning CV plan: 4 folds from 16 rows before 2022-Q%q (evaluation cutoff) - isolation OK (max tuning date 2021-Q%q)
2026-08-02 00:53:12 | INFO     | co2_forecast | Optimizing ridge...
2026-08-02 00:53:12 | INFO     | co2_forecast | Starting PSO: 5 particles, 8 iterations
2026-08-02 00:53:12 | INFO     | co2_forecast |   Iteration 0: Best fitness = 2.170017
2026-08-02 00:53:12 | INFO     | co2_forecast |   Iteration 5: Best fitness = 1.788771
2026-08-02 00:53:12 | INFO     | co2_forecast |   Iteration 7: Best fitness = 1.788771
2026-08-02 00:53:12 | INFO     | co2_forecast | PSO complete. Best fitness: 1.788771
2026-08-02 00:53:12 | INFO     | co2_forecast |   Best params: {'alpha': 100.0}
2026-08-02 00:53:12 | INFO     | co2_forecast |   Best fitness: 1.788771
2026-08-02 00:53:12 | INFO     | co2_forecast | [A4/panel2_common_period/fs_wrapper/ridge] sweep tuning: best_params={'alpha': 100.0}
2026-08-02 00:53:12 | INFO     | co2_forecast |   -> weighted_mase=0.7254613966114377, runtime=0.3s
2026-08-02 00:53:12 | INFO     | co2_forecast | Stream B cell: A4/fs_wrapper/random_forest (21 features)
2026-08-02 00:53:12 | INFO     | co2_forecast | Creating walk-forward splits for 16 valid samples
2026-08-02 00:53:12 | INFO     | co2_forecast | Created 4 CV folds across horizons [1, 2, 4]
2026-08-02 00:53:12 | INFO     | co2_forecast | Built tuning CV plan: 4 folds from 16 rows before 2022-Q%q (evaluation cutoff) - isolation OK (max tuning date 2021-Q%q)
2026-08-02 00:53:12 | INFO     | co2_forecast | Optimizing random_forest...
2026-08-02 00:53:12 | INFO     | co2_forecast | Starting PSO: 5 particles, 8 iterations
2026-08-02 00:53:19 | INFO     | co2_forecast |   Iteration 0: Best fitness = 0.748939
2026-08-02 00:53:47 | INFO     | co2_forecast |   Iteration 5: Best fitness = 0.415728
2026-08-02 00:53:58 | INFO     | co2_forecast |   Iteration 7: Best fitness = 0.412278
2026-08-02 00:53:58 | INFO     | co2_forecast | PSO complete. Best fitness: 0.412278
2026-08-02 00:53:58 | INFO     | co2_forecast |   Best params: {'n_estimators': 105, 'max_depth': 3, 'min_samples_split': 2, 'min_samples_leaf': 1}
2026-08-02 00:53:58 | INFO     | co2_forecast |   Best fitness: 0.412278
2026-08-02 00:53:58 | INFO     | co2_forecast | [A4/panel2_common_period/fs_wrapper/random_forest] sweep tuning: best_params={'n_estimators': 105, 'max_depth': 3, 'min_samples_split': 2, 'min_samples_leaf': 1}
2026-08-02 00:54:00 | INFO     | co2_forecast |   -> weighted_mase=0.7279907747832968, runtime=47.3s
2026-08-02 00:54:00 | INFO     | co2_forecast | Stream B cell: A4/fs_wrapper/lightgbm (21 features)
2026-08-02 00:54:00 | INFO     | co2_forecast | Creating walk-forward splits for 16 valid samples
2026-08-02 00:54:00 | INFO     | co2_forecast | Created 4 CV folds across horizons [1, 2, 4]
2026-08-02 00:54:00 | INFO     | co2_forecast | Built tuning CV plan: 4 folds from 16 rows before 2022-Q%q (evaluation cutoff) - isolation OK (max tuning date 2021-Q%q)
2026-08-02 00:54:00 | INFO     | co2_forecast | Optimizing lightgbm...
2026-08-02 00:54:00 | INFO     | co2_forecast | Starting PSO: 5 particles, 8 iterations
2026-08-02 00:54:39 | INFO     | co2_forecast |   Iteration 0: Best fitness = 0.768990
2026-08-02 00:54:55 | INFO     | co2_forecast |   Iteration 5: Best fitness = 0.704861
2026-08-02 00:54:55 | INFO     | co2_forecast |   Iteration 7: Best fitness = 0.681518
2026-08-02 00:54:55 | INFO     | co2_forecast | PSO complete. Best fitness: 0.681518
2026-08-02 00:54:55 | INFO     | co2_forecast |   Best params: {'n_estimators': 170, 'learning_rate': 0.2926262038381652, 'num_leaves': 127, 'max_depth': 8, 'min_child_samples': 5, 'reg_alpha': 0.001, 'reg_lambda': 0.001}
2026-08-02 00:54:55 | INFO     | co2_forecast |   Best fitness: 0.681518
2026-08-02 00:54:55 | INFO     | co2_forecast | [A4/panel2_common_period/fs_wrapper/lightgbm] sweep tuning: best_params={'n_estimators': 170, 'learning_rate': 0.2926262038381652, 'num_leaves': 127, 'max_depth': 8, 'min_child_samples': 5, 'reg_alpha': 0.001, 'reg_lambda': 0.001}
2026-08-02 00:54:56 | INFO     | co2_forecast |   -> weighted_mase=0.7352762554127698, runtime=55.8s
2026-08-02 00:54:56 | INFO     | co2_forecast | Stream B cell: A4/fs_wrapper/catboost (21 features)
2026-08-02 00:54:56 | INFO     | co2_forecast | Creating walk-forward splits for 16 valid samples
2026-08-02 00:54:56 | INFO     | co2_forecast | Created 4 CV folds across horizons [1, 2, 4]
2026-08-02 00:54:56 | INFO     | co2_forecast | Built tuning CV plan: 4 folds from 16 rows before 2022-Q%q (evaluation cutoff) - isolation OK (max tuning date 2021-Q%q)
2026-08-02 00:54:56 | INFO     | co2_forecast | Optimizing catboost...
2026-08-02 00:54:56 | INFO     | co2_forecast | Starting PSO: 5 particles, 8 iterations
2026-08-02 00:55:39 | INFO     | co2_forecast |   Iteration 0: Best fitness = 0.391080
2026-08-02 00:59:21 | INFO     | co2_forecast |   Iteration 5: Best fitness = 0.359145
2026-08-02 01:00:53 | INFO     | co2_forecast |   Iteration 7: Best fitness = 0.359145
2026-08-02 01:00:53 | INFO     | co2_forecast | PSO complete. Best fitness: 0.359145
2026-08-02 01:00:53 | INFO     | co2_forecast |   Best params: {'iterations': 169, 'learning_rate': 0.21679331428656295, 'depth': 4, 'l2_leaf_reg': 8.960403738923485}
2026-08-02 01:00:53 | INFO     | co2_forecast |   Best fitness: 0.359145
2026-08-02 01:00:53 | INFO     | co2_forecast | [A4/panel2_common_period/fs_wrapper/catboost] sweep tuning: best_params={'iterations': 169, 'learning_rate': 0.21679331428656295, 'depth': 4, 'l2_leaf_reg': 8.960403738923485}
2026-08-02 01:01:09 | INFO     | co2_forecast |   -> weighted_mase=0.6439744508480588, runtime=373.6s
2026-08-02 01:01:09 | INFO     | co2_forecast | Stream B cell: A4/fs_wrapper/lstm (21 features)
2026-08-02 01:01:09 | INFO     | co2_forecast | Creating walk-forward splits for 16 valid samples
2026-08-02 01:01:09 | INFO     | co2_forecast | Created 4 CV folds across horizons [1, 2, 4]
2026-08-02 01:01:09 | INFO     | co2_forecast | Built tuning CV plan: 4 folds from 16 rows before 2022-Q%q (evaluation cutoff) - isolation OK (max tuning date 2021-Q%q)
2026-08-02 01:01:09 | INFO     | co2_forecast | Optimizing lstm...
2026-08-02 01:01:09 | INFO     | co2_forecast | Starting PSO: 5 particles, 8 iterations
2026-08-02 01:01:09 | WARNING  | co2_forecast | Model training failed with params {'lookback': 7, 'hidden_size': 62, 'num_layers': 2, 'dropout': 0.3394633936788146, 'learning_rate': 0.0016445845403801217, 'batch_size': 8}: LSTM.fit: training data has 8 rows, giving only 1 sequence(s) with lookback=7; at least 2 are required (one is always reserved for validation). Reduce lookback or provide more training history.
2026-08-02 01:01:09 | WARNING  | co2_forecast | Model training failed with params {'lookback': 11, 'hidden_size': 26, 'num_layers': 1, 'dropout': 0.17336180394137352, 'learning_rate': 0.0031119982052994237, 'batch_size': 16}: LSTM.fit: training data has 8 rows, giving only 0 sequence(s) with lookback=11; at least 2 are required (one is always reserved for validation). Reduce lookback or provide more training history.
2026-08-02 01:01:09 | WARNING  | co2_forecast | Model training failed with params {'lookback': 8, 'hidden_size': 54, 'num_layers': 1, 'dropout': 0.3056937753654446, 'learning_rate': 0.005964904231734221, 'batch_size': 8}: LSTM.fit: training data has 8 rows, giving only 0 sequence(s) with lookback=8; at least 2 are required (one is always reserved for validation). Reduce lookback or provide more training history.
2026-08-02 01:01:09 | WARNING  | co2_forecast | Very few sequences (2), LSTM may not train well
2026-08-02 01:01:09 | WARNING  | co2_forecast | Very few sequences (6), LSTM may not train well
2026-08-02 01:01:09 | WARNING  | co2_forecast | Very few sequences (2), LSTM may not train well
2026-08-02 01:01:10 | WARNING  | co2_forecast | Very few sequences (2), LSTM may not train well
2026-08-02 01:01:10 | WARNING  | co2_forecast | Model training failed with params {'lookback': 8, 'hidden_size': 25, 'num_layers': 2, 'dropout': 0.4100531293444458, 'learning_rate': 0.009401039521485473, 'batch_size': 32}: LSTM.fit: training data has 8 rows, giving only 0 sequence(s) with lookback=8; at least 2 are required (one is always reserved for validation). Reduce lookback or provide more training history.
2026-08-02 01:01:10 | INFO     | co2_forecast |   Iteration 0: Best fitness = 1.003098
2026-08-02 01:01:10 | WARNING  | co2_forecast | Very few sequences (3), LSTM may not train well
2026-08-02 01:01:10 | WARNING  | co2_forecast | Very few sequences (7), LSTM may not train well
2026-08-02 01:01:11 | WARNING  | co2_forecast | Very few sequences (3), LSTM may not train well
2026-08-02 01:01:12 | WARNING  | co2_forecast | Very few sequences (3), LSTM may not train well
2026-08-02 01:01:13 | WARNING  | co2_forecast | Very few sequences (2), LSTM may not train well
2026-08-02 01:01:13 | WARNING  | co2_forecast | Very few sequences (6), LSTM may not train well
2026-08-02 01:01:13 | WARNING  | co2_forecast | Very few sequences (2), LSTM may not train well
2026-08-02 01:01:13 | WARNING  | co2_forecast | Very few sequences (2), LSTM may not train well
2026-08-02 01:01:13 | WARNING  | co2_forecast | Model training failed with params {'lookback': 8, 'hidden_size': 44, 'num_layers': 1, 'dropout': 0.3238975389966341, 'learning_rate': 0.005520634690128072, 'batch_size': 8}: LSTM.fit: training data has 8 rows, giving only 0 sequence(s) with lookback=8; at least 2 are required (one is always reserved for validation). Reduce lookback or provide more training history.
2026-08-02 01:01:13 | WARNING  | co2_forecast | Very few sequences (3), LSTM may not train well
2026-08-02 01:01:14 | WARNING  | co2_forecast | Very few sequences (7), LSTM may not train well
2026-08-02 01:01:14 | WARNING  | co2_forecast | Very few sequences (3), LSTM may not train well
2026-08-02 01:01:14 | WARNING  | co2_forecast | Very few sequences (3), LSTM may not train well
2026-08-02 01:01:14 | WARNING  | co2_forecast | Very few sequences (2), LSTM may not train well
2026-08-02 01:01:14 | WARNING  | co2_forecast | Very few sequences (6), LSTM may not train well
2026-08-02 01:01:15 | WARNING  | co2_forecast | Very few sequences (2), LSTM may not train well
2026-08-02 01:01:16 | WARNING  | co2_forecast | Very few sequences (2), LSTM may not train well
2026-08-02 01:01:17 | WARNING  | co2_forecast | Very few sequences (4), LSTM may not train well
2026-08-02 01:01:17 | WARNING  | co2_forecast | Very few sequences (8), LSTM may not train well
2026-08-02 01:01:18 | WARNING  | co2_forecast | Very few sequences (4), LSTM may not train well
2026-08-02 01:01:18 | WARNING  | co2_forecast | Very few sequences (4), LSTM may not train well
2026-08-02 01:01:18 | WARNING  | co2_forecast | Very few sequences (4), LSTM may not train well
2026-08-02 01:01:19 | WARNING  | co2_forecast | Very few sequences (8), LSTM may not train well
2026-08-02 01:01:19 | WARNING  | co2_forecast | Very few sequences (4), LSTM may not train well
2026-08-02 01:01:20 | WARNING  | co2_forecast | Very few sequences (4), LSTM may not train well
2026-08-02 01:01:20 | WARNING  | co2_forecast | Model training failed with params {'lookback': 7, 'hidden_size': 33, 'num_layers': 1, 'dropout': 0.3174646446740698, 'learning_rate': 0.004142028037008457, 'batch_size': 16}: LSTM.fit: training data has 8 rows, giving only 1 sequence(s) with lookback=7; at least 2 are required (one is always reserved for validation). Reduce lookback or provide more training history.
2026-08-02 01:01:20 | WARNING  | co2_forecast | Very few sequences (3), LSTM may not train well
2026-08-02 01:01:20 | WARNING  | co2_forecast | Very few sequences (7), LSTM may not train well
2026-08-02 01:01:21 | WARNING  | co2_forecast | Very few sequences (3), LSTM may not train well
2026-08-02 01:01:22 | WARNING  | co2_forecast | Very few sequences (3), LSTM may not train well
2026-08-02 01:01:22 | WARNING  | co2_forecast | Very few sequences (4), LSTM may not train well
2026-08-02 01:01:22 | WARNING  | co2_forecast | Very few sequences (8), LSTM may not train well
2026-08-02 01:01:23 | WARNING  | co2_forecast | Very few sequences (4), LSTM may not train well
2026-08-02 01:01:23 | WARNING  | co2_forecast | Very few sequences (4), LSTM may not train well
2026-08-02 01:01:23 | WARNING  | co2_forecast | Very few sequences (4), LSTM may not train well
2026-08-02 01:01:23 | WARNING  | co2_forecast | Very few sequences (8), LSTM may not train well
2026-08-02 01:01:24 | WARNING  | co2_forecast | Very few sequences (4), LSTM may not train well
2026-08-02 01:01:24 | WARNING  | co2_forecast | Very few sequences (4), LSTM may not train well
2026-08-02 01:01:24 | WARNING  | co2_forecast | Very few sequences (4), LSTM may not train well
2026-08-02 01:01:24 | WARNING  | co2_forecast | Very few sequences (8), LSTM may not train well
2026-08-02 01:01:26 | WARNING  | co2_forecast | Very few sequences (4), LSTM may not train well
2026-08-02 01:01:26 | WARNING  | co2_forecast | Very few sequences (4), LSTM may not train well
2026-08-02 01:01:26 | WARNING  | co2_forecast | Very few sequences (2), LSTM may not train well
2026-08-02 01:01:26 | WARNING  | co2_forecast | Very few sequences (6), LSTM may not train well
2026-08-02 01:01:26 | WARNING  | co2_forecast | Very few sequences (2), LSTM may not train well
2026-08-02 01:01:27 | WARNING  | co2_forecast | Very few sequences (2), LSTM may not train well
2026-08-02 01:01:27 | WARNING  | co2_forecast | Very few sequences (4), LSTM may not train well
2026-08-02 01:01:27 | WARNING  | co2_forecast | Very few sequences (8), LSTM may not train well
2026-08-02 01:01:28 | WARNING  | co2_forecast | Very few sequences (4), LSTM may not train well
2026-08-02 01:01:28 | WARNING  | co2_forecast | Very few sequences (4), LSTM may not train well
2026-08-02 01:01:28 | WARNING  | co2_forecast | Very few sequences (4), LSTM may not train well
2026-08-02 01:01:28 | WARNING  | co2_forecast | Very few sequences (8), LSTM may not train well
2026-08-02 01:01:29 | WARNING  | co2_forecast | Very few sequences (4), LSTM may not train well
2026-08-02 01:01:29 | WARNING  | co2_forecast | Very few sequences (4), LSTM may not train well
2026-08-02 01:01:29 | WARNING  | co2_forecast | Very few sequences (4), LSTM may not train well
2026-08-02 01:01:30 | WARNING  | co2_forecast | Very few sequences (8), LSTM may not train well
2026-08-02 01:01:31 | WARNING  | co2_forecast | Very few sequences (4), LSTM may not train well
2026-08-02 01:01:31 | WARNING  | co2_forecast | Very few sequences (4), LSTM may not train well
2026-08-02 01:01:31 | WARNING  | co2_forecast | Very few sequences (4), LSTM may not train well
2026-08-02 01:01:31 | WARNING  | co2_forecast | Very few sequences (8), LSTM may not train well
2026-08-02 01:01:32 | WARNING  | co2_forecast | Very few sequences (4), LSTM may not train well
2026-08-02 01:01:32 | WARNING  | co2_forecast | Very few sequences (4), LSTM may not train well
2026-08-02 01:01:32 | WARNING  | co2_forecast | Very few sequences (3), LSTM may not train well
2026-08-02 01:01:32 | WARNING  | co2_forecast | Very few sequences (7), LSTM may not train well
2026-08-02 01:01:33 | WARNING  | co2_forecast | Very few sequences (3), LSTM may not train well
2026-08-02 01:01:34 | WARNING  | co2_forecast | Very few sequences (3), LSTM may not train well
2026-08-02 01:01:34 | WARNING  | co2_forecast | Very few sequences (4), LSTM may not train well
2026-08-02 01:01:34 | WARNING  | co2_forecast | Very few sequences (8), LSTM may not train well
2026-08-02 01:01:35 | WARNING  | co2_forecast | Very few sequences (4), LSTM may not train well
2026-08-02 01:01:35 | WARNING  | co2_forecast | Very few sequences (4), LSTM may not train well
2026-08-02 01:01:35 | WARNING  | co2_forecast | Very few sequences (4), LSTM may not train well
2026-08-02 01:01:35 | WARNING  | co2_forecast | Very few sequences (8), LSTM may not train well
2026-08-02 01:01:36 | WARNING  | co2_forecast | Very few sequences (4), LSTM may not train well
2026-08-02 01:01:36 | WARNING  | co2_forecast | Very few sequences (4), LSTM may not train well
2026-08-02 01:01:36 | WARNING  | co2_forecast | Very few sequences (4), LSTM may not train well
2026-08-02 01:01:36 | WARNING  | co2_forecast | Very few sequences (8), LSTM may not train well
2026-08-02 01:01:37 | WARNING  | co2_forecast | Very few sequences (4), LSTM may not train well
2026-08-02 01:01:37 | WARNING  | co2_forecast | Very few sequences (4), LSTM may not train well
2026-08-02 01:01:38 | WARNING  | co2_forecast | Very few sequences (4), LSTM may not train well
2026-08-02 01:01:38 | WARNING  | co2_forecast | Very few sequences (8), LSTM may not train well
2026-08-02 01:01:39 | WARNING  | co2_forecast | Very few sequences (4), LSTM may not train well
2026-08-02 01:01:39 | WARNING  | co2_forecast | Very few sequences (4), LSTM may not train well
2026-08-02 01:01:39 | WARNING  | co2_forecast | Very few sequences (4), LSTM may not train well
2026-08-02 01:01:39 | WARNING  | co2_forecast | Very few sequences (8), LSTM may not train well
2026-08-02 01:01:40 | WARNING  | co2_forecast | Very few sequences (4), LSTM may not train well
2026-08-02 01:01:40 | WARNING  | co2_forecast | Very few sequences (4), LSTM may not train well
2026-08-02 01:01:40 | WARNING  | co2_forecast | Very few sequences (4), LSTM may not train well
2026-08-02 01:01:40 | WARNING  | co2_forecast | Very few sequences (8), LSTM may not train well
2026-08-02 01:01:41 | WARNING  | co2_forecast | Very few sequences (4), LSTM may not train well
2026-08-02 01:01:41 | WARNING  | co2_forecast | Very few sequences (4), LSTM may not train well
2026-08-02 01:01:41 | WARNING  | co2_forecast | Very few sequences (4), LSTM may not train well
2026-08-02 01:01:42 | WARNING  | co2_forecast | Very few sequences (8), LSTM may not train well
2026-08-02 01:01:43 | WARNING  | co2_forecast | Very few sequences (4), LSTM may not train well
2026-08-02 01:01:43 | WARNING  | co2_forecast | Very few sequences (4), LSTM may not train well
2026-08-02 01:01:43 | INFO     | co2_forecast |   Iteration 5: Best fitness = 0.745213
2026-08-02 01:01:43 | WARNING  | co2_forecast | Very few sequences (4), LSTM may not train well
2026-08-02 01:01:43 | WARNING  | co2_forecast | Very few sequences (8), LSTM may not train well
2026-08-02 01:01:44 | WARNING  | co2_forecast | Very few sequences (4), LSTM may not train well
2026-08-02 01:01:44 | WARNING  | co2_forecast | Very few sequences (4), LSTM may not train well
2026-08-02 01:01:44 | WARNING  | co2_forecast | Very few sequences (4), LSTM may not train well
2026-08-02 01:01:44 | WARNING  | co2_forecast | Very few sequences (8), LSTM may not train well
2026-08-02 01:01:45 | WARNING  | co2_forecast | Very few sequences (4), LSTM may not train well
2026-08-02 01:01:46 | WARNING  | co2_forecast | Very few sequences (4), LSTM may not train well
2026-08-02 01:01:46 | WARNING  | co2_forecast | Very few sequences (4), LSTM may not train well
2026-08-02 01:01:46 | WARNING  | co2_forecast | Very few sequences (8), LSTM may not train well
2026-08-02 01:01:47 | WARNING  | co2_forecast | Very few sequences (4), LSTM may not train well
2026-08-02 01:01:47 | WARNING  | co2_forecast | Very few sequences (4), LSTM may not train well
2026-08-02 01:01:47 | WARNING  | co2_forecast | Very few sequences (4), LSTM may not train well
2026-08-02 01:01:47 | WARNING  | co2_forecast | Very few sequences (8), LSTM may not train well
2026-08-02 01:01:48 | WARNING  | co2_forecast | Very few sequences (4), LSTM may not train well
2026-08-02 01:01:49 | WARNING  | co2_forecast | Very few sequences (4), LSTM may not train well
2026-08-02 01:01:49 | WARNING  | co2_forecast | Very few sequences (4), LSTM may not train well
2026-08-02 01:01:49 | WARNING  | co2_forecast | Very few sequences (8), LSTM may not train well
2026-08-02 01:01:50 | WARNING  | co2_forecast | Very few sequences (4), LSTM may not train well
2026-08-02 01:01:50 | WARNING  | co2_forecast | Very few sequences (4), LSTM may not train well
2026-08-02 01:01:50 | WARNING  | co2_forecast | Very few sequences (4), LSTM may not train well
2026-08-02 01:01:50 | WARNING  | co2_forecast | Very few sequences (8), LSTM may not train well
2026-08-02 01:01:51 | WARNING  | co2_forecast | Very few sequences (4), LSTM may not train well
2026-08-02 01:01:51 | WARNING  | co2_forecast | Very few sequences (4), LSTM may not train well
2026-08-02 01:01:51 | WARNING  | co2_forecast | Very few sequences (4), LSTM may not train well
2026-08-02 01:01:51 | WARNING  | co2_forecast | Very few sequences (8), LSTM may not train well
2026-08-02 01:01:52 | WARNING  | co2_forecast | Very few sequences (4), LSTM may not train well
2026-08-02 01:01:52 | WARNING  | co2_forecast | Very few sequences (4), LSTM may not train well
2026-08-02 01:01:52 | WARNING  | co2_forecast | Very few sequences (4), LSTM may not train well
2026-08-02 01:01:52 | WARNING  | co2_forecast | Very few sequences (8), LSTM may not train well
2026-08-02 01:01:53 | WARNING  | co2_forecast | Very few sequences (4), LSTM may not train well
2026-08-02 01:01:53 | WARNING  | co2_forecast | Very few sequences (4), LSTM may not train well
2026-08-02 01:01:54 | WARNING  | co2_forecast | Very few sequences (4), LSTM may not train well
2026-08-02 01:01:54 | WARNING  | co2_forecast | Very few sequences (8), LSTM may not train well
2026-08-02 01:01:55 | WARNING  | co2_forecast | Very few sequences (4), LSTM may not train well
2026-08-02 01:01:55 | WARNING  | co2_forecast | Very few sequences (4), LSTM may not train well
2026-08-02 01:01:55 | WARNING  | co2_forecast | Very few sequences (4), LSTM may not train well
2026-08-02 01:01:55 | WARNING  | co2_forecast | Very few sequences (8), LSTM may not train well
2026-08-02 01:01:56 | WARNING  | co2_forecast | Very few sequences (4), LSTM may not train well
2026-08-02 01:01:56 | WARNING  | co2_forecast | Very few sequences (4), LSTM may not train well
2026-08-02 01:01:56 | INFO     | co2_forecast |   Iteration 7: Best fitness = 0.745213
2026-08-02 01:01:56 | INFO     | co2_forecast | PSO complete. Best fitness: 0.745213
2026-08-02 01:01:56 | INFO     | co2_forecast |   Best params: {'lookback': 4, 'hidden_size': 16, 'num_layers': 2, 'dropout': 0.5, 'learning_rate': 0.0001, 'batch_size': 32}
2026-08-02 01:01:56 | INFO     | co2_forecast |   Best fitness: 0.745213
2026-08-02 01:01:56 | INFO     | co2_forecast | [A4/panel2_common_period/fs_wrapper/lstm] sweep tuning: best_params={'lookback': 4, 'hidden_size': 16, 'num_layers': 2, 'dropout': 0.5, 'learning_rate': 0.0001, 'batch_size': 32}
2026-08-02 01:02:00 | INFO     | co2_forecast |   -> weighted_mase=1.0206930529668408, runtime=50.8s
2026-08-02 01:02:00 | INFO     | co2_forecast | Stream B cell: A4/fs_xgboost_shap/ridge (6 features)
2026-08-02 01:02:00 | INFO     | co2_forecast | Creating walk-forward splits for 16 valid samples
2026-08-02 01:02:00 | INFO     | co2_forecast | Created 4 CV folds across horizons [1, 2, 4]
2026-08-02 01:02:00 | INFO     | co2_forecast | Built tuning CV plan: 4 folds from 16 rows before 2022-Q%q (evaluation cutoff) - isolation OK (max tuning date 2021-Q%q)
2026-08-02 01:02:00 | INFO     | co2_forecast | Optimizing ridge...
2026-08-02 01:02:00 | INFO     | co2_forecast | Starting PSO: 5 particles, 8 iterations
2026-08-02 01:02:00 | INFO     | co2_forecast |   Iteration 0: Best fitness = 0.590858
2026-08-02 01:02:00 | INFO     | co2_forecast |   Iteration 5: Best fitness = 0.556535
2026-08-02 01:02:00 | INFO     | co2_forecast |   Iteration 7: Best fitness = 0.555595
2026-08-02 01:02:00 | INFO     | co2_forecast | PSO complete. Best fitness: 0.555595
2026-08-02 01:02:00 | INFO     | co2_forecast |   Best params: {'alpha': 93.95798080243287}
2026-08-02 01:02:00 | INFO     | co2_forecast |   Best fitness: 0.555595
2026-08-02 01:02:00 | INFO     | co2_forecast | [A4/panel2_common_period/fs_xgboost_shap/ridge] sweep tuning: best_params={'alpha': 93.95798080243287}
2026-08-02 01:02:00 | INFO     | co2_forecast |   -> weighted_mase=0.8859955990628565, runtime=0.3s
2026-08-02 01:02:00 | INFO     | co2_forecast | Stream B cell: A4/fs_xgboost_shap/random_forest (6 features)
2026-08-02 01:02:00 | INFO     | co2_forecast | Creating walk-forward splits for 16 valid samples
2026-08-02 01:02:00 | INFO     | co2_forecast | Created 4 CV folds across horizons [1, 2, 4]
2026-08-02 01:02:00 | INFO     | co2_forecast | Built tuning CV plan: 4 folds from 16 rows before 2022-Q%q (evaluation cutoff) - isolation OK (max tuning date 2021-Q%q)
2026-08-02 01:02:00 | INFO     | co2_forecast | Optimizing random_forest...
2026-08-02 01:02:00 | INFO     | co2_forecast | Starting PSO: 5 particles, 8 iterations
2026-08-02 01:02:06 | INFO     | co2_forecast |   Iteration 0: Best fitness = 0.748939
2026-08-02 01:02:35 | INFO     | co2_forecast |   Iteration 5: Best fitness = 0.325231
2026-08-02 01:02:52 | INFO     | co2_forecast |   Iteration 7: Best fitness = 0.323638
2026-08-02 01:02:52 | INFO     | co2_forecast | PSO complete. Best fitness: 0.323638
2026-08-02 01:02:52 | INFO     | co2_forecast |   Best params: {'n_estimators': 178, 'max_depth': 3, 'min_samples_split': 2, 'min_samples_leaf': 1}
2026-08-02 01:02:52 | INFO     | co2_forecast |   Best fitness: 0.323638
2026-08-02 01:02:52 | INFO     | co2_forecast | [A4/panel2_common_period/fs_xgboost_shap/random_forest] sweep tuning: best_params={'n_estimators': 178, 'max_depth': 3, 'min_samples_split': 2, 'min_samples_leaf': 1}
2026-08-02 01:02:55 | INFO     | co2_forecast |   -> weighted_mase=0.7431259173671029, runtime=55.0s
2026-08-02 01:02:55 | INFO     | co2_forecast | Stream B cell: A4/fs_xgboost_shap/lightgbm (6 features)
2026-08-02 01:02:55 | INFO     | co2_forecast | Creating walk-forward splits for 16 valid samples
2026-08-02 01:02:55 | INFO     | co2_forecast | Created 4 CV folds across horizons [1, 2, 4]
2026-08-02 01:02:55 | INFO     | co2_forecast | Built tuning CV plan: 4 folds from 16 rows before 2022-Q%q (evaluation cutoff) - isolation OK (max tuning date 2021-Q%q)
2026-08-02 01:02:55 | INFO     | co2_forecast | Optimizing lightgbm...
2026-08-02 01:02:55 | INFO     | co2_forecast | Starting PSO: 5 particles, 8 iterations
2026-08-02 01:03:05 | INFO     | co2_forecast |   Iteration 0: Best fitness = 0.768990
2026-08-02 01:03:05 | INFO     | co2_forecast |   Iteration 5: Best fitness = 0.658948
2026-08-02 01:03:49 | INFO     | co2_forecast |   Iteration 7: Best fitness = 0.658424
2026-08-02 01:03:49 | INFO     | co2_forecast | PSO complete. Best fitness: 0.658424
2026-08-02 01:03:49 | INFO     | co2_forecast |   Best params: {'n_estimators': 295, 'learning_rate': 0.3, 'num_leaves': 127, 'max_depth': 9, 'min_child_samples': 5, 'reg_alpha': 0.001, 'reg_lambda': 0.001}
2026-08-02 01:03:49 | INFO     | co2_forecast |   Best fitness: 0.658424
2026-08-02 01:03:49 | INFO     | co2_forecast | [A4/panel2_common_period/fs_xgboost_shap/lightgbm] sweep tuning: best_params={'n_estimators': 295, 'learning_rate': 0.3, 'num_leaves': 127, 'max_depth': 9, 'min_child_samples': 5, 'reg_alpha': 0.001, 'reg_lambda': 0.001}
2026-08-02 01:05:42 | INFO     | co2_forecast |   -> weighted_mase=0.8175063273272949, runtime=166.5s
2026-08-02 01:05:42 | INFO     | co2_forecast | Stream B cell: A4/fs_xgboost_shap/catboost (6 features)
2026-08-02 01:05:42 | INFO     | co2_forecast | Creating walk-forward splits for 16 valid samples
2026-08-02 01:05:42 | INFO     | co2_forecast | Created 4 CV folds across horizons [1, 2, 4]
2026-08-02 01:05:42 | INFO     | co2_forecast | Built tuning CV plan: 4 folds from 16 rows before 2022-Q%q (evaluation cutoff) - isolation OK (max tuning date 2021-Q%q)
2026-08-02 01:05:42 | INFO     | co2_forecast | Optimizing catboost...
2026-08-02 01:05:42 | INFO     | co2_forecast | Starting PSO: 5 particles, 8 iterations
2026-08-02 01:06:23 | INFO     | co2_forecast |   Iteration 0: Best fitness = 0.323881
2026-08-02 01:10:02 | INFO     | co2_forecast |   Iteration 5: Best fitness = 0.308184
2026-08-02 01:11:22 | INFO     | co2_forecast |   Iteration 7: Best fitness = 0.308184
2026-08-02 01:11:22 | INFO     | co2_forecast | PSO complete. Best fitness: 0.308184
2026-08-02 01:11:22 | INFO     | co2_forecast |   Best params: {'iterations': 185, 'learning_rate': 0.2116444969258065, 'depth': 3, 'l2_leaf_reg': 10.0}
2026-08-02 01:11:22 | INFO     | co2_forecast |   Best fitness: 0.308184
2026-08-02 01:11:22 | INFO     | co2_forecast | [A4/panel2_common_period/fs_xgboost_shap/catboost] sweep tuning: best_params={'iterations': 185, 'learning_rate': 0.2116444969258065, 'depth': 3, 'l2_leaf_reg': 10.0}
2026-08-02 01:11:36 | INFO     | co2_forecast |   -> weighted_mase=0.7137260926993207, runtime=354.2s
2026-08-02 01:11:36 | INFO     | co2_forecast | Stream B cell: A4/fs_xgboost_shap/lstm (6 features)
2026-08-02 01:11:36 | INFO     | co2_forecast | Creating walk-forward splits for 16 valid samples
2026-08-02 01:11:36 | INFO     | co2_forecast | Created 4 CV folds across horizons [1, 2, 4]
2026-08-02 01:11:36 | INFO     | co2_forecast | Built tuning CV plan: 4 folds from 16 rows before 2022-Q%q (evaluation cutoff) - isolation OK (max tuning date 2021-Q%q)
2026-08-02 01:11:36 | INFO     | co2_forecast | Optimizing lstm...
2026-08-02 01:11:36 | INFO     | co2_forecast | Starting PSO: 5 particles, 8 iterations
2026-08-02 01:11:36 | WARNING  | co2_forecast | Model training failed with params {'lookback': 7, 'hidden_size': 62, 'num_layers': 2, 'dropout': 0.3394633936788146, 'learning_rate': 0.0016445845403801217, 'batch_size': 8}: LSTM.fit: training data has 8 rows, giving only 1 sequence(s) with lookback=7; at least 2 are required (one is always reserved for validation). Reduce lookback or provide more training history.
2026-08-02 01:11:36 | WARNING  | co2_forecast | Model training failed with params {'lookback': 11, 'hidden_size': 26, 'num_layers': 1, 'dropout': 0.17336180394137352, 'learning_rate': 0.0031119982052994237, 'batch_size': 16}: LSTM.fit: training data has 8 rows, giving only 0 sequence(s) with lookback=11; at least 2 are required (one is always reserved for validation). Reduce lookback or provide more training history.
2026-08-02 01:11:36 | WARNING  | co2_forecast | Model training failed with params {'lookback': 8, 'hidden_size': 54, 'num_layers': 1, 'dropout': 0.3056937753654446, 'learning_rate': 0.005964904231734221, 'batch_size': 8}: LSTM.fit: training data has 8 rows, giving only 0 sequence(s) with lookback=8; at least 2 are required (one is always reserved for validation). Reduce lookback or provide more training history.
2026-08-02 01:11:36 | WARNING  | co2_forecast | Very few sequences (2), LSTM may not train well
2026-08-02 01:11:36 | WARNING  | co2_forecast | Very few sequences (6), LSTM may not train well
2026-08-02 01:11:36 | WARNING  | co2_forecast | Very few sequences (2), LSTM may not train well
2026-08-02 01:11:37 | WARNING  | co2_forecast | Very few sequences (2), LSTM may not train well
2026-08-02 01:11:37 | WARNING  | co2_forecast | Model training failed with params {'lookback': 8, 'hidden_size': 25, 'num_layers': 2, 'dropout': 0.4100531293444458, 'learning_rate': 0.009401039521485473, 'batch_size': 32}: LSTM.fit: training data has 8 rows, giving only 0 sequence(s) with lookback=8; at least 2 are required (one is always reserved for validation). Reduce lookback or provide more training history.
2026-08-02 01:11:37 | INFO     | co2_forecast |   Iteration 0: Best fitness = 1.086147
2026-08-02 01:11:37 | WARNING  | co2_forecast | Very few sequences (3), LSTM may not train well
2026-08-02 01:11:37 | WARNING  | co2_forecast | Very few sequences (7), LSTM may not train well
2026-08-02 01:11:37 | WARNING  | co2_forecast | Very few sequences (3), LSTM may not train well
2026-08-02 01:11:38 | WARNING  | co2_forecast | Very few sequences (3), LSTM may not train well
2026-08-02 01:11:38 | WARNING  | co2_forecast | Very few sequences (2), LSTM may not train well
2026-08-02 01:11:38 | WARNING  | co2_forecast | Very few sequences (6), LSTM may not train well
2026-08-02 01:11:39 | WARNING  | co2_forecast | Very few sequences (2), LSTM may not train well
2026-08-02 01:11:39 | WARNING  | co2_forecast | Very few sequences (2), LSTM may not train well
2026-08-02 01:11:39 | WARNING  | co2_forecast | Model training failed with params {'lookback': 8, 'hidden_size': 44, 'num_layers': 1, 'dropout': 0.3238975389966341, 'learning_rate': 0.005520634690128072, 'batch_size': 8}: LSTM.fit: training data has 8 rows, giving only 0 sequence(s) with lookback=8; at least 2 are required (one is always reserved for validation). Reduce lookback or provide more training history.
2026-08-02 01:11:39 | WARNING  | co2_forecast | Very few sequences (3), LSTM may not train well
2026-08-02 01:11:39 | WARNING  | co2_forecast | Very few sequences (7), LSTM may not train well
2026-08-02 01:11:40 | WARNING  | co2_forecast | Very few sequences (3), LSTM may not train well
2026-08-02 01:11:40 | WARNING  | co2_forecast | Very few sequences (3), LSTM may not train well
2026-08-02 01:11:40 | WARNING  | co2_forecast | Very few sequences (2), LSTM may not train well
2026-08-02 01:11:40 | WARNING  | co2_forecast | Very few sequences (6), LSTM may not train well
2026-08-02 01:11:41 | WARNING  | co2_forecast | Very few sequences (2), LSTM may not train well
2026-08-02 01:11:42 | WARNING  | co2_forecast | Very few sequences (2), LSTM may not train well
2026-08-02 01:11:43 | WARNING  | co2_forecast | Very few sequences (4), LSTM may not train well
2026-08-02 01:11:43 | WARNING  | co2_forecast | Very few sequences (8), LSTM may not train well
2026-08-02 01:11:44 | WARNING  | co2_forecast | Very few sequences (4), LSTM may not train well
2026-08-02 01:11:44 | WARNING  | co2_forecast | Very few sequences (4), LSTM may not train well
2026-08-02 01:11:44 | WARNING  | co2_forecast | Very few sequences (4), LSTM may not train well
2026-08-02 01:11:45 | WARNING  | co2_forecast | Very few sequences (8), LSTM may not train well
2026-08-02 01:11:46 | WARNING  | co2_forecast | Very few sequences (4), LSTM may not train well
2026-08-02 01:11:46 | WARNING  | co2_forecast | Very few sequences (4), LSTM may not train well
2026-08-02 01:11:46 | WARNING  | co2_forecast | Model training failed with params {'lookback': 7, 'hidden_size': 33, 'num_layers': 1, 'dropout': 0.3174646446740698, 'learning_rate': 0.004142028037008457, 'batch_size': 16}: LSTM.fit: training data has 8 rows, giving only 1 sequence(s) with lookback=7; at least 2 are required (one is always reserved for validation). Reduce lookback or provide more training history.
2026-08-02 01:11:46 | WARNING  | co2_forecast | Very few sequences (3), LSTM may not train well
2026-08-02 01:11:46 | WARNING  | co2_forecast | Very few sequences (7), LSTM may not train well
2026-08-02 01:11:46 | WARNING  | co2_forecast | Very few sequences (3), LSTM may not train well
2026-08-02 01:11:47 | WARNING  | co2_forecast | Very few sequences (3), LSTM may not train well
2026-08-02 01:11:47 | WARNING  | co2_forecast | Very few sequences (4), LSTM may not train well
2026-08-02 01:11:47 | WARNING  | co2_forecast | Very few sequences (8), LSTM may not train well
2026-08-02 01:11:48 | WARNING  | co2_forecast | Very few sequences (4), LSTM may not train well
2026-08-02 01:11:48 | WARNING  | co2_forecast | Very few sequences (4), LSTM may not train well
2026-08-02 01:11:48 | WARNING  | co2_forecast | Very few sequences (3), LSTM may not train well
2026-08-02 01:11:48 | WARNING  | co2_forecast | Very few sequences (7), LSTM may not train well
2026-08-02 01:11:49 | WARNING  | co2_forecast | Very few sequences (3), LSTM may not train well
2026-08-02 01:11:50 | WARNING  | co2_forecast | Very few sequences (3), LSTM may not train well
2026-08-02 01:11:50 | WARNING  | co2_forecast | Very few sequences (4), LSTM may not train well
2026-08-02 01:11:50 | WARNING  | co2_forecast | Very few sequences (8), LSTM may not train well
2026-08-02 01:11:51 | WARNING  | co2_forecast | Very few sequences (4), LSTM may not train well
2026-08-02 01:11:51 | WARNING  | co2_forecast | Very few sequences (4), LSTM may not train well
2026-08-02 01:11:51 | WARNING  | co2_forecast | Very few sequences (2), LSTM may not train well
2026-08-02 01:11:51 | WARNING  | co2_forecast | Very few sequences (6), LSTM may not train well
2026-08-02 01:11:52 | WARNING  | co2_forecast | Very few sequences (2), LSTM may not train well
2026-08-02 01:11:52 | WARNING  | co2_forecast | Very few sequences (2), LSTM may not train well
2026-08-02 01:11:52 | WARNING  | co2_forecast | Very few sequences (3), LSTM may not train well
2026-08-02 01:11:52 | WARNING  | co2_forecast | Very few sequences (7), LSTM may not train well
2026-08-02 01:11:52 | WARNING  | co2_forecast | Very few sequences (3), LSTM may not train well
2026-08-02 01:11:53 | WARNING  | co2_forecast | Very few sequences (3), LSTM may not train well
2026-08-02 01:11:53 | WARNING  | co2_forecast | Very few sequences (4), LSTM may not train well
2026-08-02 01:11:53 | WARNING  | co2_forecast | Very few sequences (8), LSTM may not train well
2026-08-02 01:11:54 | WARNING  | co2_forecast | Very few sequences (4), LSTM may not train well
2026-08-02 01:11:54 | WARNING  | co2_forecast | Very few sequences (4), LSTM may not train well
2026-08-02 01:11:54 | WARNING  | co2_forecast | Very few sequences (3), LSTM may not train well
2026-08-02 01:11:54 | WARNING  | co2_forecast | Very few sequences (7), LSTM may not train well
2026-08-02 01:11:55 | WARNING  | co2_forecast | Very few sequences (3), LSTM may not train well
2026-08-02 01:11:56 | WARNING  | co2_forecast | Very few sequences (3), LSTM may not train well
2026-08-02 01:11:56 | WARNING  | co2_forecast | Very few sequences (4), LSTM may not train well
2026-08-02 01:11:56 | WARNING  | co2_forecast | Very few sequences (8), LSTM may not train well
2026-08-02 01:11:57 | WARNING  | co2_forecast | Very few sequences (4), LSTM may not train well
2026-08-02 01:11:57 | WARNING  | co2_forecast | Very few sequences (4), LSTM may not train well
2026-08-02 01:11:57 | WARNING  | co2_forecast | Very few sequences (3), LSTM may not train well
2026-08-02 01:11:57 | WARNING  | co2_forecast | Very few sequences (7), LSTM may not train well
2026-08-02 01:11:57 | WARNING  | co2_forecast | Very few sequences (3), LSTM may not train well
2026-08-02 01:11:58 | WARNING  | co2_forecast | Very few sequences (3), LSTM may not train well
2026-08-02 01:11:58 | WARNING  | co2_forecast | Very few sequences (3), LSTM may not train well
2026-08-02 01:11:58 | WARNING  | co2_forecast | Very few sequences (7), LSTM may not train well
2026-08-02 01:11:58 | WARNING  | co2_forecast | Very few sequences (3), LSTM may not train well
2026-08-02 01:11:59 | WARNING  | co2_forecast | Very few sequences (3), LSTM may not train well
2026-08-02 01:12:00 | WARNING  | co2_forecast | Very few sequences (3), LSTM may not train well
2026-08-02 01:12:00 | WARNING  | co2_forecast | Very few sequences (7), LSTM may not train well
2026-08-02 01:12:00 | WARNING  | co2_forecast | Very few sequences (3), LSTM may not train well
2026-08-02 01:12:01 | WARNING  | co2_forecast | Very few sequences (3), LSTM may not train well
2026-08-02 01:12:01 | WARNING  | co2_forecast | Very few sequences (3), LSTM may not train well
2026-08-02 01:12:01 | WARNING  | co2_forecast | Very few sequences (7), LSTM may not train well
2026-08-02 01:12:01 | WARNING  | co2_forecast | Very few sequences (3), LSTM may not train well
2026-08-02 01:12:02 | WARNING  | co2_forecast | Very few sequences (3), LSTM may not train well
2026-08-02 01:12:02 | WARNING  | co2_forecast | Very few sequences (3), LSTM may not train well
2026-08-02 01:12:02 | WARNING  | co2_forecast | Very few sequences (7), LSTM may not train well
2026-08-02 01:12:03 | WARNING  | co2_forecast | Very few sequences (3), LSTM may not train well
2026-08-02 01:12:04 | WARNING  | co2_forecast | Very few sequences (3), LSTM may not train well
2026-08-02 01:12:04 | WARNING  | co2_forecast | Very few sequences (3), LSTM may not train well
2026-08-02 01:12:04 | WARNING  | co2_forecast | Very few sequences (7), LSTM may not train well
2026-08-02 01:12:04 | WARNING  | co2_forecast | Very few sequences (3), LSTM may not train well
2026-08-02 01:12:05 | WARNING  | co2_forecast | Very few sequences (3), LSTM may not train well
2026-08-02 01:12:05 | WARNING  | co2_forecast | Very few sequences (3), LSTM may not train well
2026-08-02 01:12:05 | WARNING  | co2_forecast | Very few sequences (7), LSTM may not train well
2026-08-02 01:12:05 | WARNING  | co2_forecast | Very few sequences (3), LSTM may not train well
2026-08-02 01:12:07 | WARNING  | co2_forecast | Very few sequences (3), LSTM may not train well
2026-08-02 01:12:07 | WARNING  | co2_forecast | Very few sequences (3), LSTM may not train well
2026-08-02 01:12:07 | WARNING  | co2_forecast | Very few sequences (7), LSTM may not train well
2026-08-02 01:12:07 | WARNING  | co2_forecast | Very few sequences (3), LSTM may not train well
2026-08-02 01:12:08 | WARNING  | co2_forecast | Very few sequences (3), LSTM may not train well
2026-08-02 01:12:09 | INFO     | co2_forecast |   Iteration 5: Best fitness = 0.756084
2026-08-02 01:12:09 | WARNING  | co2_forecast | Very few sequences (3), LSTM may not train well
2026-08-02 01:12:09 | WARNING  | co2_forecast | Very few sequences (7), LSTM may not train well
2026-08-02 01:12:09 | WARNING  | co2_forecast | Very few sequences (3), LSTM may not train well
2026-08-02 01:12:10 | WARNING  | co2_forecast | Very few sequences (3), LSTM may not train well
2026-08-02 01:12:10 | WARNING  | co2_forecast | Very few sequences (3), LSTM may not train well
2026-08-02 01:12:10 | WARNING  | co2_forecast | Very few sequences (7), LSTM may not train well
2026-08-02 01:12:10 | WARNING  | co2_forecast | Very few sequences (3), LSTM may not train well
2026-08-02 01:12:11 | WARNING  | co2_forecast | Very few sequences (3), LSTM may not train well
2026-08-02 01:12:11 | WARNING  | co2_forecast | Very few sequences (3), LSTM may not train well
2026-08-02 01:12:11 | WARNING  | co2_forecast | Very few sequences (7), LSTM may not train well
2026-08-02 01:12:12 | WARNING  | co2_forecast | Very few sequences (3), LSTM may not train well
2026-08-02 01:12:13 | WARNING  | co2_forecast | Very few sequences (3), LSTM may not train well
2026-08-02 01:12:13 | WARNING  | co2_forecast | Very few sequences (3), LSTM may not train well
2026-08-02 01:12:13 | WARNING  | co2_forecast | Very few sequences (7), LSTM may not train well
2026-08-02 01:12:13 | WARNING  | co2_forecast | Very few sequences (3), LSTM may not train well
2026-08-02 01:12:14 | WARNING  | co2_forecast | Very few sequences (3), LSTM may not train well
2026-08-02 01:12:14 | WARNING  | co2_forecast | Very few sequences (3), LSTM may not train well
2026-08-02 01:12:14 | WARNING  | co2_forecast | Very few sequences (7), LSTM may not train well
2026-08-02 01:12:14 | WARNING  | co2_forecast | Very few sequences (3), LSTM may not train well
2026-08-02 01:12:15 | WARNING  | co2_forecast | Very few sequences (3), LSTM may not train well
2026-08-02 01:12:15 | WARNING  | co2_forecast | Very few sequences (3), LSTM may not train well
2026-08-02 01:12:16 | WARNING  | co2_forecast | Very few sequences (7), LSTM may not train well
2026-08-02 01:12:16 | WARNING  | co2_forecast | Very few sequences (3), LSTM may not train well
2026-08-02 01:12:17 | WARNING  | co2_forecast | Very few sequences (3), LSTM may not train well
2026-08-02 01:12:17 | WARNING  | co2_forecast | Very few sequences (3), LSTM may not train well
2026-08-02 01:12:17 | WARNING  | co2_forecast | Very few sequences (7), LSTM may not train well
2026-08-02 01:12:17 | WARNING  | co2_forecast | Very few sequences (3), LSTM may not train well
2026-08-02 01:12:18 | WARNING  | co2_forecast | Very few sequences (3), LSTM may not train well
2026-08-02 01:12:18 | WARNING  | co2_forecast | Very few sequences (3), LSTM may not train well
2026-08-02 01:12:18 | WARNING  | co2_forecast | Very few sequences (7), LSTM may not train well
2026-08-02 01:12:19 | WARNING  | co2_forecast | Very few sequences (3), LSTM may not train well
2026-08-02 01:12:19 | WARNING  | co2_forecast | Very few sequences (3), LSTM may not train well
2026-08-02 01:12:19 | WARNING  | co2_forecast | Very few sequences (3), LSTM may not train well
2026-08-02 01:12:20 | WARNING  | co2_forecast | Very few sequences (7), LSTM may not train well
2026-08-02 01:12:20 | WARNING  | co2_forecast | Very few sequences (3), LSTM may not train well
2026-08-02 01:12:21 | WARNING  | co2_forecast | Very few sequences (3), LSTM may not train well
2026-08-02 01:12:21 | WARNING  | co2_forecast | Very few sequences (3), LSTM may not train well
2026-08-02 01:12:21 | WARNING  | co2_forecast | Very few sequences (7), LSTM may not train well
2026-08-02 01:12:21 | WARNING  | co2_forecast | Very few sequences (3), LSTM may not train well
2026-08-02 01:12:22 | WARNING  | co2_forecast | Very few sequences (3), LSTM may not train well
2026-08-02 01:12:22 | INFO     | co2_forecast |   Iteration 7: Best fitness = 0.756019
2026-08-02 01:12:22 | INFO     | co2_forecast | PSO complete. Best fitness: 0.756019
2026-08-02 01:12:22 | INFO     | co2_forecast |   Best params: {'lookback': 5, 'hidden_size': 16, 'num_layers': 2, 'dropout': 0.39375619176098864, 'learning_rate': 0.0001, 'batch_size': 32}
2026-08-02 01:12:22 | INFO     | co2_forecast |   Best fitness: 0.756019
2026-08-02 01:12:22 | INFO     | co2_forecast | [A4/panel2_common_period/fs_xgboost_shap/lstm] sweep tuning: best_params={'lookback': 5, 'hidden_size': 16, 'num_layers': 2, 'dropout': 0.39375619176098864, 'learning_rate': 0.0001, 'batch_size': 32}
2026-08-02 01:12:26 | INFO     | co2_forecast |   -> weighted_mase=1.024701135731726, runtime=49.9s
2026-08-02 01:12:26 | INFO     | co2_forecast | Stream B cell: A4/fs_permutation_stability/ridge (5 features)
2026-08-02 01:12:26 | INFO     | co2_forecast | Creating walk-forward splits for 16 valid samples
2026-08-02 01:12:26 | INFO     | co2_forecast | Created 4 CV folds across horizons [1, 2, 4]
2026-08-02 01:12:26 | INFO     | co2_forecast | Built tuning CV plan: 4 folds from 16 rows before 2022-Q%q (evaluation cutoff) - isolation OK (max tuning date 2021-Q%q)
2026-08-02 01:12:26 | INFO     | co2_forecast | Optimizing ridge...
2026-08-02 01:12:26 | INFO     | co2_forecast | Starting PSO: 5 particles, 8 iterations
2026-08-02 01:12:26 | INFO     | co2_forecast |   Iteration 0: Best fitness = 0.687774
2026-08-02 01:12:26 | INFO     | co2_forecast |   Iteration 5: Best fitness = 0.677851
2026-08-02 01:12:26 | INFO     | co2_forecast |   Iteration 7: Best fitness = 0.677851
2026-08-02 01:12:26 | INFO     | co2_forecast | PSO complete. Best fitness: 0.677851
2026-08-02 01:12:26 | INFO     | co2_forecast |   Best params: {'alpha': 27.34847947955912}
2026-08-02 01:12:26 | INFO     | co2_forecast |   Best fitness: 0.677851
2026-08-02 01:12:26 | INFO     | co2_forecast | [A4/panel2_common_period/fs_permutation_stability/ridge] sweep tuning: best_params={'alpha': 27.34847947955912}
2026-08-02 01:12:26 | INFO     | co2_forecast |   -> weighted_mase=0.9653088456422252, runtime=0.2s
2026-08-02 01:12:26 | INFO     | co2_forecast | Stream B cell: A4/fs_permutation_stability/random_forest (5 features)
2026-08-02 01:12:26 | INFO     | co2_forecast | Creating walk-forward splits for 16 valid samples
2026-08-02 01:12:26 | INFO     | co2_forecast | Created 4 CV folds across horizons [1, 2, 4]
2026-08-02 01:12:26 | INFO     | co2_forecast | Built tuning CV plan: 4 folds from 16 rows before 2022-Q%q (evaluation cutoff) - isolation OK (max tuning date 2021-Q%q)
2026-08-02 01:12:26 | INFO     | co2_forecast | Optimizing random_forest...
2026-08-02 01:12:26 | INFO     | co2_forecast | Starting PSO: 5 particles, 8 iterations
2026-08-02 01:12:32 | INFO     | co2_forecast |   Iteration 0: Best fitness = 0.771606
2026-08-02 01:12:55 | INFO     | co2_forecast |   Iteration 5: Best fitness = 0.769627
2026-08-02 01:13:02 | INFO     | co2_forecast |   Iteration 7: Best fitness = 0.768515
2026-08-02 01:13:02 | INFO     | co2_forecast | PSO complete. Best fitness: 0.768515
2026-08-02 01:13:02 | INFO     | co2_forecast |   Best params: {'n_estimators': 75, 'max_depth': 17, 'min_samples_split': 16, 'min_samples_leaf': 7}
2026-08-02 01:13:02 | INFO     | co2_forecast |   Best fitness: 0.768515
2026-08-02 01:13:02 | INFO     | co2_forecast | [A4/panel2_common_period/fs_permutation_stability/random_forest] sweep tuning: best_params={'n_estimators': 75, 'max_depth': 17, 'min_samples_split': 16, 'min_samples_leaf': 7}
2026-08-02 01:13:04 | INFO     | co2_forecast |   -> weighted_mase=1.0455294722103126, runtime=37.6s
2026-08-02 01:13:04 | INFO     | co2_forecast | Stream B cell: A4/fs_permutation_stability/lightgbm (5 features)
2026-08-02 01:13:04 | INFO     | co2_forecast | Creating walk-forward splits for 16 valid samples
2026-08-02 01:13:04 | INFO     | co2_forecast | Created 4 CV folds across horizons [1, 2, 4]
2026-08-02 01:13:04 | INFO     | co2_forecast | Built tuning CV plan: 4 folds from 16 rows before 2022-Q%q (evaluation cutoff) - isolation OK (max tuning date 2021-Q%q)
2026-08-02 01:13:04 | INFO     | co2_forecast | Optimizing lightgbm...
2026-08-02 01:13:04 | INFO     | co2_forecast | Starting PSO: 5 particles, 8 iterations
2026-08-02 01:13:42 | INFO     | co2_forecast |   Iteration 0: Best fitness = 0.768990
2026-08-02 01:14:02 | INFO     | co2_forecast |   Iteration 5: Best fitness = 0.768990
2026-08-02 01:14:06 | INFO     | co2_forecast |   Iteration 7: Best fitness = 0.768990
2026-08-02 01:14:06 | INFO     | co2_forecast | PSO complete. Best fitness: 0.768990
2026-08-02 01:14:06 | INFO     | co2_forecast |   Best params: {'n_estimators': 144, 'learning_rate': 0.28570714885887566, 'num_leaves': 97, 'max_depth': 10, 'min_child_samples': 12, 'reg_alpha': 1.5607892088416901, 'reg_lambda': 0.5817780380698264}
2026-08-02 01:14:06 | INFO     | co2_forecast |   Best fitness: 0.768990
2026-08-02 01:14:06 | INFO     | co2_forecast | [A4/panel2_common_period/fs_permutation_stability/lightgbm] sweep tuning: best_params={'n_estimators': 144, 'learning_rate': 0.28570714885887566, 'num_leaves': 97, 'max_depth': 10, 'min_child_samples': 12, 'reg_alpha': 1.5607892088416901, 'reg_lambda': 0.5817780380698264}
2026-08-02 01:14:06 | INFO     | co2_forecast |   -> weighted_mase=1.0410666416960128, runtime=62.4s
2026-08-02 01:14:06 | INFO     | co2_forecast | Stream B cell: A4/fs_permutation_stability/catboost (5 features)
2026-08-02 01:14:06 | INFO     | co2_forecast | Creating walk-forward splits for 16 valid samples
2026-08-02 01:14:06 | INFO     | co2_forecast | Created 4 CV folds across horizons [1, 2, 4]
2026-08-02 01:14:06 | INFO     | co2_forecast | Built tuning CV plan: 4 folds from 16 rows before 2022-Q%q (evaluation cutoff) - isolation OK (max tuning date 2021-Q%q)
2026-08-02 01:14:06 | INFO     | co2_forecast | Optimizing catboost...
2026-08-02 01:14:06 | INFO     | co2_forecast | Starting PSO: 5 particles, 8 iterations
2026-08-02 01:14:47 | INFO     | co2_forecast |   Iteration 0: Best fitness = 0.651913
2026-08-02 01:18:19 | INFO     | co2_forecast |   Iteration 5: Best fitness = 0.544334
2026-08-02 01:19:39 | INFO     | co2_forecast |   Iteration 7: Best fitness = 0.543045
2026-08-02 01:19:39 | INFO     | co2_forecast | PSO complete. Best fitness: 0.543045
2026-08-02 01:19:39 | INFO     | co2_forecast |   Best params: {'iterations': 91, 'learning_rate': 0.3, 'depth': 10, 'l2_leaf_reg': 1.796952963965336}
2026-08-02 01:19:39 | INFO     | co2_forecast |   Best fitness: 0.543045
2026-08-02 01:19:39 | INFO     | co2_forecast | [A4/panel2_common_period/fs_permutation_stability/catboost] sweep tuning: best_params={'iterations': 91, 'learning_rate': 0.3, 'depth': 10, 'l2_leaf_reg': 1.796952963965336}
2026-08-02 01:19:55 | INFO     | co2_forecast |   -> weighted_mase=1.1203442598789835, runtime=348.9s
2026-08-02 01:19:55 | INFO     | co2_forecast | Stream B cell: A4/fs_permutation_stability/lstm (5 features)
2026-08-02 01:19:55 | INFO     | co2_forecast | Creating walk-forward splits for 16 valid samples
2026-08-02 01:19:55 | INFO     | co2_forecast | Created 4 CV folds across horizons [1, 2, 4]
2026-08-02 01:19:55 | INFO     | co2_forecast | Built tuning CV plan: 4 folds from 16 rows before 2022-Q%q (evaluation cutoff) - isolation OK (max tuning date 2021-Q%q)
2026-08-02 01:19:55 | INFO     | co2_forecast | Optimizing lstm...
2026-08-02 01:19:55 | INFO     | co2_forecast | Starting PSO: 5 particles, 8 iterations
2026-08-02 01:19:55 | WARNING  | co2_forecast | Model training failed with params {'lookback': 7, 'hidden_size': 62, 'num_layers': 2, 'dropout': 0.3394633936788146, 'learning_rate': 0.0016445845403801217, 'batch_size': 8}: LSTM.fit: training data has 8 rows, giving only 1 sequence(s) with lookback=7; at least 2 are required (one is always reserved for validation). Reduce lookback or provide more training history.
2026-08-02 01:19:55 | WARNING  | co2_forecast | Model training failed with params {'lookback': 11, 'hidden_size': 26, 'num_layers': 1, 'dropout': 0.17336180394137352, 'learning_rate': 0.0031119982052994237, 'batch_size': 16}: LSTM.fit: training data has 8 rows, giving only 0 sequence(s) with lookback=11; at least 2 are required (one is always reserved for validation). Reduce lookback or provide more training history.
2026-08-02 01:19:55 | WARNING  | co2_forecast | Model training failed with params {'lookback': 8, 'hidden_size': 54, 'num_layers': 1, 'dropout': 0.3056937753654446, 'learning_rate': 0.005964904231734221, 'batch_size': 8}: LSTM.fit: training data has 8 rows, giving only 0 sequence(s) with lookback=8; at least 2 are required (one is always reserved for validation). Reduce lookback or provide more training history.
2026-08-02 01:19:55 | WARNING  | co2_forecast | Very few sequences (2), LSTM may not train well
2026-08-02 01:19:55 | WARNING  | co2_forecast | Very few sequences (6), LSTM may not train well
2026-08-02 01:19:56 | WARNING  | co2_forecast | Very few sequences (2), LSTM may not train well
2026-08-02 01:19:56 | WARNING  | co2_forecast | Very few sequences (2), LSTM may not train well
2026-08-02 01:19:56 | WARNING  | co2_forecast | Model training failed with params {'lookback': 8, 'hidden_size': 25, 'num_layers': 2, 'dropout': 0.4100531293444458, 'learning_rate': 0.009401039521485473, 'batch_size': 32}: LSTM.fit: training data has 8 rows, giving only 0 sequence(s) with lookback=8; at least 2 are required (one is always reserved for validation). Reduce lookback or provide more training history.
2026-08-02 01:19:56 | INFO     | co2_forecast |   Iteration 0: Best fitness = 0.940479
2026-08-02 01:19:56 | WARNING  | co2_forecast | Very few sequences (3), LSTM may not train well
2026-08-02 01:19:56 | WARNING  | co2_forecast | Very few sequences (7), LSTM may not train well
2026-08-02 01:19:57 | WARNING  | co2_forecast | Very few sequences (3), LSTM may not train well
2026-08-02 01:19:58 | WARNING  | co2_forecast | Very few sequences (3), LSTM may not train well
2026-08-02 01:19:58 | WARNING  | co2_forecast | Very few sequences (2), LSTM may not train well
2026-08-02 01:19:58 | WARNING  | co2_forecast | Very few sequences (6), LSTM may not train well
2026-08-02 01:19:59 | WARNING  | co2_forecast | Very few sequences (2), LSTM may not train well
2026-08-02 01:19:59 | WARNING  | co2_forecast | Very few sequences (2), LSTM may not train well
2026-08-02 01:19:59 | WARNING  | co2_forecast | Model training failed with params {'lookback': 8, 'hidden_size': 44, 'num_layers': 1, 'dropout': 0.3238975389966341, 'learning_rate': 0.005520634690128072, 'batch_size': 8}: LSTM.fit: training data has 8 rows, giving only 0 sequence(s) with lookback=8; at least 2 are required (one is always reserved for validation). Reduce lookback or provide more training history.
2026-08-02 01:19:59 | WARNING  | co2_forecast | Very few sequences (3), LSTM may not train well
2026-08-02 01:19:59 | WARNING  | co2_forecast | Very few sequences (7), LSTM may not train well
2026-08-02 01:20:00 | WARNING  | co2_forecast | Very few sequences (3), LSTM may not train well
2026-08-02 01:20:00 | WARNING  | co2_forecast | Very few sequences (3), LSTM may not train well
2026-08-02 01:20:00 | WARNING  | co2_forecast | Very few sequences (2), LSTM may not train well
2026-08-02 01:20:00 | WARNING  | co2_forecast | Very few sequences (6), LSTM may not train well
2026-08-02 01:20:01 | WARNING  | co2_forecast | Very few sequences (2), LSTM may not train well
2026-08-02 01:20:02 | WARNING  | co2_forecast | Very few sequences (2), LSTM may not train well
2026-08-02 01:20:03 | WARNING  | co2_forecast | Very few sequences (3), LSTM may not train well
2026-08-02 01:20:03 | WARNING  | co2_forecast | Very few sequences (7), LSTM may not train well
2026-08-02 01:20:03 | WARNING  | co2_forecast | Very few sequences (3), LSTM may not train well
2026-08-02 01:20:04 | WARNING  | co2_forecast | Very few sequences (3), LSTM may not train well
2026-08-02 01:20:04 | WARNING  | co2_forecast | Very few sequences (4), LSTM may not train well
2026-08-02 01:20:04 | WARNING  | co2_forecast | Very few sequences (8), LSTM may not train well
2026-08-02 01:20:05 | WARNING  | co2_forecast | Very few sequences (4), LSTM may not train well
2026-08-02 01:20:06 | WARNING  | co2_forecast | Very few sequences (4), LSTM may not train well
2026-08-02 01:20:07 | WARNING  | co2_forecast | Model training failed with params {'lookback': 7, 'hidden_size': 35, 'num_layers': 1, 'dropout': 0.31512819649180424, 'learning_rate': 0.004065945490368326, 'batch_size': 8}: LSTM.fit: training data has 8 rows, giving only 1 sequence(s) with lookback=7; at least 2 are required (one is always reserved for validation). Reduce lookback or provide more training history.
2026-08-02 01:20:07 | WARNING  | co2_forecast | Very few sequences (2), LSTM may not train well
2026-08-02 01:20:07 | WARNING  | co2_forecast | Very few sequences (6), LSTM may not train well
2026-08-02 01:20:08 | WARNING  | co2_forecast | Very few sequences (2), LSTM may not train well
2026-08-02 01:20:08 | WARNING  | co2_forecast | Very few sequences (2), LSTM may not train well
2026-08-02 01:20:09 | WARNING  | co2_forecast | Very few sequences (3), LSTM may not train well
2026-08-02 01:20:09 | WARNING  | co2_forecast | Very few sequences (7), LSTM may not train well
2026-08-02 01:20:10 | WARNING  | co2_forecast | Very few sequences (3), LSTM may not train well
2026-08-02 01:20:11 | WARNING  | co2_forecast | Very few sequences (3), LSTM may not train well
2026-08-02 01:20:11 | WARNING  | co2_forecast | Very few sequences (3), LSTM may not train well
2026-08-02 01:20:11 | WARNING  | co2_forecast | Very few sequences (7), LSTM may not train well
2026-08-02 01:20:11 | WARNING  | co2_forecast | Very few sequences (3), LSTM may not train well
2026-08-02 01:20:12 | WARNING  | co2_forecast | Very few sequences (3), LSTM may not train well
2026-08-02 01:20:12 | WARNING  | co2_forecast | Very few sequences (4), LSTM may not train well
2026-08-02 01:20:13 | WARNING  | co2_forecast | Very few sequences (8), LSTM may not train well
2026-08-02 01:20:13 | WARNING  | co2_forecast | Very few sequences (4), LSTM may not train well
2026-08-02 01:20:13 | WARNING  | co2_forecast | Very few sequences (4), LSTM may not train well
2026-08-02 01:20:13 | WARNING  | co2_forecast | Very few sequences (2), LSTM may not train well
2026-08-02 01:20:13 | WARNING  | co2_forecast | Very few sequences (6), LSTM may not train well
2026-08-02 01:20:13 | WARNING  | co2_forecast | Very few sequences (2), LSTM may not train well
2026-08-02 01:20:13 | WARNING  | co2_forecast | Very few sequences (2), LSTM may not train well
2026-08-02 01:20:13 | WARNING  | co2_forecast | Very few sequences (3), LSTM may not train well
2026-08-02 01:20:14 | WARNING  | co2_forecast | Very few sequences (7), LSTM may not train well
2026-08-02 01:20:14 | WARNING  | co2_forecast | Very few sequences (3), LSTM may not train well
2026-08-02 01:20:15 | WARNING  | co2_forecast | Very few sequences (3), LSTM may not train well
2026-08-02 01:20:15 | WARNING  | co2_forecast | Very few sequences (4), LSTM may not train well
2026-08-02 01:20:15 | WARNING  | co2_forecast | Very few sequences (8), LSTM may not train well
2026-08-02 01:20:15 | WARNING  | co2_forecast | Very few sequences (4), LSTM may not train well
2026-08-02 01:20:15 | WARNING  | co2_forecast | Very few sequences (4), LSTM may not train well
2026-08-02 01:20:15 | WARNING  | co2_forecast | Very few sequences (3), LSTM may not train well
2026-08-02 01:20:15 | WARNING  | co2_forecast | Very few sequences (7), LSTM may not train well
2026-08-02 01:20:15 | WARNING  | co2_forecast | Very few sequences (3), LSTM may not train well
2026-08-02 01:20:16 | WARNING  | co2_forecast | Very few sequences (3), LSTM may not train well
2026-08-02 01:20:16 | WARNING  | co2_forecast | Very few sequences (4), LSTM may not train well
2026-08-02 01:20:16 | WARNING  | co2_forecast | Very few sequences (8), LSTM may not train well
2026-08-02 01:20:16 | WARNING  | co2_forecast | Very few sequences (4), LSTM may not train well
2026-08-02 01:20:17 | WARNING  | co2_forecast | Very few sequences (4), LSTM may not train well
2026-08-02 01:20:17 | WARNING  | co2_forecast | Very few sequences (3), LSTM may not train well
2026-08-02 01:20:17 | WARNING  | co2_forecast | Very few sequences (7), LSTM may not train well
2026-08-02 01:20:17 | WARNING  | co2_forecast | Very few sequences (3), LSTM may not train well
2026-08-02 01:20:18 | WARNING  | co2_forecast | Very few sequences (3), LSTM may not train well
2026-08-02 01:20:18 | WARNING  | co2_forecast | Very few sequences (3), LSTM may not train well
2026-08-02 01:20:18 | WARNING  | co2_forecast | Very few sequences (7), LSTM may not train well
2026-08-02 01:20:18 | WARNING  | co2_forecast | Very few sequences (3), LSTM may not train well
2026-08-02 01:20:19 | WARNING  | co2_forecast | Very few sequences (3), LSTM may not train well
2026-08-02 01:20:19 | WARNING  | co2_forecast | Very few sequences (4), LSTM may not train well
2026-08-02 01:20:20 | WARNING  | co2_forecast | Very few sequences (8), LSTM may not train well
2026-08-02 01:20:20 | WARNING  | co2_forecast | Very few sequences (4), LSTM may not train well
2026-08-02 01:20:20 | WARNING  | co2_forecast | Very few sequences (4), LSTM may not train well
2026-08-02 01:20:20 | WARNING  | co2_forecast | Very few sequences (3), LSTM may not train well
2026-08-02 01:20:20 | WARNING  | co2_forecast | Very few sequences (7), LSTM may not train well
2026-08-02 01:20:20 | WARNING  | co2_forecast | Very few sequences (3), LSTM may not train well
2026-08-02 01:20:21 | WARNING  | co2_forecast | Very few sequences (3), LSTM may not train well
2026-08-02 01:20:21 | WARNING  | co2_forecast | Very few sequences (3), LSTM may not train well
2026-08-02 01:20:21 | WARNING  | co2_forecast | Very few sequences (7), LSTM may not train well
2026-08-02 01:20:21 | WARNING  | co2_forecast | Very few sequences (3), LSTM may not train well
2026-08-02 01:20:23 | WARNING  | co2_forecast | Very few sequences (3), LSTM may not train well
2026-08-02 01:20:23 | WARNING  | co2_forecast | Very few sequences (3), LSTM may not train well
2026-08-02 01:20:23 | WARNING  | co2_forecast | Very few sequences (7), LSTM may not train well
2026-08-02 01:20:24 | WARNING  | co2_forecast | Very few sequences (3), LSTM may not train well
2026-08-02 01:20:25 | WARNING  | co2_forecast | Very few sequences (3), LSTM may not train well
2026-08-02 01:20:26 | WARNING  | co2_forecast | Very few sequences (3), LSTM may not train well
2026-08-02 01:20:26 | WARNING  | co2_forecast | Very few sequences (7), LSTM may not train well
2026-08-02 01:20:26 | WARNING  | co2_forecast | Very few sequences (3), LSTM may not train well
2026-08-02 01:20:27 | WARNING  | co2_forecast | Very few sequences (3), LSTM may not train well
2026-08-02 01:20:27 | WARNING  | co2_forecast | Very few sequences (3), LSTM may not train well
2026-08-02 01:20:27 | WARNING  | co2_forecast | Very few sequences (7), LSTM may not train well
2026-08-02 01:20:27 | WARNING  | co2_forecast | Very few sequences (3), LSTM may not train well
2026-08-02 01:20:28 | WARNING  | co2_forecast | Very few sequences (3), LSTM may not train well
2026-08-02 01:20:28 | INFO     | co2_forecast |   Iteration 5: Best fitness = 0.763558
2026-08-02 01:20:28 | WARNING  | co2_forecast | Very few sequences (3), LSTM may not train well
2026-08-02 01:20:28 | WARNING  | co2_forecast | Very few sequences (7), LSTM may not train well
2026-08-02 01:20:28 | WARNING  | co2_forecast | Very few sequences (3), LSTM may not train well
2026-08-02 01:20:29 | WARNING  | co2_forecast | Very few sequences (3), LSTM may not train well
2026-08-02 01:20:29 | WARNING  | co2_forecast | Very few sequences (2), LSTM may not train well
2026-08-02 01:20:29 | WARNING  | co2_forecast | Very few sequences (6), LSTM may not train well
2026-08-02 01:20:30 | WARNING  | co2_forecast | Very few sequences (2), LSTM may not train well
2026-08-02 01:20:31 | WARNING  | co2_forecast | Very few sequences (2), LSTM may not train well
2026-08-02 01:20:32 | WARNING  | co2_forecast | Very few sequences (3), LSTM may not train well
2026-08-02 01:20:32 | WARNING  | co2_forecast | Very few sequences (7), LSTM may not train well
2026-08-02 01:20:32 | WARNING  | co2_forecast | Very few sequences (3), LSTM may not train well
2026-08-02 01:20:33 | WARNING  | co2_forecast | Very few sequences (3), LSTM may not train well
2026-08-02 01:20:33 | WARNING  | co2_forecast | Very few sequences (3), LSTM may not train well
2026-08-02 01:20:33 | WARNING  | co2_forecast | Very few sequences (7), LSTM may not train well
2026-08-02 01:20:33 | WARNING  | co2_forecast | Very few sequences (3), LSTM may not train well
2026-08-02 01:20:34 | WARNING  | co2_forecast | Very few sequences (3), LSTM may not train well
2026-08-02 01:20:34 | WARNING  | co2_forecast | Very few sequences (2), LSTM may not train well
2026-08-02 01:20:34 | WARNING  | co2_forecast | Very few sequences (6), LSTM may not train well
2026-08-02 01:20:35 | WARNING  | co2_forecast | Very few sequences (2), LSTM may not train well
2026-08-02 01:20:36 | WARNING  | co2_forecast | Very few sequences (2), LSTM may not train well
2026-08-02 01:20:37 | WARNING  | co2_forecast | Very few sequences (3), LSTM may not train well
2026-08-02 01:20:37 | WARNING  | co2_forecast | Very few sequences (7), LSTM may not train well
2026-08-02 01:20:37 | WARNING  | co2_forecast | Very few sequences (3), LSTM may not train well
2026-08-02 01:20:38 | WARNING  | co2_forecast | Very few sequences (3), LSTM may not train well
2026-08-02 01:20:38 | WARNING  | co2_forecast | Very few sequences (4), LSTM may not train well
2026-08-02 01:20:38 | WARNING  | co2_forecast | Very few sequences (8), LSTM may not train well
2026-08-02 01:20:38 | WARNING  | co2_forecast | Very few sequences (4), LSTM may not train well
2026-08-02 01:20:38 | WARNING  | co2_forecast | Very few sequences (4), LSTM may not train well
2026-08-02 01:20:38 | WARNING  | co2_forecast | Very few sequences (3), LSTM may not train well
2026-08-02 01:20:38 | WARNING  | co2_forecast | Very few sequences (7), LSTM may not train well
2026-08-02 01:20:39 | WARNING  | co2_forecast | Very few sequences (3), LSTM may not train well
2026-08-02 01:20:39 | WARNING  | co2_forecast | Very few sequences (3), LSTM may not train well
2026-08-02 01:20:40 | WARNING  | co2_forecast | Very few sequences (3), LSTM may not train well
2026-08-02 01:20:40 | WARNING  | co2_forecast | Very few sequences (7), LSTM may not train well
2026-08-02 01:20:40 | WARNING  | co2_forecast | Very few sequences (3), LSTM may not train well
2026-08-02 01:20:40 | WARNING  | co2_forecast | Very few sequences (3), LSTM may not train well
2026-08-02 01:20:41 | WARNING  | co2_forecast | Very few sequences (3), LSTM may not train well
2026-08-02 01:20:41 | WARNING  | co2_forecast | Very few sequences (7), LSTM may not train well
2026-08-02 01:20:41 | WARNING  | co2_forecast | Very few sequences (3), LSTM may not train well
2026-08-02 01:20:42 | WARNING  | co2_forecast | Very few sequences (3), LSTM may not train well
2026-08-02 01:20:42 | INFO     | co2_forecast |   Iteration 7: Best fitness = 0.763558
2026-08-02 01:20:42 | INFO     | co2_forecast | PSO complete. Best fitness: 0.763558
2026-08-02 01:20:42 | INFO     | co2_forecast |   Best params: {'lookback': 5, 'hidden_size': 16, 'num_layers': 2, 'dropout': 0.1, 'learning_rate': 0.0001, 'batch_size': 32}
2026-08-02 01:20:42 | INFO     | co2_forecast |   Best fitness: 0.763558
2026-08-02 01:20:42 | INFO     | co2_forecast | [A4/panel2_common_period/fs_permutation_stability/lstm] sweep tuning: best_params={'lookback': 5, 'hidden_size': 16, 'num_layers': 2, 'dropout': 0.1, 'learning_rate': 0.0001, 'batch_size': 32}
2026-08-02 01:20:45 | INFO     | co2_forecast |   -> weighted_mase=1.0311644477063728, runtime=50.1s
2026-08-02 01:20:45 | INFO     | co2_forecast | Stream B cell: A4/fs_consensus/ridge (15 features)
2026-08-02 01:20:45 | INFO     | co2_forecast | Creating walk-forward splits for 16 valid samples
2026-08-02 01:20:45 | INFO     | co2_forecast | Created 4 CV folds across horizons [1, 2, 4]
2026-08-02 01:20:45 | INFO     | co2_forecast | Built tuning CV plan: 4 folds from 16 rows before 2022-Q%q (evaluation cutoff) - isolation OK (max tuning date 2021-Q%q)
2026-08-02 01:20:45 | INFO     | co2_forecast | Optimizing ridge...
2026-08-02 01:20:45 | INFO     | co2_forecast | Starting PSO: 5 particles, 8 iterations
2026-08-02 01:20:45 | INFO     | co2_forecast |   Iteration 0: Best fitness = 0.768852
2026-08-02 01:20:45 | INFO     | co2_forecast |   Iteration 5: Best fitness = 0.705691
2026-08-02 01:20:45 | INFO     | co2_forecast |   Iteration 7: Best fitness = 0.705691
2026-08-02 01:20:45 | INFO     | co2_forecast | PSO complete. Best fitness: 0.705691
2026-08-02 01:20:45 | INFO     | co2_forecast |   Best params: {'alpha': 100.0}
2026-08-02 01:20:45 | INFO     | co2_forecast |   Best fitness: 0.705691
2026-08-02 01:20:45 | INFO     | co2_forecast | [A4/panel2_common_period/fs_consensus/ridge] sweep tuning: best_params={'alpha': 100.0}
2026-08-02 01:20:46 | INFO     | co2_forecast |   -> weighted_mase=0.784903743347736, runtime=0.3s
2026-08-02 01:20:46 | INFO     | co2_forecast | Stream B cell: A4/fs_consensus/random_forest (15 features)
2026-08-02 01:20:46 | INFO     | co2_forecast | Creating walk-forward splits for 16 valid samples
2026-08-02 01:20:46 | INFO     | co2_forecast | Created 4 CV folds across horizons [1, 2, 4]
2026-08-02 01:20:46 | INFO     | co2_forecast | Built tuning CV plan: 4 folds from 16 rows before 2022-Q%q (evaluation cutoff) - isolation OK (max tuning date 2021-Q%q)
2026-08-02 01:20:46 | INFO     | co2_forecast | Optimizing random_forest...
2026-08-02 01:20:46 | INFO     | co2_forecast | Starting PSO: 5 particles, 8 iterations
2026-08-02 01:20:52 | INFO     | co2_forecast |   Iteration 0: Best fitness = 0.767842
2026-08-02 01:21:20 | INFO     | co2_forecast |   Iteration 5: Best fitness = 0.452529
2026-08-02 01:21:30 | INFO     | co2_forecast |   Iteration 7: Best fitness = 0.447961
2026-08-02 01:21:30 | INFO     | co2_forecast | PSO complete. Best fitness: 0.447961
2026-08-02 01:21:30 | INFO     | co2_forecast |   Best params: {'n_estimators': 101, 'max_depth': 3, 'min_samples_split': 2, 'min_samples_leaf': 1}
2026-08-02 01:21:30 | INFO     | co2_forecast |   Best fitness: 0.447961
2026-08-02 01:21:30 | INFO     | co2_forecast | [A4/panel2_common_period/fs_consensus/random_forest] sweep tuning: best_params={'n_estimators': 101, 'max_depth': 3, 'min_samples_split': 2, 'min_samples_leaf': 1}
2026-08-02 01:21:31 | INFO     | co2_forecast |   -> weighted_mase=0.8844437442180494, runtime=46.0s
2026-08-02 01:21:31 | INFO     | co2_forecast | Stream B cell: A4/fs_consensus/lightgbm (15 features)
2026-08-02 01:21:31 | INFO     | co2_forecast | Creating walk-forward splits for 16 valid samples
2026-08-02 01:21:31 | INFO     | co2_forecast | Created 4 CV folds across horizons [1, 2, 4]
2026-08-02 01:21:31 | INFO     | co2_forecast | Built tuning CV plan: 4 folds from 16 rows before 2022-Q%q (evaluation cutoff) - isolation OK (max tuning date 2021-Q%q)
2026-08-02 01:21:31 | INFO     | co2_forecast | Optimizing lightgbm...
2026-08-02 01:21:31 | INFO     | co2_forecast | Starting PSO: 5 particles, 8 iterations
2026-08-02 01:22:16 | INFO     | co2_forecast |   Iteration 0: Best fitness = 0.768990
2026-08-02 01:22:32 | INFO     | co2_forecast |   Iteration 5: Best fitness = 0.768990
2026-08-02 01:22:32 | INFO     | co2_forecast |   Iteration 7: Best fitness = 0.768990
2026-08-02 01:22:32 | INFO     | co2_forecast | PSO complete. Best fitness: 0.768990
2026-08-02 01:22:32 | INFO     | co2_forecast |   Best params: {'n_estimators': 144, 'learning_rate': 0.28570714885887566, 'num_leaves': 97, 'max_depth': 10, 'min_child_samples': 12, 'reg_alpha': 1.5607892088416901, 'reg_lambda': 0.5817780380698264}
2026-08-02 01:22:32 | INFO     | co2_forecast |   Best fitness: 0.768990
2026-08-02 01:22:32 | INFO     | co2_forecast | [A4/panel2_common_period/fs_consensus/lightgbm] sweep tuning: best_params={'n_estimators': 144, 'learning_rate': 0.28570714885887566, 'num_leaves': 97, 'max_depth': 10, 'min_child_samples': 12, 'reg_alpha': 1.5607892088416901, 'reg_lambda': 0.5817780380698264}
2026-08-02 01:22:32 | INFO     | co2_forecast |   -> weighted_mase=1.0410666416960128, runtime=60.8s
2026-08-02 01:22:32 | INFO     | co2_forecast | Stream B cell: A4/fs_consensus/catboost (15 features)
2026-08-02 01:22:32 | INFO     | co2_forecast | Creating walk-forward splits for 16 valid samples
2026-08-02 01:22:32 | INFO     | co2_forecast | Created 4 CV folds across horizons [1, 2, 4]
2026-08-02 01:22:32 | INFO     | co2_forecast | Built tuning CV plan: 4 folds from 16 rows before 2022-Q%q (evaluation cutoff) - isolation OK (max tuning date 2021-Q%q)
2026-08-02 01:22:32 | INFO     | co2_forecast | Optimizing catboost...
2026-08-02 01:22:32 | INFO     | co2_forecast | Starting PSO: 5 particles, 8 iterations
2026-08-02 01:23:21 | INFO     | co2_forecast |   Iteration 0: Best fitness = 0.508516
2026-08-02 01:27:25 | INFO     | co2_forecast |   Iteration 5: Best fitness = 0.464799
2026-08-02 01:29:07 | INFO     | co2_forecast |   Iteration 7: Best fitness = 0.445954
2026-08-02 01:29:07 | INFO     | co2_forecast | PSO complete. Best fitness: 0.445954
2026-08-02 01:29:07 | INFO     | co2_forecast |   Best params: {'iterations': 168, 'learning_rate': 0.26402925493467144, 'depth': 7, 'l2_leaf_reg': 4.623690691817619}
2026-08-02 01:29:07 | INFO     | co2_forecast |   Best fitness: 0.445954
2026-08-02 01:29:07 | INFO     | co2_forecast | [A4/panel2_common_period/fs_consensus/catboost] sweep tuning: best_params={'iterations': 168, 'learning_rate': 0.26402925493467144, 'depth': 7, 'l2_leaf_reg': 4.623690691817619}
2026-08-02 01:29:28 | INFO     | co2_forecast |   -> weighted_mase=0.8809636407189724, runtime=415.9s
2026-08-02 01:29:28 | INFO     | co2_forecast | Stream B cell: A4/fs_consensus/lstm (15 features)
2026-08-02 01:29:28 | INFO     | co2_forecast | Creating walk-forward splits for 16 valid samples
2026-08-02 01:29:28 | INFO     | co2_forecast | Created 4 CV folds across horizons [1, 2, 4]
2026-08-02 01:29:28 | INFO     | co2_forecast | Built tuning CV plan: 4 folds from 16 rows before 2022-Q%q (evaluation cutoff) - isolation OK (max tuning date 2021-Q%q)
2026-08-02 01:29:28 | INFO     | co2_forecast | Optimizing lstm...
2026-08-02 01:29:28 | INFO     | co2_forecast | Starting PSO: 5 particles, 8 iterations
2026-08-02 01:29:28 | WARNING  | co2_forecast | Model training failed with params {'lookback': 7, 'hidden_size': 62, 'num_layers': 2, 'dropout': 0.3394633936788146, 'learning_rate': 0.0016445845403801217, 'batch_size': 8}: LSTM.fit: training data has 8 rows, giving only 1 sequence(s) with lookback=7; at least 2 are required (one is always reserved for validation). Reduce lookback or provide more training history.
2026-08-02 01:29:28 | WARNING  | co2_forecast | Model training failed with params {'lookback': 11, 'hidden_size': 26, 'num_layers': 1, 'dropout': 0.17336180394137352, 'learning_rate': 0.0031119982052994237, 'batch_size': 16}: LSTM.fit: training data has 8 rows, giving only 0 sequence(s) with lookback=11; at least 2 are required (one is always reserved for validation). Reduce lookback or provide more training history.
2026-08-02 01:29:28 | WARNING  | co2_forecast | Model training failed with params {'lookback': 8, 'hidden_size': 54, 'num_layers': 1, 'dropout': 0.3056937753654446, 'learning_rate': 0.005964904231734221, 'batch_size': 8}: LSTM.fit: training data has 8 rows, giving only 0 sequence(s) with lookback=8; at least 2 are required (one is always reserved for validation). Reduce lookback or provide more training history.
2026-08-02 01:29:28 | WARNING  | co2_forecast | Very few sequences (2), LSTM may not train well
2026-08-02 01:29:28 | WARNING  | co2_forecast | Very few sequences (6), LSTM may not train well
2026-08-02 01:29:29 | WARNING  | co2_forecast | Very few sequences (2), LSTM may not train well
2026-08-02 01:29:29 | WARNING  | co2_forecast | Very few sequences (2), LSTM may not train well
2026-08-02 01:29:29 | WARNING  | co2_forecast | Model training failed with params {'lookback': 8, 'hidden_size': 25, 'num_layers': 2, 'dropout': 0.4100531293444458, 'learning_rate': 0.009401039521485473, 'batch_size': 32}: LSTM.fit: training data has 8 rows, giving only 0 sequence(s) with lookback=8; at least 2 are required (one is always reserved for validation). Reduce lookback or provide more training history.
2026-08-02 01:29:29 | INFO     | co2_forecast |   Iteration 0: Best fitness = 0.981615
2026-08-02 01:29:29 | WARNING  | co2_forecast | Very few sequences (3), LSTM may not train well
2026-08-02 01:29:29 | WARNING  | co2_forecast | Very few sequences (7), LSTM may not train well
2026-08-02 01:29:30 | WARNING  | co2_forecast | Very few sequences (3), LSTM may not train well
2026-08-02 01:29:31 | WARNING  | co2_forecast | Very few sequences (3), LSTM may not train well
2026-08-02 01:29:31 | WARNING  | co2_forecast | Very few sequences (2), LSTM may not train well
2026-08-02 01:29:31 | WARNING  | co2_forecast | Very few sequences (6), LSTM may not train well
2026-08-02 01:29:31 | WARNING  | co2_forecast | Very few sequences (2), LSTM may not train well
2026-08-02 01:29:31 | WARNING  | co2_forecast | Very few sequences (2), LSTM may not train well
2026-08-02 01:29:32 | WARNING  | co2_forecast | Model training failed with params {'lookback': 8, 'hidden_size': 44, 'num_layers': 1, 'dropout': 0.3238975389966341, 'learning_rate': 0.005520634690128072, 'batch_size': 8}: LSTM.fit: training data has 8 rows, giving only 0 sequence(s) with lookback=8; at least 2 are required (one is always reserved for validation). Reduce lookback or provide more training history.
2026-08-02 01:29:32 | WARNING  | co2_forecast | Very few sequences (3), LSTM may not train well
2026-08-02 01:29:32 | WARNING  | co2_forecast | Very few sequences (7), LSTM may not train well
2026-08-02 01:29:32 | WARNING  | co2_forecast | Very few sequences (3), LSTM may not train well
2026-08-02 01:29:32 | WARNING  | co2_forecast | Very few sequences (3), LSTM may not train well
2026-08-02 01:29:33 | WARNING  | co2_forecast | Very few sequences (2), LSTM may not train well
2026-08-02 01:29:33 | WARNING  | co2_forecast | Very few sequences (6), LSTM may not train well
2026-08-02 01:29:33 | WARNING  | co2_forecast | Very few sequences (2), LSTM may not train well
2026-08-02 01:29:34 | WARNING  | co2_forecast | Very few sequences (2), LSTM may not train well
2026-08-02 01:29:35 | WARNING  | co2_forecast | Very few sequences (4), LSTM may not train well
2026-08-02 01:29:35 | WARNING  | co2_forecast | Very few sequences (8), LSTM may not train well
2026-08-02 01:29:36 | WARNING  | co2_forecast | Very few sequences (4), LSTM may not train well
2026-08-02 01:29:36 | WARNING  | co2_forecast | Very few sequences (4), LSTM may not train well
2026-08-02 01:29:37 | WARNING  | co2_forecast | Very few sequences (4), LSTM may not train well
2026-08-02 01:29:37 | WARNING  | co2_forecast | Very few sequences (8), LSTM may not train well
2026-08-02 01:29:37 | WARNING  | co2_forecast | Very few sequences (4), LSTM may not train well
2026-08-02 01:29:38 | WARNING  | co2_forecast | Very few sequences (4), LSTM may not train well
2026-08-02 01:29:38 | WARNING  | co2_forecast | Model training failed with params {'lookback': 7, 'hidden_size': 33, 'num_layers': 1, 'dropout': 0.3174646446740698, 'learning_rate': 0.004142028037008457, 'batch_size': 16}: LSTM.fit: training data has 8 rows, giving only 1 sequence(s) with lookback=7; at least 2 are required (one is always reserved for validation). Reduce lookback or provide more training history.
2026-08-02 01:29:38 | WARNING  | co2_forecast | Very few sequences (3), LSTM may not train well
2026-08-02 01:29:38 | WARNING  | co2_forecast | Very few sequences (7), LSTM may not train well
2026-08-02 01:29:39 | WARNING  | co2_forecast | Very few sequences (3), LSTM may not train well
2026-08-02 01:29:40 | WARNING  | co2_forecast | Very few sequences (3), LSTM may not train well
2026-08-02 01:29:40 | WARNING  | co2_forecast | Very few sequences (4), LSTM may not train well
2026-08-02 01:29:40 | WARNING  | co2_forecast | Very few sequences (8), LSTM may not train well
2026-08-02 01:29:41 | WARNING  | co2_forecast | Very few sequences (4), LSTM may not train well
2026-08-02 01:29:42 | WARNING  | co2_forecast | Very few sequences (4), LSTM may not train well
2026-08-02 01:29:42 | WARNING  | co2_forecast | Very few sequences (4), LSTM may not train well
2026-08-02 01:29:42 | WARNING  | co2_forecast | Very few sequences (8), LSTM may not train well
2026-08-02 01:29:43 | WARNING  | co2_forecast | Very few sequences (4), LSTM may not train well
2026-08-02 01:29:44 | WARNING  | co2_forecast | Very few sequences (4), LSTM may not train well
2026-08-02 01:29:44 | WARNING  | co2_forecast | Very few sequences (4), LSTM may not train well
2026-08-02 01:29:44 | WARNING  | co2_forecast | Very few sequences (8), LSTM may not train well
2026-08-02 01:29:45 | WARNING  | co2_forecast | Very few sequences (4), LSTM may not train well
2026-08-02 01:29:46 | WARNING  | co2_forecast | Very few sequences (4), LSTM may not train well
2026-08-02 01:29:46 | WARNING  | co2_forecast | Very few sequences (2), LSTM may not train well
2026-08-02 01:29:46 | WARNING  | co2_forecast | Very few sequences (6), LSTM may not train well
2026-08-02 01:29:46 | WARNING  | co2_forecast | Very few sequences (2), LSTM may not train well
2026-08-02 01:29:47 | WARNING  | co2_forecast | Very few sequences (2), LSTM may not train well
2026-08-02 01:29:47 | WARNING  | co2_forecast | Very few sequences (4), LSTM may not train well
2026-08-02 01:29:47 | WARNING  | co2_forecast | Very few sequences (8), LSTM may not train well
2026-08-02 01:29:48 | WARNING  | co2_forecast | Very few sequences (4), LSTM may not train well
2026-08-02 01:29:49 | WARNING  | co2_forecast | Very few sequences (4), LSTM may not train well
2026-08-02 01:29:49 | WARNING  | co2_forecast | Very few sequences (4), LSTM may not train well
2026-08-02 01:29:49 | WARNING  | co2_forecast | Very few sequences (8), LSTM may not train well
2026-08-02 01:29:50 | WARNING  | co2_forecast | Very few sequences (4), LSTM may not train well
2026-08-02 01:29:50 | WARNING  | co2_forecast | Very few sequences (4), LSTM may not train well
2026-08-02 01:29:51 | WARNING  | co2_forecast | Very few sequences (2), LSTM may not train well
2026-08-02 01:29:51 | WARNING  | co2_forecast | Very few sequences (6), LSTM may not train well
2026-08-02 01:29:51 | WARNING  | co2_forecast | Very few sequences (2), LSTM may not train well
2026-08-02 01:29:51 | WARNING  | co2_forecast | Very few sequences (2), LSTM may not train well
2026-08-02 01:29:51 | WARNING  | co2_forecast | Very few sequences (4), LSTM may not train well
2026-08-02 01:29:51 | WARNING  | co2_forecast | Very few sequences (8), LSTM may not train well
2026-08-02 01:29:52 | WARNING  | co2_forecast | Very few sequences (4), LSTM may not train well
2026-08-02 01:29:52 | WARNING  | co2_forecast | Very few sequences (4), LSTM may not train well
2026-08-02 01:29:52 | WARNING  | co2_forecast | Very few sequences (3), LSTM may not train well
2026-08-02 01:29:53 | WARNING  | co2_forecast | Very few sequences (7), LSTM may not train well
2026-08-02 01:29:53 | WARNING  | co2_forecast | Very few sequences (3), LSTM may not train well
2026-08-02 01:29:54 | WARNING  | co2_forecast | Very few sequences (3), LSTM may not train well
2026-08-02 01:29:54 | WARNING  | co2_forecast | Very few sequences (2), LSTM may not train well
2026-08-02 01:29:54 | WARNING  | co2_forecast | Very few sequences (6), LSTM may not train well
2026-08-02 01:29:54 | WARNING  | co2_forecast | Very few sequences (2), LSTM may not train well
2026-08-02 01:29:54 | WARNING  | co2_forecast | Very few sequences (2), LSTM may not train well
2026-08-02 01:29:54 | WARNING  | co2_forecast | Very few sequences (3), LSTM may not train well
2026-08-02 01:29:54 | WARNING  | co2_forecast | Very few sequences (7), LSTM may not train well
2026-08-02 01:29:55 | WARNING  | co2_forecast | Very few sequences (3), LSTM may not train well
2026-08-02 01:29:56 | WARNING  | co2_forecast | Very few sequences (3), LSTM may not train well
2026-08-02 01:29:56 | WARNING  | co2_forecast | Very few sequences (2), LSTM may not train well
2026-08-02 01:29:56 | WARNING  | co2_forecast | Very few sequences (6), LSTM may not train well
2026-08-02 01:29:56 | WARNING  | co2_forecast | Very few sequences (2), LSTM may not train well
2026-08-02 01:29:56 | WARNING  | co2_forecast | Very few sequences (2), LSTM may not train well
2026-08-02 01:29:57 | WARNING  | co2_forecast | Very few sequences (2), LSTM may not train well
2026-08-02 01:29:57 | WARNING  | co2_forecast | Very few sequences (6), LSTM may not train well
2026-08-02 01:29:57 | WARNING  | co2_forecast | Very few sequences (2), LSTM may not train well
2026-08-02 01:29:57 | WARNING  | co2_forecast | Very few sequences (2), LSTM may not train well
2026-08-02 01:29:57 | WARNING  | co2_forecast | Very few sequences (3), LSTM may not train well
2026-08-02 01:29:57 | WARNING  | co2_forecast | Very few sequences (7), LSTM may not train well
2026-08-02 01:29:58 | WARNING  | co2_forecast | Very few sequences (3), LSTM may not train well
2026-08-02 01:29:59 | WARNING  | co2_forecast | Very few sequences (3), LSTM may not train well
2026-08-02 01:29:59 | WARNING  | co2_forecast | Model training failed with params {'lookback': 7, 'hidden_size': 32, 'num_layers': 1, 'dropout': 0.31902120662345296, 'learning_rate': 0.0042702857904360365, 'batch_size': 16}: LSTM.fit: training data has 8 rows, giving only 1 sequence(s) with lookback=7; at least 2 are required (one is always reserved for validation). Reduce lookback or provide more training history.
2026-08-02 01:29:59 | WARNING  | co2_forecast | Very few sequences (2), LSTM may not train well
2026-08-02 01:29:59 | WARNING  | co2_forecast | Very few sequences (6), LSTM may not train well
2026-08-02 01:29:59 | WARNING  | co2_forecast | Very few sequences (2), LSTM may not train well
2026-08-02 01:29:59 | WARNING  | co2_forecast | Very few sequences (2), LSTM may not train well
2026-08-02 01:29:59 | INFO     | co2_forecast |   Iteration 5: Best fitness = 0.737329
2026-08-02 01:29:59 | WARNING  | co2_forecast | Very few sequences (3), LSTM may not train well
2026-08-02 01:29:59 | WARNING  | co2_forecast | Very few sequences (7), LSTM may not train well
2026-08-02 01:30:00 | WARNING  | co2_forecast | Very few sequences (3), LSTM may not train well
2026-08-02 01:30:01 | WARNING  | co2_forecast | Very few sequences (3), LSTM may not train well
2026-08-02 01:30:01 | WARNING  | co2_forecast | Very few sequences (3), LSTM may not train well
2026-08-02 01:30:01 | WARNING  | co2_forecast | Very few sequences (7), LSTM may not train well
2026-08-02 01:30:01 | WARNING  | co2_forecast | Very few sequences (3), LSTM may not train well
2026-08-02 01:30:02 | WARNING  | co2_forecast | Very few sequences (3), LSTM may not train well
2026-08-02 01:30:02 | WARNING  | co2_forecast | Very few sequences (3), LSTM may not train well
2026-08-02 01:30:02 | WARNING  | co2_forecast | Very few sequences (7), LSTM may not train well
2026-08-02 01:30:02 | WARNING  | co2_forecast | Very few sequences (3), LSTM may not train well
2026-08-02 01:30:02 | WARNING  | co2_forecast | Very few sequences (3), LSTM may not train well
2026-08-02 01:30:03 | WARNING  | co2_forecast | Very few sequences (2), LSTM may not train well
2026-08-02 01:30:03 | WARNING  | co2_forecast | Very few sequences (6), LSTM may not train well
2026-08-02 01:30:03 | WARNING  | co2_forecast | Very few sequences (2), LSTM may not train well
2026-08-02 01:30:03 | WARNING  | co2_forecast | Very few sequences (2), LSTM may not train well
2026-08-02 01:30:03 | WARNING  | co2_forecast | Very few sequences (3), LSTM may not train well
2026-08-02 01:30:04 | WARNING  | co2_forecast | Very few sequences (7), LSTM may not train well
2026-08-02 01:30:04 | WARNING  | co2_forecast | Very few sequences (3), LSTM may not train well
2026-08-02 01:30:05 | WARNING  | co2_forecast | Very few sequences (3), LSTM may not train well
2026-08-02 01:30:05 | WARNING  | co2_forecast | Very few sequences (3), LSTM may not train well
2026-08-02 01:30:05 | WARNING  | co2_forecast | Very few sequences (7), LSTM may not train well
2026-08-02 01:30:05 | WARNING  | co2_forecast | Very few sequences (3), LSTM may not train well
2026-08-02 01:30:06 | WARNING  | co2_forecast | Very few sequences (3), LSTM may not train well
2026-08-02 01:30:06 | WARNING  | co2_forecast | Very few sequences (4), LSTM may not train well
2026-08-02 01:30:06 | WARNING  | co2_forecast | Very few sequences (8), LSTM may not train well
2026-08-02 01:30:07 | WARNING  | co2_forecast | Very few sequences (4), LSTM may not train well
2026-08-02 01:30:08 | WARNING  | co2_forecast | Very few sequences (4), LSTM may not train well
2026-08-02 01:30:08 | WARNING  | co2_forecast | Very few sequences (2), LSTM may not train well
2026-08-02 01:30:08 | WARNING  | co2_forecast | Very few sequences (6), LSTM may not train well
2026-08-02 01:30:09 | WARNING  | co2_forecast | Very few sequences (2), LSTM may not train well
2026-08-02 01:30:09 | WARNING  | co2_forecast | Very few sequences (2), LSTM may not train well
2026-08-02 01:30:09 | WARNING  | co2_forecast | Very few sequences (3), LSTM may not train well
2026-08-02 01:30:10 | WARNING  | co2_forecast | Very few sequences (7), LSTM may not train well
2026-08-02 01:30:10 | WARNING  | co2_forecast | Very few sequences (3), LSTM may not train well
2026-08-02 01:30:10 | WARNING  | co2_forecast | Very few sequences (3), LSTM may not train well
2026-08-02 01:30:11 | WARNING  | co2_forecast | Very few sequences (4), LSTM may not train well
2026-08-02 01:30:11 | WARNING  | co2_forecast | Very few sequences (8), LSTM may not train well
2026-08-02 01:30:11 | WARNING  | co2_forecast | Very few sequences (4), LSTM may not train well
2026-08-02 01:30:12 | WARNING  | co2_forecast | Very few sequences (4), LSTM may not train well
2026-08-02 01:30:12 | INFO     | co2_forecast |   Iteration 7: Best fitness = 0.731664
2026-08-02 01:30:12 | INFO     | co2_forecast | PSO complete. Best fitness: 0.731664
2026-08-02 01:30:12 | INFO     | co2_forecast |   Best params: {'lookback': 6, 'hidden_size': 27, 'num_layers': 1, 'dropout': 0.289341294293071, 'learning_rate': 0.0026997304872256977, 'batch_size': 16}
2026-08-02 01:30:12 | INFO     | co2_forecast |   Best fitness: 0.731664
2026-08-02 01:30:12 | INFO     | co2_forecast | [A4/panel2_common_period/fs_consensus/lstm] sweep tuning: best_params={'lookback': 6, 'hidden_size': 27, 'num_layers': 1, 'dropout': 0.289341294293071, 'learning_rate': 0.0026997304872256977, 'batch_size': 16}
2026-08-02 01:30:14 | INFO     | co2_forecast |   -> weighted_mase=0.968356211748763, runtime=46.1s
2026-08-02 01:30:14 | INFO     | co2_forecast | Stream B complete: 100/100 candidates produced a result
2026-08-02 01:30:14 | INFO     | co2_forecast | Stream B saved: 100 cells, 2700 predictions
2026-08-02 01:30:14 | INFO     | co2_forecast | ============================================================
2026-08-02 01:30:14 | INFO     | co2_forecast | Stream A/B experimental grid complete!
2026-08-02 01:30:14 | INFO     | co2_forecast |   Total cells (incl. naive): 122
2026-08-02 01:30:14 | INFO     | co2_forecast |   Total predictions: 3294
2026-08-02 01:30:14 | INFO     | co2_forecast |   Results saved under: outputs/runs/my_run
2026-08-02 01:30:14 | INFO     | co2_forecast | ============================================================
2026-08-02 01:30:24 | INFO     | co2_forecast | Logging to: outputs/runs/my_run/logs/my_run.log
2026-08-02 01:30:24 | INFO     | co2_forecast | ============================================================
2026-08-02 01:30:24 | INFO     | co2_forecast | Script 11: Two-stage Stream A / Stream B Pareto/MCDM decision structure
2026-08-02 01:30:24 | INFO     | co2_forecast | ============================================================
2026-08-02 01:30:24 | INFO     | co2_forecast | ============================================================
2026-08-02 01:30:24 | INFO     | co2_forecast | Stream_A global comparison: 20/20 candidates with results
2026-08-02 01:30:24 | INFO     | co2_forecast | ============================================================
2026-08-02 01:30:24 | INFO     | co2_forecast | Pareto filter: 20 -> 16 alternatives
2026-08-02 01:30:24 | INFO     | co2_forecast | VIKOR ranking complete. Best: A3/all_features/lightgbm
2026-08-02 01:30:24 | INFO     | co2_forecast |   Acceptable advantage: True
2026-08-02 01:30:24 | INFO     | co2_forecast |   Acceptable stability: True
2026-08-02 01:30:24 | INFO     | co2_forecast | Stream_A ranking: 20 rows -> outputs/runs/my_run/pareto_mcda/stream_A/stream_a_global_ranking.csv
2026-08-02 01:30:24 | INFO     | co2_forecast | Pareto filter: 20 -> 16 alternatives
2026-08-02 01:30:24 | INFO     | co2_forecast | VIKOR ranking complete. Best: A3/all_features/lightgbm
2026-08-02 01:30:24 | INFO     | co2_forecast |   Acceptable advantage: True
2026-08-02 01:30:24 | INFO     | co2_forecast |   Acceptable stability: True
2026-08-02 01:30:24 | INFO     | co2_forecast | VIKOR ranking complete. Best: A3/all_features/lightgbm
2026-08-02 01:30:24 | INFO     | co2_forecast |   Acceptable advantage: True
2026-08-02 01:30:24 | INFO     | co2_forecast |   Acceptable stability: True
2026-08-02 01:30:24 | INFO     | co2_forecast | VIKOR ranking complete. Best: A3/all_features/lightgbm
2026-08-02 01:30:24 | INFO     | co2_forecast |   Acceptable advantage: True
2026-08-02 01:30:24 | INFO     | co2_forecast |   Acceptable stability: True
2026-08-02 01:30:24 | INFO     | co2_forecast | VIKOR ranking complete. Best: A4/all_features/catboost
2026-08-02 01:30:24 | INFO     | co2_forecast |   Acceptable advantage: False
2026-08-02 01:30:24 | INFO     | co2_forecast |   Acceptable stability: True
2026-08-02 01:30:24 | INFO     | co2_forecast | VIKOR ranking complete. Best: A1/all_features/catboost
2026-08-02 01:30:24 | INFO     | co2_forecast |   Acceptable advantage: True
2026-08-02 01:30:24 | INFO     | co2_forecast |   Acceptable stability: True
2026-08-02 01:30:24 | INFO     | co2_forecast | VIKOR ranking complete. Best: A3/all_features/lightgbm
2026-08-02 01:30:24 | INFO     | co2_forecast |   Acceptable advantage: True
2026-08-02 01:30:24 | INFO     | co2_forecast |   Acceptable stability: True
2026-08-02 01:30:24 | INFO     | co2_forecast | TOPSIS ranking complete. Best: A3/all_features/random_forest
2026-08-02 01:30:24 | INFO     | co2_forecast | Stream_A MCDM sensitivity: 28 scheme pairs, 18 disagree on the top choice
2026-08-02 01:30:24 | INFO     | co2_forecast | Best_A: A3/all_features/lightgbm (weighted_mase=0.4541, n_features=23)
2026-08-02 01:30:24 | INFO     | co2_forecast | ============================================================
2026-08-02 01:30:24 | INFO     | co2_forecast | Stream_B global comparison: 100/100 candidates with results
2026-08-02 01:30:24 | INFO     | co2_forecast | ============================================================
2026-08-02 01:30:25 | INFO     | co2_forecast | Pareto filter: 100 -> 48 alternatives
2026-08-02 01:30:25 | INFO     | co2_forecast | VIKOR ranking complete. Best: A1/fs_linear/catboost
2026-08-02 01:30:25 | INFO     | co2_forecast |   Acceptable advantage: True
2026-08-02 01:30:25 | INFO     | co2_forecast |   Acceptable stability: True
2026-08-02 01:30:25 | INFO     | co2_forecast | Stream_B ranking: 100 rows -> outputs/runs/my_run/pareto_mcda/stream_B/stream_b_global_ranking.csv
2026-08-02 01:30:26 | INFO     | co2_forecast | Pareto filter: 100 -> 48 alternatives
2026-08-02 01:30:26 | INFO     | co2_forecast | VIKOR ranking complete. Best: A1/fs_linear/catboost
2026-08-02 01:30:26 | INFO     | co2_forecast |   Acceptable advantage: True
2026-08-02 01:30:26 | INFO     | co2_forecast |   Acceptable stability: True
2026-08-02 01:30:26 | INFO     | co2_forecast | VIKOR ranking complete. Best: A3/fs_linear/lightgbm
2026-08-02 01:30:26 | INFO     | co2_forecast |   Acceptable advantage: True
2026-08-02 01:30:26 | INFO     | co2_forecast |   Acceptable stability: True
2026-08-02 01:30:26 | INFO     | co2_forecast | VIKOR ranking complete. Best: A3/fs_linear/lightgbm
2026-08-02 01:30:26 | INFO     | co2_forecast |   Acceptable advantage: True
2026-08-02 01:30:26 | INFO     | co2_forecast |   Acceptable stability: True
2026-08-02 01:30:26 | INFO     | co2_forecast | VIKOR ranking complete. Best: A1/fs_linear/catboost
2026-08-02 01:30:26 | INFO     | co2_forecast |   Acceptable advantage: True
2026-08-02 01:30:26 | INFO     | co2_forecast |   Acceptable stability: True
2026-08-02 01:30:26 | INFO     | co2_forecast | VIKOR ranking complete. Best: A1/fs_linear/catboost
2026-08-02 01:30:26 | INFO     | co2_forecast |   Acceptable advantage: True
2026-08-02 01:30:26 | INFO     | co2_forecast |   Acceptable stability: True
2026-08-02 01:30:26 | INFO     | co2_forecast | VIKOR ranking complete. Best: A3/fs_linear/lightgbm
2026-08-02 01:30:26 | INFO     | co2_forecast |   Acceptable advantage: True
2026-08-02 01:30:26 | INFO     | co2_forecast |   Acceptable stability: True
2026-08-02 01:30:26 | INFO     | co2_forecast | TOPSIS ranking complete. Best: A2/fs_xgboost_shap/random_forest
2026-08-02 01:30:26 | INFO     | co2_forecast | Stream_B MCDM sensitivity: 28 scheme pairs, 19 disagree on the top choice
2026-08-02 01:30:26 | INFO     | co2_forecast | Best_B: A1/fs_linear/catboost (weighted_mase=0.6549, n_features=6)
2026-08-02 01:30:26 | INFO     | co2_forecast | ============================================================
2026-08-02 01:30:26 | INFO     | co2_forecast | Final cross-stream decision: Best_A vs Best_B
2026-08-02 01:30:26 | INFO     | co2_forecast | ============================================================
2026-08-02 01:30:26 | INFO     | co2_forecast | Pareto filter: 2 -> 2 alternatives
2026-08-02 01:30:26 | INFO     | co2_forecast | VIKOR ranking complete. Best: Best_A
2026-08-02 01:30:26 | INFO     | co2_forecast |   Acceptable advantage: False
2026-08-02 01:30:26 | INFO     | co2_forecast |   Acceptable stability: True
2026-08-02 01:30:26 | INFO     | co2_forecast | Dominance check: {'one_dominates_other': False, 'dominant': None, 'non_dominated': ['Best_A', 'Best_B']}
2026-08-02 01:30:26 | INFO     | co2_forecast | Best_Overall: Best_A (A3/all_features/lightgbm)
2026-08-02 01:30:26 | INFO     | co2_forecast | Table 7 (stream winners + final winner) -> outputs/runs/my_run/pareto_mcda/final/table7_stream_winners_and_final.csv
2026-08-02 01:30:26 | INFO     | co2_forecast | ----------------------------------------
2026-08-02 01:30:26 | INFO     | co2_forecast | Computing supplementary Table 6 (incremental value, Stream A all_features)...
2026-08-02 01:30:28 | INFO     | co2_forecast | Table 6 (supplementary): 60 rows -> outputs/runs/my_run/statistical_tests/table6_incremental_value.csv
2026-08-02 01:30:28 | INFO     | co2_forecast | ============================================================
2026-08-02 01:30:28 | INFO     | co2_forecast | Script 11 complete!
2026-08-02 01:30:28 | INFO     | co2_forecast |   Best_A selected, Best_B selected, Best_Overall = Best_A
2026-08-02 01:30:28 | INFO     | co2_forecast | ============================================================
2026-08-02 01:30:32 | INFO     | co2_forecast | Logging to: outputs/runs/my_run/logs/my_run.log
2026-08-02 01:30:32 | INFO     | co2_forecast | ============================================================
2026-08-02 01:30:32 | INFO     | co2_forecast | Script 12: SHAP interpretation of Best_A/Best_B/Best_Overall + COVID regimes
2026-08-02 01:30:32 | INFO     | co2_forecast | ============================================================
2026-08-02 01:30:32 | INFO     | co2_forecast | Loaded feature registry: 37 candidate predictors from config/feature_registry.yaml
2026-08-02 01:30:32 | INFO     | co2_forecast | ============================================================
2026-08-02 01:30:32 | INFO     | co2_forecast | Interpreting Best_A: A3/all_features/lightgbm
2026-08-02 01:30:32 | INFO     | co2_forecast | ============================================================
2026-08-02 01:30:32 | INFO     | co2_forecast | Slicing all configurations to the primary common period [2018-04-01 00:00:00 - 2025-01-01 00:00:00] (reference: A3)
2026-08-02 01:30:32 | INFO     | co2_forecast | Data: 28 rows, 23 features
2026-08-02 01:30:34 | INFO     | co2_forecast | Computing SHAP values using tree explainer
2026-08-02 01:30:34 | WARNING  | co2_forecast | LightGBM has no GPU-enabled build installed; using CPU. The pip wheel ships CPU-only - install a CUDA/OpenCL build (e.g. build from source with -DUSE_CUDA=1, or a conda-forge lightgbm=*=cuda* package) to enable GPU training.
2026-08-02 01:30:36 | INFO     | co2_forecast | Computing SHAP values using tree explainer
2026-08-02 01:30:44 | INFO     | co2_forecast | Computing SHAP values using tree explainer
2026-08-02 01:30:47 | INFO     | co2_forecast |   lstm: SHAP (GradientExplainer/DeepExplainer) not attempted - falling back to sequence-aware permutation importance (spec section 22 failure-transparency requirement)
2026-08-02 01:30:47 | INFO     | co2_forecast | Cross-model importance: 23 features
2026-08-02 01:30:47 | INFO     | co2_forecast | Computing SHAP values using tree explainer
2026-08-02 01:30:47 | INFO     | co2_forecast | Regime 'pre_covid': Top feature = GDP
2026-08-02 01:30:47 | INFO     | co2_forecast | Computing SHAP values using tree explainer
2026-08-02 01:30:48 | INFO     | co2_forecast | Regime 'covid': Top feature = GDP
2026-08-02 01:30:48 | INFO     | co2_forecast | Computing SHAP values using tree explainer
2026-08-02 01:30:48 | INFO     | co2_forecast | Regime 'post_covid': Top feature = GDP
2026-08-02 01:30:48 | INFO     | co2_forecast | Regime stability computed for 23 features across 3 regimes
2026-08-02 01:30:48 | INFO     | co2_forecast | Regime importance: 69 rows across 3 regimes
2026-08-02 01:30:48 | WARNING  | co2_forecast | No fold predictions found for A3/all_features/lightgbm at COVID anomaly dates
2026-08-02 01:30:48 | INFO     | co2_forecast | Creating walk-forward splits for 16 valid samples
2026-08-02 01:30:48 | INFO     | co2_forecast | Created 4 CV folds across horizons [1, 2, 4]
2026-08-02 01:30:48 | INFO     | co2_forecast | Built tuning CV plan: 4 folds from 16 rows before 2022-Q%q (evaluation cutoff) - isolation OK (max tuning date 2021-Q%q)
2026-08-02 01:30:48 | INFO     | co2_forecast | Optimizing lightgbm...
2026-08-02 01:30:48 | INFO     | co2_forecast | Starting PSO: 5 particles, 8 iterations
2026-08-02 01:31:31 | INFO     | co2_forecast |   Iteration 0: Best fitness = 0.768990
2026-08-02 01:32:25 | INFO     | co2_forecast |   Iteration 5: Best fitness = 0.611536
2026-08-02 01:32:26 | INFO     | co2_forecast |   Iteration 7: Best fitness = 0.611536
2026-08-02 01:32:26 | INFO     | co2_forecast | PSO complete. Best fitness: 0.611536
2026-08-02 01:32:26 | INFO     | co2_forecast |   Best params: {'n_estimators': 164, 'learning_rate': 0.3, 'num_leaves': 127, 'max_depth': 10, 'min_child_samples': 6, 'reg_alpha': 0.001, 'reg_lambda': 0.001}
2026-08-02 01:32:26 | INFO     | co2_forecast |   Best fitness: 0.611536
2026-08-02 01:32:26 | INFO     | co2_forecast | [A3/panel2_common_period/all_features/lightgbm] sweep tuning: best_params={'n_estimators': 164, 'learning_rate': 0.3, 'num_leaves': 127, 'max_depth': 10, 'min_child_samples': 6, 'reg_alpha': 0.001, 'reg_lambda': 0.001}
2026-08-02 01:32:27 | INFO     | co2_forecast | Target-derived sensitivity (mode=named): dropping 0 feature(s): []
2026-08-02 01:32:27 | INFO     | co2_forecast |   named_target_derived_excluded: no applicable columns to drop, skipping
2026-08-02 01:32:27 | INFO     | co2_forecast | Target-derived sensitivity (mode=all): dropping 0 feature(s): []
2026-08-02 01:32:27 | INFO     | co2_forecast |   all_target_derived_excluded: no applicable columns to drop, skipping
2026-08-02 01:32:27 | INFO     | co2_forecast | Target-derived sensitivity: 1 rows
2026-08-02 01:32:27 | INFO     | co2_forecast | ============================================================
2026-08-02 01:32:27 | INFO     | co2_forecast | Interpreting Best_B: A1/fs_linear/catboost
2026-08-02 01:32:27 | INFO     | co2_forecast | ============================================================
2026-08-02 01:32:27 | INFO     | co2_forecast | Slicing all configurations to the primary common period [2018-04-01 00:00:00 - 2025-01-01 00:00:00] (reference: A3)
2026-08-02 01:32:27 | INFO     | co2_forecast | Data: 28 rows, 6 features
2026-08-02 01:32:27 | INFO     | co2_forecast | Computing SHAP values using tree explainer
2026-08-02 01:32:27 | INFO     | co2_forecast | Computing SHAP values using tree explainer
2026-08-02 01:32:29 | INFO     | co2_forecast | Computing SHAP values using tree explainer
2026-08-02 01:32:30 | INFO     | co2_forecast |   lstm: SHAP (GradientExplainer/DeepExplainer) not attempted - falling back to sequence-aware permutation importance (spec section 22 failure-transparency requirement)
2026-08-02 01:32:30 | INFO     | co2_forecast | Cross-model importance: 6 features
2026-08-02 01:32:30 | INFO     | co2_forecast | Computing SHAP values using tree explainer
2026-08-02 01:32:30 | INFO     | co2_forecast | Regime 'pre_covid': Top feature = Population
2026-08-02 01:32:30 | INFO     | co2_forecast | Computing SHAP values using tree explainer
2026-08-02 01:32:30 | INFO     | co2_forecast | Regime 'covid': Top feature = Rainfall
2026-08-02 01:32:30 | INFO     | co2_forecast | Computing SHAP values using tree explainer
2026-08-02 01:32:30 | INFO     | co2_forecast | Regime 'post_covid': Top feature = Rainfall
2026-08-02 01:32:31 | INFO     | co2_forecast | Regime stability computed for 6 features across 3 regimes
2026-08-02 01:32:31 | INFO     | co2_forecast | Regime importance: 18 rows across 3 regimes
2026-08-02 01:32:31 | WARNING  | co2_forecast | No fold predictions found for A1/fs_linear/catboost at COVID anomaly dates
2026-08-02 01:32:31 | INFO     | co2_forecast | Creating walk-forward splits for 16 valid samples
2026-08-02 01:32:31 | INFO     | co2_forecast | Created 4 CV folds across horizons [1, 2, 4]
2026-08-02 01:32:31 | INFO     | co2_forecast | Built tuning CV plan: 4 folds from 16 rows before 2022-Q%q (evaluation cutoff) - isolation OK (max tuning date 2021-Q%q)
2026-08-02 01:32:31 | INFO     | co2_forecast | Optimizing catboost...
2026-08-02 01:32:31 | INFO     | co2_forecast | Starting PSO: 5 particles, 8 iterations
2026-08-02 01:33:09 | INFO     | co2_forecast |   Iteration 0: Best fitness = 0.293522
2026-08-02 01:36:38 | INFO     | co2_forecast |   Iteration 5: Best fitness = 0.270995
2026-08-02 01:38:11 | INFO     | co2_forecast |   Iteration 7: Best fitness = 0.270995
2026-08-02 01:38:11 | INFO     | co2_forecast | PSO complete. Best fitness: 0.270995
2026-08-02 01:38:11 | INFO     | co2_forecast |   Best params: {'iterations': 206, 'learning_rate': 0.18548569310579693, 'depth': 3, 'l2_leaf_reg': 8.731303322108246}
2026-08-02 01:38:11 | INFO     | co2_forecast |   Best fitness: 0.270995
2026-08-02 01:38:11 | INFO     | co2_forecast | [A1/panel2_common_period/fs_linear/catboost] sweep tuning: best_params={'iterations': 206, 'learning_rate': 0.18548569310579693, 'depth': 3, 'l2_leaf_reg': 8.731303322108246}
2026-08-02 01:38:27 | INFO     | co2_forecast | Target-derived sensitivity (mode=named): dropping 0 feature(s): []
2026-08-02 01:38:27 | INFO     | co2_forecast |   named_target_derived_excluded: no applicable columns to drop, skipping
2026-08-02 01:38:27 | INFO     | co2_forecast | Target-derived sensitivity (mode=all): dropping 0 feature(s): []
2026-08-02 01:38:27 | INFO     | co2_forecast |   all_target_derived_excluded: no applicable columns to drop, skipping
2026-08-02 01:38:27 | INFO     | co2_forecast | Target-derived sensitivity: 1 rows
2026-08-02 01:38:27 | INFO     | co2_forecast | ============================================================
2026-08-02 01:38:27 | INFO     | co2_forecast | Interpreting Best_Overall: A3/all_features/lightgbm
2026-08-02 01:38:27 | INFO     | co2_forecast | ============================================================
2026-08-02 01:38:27 | INFO     | co2_forecast | Slicing all configurations to the primary common period [2018-04-01 00:00:00 - 2025-01-01 00:00:00] (reference: A3)
2026-08-02 01:38:27 | INFO     | co2_forecast | Data: 28 rows, 23 features
2026-08-02 01:38:27 | INFO     | co2_forecast | Computing SHAP values using tree explainer
2026-08-02 01:38:29 | INFO     | co2_forecast | Computing SHAP values using tree explainer
2026-08-02 01:38:31 | INFO     | co2_forecast | Computing SHAP values using tree explainer
2026-08-02 01:38:31 | INFO     | co2_forecast |   lstm: SHAP (GradientExplainer/DeepExplainer) not attempted - falling back to sequence-aware permutation importance (spec section 22 failure-transparency requirement)
2026-08-02 01:38:31 | INFO     | co2_forecast | Cross-model importance: 23 features
2026-08-02 01:38:31 | INFO     | co2_forecast | Computing SHAP values using tree explainer
2026-08-02 01:38:31 | INFO     | co2_forecast | Regime 'pre_covid': Top feature = GDP
2026-08-02 01:38:31 | INFO     | co2_forecast | Computing SHAP values using tree explainer
2026-08-02 01:38:31 | INFO     | co2_forecast | Regime 'covid': Top feature = GDP
2026-08-02 01:38:31 | INFO     | co2_forecast | Computing SHAP values using tree explainer
2026-08-02 01:38:31 | INFO     | co2_forecast | Regime 'post_covid': Top feature = GDP
2026-08-02 01:38:32 | INFO     | co2_forecast | Regime stability computed for 23 features across 3 regimes
2026-08-02 01:38:32 | INFO     | co2_forecast | Regime importance: 69 rows across 3 regimes
2026-08-02 01:38:32 | WARNING  | co2_forecast | No fold predictions found for A3/all_features/lightgbm at COVID anomaly dates
2026-08-02 01:38:32 | INFO     | co2_forecast | Creating walk-forward splits for 16 valid samples
2026-08-02 01:38:32 | INFO     | co2_forecast | Created 4 CV folds across horizons [1, 2, 4]
2026-08-02 01:38:32 | INFO     | co2_forecast | Built tuning CV plan: 4 folds from 16 rows before 2022-Q%q (evaluation cutoff) - isolation OK (max tuning date 2021-Q%q)
2026-08-02 01:38:32 | INFO     | co2_forecast | Optimizing lightgbm...
2026-08-02 01:38:32 | INFO     | co2_forecast | Starting PSO: 5 particles, 8 iterations
2026-08-02 01:39:10 | INFO     | co2_forecast |   Iteration 0: Best fitness = 0.768990
2026-08-02 01:39:48 | INFO     | co2_forecast |   Iteration 5: Best fitness = 0.611536
2026-08-02 01:39:49 | INFO     | co2_forecast |   Iteration 7: Best fitness = 0.611536
2026-08-02 01:39:49 | INFO     | co2_forecast | PSO complete. Best fitness: 0.611536
2026-08-02 01:39:49 | INFO     | co2_forecast |   Best params: {'n_estimators': 164, 'learning_rate': 0.3, 'num_leaves': 127, 'max_depth': 10, 'min_child_samples': 6, 'reg_alpha': 0.001, 'reg_lambda': 0.001}
2026-08-02 01:39:49 | INFO     | co2_forecast |   Best fitness: 0.611536
2026-08-02 01:39:49 | INFO     | co2_forecast | [A3/panel2_common_period/all_features/lightgbm] sweep tuning: best_params={'n_estimators': 164, 'learning_rate': 0.3, 'num_leaves': 127, 'max_depth': 10, 'min_child_samples': 6, 'reg_alpha': 0.001, 'reg_lambda': 0.001}
2026-08-02 01:39:50 | INFO     | co2_forecast | Target-derived sensitivity (mode=named): dropping 0 feature(s): []
2026-08-02 01:39:50 | INFO     | co2_forecast |   named_target_derived_excluded: no applicable columns to drop, skipping
2026-08-02 01:39:50 | INFO     | co2_forecast | Target-derived sensitivity (mode=all): dropping 0 feature(s): []
2026-08-02 01:39:50 | INFO     | co2_forecast |   all_target_derived_excluded: no applicable columns to drop, skipping
2026-08-02 01:39:50 | INFO     | co2_forecast | Target-derived sensitivity: 1 rows
2026-08-02 01:39:50 | INFO     | co2_forecast | ============================================================
2026-08-02 01:39:50 | INFO     | co2_forecast | Script 12 complete!
2026-08-02 01:39:50 | INFO     | co2_forecast |   Results saved under: outputs/runs/my_run/interpretability
2026-08-02 01:39:50 | INFO     | co2_forecast | ============================================================
