2026-08-23 22:36:06 | INFO     | co2_forecast | Logging to: outputs/runs/final_rerun_2026_ablation/logs/final_rerun_2026_ablation.log
2026-08-23 22:36:06 | INFO     | co2_forecast | ============================================================
2026-08-23 22:36:06 | INFO     | co2_forecast | Script 19: grid-signal ablation around A3 champion
2026-08-23 22:36:06 | INFO     | co2_forecast | ============================================================
2026-08-23 22:36:06 | INFO     | co2_forecast | Slicing all configurations to the primary common period [2018-04-01 00:00:00 - 2025-01-01 00:00:00] (reference: A3)
2026-08-23 22:36:06 | INFO     | co2_forecast | Baseline (raw+mobility) columns (11): ['GDP', 'Population', 'Air_Temp', 'Rainfall', 'COVID_Deaths', 'Mobility_Retail_Recreation', 'Mobility_Grocery_Pharmacy', 'Mobility_Parks', 'Mobility_Transit_Stations', 'Mobility_Workplaces', 'Mobility_Residential']
2026-08-23 22:36:06 | INFO     | co2_forecast | Models: ['ridge', 'random_forest', 'catboost', 'lightgbm', 'lstm']
2026-08-23 22:36:06 | INFO     | co2_forecast | --- Variant A3_full: 23 features ---
2026-08-23 22:36:06 | INFO     | co2_forecast | Creating walk-forward splits for 16 valid samples
2026-08-23 22:36:06 | INFO     | co2_forecast | Created 4 CV folds across horizons [1, 2, 4]
2026-08-23 22:36:06 | INFO     | co2_forecast | Built tuning CV plan: 4 folds from 16 rows before 2022-Q%q (evaluation cutoff) - isolation OK (max tuning date 2021-Q%q)
2026-08-23 22:36:06 | INFO     | co2_forecast | Optimizing ridge...
2026-08-23 22:36:06 | INFO     | co2_forecast | Starting PSO: 8 particles, 10 iterations
2026-08-23 22:36:06 | INFO     | co2_forecast |   Iteration 0: Best fitness = 2.079962
2026-08-23 22:36:06 | INFO     | co2_forecast |   Iteration 5: Best fitness = 1.845967
2026-08-23 22:36:06 | INFO     | co2_forecast |   Iteration 9: Best fitness = 1.845967
2026-08-23 22:36:06 | INFO     | co2_forecast | PSO complete. Best fitness: 1.845967
2026-08-23 22:36:06 | INFO     | co2_forecast |   Best params: {'alpha': 100.0}
2026-08-23 22:36:06 | INFO     | co2_forecast |   Best fitness: 1.845967
2026-08-23 22:36:06 | INFO     | co2_forecast | [A3_full/panel2_common_period/all_features/ridge] sweep tuning: best_params={'alpha': 100.0}
2026-08-23 22:36:06 | INFO     | co2_forecast |   ridge -> weighted_mase=0.8393501161305349
2026-08-23 22:36:06 | INFO     | co2_forecast | Creating walk-forward splits for 16 valid samples
2026-08-23 22:36:06 | INFO     | co2_forecast | Created 4 CV folds across horizons [1, 2, 4]
2026-08-23 22:36:06 | INFO     | co2_forecast | Built tuning CV plan: 4 folds from 16 rows before 2022-Q%q (evaluation cutoff) - isolation OK (max tuning date 2021-Q%q)
2026-08-23 22:36:06 | INFO     | co2_forecast | Optimizing random_forest...
2026-08-23 22:36:06 | INFO     | co2_forecast | Starting PSO: 8 particles, 10 iterations
2026-08-23 22:36:11 | INFO     | co2_forecast |   Iteration 0: Best fitness = 0.682065
2026-08-23 22:36:27 | INFO     | co2_forecast |   Iteration 5: Best fitness = 0.432193
2026-08-23 22:36:38 | INFO     | co2_forecast |   Iteration 9: Best fitness = 0.432193
2026-08-23 22:36:38 | INFO     | co2_forecast | PSO complete. Best fitness: 0.432193
2026-08-23 22:36:38 | INFO     | co2_forecast |   Best params: {'n_estimators': 51, 'max_depth': 3, 'min_samples_split': 2, 'min_samples_leaf': 1}
2026-08-23 22:36:38 | INFO     | co2_forecast |   Best fitness: 0.432193
2026-08-23 22:36:38 | INFO     | co2_forecast | [A3_full/panel2_common_period/all_features/random_forest] sweep tuning: best_params={'n_estimators': 51, 'max_depth': 3, 'min_samples_split': 2, 'min_samples_leaf': 1}
2026-08-23 22:36:39 | INFO     | co2_forecast |   random_forest -> weighted_mase=0.6866200008613669
2026-08-23 22:36:39 | INFO     | co2_forecast | Creating walk-forward splits for 16 valid samples
2026-08-23 22:36:39 | INFO     | co2_forecast | Created 4 CV folds across horizons [1, 2, 4]
2026-08-23 22:36:39 | INFO     | co2_forecast | Built tuning CV plan: 4 folds from 16 rows before 2022-Q%q (evaluation cutoff) - isolation OK (max tuning date 2021-Q%q)
2026-08-23 22:36:39 | INFO     | co2_forecast | Optimizing catboost...
2026-08-23 22:36:39 | INFO     | co2_forecast | Starting PSO: 8 particles, 10 iterations
2026-08-23 22:37:15 | INFO     | co2_forecast |   Iteration 0: Best fitness = 0.370189
2026-08-23 22:40:20 | INFO     | co2_forecast |   Iteration 5: Best fitness = 0.360081
2026-08-23 22:42:42 | INFO     | co2_forecast |   Iteration 9: Best fitness = 0.355163
2026-08-23 22:42:42 | INFO     | co2_forecast | PSO complete. Best fitness: 0.355163
2026-08-23 22:42:42 | INFO     | co2_forecast |   Best params: {'iterations': 197, 'learning_rate': 0.2311202651948027, 'depth': 3, 'l2_leaf_reg': 10.0}
2026-08-23 22:42:42 | INFO     | co2_forecast |   Best fitness: 0.355163
2026-08-23 22:42:42 | INFO     | co2_forecast | [A3_full/panel2_common_period/all_features/catboost] sweep tuning: best_params={'iterations': 197, 'learning_rate': 0.2311202651948027, 'depth': 3, 'l2_leaf_reg': 10.0}
2026-08-23 22:42:50 | INFO     | co2_forecast |   catboost -> weighted_mase=0.6209418987287766
2026-08-23 22:42:50 | INFO     | co2_forecast | Creating walk-forward splits for 16 valid samples
2026-08-23 22:42:50 | INFO     | co2_forecast | Created 4 CV folds across horizons [1, 2, 4]
2026-08-23 22:42:50 | INFO     | co2_forecast | Built tuning CV plan: 4 folds from 16 rows before 2022-Q%q (evaluation cutoff) - isolation OK (max tuning date 2021-Q%q)
2026-08-23 22:42:50 | INFO     | co2_forecast | Optimizing lightgbm...
2026-08-23 22:42:50 | INFO     | co2_forecast | Starting PSO: 8 particles, 10 iterations
2026-08-23 22:42:50 | WARNING  | co2_forecast | LightGBM has no GPU-enabled build installed; using CPU. The pip wheel ships CPU-only - install a CUDA/OpenCL build (e.g. build from source with -DUSE_CUDA=1, or a conda-forge lightgbm=*=cuda* package) to enable GPU training.
2026-08-23 22:42:50 | INFO     | co2_forecast |   Iteration 0: Best fitness = 0.768990
2026-08-23 22:42:50 | INFO     | co2_forecast |   Iteration 5: Best fitness = 0.614696
2026-08-23 22:42:51 | INFO     | co2_forecast |   Iteration 9: Best fitness = 0.614696
2026-08-23 22:42:51 | INFO     | co2_forecast | PSO complete. Best fitness: 0.614696
2026-08-23 22:42:51 | INFO     | co2_forecast |   Best params: {'n_estimators': 129, 'learning_rate': 0.3, 'num_leaves': 127, 'max_depth': 8, 'min_child_samples': 6, 'reg_alpha': 0.001, 'reg_lambda': 0.001}
2026-08-23 22:42:51 | INFO     | co2_forecast |   Best fitness: 0.614696
2026-08-23 22:42:51 | INFO     | co2_forecast | [A3_full/panel2_common_period/all_features/lightgbm] sweep tuning: best_params={'n_estimators': 129, 'learning_rate': 0.3, 'num_leaves': 127, 'max_depth': 8, 'min_child_samples': 6, 'reg_alpha': 0.001, 'reg_lambda': 0.001}
2026-08-23 22:42:51 | INFO     | co2_forecast |   lightgbm -> weighted_mase=0.4554485081632678
2026-08-23 22:42:51 | INFO     | co2_forecast | Creating walk-forward splits for 16 valid samples
2026-08-23 22:42:51 | INFO     | co2_forecast | Created 4 CV folds across horizons [1, 2, 4]
2026-08-23 22:42:51 | INFO     | co2_forecast | Built tuning CV plan: 4 folds from 16 rows before 2022-Q%q (evaluation cutoff) - isolation OK (max tuning date 2021-Q%q)
2026-08-23 22:42:51 | INFO     | co2_forecast | Optimizing lstm...
2026-08-23 22:42:51 | INFO     | co2_forecast | Starting PSO: 8 particles, 10 iterations
2026-08-23 22:42:51 | WARNING  | co2_forecast | Model training failed with params {'lookback': 7, 'hidden_size': 62, 'num_layers': 2, 'dropout': 0.3394633936788146, 'learning_rate': 0.0016445845403801217, 'batch_size': 8}: LSTM.fit: training data has 8 rows, giving only 1 sequence(s) with lookback=7; at least 2 are required (one is always reserved for validation). Reduce lookback or provide more training history.
2026-08-23 22:42:51 | WARNING  | co2_forecast | Model training failed with params {'lookback': 11, 'hidden_size': 26, 'num_layers': 1, 'dropout': 0.17336180394137352, 'learning_rate': 0.0031119982052994237, 'batch_size': 16}: LSTM.fit: training data has 8 rows, giving only 0 sequence(s) with lookback=11; at least 2 are required (one is always reserved for validation). Reduce lookback or provide more training history.
2026-08-23 22:42:51 | WARNING  | co2_forecast | Model training failed with params {'lookback': 8, 'hidden_size': 54, 'num_layers': 1, 'dropout': 0.3056937753654446, 'learning_rate': 0.005964904231734221, 'batch_size': 8}: LSTM.fit: training data has 8 rows, giving only 0 sequence(s) with lookback=8; at least 2 are required (one is always reserved for validation). Reduce lookback or provide more training history.
2026-08-23 22:42:51 | WARNING  | co2_forecast | Very few sequences (2), LSTM may not train well
2026-08-23 22:42:53 | WARNING  | co2_forecast | Very few sequences (6), LSTM may not train well
2026-08-23 22:42:53 | WARNING  | co2_forecast | Very few sequences (2), LSTM may not train well
2026-08-23 22:42:53 | WARNING  | co2_forecast | Very few sequences (2), LSTM may not train well
2026-08-23 22:42:53 | WARNING  | co2_forecast | Model training failed with params {'lookback': 8, 'hidden_size': 25, 'num_layers': 2, 'dropout': 0.4100531293444458, 'learning_rate': 0.009401039521485473, 'batch_size': 32}: LSTM.fit: training data has 8 rows, giving only 0 sequence(s) with lookback=8; at least 2 are required (one is always reserved for validation). Reduce lookback or provide more training history.
2026-08-23 22:42:53 | WARNING  | co2_forecast | Model training failed with params {'lookback': 7, 'hidden_size': 29, 'num_layers': 2, 'dropout': 0.2427013306774357, 'learning_rate': 0.0028812516459050695, 'batch_size': 16}: LSTM.fit: training data has 8 rows, giving only 1 sequence(s) with lookback=7; at least 2 are required (one is always reserved for validation). Reduce lookback or provide more training history.
2026-08-23 22:42:53 | WARNING  | co2_forecast | Very few sequences (4), LSTM may not train well
2026-08-23 22:42:53 | WARNING  | co2_forecast | Very few sequences (8), LSTM may not train well
2026-08-23 22:42:53 | WARNING  | co2_forecast | Very few sequences (4), LSTM may not train well
2026-08-23 22:42:53 | WARNING  | co2_forecast | Very few sequences (4), LSTM may not train well
2026-08-23 22:42:53 | WARNING  | co2_forecast | Very few sequences (2), LSTM may not train well
2026-08-23 22:42:53 | WARNING  | co2_forecast | Very few sequences (6), LSTM may not train well
2026-08-23 22:42:53 | WARNING  | co2_forecast | Very few sequences (2), LSTM may not train well
2026-08-23 22:42:54 | WARNING  | co2_forecast | Very few sequences (2), LSTM may not train well
2026-08-23 22:42:54 | INFO     | co2_forecast |   Iteration 0: Best fitness = 1.142693
2026-08-23 22:42:54 | WARNING  | co2_forecast | Very few sequences (3), LSTM may not train well
2026-08-23 22:42:54 | WARNING  | co2_forecast | Very few sequences (7), LSTM may not train well
2026-08-23 22:42:54 | WARNING  | co2_forecast | Very few sequences (3), LSTM may not train well
2026-08-23 22:42:54 | WARNING  | co2_forecast | Very few sequences (3), LSTM may not train well
2026-08-23 22:42:54 | WARNING  | co2_forecast | Very few sequences (2), LSTM may not train well
2026-08-23 22:42:54 | WARNING  | co2_forecast | Very few sequences (6), LSTM may not train well
2026-08-23 22:42:54 | WARNING  | co2_forecast | Very few sequences (2), LSTM may not train well
2026-08-23 22:42:54 | WARNING  | co2_forecast | Very few sequences (2), LSTM may not train well
2026-08-23 22:42:54 | WARNING  | co2_forecast | Model training failed with params {'lookback': 8, 'hidden_size': 47, 'num_layers': 1, 'dropout': 0.3423739958737098, 'learning_rate': 0.007293175690188103, 'batch_size': 8}: LSTM.fit: training data has 8 rows, giving only 0 sequence(s) with lookback=8; at least 2 are required (one is always reserved for validation). Reduce lookback or provide more training history.
2026-08-23 22:42:54 | WARNING  | co2_forecast | Very few sequences (3), LSTM may not train well
2026-08-23 22:42:54 | WARNING  | co2_forecast | Very few sequences (7), LSTM may not train well
2026-08-23 22:42:54 | WARNING  | co2_forecast | Very few sequences (3), LSTM may not train well
2026-08-23 22:42:55 | WARNING  | co2_forecast | Very few sequences (3), LSTM may not train well
2026-08-23 22:42:55 | WARNING  | co2_forecast | Very few sequences (2), LSTM may not train well
2026-08-23 22:42:55 | WARNING  | co2_forecast | Very few sequences (6), LSTM may not train well
2026-08-23 22:42:55 | WARNING  | co2_forecast | Very few sequences (2), LSTM may not train well
2026-08-23 22:42:55 | WARNING  | co2_forecast | Very few sequences (2), LSTM may not train well
2026-08-23 22:42:55 | WARNING  | co2_forecast | Very few sequences (3), LSTM may not train well
2026-08-23 22:42:55 | WARNING  | co2_forecast | Very few sequences (7), LSTM may not train well
2026-08-23 22:42:55 | WARNING  | co2_forecast | Very few sequences (3), LSTM may not train well
2026-08-23 22:42:55 | WARNING  | co2_forecast | Very few sequences (3), LSTM may not train well
2026-08-23 22:42:55 | WARNING  | co2_forecast | Very few sequences (4), LSTM may not train well
2026-08-23 22:42:55 | WARNING  | co2_forecast | Very few sequences (8), LSTM may not train well
2026-08-23 22:42:56 | WARNING  | co2_forecast | Very few sequences (4), LSTM may not train well
2026-08-23 22:42:56 | WARNING  | co2_forecast | Very few sequences (4), LSTM may not train well
2026-08-23 22:42:56 | WARNING  | co2_forecast | Very few sequences (2), LSTM may not train well
2026-08-23 22:42:56 | WARNING  | co2_forecast | Very few sequences (6), LSTM may not train well
2026-08-23 22:42:56 | WARNING  | co2_forecast | Very few sequences (2), LSTM may not train well
2026-08-23 22:42:56 | WARNING  | co2_forecast | Very few sequences (2), LSTM may not train well
2026-08-23 22:42:56 | WARNING  | co2_forecast | Very few sequences (3), LSTM may not train well
2026-08-23 22:42:56 | WARNING  | co2_forecast | Very few sequences (7), LSTM may not train well
2026-08-23 22:42:56 | WARNING  | co2_forecast | Very few sequences (3), LSTM may not train well
2026-08-23 22:42:56 | WARNING  | co2_forecast | Very few sequences (3), LSTM may not train well
2026-08-23 22:42:56 | WARNING  | co2_forecast | Very few sequences (4), LSTM may not train well
2026-08-23 22:42:57 | WARNING  | co2_forecast | Very few sequences (8), LSTM may not train well
2026-08-23 22:42:57 | WARNING  | co2_forecast | Very few sequences (4), LSTM may not train well
2026-08-23 22:42:57 | WARNING  | co2_forecast | Very few sequences (4), LSTM may not train well
2026-08-23 22:42:57 | WARNING  | co2_forecast | Model training failed with params {'lookback': 7, 'hidden_size': 40, 'num_layers': 1, 'dropout': 0.3629718999913158, 'learning_rate': 0.008362794080076388, 'batch_size': 8}: LSTM.fit: training data has 8 rows, giving only 1 sequence(s) with lookback=7; at least 2 are required (one is always reserved for validation). Reduce lookback or provide more training history.
2026-08-23 22:42:57 | WARNING  | co2_forecast | Very few sequences (2), LSTM may not train well
2026-08-23 22:42:57 | WARNING  | co2_forecast | Very few sequences (6), LSTM may not train well
2026-08-23 22:42:57 | WARNING  | co2_forecast | Very few sequences (2), LSTM may not train well
2026-08-23 22:42:57 | WARNING  | co2_forecast | Very few sequences (2), LSTM may not train well
2026-08-23 22:42:57 | WARNING  | co2_forecast | Very few sequences (3), LSTM may not train well
2026-08-23 22:42:57 | WARNING  | co2_forecast | Very few sequences (7), LSTM may not train well
2026-08-23 22:42:57 | WARNING  | co2_forecast | Very few sequences (3), LSTM may not train well
2026-08-23 22:42:57 | WARNING  | co2_forecast | Very few sequences (3), LSTM may not train well
2026-08-23 22:42:57 | WARNING  | co2_forecast | Very few sequences (3), LSTM may not train well
2026-08-23 22:42:57 | WARNING  | co2_forecast | Very few sequences (7), LSTM may not train well
2026-08-23 22:42:58 | WARNING  | co2_forecast | Very few sequences (3), LSTM may not train well
2026-08-23 22:42:58 | WARNING  | co2_forecast | Very few sequences (3), LSTM may not train well
2026-08-23 22:42:58 | WARNING  | co2_forecast | Very few sequences (3), LSTM may not train well
2026-08-23 22:42:58 | WARNING  | co2_forecast | Very few sequences (7), LSTM may not train well
2026-08-23 22:42:58 | WARNING  | co2_forecast | Very few sequences (3), LSTM may not train well
2026-08-23 22:42:58 | WARNING  | co2_forecast | Very few sequences (3), LSTM may not train well
2026-08-23 22:42:58 | WARNING  | co2_forecast | Very few sequences (2), LSTM may not train well
2026-08-23 22:42:58 | WARNING  | co2_forecast | Very few sequences (6), LSTM may not train well
2026-08-23 22:42:58 | WARNING  | co2_forecast | Very few sequences (2), LSTM may not train well
2026-08-23 22:42:58 | WARNING  | co2_forecast | Very few sequences (2), LSTM may not train well
2026-08-23 22:42:58 | WARNING  | co2_forecast | Very few sequences (2), LSTM may not train well
2026-08-23 22:42:59 | WARNING  | co2_forecast | Very few sequences (6), LSTM may not train well
2026-08-23 22:42:59 | WARNING  | co2_forecast | Very few sequences (2), LSTM may not train well
2026-08-23 22:42:59 | WARNING  | co2_forecast | Very few sequences (2), LSTM may not train well
2026-08-23 22:42:59 | WARNING  | co2_forecast | Very few sequences (4), LSTM may not train well
2026-08-23 22:42:59 | WARNING  | co2_forecast | Very few sequences (8), LSTM may not train well
2026-08-23 22:42:59 | WARNING  | co2_forecast | Very few sequences (4), LSTM may not train well
2026-08-23 22:42:59 | WARNING  | co2_forecast | Very few sequences (4), LSTM may not train well
2026-08-23 22:42:59 | WARNING  | co2_forecast | Model training failed with params {'lookback': 7, 'hidden_size': 37, 'num_layers': 1, 'dropout': 0.3626417896209355, 'learning_rate': 0.008745150916022786, 'batch_size': 16}: LSTM.fit: training data has 8 rows, giving only 1 sequence(s) with lookback=7; at least 2 are required (one is always reserved for validation). Reduce lookback or provide more training history.
2026-08-23 22:42:59 | WARNING  | co2_forecast | Model training failed with params {'lookback': 7, 'hidden_size': 33, 'num_layers': 2, 'dropout': 0.3611368717650983, 'learning_rate': 0.01, 'batch_size': 16}: LSTM.fit: training data has 8 rows, giving only 1 sequence(s) with lookback=7; at least 2 are required (one is always reserved for validation). Reduce lookback or provide more training history.
2026-08-23 22:42:59 | WARNING  | co2_forecast | Very few sequences (2), LSTM may not train well
2026-08-23 22:42:59 | WARNING  | co2_forecast | Very few sequences (6), LSTM may not train well
2026-08-23 22:42:59 | WARNING  | co2_forecast | Very few sequences (2), LSTM may not train well
2026-08-23 22:42:59 | WARNING  | co2_forecast | Very few sequences (2), LSTM may not train well
2026-08-23 22:43:00 | WARNING  | co2_forecast | Model training failed with params {'lookback': 7, 'hidden_size': 32, 'num_layers': 2, 'dropout': 0.32900802525093015, 'learning_rate': 0.01, 'batch_size': 16}: LSTM.fit: training data has 8 rows, giving only 1 sequence(s) with lookback=7; at least 2 are required (one is always reserved for validation). Reduce lookback or provide more training history.
2026-08-23 22:43:00 | WARNING  | co2_forecast | Very few sequences (3), LSTM may not train well
2026-08-23 22:43:00 | WARNING  | co2_forecast | Very few sequences (7), LSTM may not train well
2026-08-23 22:43:00 | WARNING  | co2_forecast | Very few sequences (3), LSTM may not train well
2026-08-23 22:43:00 | WARNING  | co2_forecast | Very few sequences (3), LSTM may not train well
2026-08-23 22:43:00 | WARNING  | co2_forecast | Very few sequences (2), LSTM may not train well
2026-08-23 22:43:00 | WARNING  | co2_forecast | Very few sequences (6), LSTM may not train well
2026-08-23 22:43:00 | WARNING  | co2_forecast | Very few sequences (2), LSTM may not train well
2026-08-23 22:43:00 | WARNING  | co2_forecast | Very few sequences (2), LSTM may not train well
2026-08-23 22:43:00 | WARNING  | co2_forecast | Model training failed with params {'lookback': 7, 'hidden_size': 45, 'num_layers': 2, 'dropout': 0.3450477904207423, 'learning_rate': 0.01, 'batch_size': 8}: LSTM.fit: training data has 8 rows, giving only 1 sequence(s) with lookback=7; at least 2 are required (one is always reserved for validation). Reduce lookback or provide more training history.
2026-08-23 22:43:00 | WARNING  | co2_forecast | Very few sequences (2), LSTM may not train well
2026-08-23 22:43:00 | WARNING  | co2_forecast | Very few sequences (6), LSTM may not train well
2026-08-23 22:43:00 | WARNING  | co2_forecast | Very few sequences (2), LSTM may not train well
2026-08-23 22:43:00 | WARNING  | co2_forecast | Very few sequences (2), LSTM may not train well
2026-08-23 22:43:01 | WARNING  | co2_forecast | Model training failed with params {'lookback': 7, 'hidden_size': 38, 'num_layers': 2, 'dropout': 0.3481103593091029, 'learning_rate': 0.00847442443471846, 'batch_size': 16}: LSTM.fit: training data has 8 rows, giving only 1 sequence(s) with lookback=7; at least 2 are required (one is always reserved for validation). Reduce lookback or provide more training history.
2026-08-23 22:43:01 | WARNING  | co2_forecast | Very few sequences (2), LSTM may not train well
2026-08-23 22:43:01 | WARNING  | co2_forecast | Very few sequences (6), LSTM may not train well
2026-08-23 22:43:01 | WARNING  | co2_forecast | Very few sequences (2), LSTM may not train well
2026-08-23 22:43:01 | WARNING  | co2_forecast | Very few sequences (2), LSTM may not train well
2026-08-23 22:43:01 | WARNING  | co2_forecast | Model training failed with params {'lookback': 7, 'hidden_size': 27, 'num_layers': 2, 'dropout': 0.3985047640190353, 'learning_rate': 0.009761636595048494, 'batch_size': 32}: LSTM.fit: training data has 8 rows, giving only 1 sequence(s) with lookback=7; at least 2 are required (one is always reserved for validation). Reduce lookback or provide more training history.
2026-08-23 22:43:01 | WARNING  | co2_forecast | Model training failed with params {'lookback': 7, 'hidden_size': 30, 'num_layers': 2, 'dropout': 0.2884682193996197, 'learning_rate': 0.01, 'batch_size': 16}: LSTM.fit: training data has 8 rows, giving only 1 sequence(s) with lookback=7; at least 2 are required (one is always reserved for validation). Reduce lookback or provide more training history.
2026-08-23 22:43:01 | WARNING  | co2_forecast | Very few sequences (4), LSTM may not train well
2026-08-23 22:43:01 | WARNING  | co2_forecast | Very few sequences (8), LSTM may not train well
2026-08-23 22:43:01 | WARNING  | co2_forecast | Very few sequences (4), LSTM may not train well
2026-08-23 22:43:01 | WARNING  | co2_forecast | Very few sequences (4), LSTM may not train well
2026-08-23 22:43:01 | WARNING  | co2_forecast | Very few sequences (2), LSTM may not train well
2026-08-23 22:43:01 | WARNING  | co2_forecast | Very few sequences (6), LSTM may not train well
2026-08-23 22:43:01 | WARNING  | co2_forecast | Very few sequences (2), LSTM may not train well
2026-08-23 22:43:01 | WARNING  | co2_forecast | Very few sequences (2), LSTM may not train well
2026-08-23 22:43:01 | WARNING  | co2_forecast | Very few sequences (2), LSTM may not train well
2026-08-23 22:43:02 | WARNING  | co2_forecast | Very few sequences (6), LSTM may not train well
2026-08-23 22:43:02 | WARNING  | co2_forecast | Very few sequences (2), LSTM may not train well
2026-08-23 22:43:02 | WARNING  | co2_forecast | Very few sequences (2), LSTM may not train well
2026-08-23 22:43:02 | WARNING  | co2_forecast | Very few sequences (3), LSTM may not train well
2026-08-23 22:43:02 | WARNING  | co2_forecast | Very few sequences (7), LSTM may not train well
2026-08-23 22:43:02 | WARNING  | co2_forecast | Very few sequences (3), LSTM may not train well
2026-08-23 22:43:02 | WARNING  | co2_forecast | Very few sequences (3), LSTM may not train well
2026-08-23 22:43:02 | WARNING  | co2_forecast | Model training failed with params {'lookback': 7, 'hidden_size': 41, 'num_layers': 2, 'dropout': 0.3308329555002054, 'learning_rate': 0.00788866182780854, 'batch_size': 16}: LSTM.fit: training data has 8 rows, giving only 1 sequence(s) with lookback=7; at least 2 are required (one is always reserved for validation). Reduce lookback or provide more training history.
2026-08-23 22:43:02 | WARNING  | co2_forecast | Very few sequences (3), LSTM may not train well
2026-08-23 22:43:02 | WARNING  | co2_forecast | Very few sequences (7), LSTM may not train well
2026-08-23 22:43:02 | WARNING  | co2_forecast | Very few sequences (3), LSTM may not train well
2026-08-23 22:43:03 | WARNING  | co2_forecast | Very few sequences (3), LSTM may not train well
2026-08-23 22:43:03 | WARNING  | co2_forecast | Very few sequences (3), LSTM may not train well
2026-08-23 22:43:03 | WARNING  | co2_forecast | Very few sequences (7), LSTM may not train well
2026-08-23 22:43:03 | WARNING  | co2_forecast | Very few sequences (3), LSTM may not train well
2026-08-23 22:43:03 | WARNING  | co2_forecast | Very few sequences (3), LSTM may not train well
2026-08-23 22:43:03 | WARNING  | co2_forecast | Very few sequences (3), LSTM may not train well
2026-08-23 22:43:03 | WARNING  | co2_forecast | Very few sequences (7), LSTM may not train well
2026-08-23 22:43:03 | WARNING  | co2_forecast | Very few sequences (3), LSTM may not train well
2026-08-23 22:43:03 | WARNING  | co2_forecast | Very few sequences (3), LSTM may not train well
2026-08-23 22:43:03 | WARNING  | co2_forecast | Very few sequences (4), LSTM may not train well
2026-08-23 22:43:03 | WARNING  | co2_forecast | Very few sequences (8), LSTM may not train well
2026-08-23 22:43:04 | WARNING  | co2_forecast | Very few sequences (4), LSTM may not train well
2026-08-23 22:43:04 | WARNING  | co2_forecast | Very few sequences (4), LSTM may not train well
2026-08-23 22:43:04 | WARNING  | co2_forecast | Very few sequences (2), LSTM may not train well
2026-08-23 22:43:04 | WARNING  | co2_forecast | Very few sequences (6), LSTM may not train well
2026-08-23 22:43:04 | WARNING  | co2_forecast | Very few sequences (2), LSTM may not train well
2026-08-23 22:43:04 | WARNING  | co2_forecast | Very few sequences (2), LSTM may not train well
2026-08-23 22:43:04 | INFO     | co2_forecast |   Iteration 5: Best fitness = 1.099895
2026-08-23 22:43:04 | WARNING  | co2_forecast | Very few sequences (3), LSTM may not train well
2026-08-23 22:43:04 | WARNING  | co2_forecast | Very few sequences (7), LSTM may not train well
2026-08-23 22:43:04 | WARNING  | co2_forecast | Very few sequences (3), LSTM may not train well
2026-08-23 22:43:04 | WARNING  | co2_forecast | Very few sequences (3), LSTM may not train well
2026-08-23 22:43:05 | WARNING  | co2_forecast | Very few sequences (4), LSTM may not train well
2026-08-23 22:43:05 | WARNING  | co2_forecast | Very few sequences (8), LSTM may not train well
2026-08-23 22:43:05 | WARNING  | co2_forecast | Very few sequences (4), LSTM may not train well
2026-08-23 22:43:05 | WARNING  | co2_forecast | Very few sequences (4), LSTM may not train well
2026-08-23 22:43:05 | WARNING  | co2_forecast | Model training failed with params {'lookback': 7, 'hidden_size': 44, 'num_layers': 2, 'dropout': 0.319866373700833, 'learning_rate': 0.007364216944191588, 'batch_size': 16}: LSTM.fit: training data has 8 rows, giving only 1 sequence(s) with lookback=7; at least 2 are required (one is always reserved for validation). Reduce lookback or provide more training history.
2026-08-23 22:43:05 | WARNING  | co2_forecast | Very few sequences (2), LSTM may not train well
2026-08-23 22:43:05 | WARNING  | co2_forecast | Very few sequences (6), LSTM may not train well
2026-08-23 22:43:05 | WARNING  | co2_forecast | Very few sequences (2), LSTM may not train well
2026-08-23 22:43:05 | WARNING  | co2_forecast | Very few sequences (2), LSTM may not train well
2026-08-23 22:43:05 | WARNING  | co2_forecast | Very few sequences (2), LSTM may not train well
2026-08-23 22:43:05 | WARNING  | co2_forecast | Very few sequences (6), LSTM may not train well
2026-08-23 22:43:05 | WARNING  | co2_forecast | Very few sequences (2), LSTM may not train well
2026-08-23 22:43:05 | WARNING  | co2_forecast | Very few sequences (2), LSTM may not train well
2026-08-23 22:43:06 | WARNING  | co2_forecast | Very few sequences (3), LSTM may not train well
2026-08-23 22:43:06 | WARNING  | co2_forecast | Very few sequences (7), LSTM may not train well
2026-08-23 22:43:06 | WARNING  | co2_forecast | Very few sequences (3), LSTM may not train well
2026-08-23 22:43:06 | WARNING  | co2_forecast | Very few sequences (3), LSTM may not train well
2026-08-23 22:43:06 | WARNING  | co2_forecast | Very few sequences (3), LSTM may not train well
2026-08-23 22:43:06 | WARNING  | co2_forecast | Very few sequences (7), LSTM may not train well
2026-08-23 22:43:06 | WARNING  | co2_forecast | Very few sequences (3), LSTM may not train well
2026-08-23 22:43:06 | WARNING  | co2_forecast | Very few sequences (3), LSTM may not train well
2026-08-23 22:43:06 | WARNING  | co2_forecast | Very few sequences (2), LSTM may not train well
2026-08-23 22:43:06 | WARNING  | co2_forecast | Very few sequences (6), LSTM may not train well
2026-08-23 22:43:06 | WARNING  | co2_forecast | Very few sequences (2), LSTM may not train well
2026-08-23 22:43:06 | WARNING  | co2_forecast | Very few sequences (2), LSTM may not train well
2026-08-23 22:43:07 | WARNING  | co2_forecast | Very few sequences (2), LSTM may not train well
2026-08-23 22:43:07 | WARNING  | co2_forecast | Very few sequences (6), LSTM may not train well
2026-08-23 22:43:07 | WARNING  | co2_forecast | Very few sequences (2), LSTM may not train well
2026-08-23 22:43:07 | WARNING  | co2_forecast | Very few sequences (2), LSTM may not train well
2026-08-23 22:43:07 | WARNING  | co2_forecast | Very few sequences (3), LSTM may not train well
2026-08-23 22:43:07 | WARNING  | co2_forecast | Very few sequences (7), LSTM may not train well
2026-08-23 22:43:07 | WARNING  | co2_forecast | Very few sequences (3), LSTM may not train well
2026-08-23 22:43:07 | WARNING  | co2_forecast | Very few sequences (3), LSTM may not train well
2026-08-23 22:43:07 | WARNING  | co2_forecast | Model training failed with params {'lookback': 7, 'hidden_size': 46, 'num_layers': 2, 'dropout': 0.3183064427043321, 'learning_rate': 0.00712953259363808, 'batch_size': 16}: LSTM.fit: training data has 8 rows, giving only 1 sequence(s) with lookback=7; at least 2 are required (one is always reserved for validation). Reduce lookback or provide more training history.
2026-08-23 22:43:07 | WARNING  | co2_forecast | Model training failed with params {'lookback': 7, 'hidden_size': 35, 'num_layers': 2, 'dropout': 0.3745981816637531, 'learning_rate': 0.009036166804530121, 'batch_size': 16}: LSTM.fit: training data has 8 rows, giving only 1 sequence(s) with lookback=7; at least 2 are required (one is always reserved for validation). Reduce lookback or provide more training history.
2026-08-23 22:43:07 | WARNING  | co2_forecast | Model training failed with params {'lookback': 7, 'hidden_size': 30, 'num_layers': 2, 'dropout': 0.3775202432917326, 'learning_rate': 0.009421343313610187, 'batch_size': 16}: LSTM.fit: training data has 8 rows, giving only 1 sequence(s) with lookback=7; at least 2 are required (one is always reserved for validation). Reduce lookback or provide more training history.
2026-08-23 22:43:07 | WARNING  | co2_forecast | Model training failed with params {'lookback': 7, 'hidden_size': 34, 'num_layers': 2, 'dropout': 0.36205508538426207, 'learning_rate': 0.00906840000074184, 'batch_size': 16}: LSTM.fit: training data has 8 rows, giving only 1 sequence(s) with lookback=7; at least 2 are required (one is always reserved for validation). Reduce lookback or provide more training history.
2026-08-23 22:43:07 | WARNING  | co2_forecast | Very few sequences (4), LSTM may not train well
2026-08-23 22:43:07 | WARNING  | co2_forecast | Very few sequences (8), LSTM may not train well
2026-08-23 22:43:07 | WARNING  | co2_forecast | Very few sequences (4), LSTM may not train well
2026-08-23 22:43:07 | WARNING  | co2_forecast | Very few sequences (4), LSTM may not train well
2026-08-23 22:43:08 | WARNING  | co2_forecast | Very few sequences (2), LSTM may not train well
2026-08-23 22:43:08 | WARNING  | co2_forecast | Very few sequences (6), LSTM may not train well
2026-08-23 22:43:08 | WARNING  | co2_forecast | Very few sequences (2), LSTM may not train well
2026-08-23 22:43:08 | WARNING  | co2_forecast | Very few sequences (2), LSTM may not train well
2026-08-23 22:43:08 | WARNING  | co2_forecast | Model training failed with params {'lookback': 7, 'hidden_size': 40, 'num_layers': 2, 'dropout': 0.3508480398461762, 'learning_rate': 0.009552060846484495, 'batch_size': 8}: LSTM.fit: training data has 8 rows, giving only 1 sequence(s) with lookback=7; at least 2 are required (one is always reserved for validation). Reduce lookback or provide more training history.
2026-08-23 22:43:08 | WARNING  | co2_forecast | Very few sequences (2), LSTM may not train well
2026-08-23 22:43:08 | WARNING  | co2_forecast | Very few sequences (6), LSTM may not train well
2026-08-23 22:43:08 | WARNING  | co2_forecast | Very few sequences (2), LSTM may not train well
2026-08-23 22:43:08 | WARNING  | co2_forecast | Very few sequences (2), LSTM may not train well
2026-08-23 22:43:08 | WARNING  | co2_forecast | Model training failed with params {'lookback': 7, 'hidden_size': 46, 'num_layers': 2, 'dropout': 0.32368619321980235, 'learning_rate': 0.007197194459660103, 'batch_size': 8}: LSTM.fit: training data has 8 rows, giving only 1 sequence(s) with lookback=7; at least 2 are required (one is always reserved for validation). Reduce lookback or provide more training history.
2026-08-23 22:43:08 | WARNING  | co2_forecast | Very few sequences (2), LSTM may not train well
2026-08-23 22:43:08 | WARNING  | co2_forecast | Very few sequences (6), LSTM may not train well
2026-08-23 22:43:08 | WARNING  | co2_forecast | Very few sequences (2), LSTM may not train well
2026-08-23 22:43:08 | WARNING  | co2_forecast | Very few sequences (2), LSTM may not train well
2026-08-23 22:43:08 | WARNING  | co2_forecast | Very few sequences (3), LSTM may not train well
2026-08-23 22:43:09 | WARNING  | co2_forecast | Very few sequences (7), LSTM may not train well
2026-08-23 22:43:09 | WARNING  | co2_forecast | Very few sequences (3), LSTM may not train well
2026-08-23 22:43:09 | WARNING  | co2_forecast | Very few sequences (3), LSTM may not train well
2026-08-23 22:43:09 | WARNING  | co2_forecast | Model training failed with params {'lookback': 7, 'hidden_size': 32, 'num_layers': 2, 'dropout': 0.3288043279664882, 'learning_rate': 0.009510954192396228, 'batch_size': 16}: LSTM.fit: training data has 8 rows, giving only 1 sequence(s) with lookback=7; at least 2 are required (one is always reserved for validation). Reduce lookback or provide more training history.
2026-08-23 22:43:09 | WARNING  | co2_forecast | Very few sequences (4), LSTM may not train well
2026-08-23 22:43:09 | WARNING  | co2_forecast | Very few sequences (8), LSTM may not train well
2026-08-23 22:43:09 | WARNING  | co2_forecast | Very few sequences (4), LSTM may not train well
2026-08-23 22:43:09 | WARNING  | co2_forecast | Very few sequences (4), LSTM may not train well
2026-08-23 22:43:09 | WARNING  | co2_forecast | Very few sequences (2), LSTM may not train well
2026-08-23 22:43:09 | WARNING  | co2_forecast | Very few sequences (6), LSTM may not train well
2026-08-23 22:43:09 | WARNING  | co2_forecast | Very few sequences (2), LSTM may not train well
2026-08-23 22:43:09 | WARNING  | co2_forecast | Very few sequences (2), LSTM may not train well
2026-08-23 22:43:10 | WARNING  | co2_forecast | Very few sequences (4), LSTM may not train well
2026-08-23 22:43:10 | WARNING  | co2_forecast | Very few sequences (8), LSTM may not train well
2026-08-23 22:43:10 | WARNING  | co2_forecast | Very few sequences (4), LSTM may not train well
2026-08-23 22:43:10 | WARNING  | co2_forecast | Very few sequences (4), LSTM may not train well
2026-08-23 22:43:10 | WARNING  | co2_forecast | Very few sequences (4), LSTM may not train well
2026-08-23 22:43:10 | WARNING  | co2_forecast | Very few sequences (8), LSTM may not train well
2026-08-23 22:43:10 | WARNING  | co2_forecast | Very few sequences (4), LSTM may not train well
2026-08-23 22:43:10 | WARNING  | co2_forecast | Very few sequences (4), LSTM may not train well
2026-08-23 22:43:10 | WARNING  | co2_forecast | Very few sequences (2), LSTM may not train well
2026-08-23 22:43:10 | WARNING  | co2_forecast | Very few sequences (6), LSTM may not train well
2026-08-23 22:43:10 | WARNING  | co2_forecast | Very few sequences (2), LSTM may not train well
2026-08-23 22:43:11 | WARNING  | co2_forecast | Very few sequences (2), LSTM may not train well
2026-08-23 22:43:11 | WARNING  | co2_forecast | Very few sequences (4), LSTM may not train well
2026-08-23 22:43:11 | WARNING  | co2_forecast | Very few sequences (8), LSTM may not train well
2026-08-23 22:43:11 | WARNING  | co2_forecast | Very few sequences (4), LSTM may not train well
2026-08-23 22:43:11 | WARNING  | co2_forecast | Very few sequences (4), LSTM may not train well
2026-08-23 22:43:11 | WARNING  | co2_forecast | Very few sequences (4), LSTM may not train well
2026-08-23 22:43:11 | WARNING  | co2_forecast | Very few sequences (8), LSTM may not train well
2026-08-23 22:43:11 | WARNING  | co2_forecast | Very few sequences (4), LSTM may not train well
2026-08-23 22:43:11 | WARNING  | co2_forecast | Very few sequences (4), LSTM may not train well
2026-08-23 22:43:11 | WARNING  | co2_forecast | Very few sequences (4), LSTM may not train well
2026-08-23 22:43:11 | WARNING  | co2_forecast | Very few sequences (8), LSTM may not train well
2026-08-23 22:43:11 | WARNING  | co2_forecast | Very few sequences (4), LSTM may not train well
2026-08-23 22:43:12 | WARNING  | co2_forecast | Very few sequences (4), LSTM may not train well
2026-08-23 22:43:12 | WARNING  | co2_forecast | Very few sequences (4), LSTM may not train well
2026-08-23 22:43:12 | WARNING  | co2_forecast | Very few sequences (8), LSTM may not train well
2026-08-23 22:43:12 | WARNING  | co2_forecast | Very few sequences (4), LSTM may not train well
2026-08-23 22:43:12 | WARNING  | co2_forecast | Very few sequences (4), LSTM may not train well
2026-08-23 22:43:12 | WARNING  | co2_forecast | Very few sequences (3), LSTM may not train well
2026-08-23 22:43:12 | WARNING  | co2_forecast | Very few sequences (7), LSTM may not train well
2026-08-23 22:43:12 | WARNING  | co2_forecast | Very few sequences (3), LSTM may not train well
2026-08-23 22:43:12 | WARNING  | co2_forecast | Very few sequences (3), LSTM may not train well
2026-08-23 22:43:12 | INFO     | co2_forecast |   Iteration 9: Best fitness = 0.931589
2026-08-23 22:43:12 | INFO     | co2_forecast | PSO complete. Best fitness: 0.931589
2026-08-23 22:43:12 | INFO     | co2_forecast |   Best params: {'lookback': 6, 'hidden_size': 48, 'num_layers': 1, 'dropout': 0.336388519526882, 'learning_rate': 0.0071797872061984255, 'batch_size': 8}
2026-08-23 22:43:12 | INFO     | co2_forecast |   Best fitness: 0.931589
2026-08-23 22:43:12 | INFO     | co2_forecast | [A3_full/panel2_common_period/all_features/lstm] sweep tuning: best_params={'lookback': 6, 'hidden_size': 48, 'num_layers': 1, 'dropout': 0.336388519526882, 'learning_rate': 0.0071797872061984255, 'batch_size': 8}
2026-08-23 22:43:13 | INFO     | co2_forecast |   lstm -> weighted_mase=1.1191426775786937
2026-08-23 22:43:13 | INFO     | co2_forecast | Variant A3_full complete in 427.4s
2026-08-23 22:43:13 | INFO     | co2_forecast | --- Variant A3_no_grid: 11 features ---
2026-08-23 22:43:13 | INFO     | co2_forecast | Creating walk-forward splits for 16 valid samples
2026-08-23 22:43:13 | INFO     | co2_forecast | Created 4 CV folds across horizons [1, 2, 4]
2026-08-23 22:43:13 | INFO     | co2_forecast | Built tuning CV plan: 4 folds from 16 rows before 2022-Q%q (evaluation cutoff) - isolation OK (max tuning date 2021-Q%q)
2026-08-23 22:43:13 | INFO     | co2_forecast | Optimizing ridge...
2026-08-23 22:43:13 | INFO     | co2_forecast | Starting PSO: 8 particles, 10 iterations
2026-08-23 22:43:13 | INFO     | co2_forecast |   Iteration 0: Best fitness = 2.490781
2026-08-23 22:43:13 | INFO     | co2_forecast |   Iteration 5: Best fitness = 2.134233
2026-08-23 22:43:13 | INFO     | co2_forecast |   Iteration 9: Best fitness = 2.134233
2026-08-23 22:43:13 | INFO     | co2_forecast | PSO complete. Best fitness: 2.134233
2026-08-23 22:43:13 | INFO     | co2_forecast |   Best params: {'alpha': 100.0}
2026-08-23 22:43:13 | INFO     | co2_forecast |   Best fitness: 2.134233
2026-08-23 22:43:13 | INFO     | co2_forecast | [A3_no_grid/panel2_common_period/all_features/ridge] sweep tuning: best_params={'alpha': 100.0}
2026-08-23 22:43:13 | INFO     | co2_forecast |   ridge -> weighted_mase=0.9051731374752952
2026-08-23 22:43:13 | INFO     | co2_forecast | Creating walk-forward splits for 16 valid samples
2026-08-23 22:43:13 | INFO     | co2_forecast | Created 4 CV folds across horizons [1, 2, 4]
2026-08-23 22:43:13 | INFO     | co2_forecast | Built tuning CV plan: 4 folds from 16 rows before 2022-Q%q (evaluation cutoff) - isolation OK (max tuning date 2021-Q%q)
2026-08-23 22:43:13 | INFO     | co2_forecast | Optimizing random_forest...
2026-08-23 22:43:13 | INFO     | co2_forecast | Starting PSO: 8 particles, 10 iterations
2026-08-23 22:43:19 | INFO     | co2_forecast |   Iteration 0: Best fitness = 0.671553
2026-08-23 22:43:35 | INFO     | co2_forecast |   Iteration 5: Best fitness = 0.312036
2026-08-23 22:43:48 | INFO     | co2_forecast |   Iteration 9: Best fitness = 0.312036
2026-08-23 22:43:48 | INFO     | co2_forecast | PSO complete. Best fitness: 0.312036
2026-08-23 22:43:48 | INFO     | co2_forecast |   Best params: {'n_estimators': 63, 'max_depth': 3, 'min_samples_split': 2, 'min_samples_leaf': 1}
2026-08-23 22:43:48 | INFO     | co2_forecast |   Best fitness: 0.312036
2026-08-23 22:43:48 | INFO     | co2_forecast | [A3_no_grid/panel2_common_period/all_features/random_forest] sweep tuning: best_params={'n_estimators': 63, 'max_depth': 3, 'min_samples_split': 2, 'min_samples_leaf': 1}
2026-08-23 22:43:48 | INFO     | co2_forecast |   random_forest -> weighted_mase=0.7316139969833925
2026-08-23 22:43:48 | INFO     | co2_forecast | Creating walk-forward splits for 16 valid samples
2026-08-23 22:43:48 | INFO     | co2_forecast | Created 4 CV folds across horizons [1, 2, 4]
2026-08-23 22:43:48 | INFO     | co2_forecast | Built tuning CV plan: 4 folds from 16 rows before 2022-Q%q (evaluation cutoff) - isolation OK (max tuning date 2021-Q%q)
2026-08-23 22:43:48 | INFO     | co2_forecast | Optimizing catboost...
2026-08-23 22:43:48 | INFO     | co2_forecast | Starting PSO: 8 particles, 10 iterations
2026-08-23 22:44:21 | INFO     | co2_forecast |   Iteration 0: Best fitness = 0.304542
2026-08-23 22:46:38 | INFO     | co2_forecast |   Iteration 5: Best fitness = 0.284213
2026-08-23 22:48:21 | INFO     | co2_forecast |   Iteration 9: Best fitness = 0.269373
2026-08-23 22:48:21 | INFO     | co2_forecast | PSO complete. Best fitness: 0.269373
2026-08-23 22:48:21 | INFO     | co2_forecast |   Best params: {'iterations': 59, 'learning_rate': 0.25428133095613226, 'depth': 3, 'l2_leaf_reg': 10.0}
2026-08-23 22:48:21 | INFO     | co2_forecast |   Best fitness: 0.269373
2026-08-23 22:48:21 | INFO     | co2_forecast | [A3_no_grid/panel2_common_period/all_features/catboost] sweep tuning: best_params={'iterations': 59, 'learning_rate': 0.25428133095613226, 'depth': 3, 'l2_leaf_reg': 10.0}
2026-08-23 22:48:26 | INFO     | co2_forecast |   catboost -> weighted_mase=0.6567384856747441
2026-08-23 22:48:26 | INFO     | co2_forecast | Creating walk-forward splits for 16 valid samples
2026-08-23 22:48:26 | INFO     | co2_forecast | Created 4 CV folds across horizons [1, 2, 4]
2026-08-23 22:48:26 | INFO     | co2_forecast | Built tuning CV plan: 4 folds from 16 rows before 2022-Q%q (evaluation cutoff) - isolation OK (max tuning date 2021-Q%q)
2026-08-23 22:48:26 | INFO     | co2_forecast | Optimizing lightgbm...
2026-08-23 22:48:26 | INFO     | co2_forecast | Starting PSO: 8 particles, 10 iterations
2026-08-23 22:48:26 | INFO     | co2_forecast |   Iteration 0: Best fitness = 0.768990
2026-08-23 22:48:27 | INFO     | co2_forecast |   Iteration 5: Best fitness = 0.655353
2026-08-23 22:48:27 | INFO     | co2_forecast |   Iteration 9: Best fitness = 0.644572
2026-08-23 22:48:27 | INFO     | co2_forecast | PSO complete. Best fitness: 0.644572
2026-08-23 22:48:27 | INFO     | co2_forecast |   Best params: {'n_estimators': 50, 'learning_rate': 0.24875557248327107, 'num_leaves': 127, 'max_depth': 3, 'min_child_samples': 5, 'reg_alpha': 0.09419715994303156, 'reg_lambda': 1.6116769810147058}
2026-08-23 22:48:27 | INFO     | co2_forecast |   Best fitness: 0.644572
2026-08-23 22:48:27 | INFO     | co2_forecast | [A3_no_grid/panel2_common_period/all_features/lightgbm] sweep tuning: best_params={'n_estimators': 50, 'learning_rate': 0.24875557248327107, 'num_leaves': 127, 'max_depth': 3, 'min_child_samples': 5, 'reg_alpha': 0.09419715994303156, 'reg_lambda': 1.6116769810147058}
2026-08-23 22:48:27 | INFO     | co2_forecast |   lightgbm -> weighted_mase=0.6370806403789584
2026-08-23 22:48:27 | INFO     | co2_forecast | Creating walk-forward splits for 16 valid samples
2026-08-23 22:48:27 | INFO     | co2_forecast | Created 4 CV folds across horizons [1, 2, 4]
2026-08-23 22:48:27 | INFO     | co2_forecast | Built tuning CV plan: 4 folds from 16 rows before 2022-Q%q (evaluation cutoff) - isolation OK (max tuning date 2021-Q%q)
2026-08-23 22:48:27 | INFO     | co2_forecast | Optimizing lstm...
2026-08-23 22:48:27 | INFO     | co2_forecast | Starting PSO: 8 particles, 10 iterations
2026-08-23 22:48:27 | WARNING  | co2_forecast | Model training failed with params {'lookback': 7, 'hidden_size': 62, 'num_layers': 2, 'dropout': 0.3394633936788146, 'learning_rate': 0.0016445845403801217, 'batch_size': 8}: LSTM.fit: training data has 8 rows, giving only 1 sequence(s) with lookback=7; at least 2 are required (one is always reserved for validation). Reduce lookback or provide more training history.
2026-08-23 22:48:27 | WARNING  | co2_forecast | Model training failed with params {'lookback': 11, 'hidden_size': 26, 'num_layers': 1, 'dropout': 0.17336180394137352, 'learning_rate': 0.0031119982052994237, 'batch_size': 16}: LSTM.fit: training data has 8 rows, giving only 0 sequence(s) with lookback=11; at least 2 are required (one is always reserved for validation). Reduce lookback or provide more training history.
2026-08-23 22:48:27 | WARNING  | co2_forecast | Model training failed with params {'lookback': 8, 'hidden_size': 54, 'num_layers': 1, 'dropout': 0.3056937753654446, 'learning_rate': 0.005964904231734221, 'batch_size': 8}: LSTM.fit: training data has 8 rows, giving only 0 sequence(s) with lookback=8; at least 2 are required (one is always reserved for validation). Reduce lookback or provide more training history.
2026-08-23 22:48:27 | WARNING  | co2_forecast | Very few sequences (2), LSTM may not train well
2026-08-23 22:48:27 | WARNING  | co2_forecast | Very few sequences (6), LSTM may not train well
2026-08-23 22:48:28 | WARNING  | co2_forecast | Very few sequences (2), LSTM may not train well
2026-08-23 22:48:28 | WARNING  | co2_forecast | Very few sequences (2), LSTM may not train well
2026-08-23 22:48:28 | WARNING  | co2_forecast | Model training failed with params {'lookback': 8, 'hidden_size': 25, 'num_layers': 2, 'dropout': 0.4100531293444458, 'learning_rate': 0.009401039521485473, 'batch_size': 32}: LSTM.fit: training data has 8 rows, giving only 0 sequence(s) with lookback=8; at least 2 are required (one is always reserved for validation). Reduce lookback or provide more training history.
2026-08-23 22:48:28 | WARNING  | co2_forecast | Model training failed with params {'lookback': 7, 'hidden_size': 29, 'num_layers': 2, 'dropout': 0.2427013306774357, 'learning_rate': 0.0028812516459050695, 'batch_size': 16}: LSTM.fit: training data has 8 rows, giving only 1 sequence(s) with lookback=7; at least 2 are required (one is always reserved for validation). Reduce lookback or provide more training history.
2026-08-23 22:48:28 | WARNING  | co2_forecast | Very few sequences (4), LSTM may not train well
2026-08-23 22:48:28 | WARNING  | co2_forecast | Very few sequences (8), LSTM may not train well
2026-08-23 22:48:28 | WARNING  | co2_forecast | Very few sequences (4), LSTM may not train well
2026-08-23 22:48:28 | WARNING  | co2_forecast | Very few sequences (4), LSTM may not train well
2026-08-23 22:48:28 | WARNING  | co2_forecast | Very few sequences (2), LSTM may not train well
2026-08-23 22:48:28 | WARNING  | co2_forecast | Very few sequences (6), LSTM may not train well
2026-08-23 22:48:28 | WARNING  | co2_forecast | Very few sequences (2), LSTM may not train well
2026-08-23 22:48:28 | WARNING  | co2_forecast | Very few sequences (2), LSTM may not train well
2026-08-23 22:48:29 | INFO     | co2_forecast |   Iteration 0: Best fitness = 0.996182
2026-08-23 22:48:29 | WARNING  | co2_forecast | Very few sequences (3), LSTM may not train well
2026-08-23 22:48:29 | WARNING  | co2_forecast | Very few sequences (7), LSTM may not train well
2026-08-23 22:48:29 | WARNING  | co2_forecast | Very few sequences (3), LSTM may not train well
2026-08-23 22:48:30 | WARNING  | co2_forecast | Very few sequences (3), LSTM may not train well
2026-08-23 22:48:30 | WARNING  | co2_forecast | Very few sequences (2), LSTM may not train well
2026-08-23 22:48:30 | WARNING  | co2_forecast | Very few sequences (6), LSTM may not train well
2026-08-23 22:48:30 | WARNING  | co2_forecast | Very few sequences (2), LSTM may not train well
2026-08-23 22:48:30 | WARNING  | co2_forecast | Very few sequences (2), LSTM may not train well
2026-08-23 22:48:31 | WARNING  | co2_forecast | Model training failed with params {'lookback': 8, 'hidden_size': 44, 'num_layers': 1, 'dropout': 0.3238975389966341, 'learning_rate': 0.005520634690128072, 'batch_size': 8}: LSTM.fit: training data has 8 rows, giving only 0 sequence(s) with lookback=8; at least 2 are required (one is always reserved for validation). Reduce lookback or provide more training history.
2026-08-23 22:48:31 | WARNING  | co2_forecast | Very few sequences (3), LSTM may not train well
2026-08-23 22:48:31 | WARNING  | co2_forecast | Very few sequences (7), LSTM may not train well
2026-08-23 22:48:31 | WARNING  | co2_forecast | Very few sequences (3), LSTM may not train well
2026-08-23 22:48:31 | WARNING  | co2_forecast | Very few sequences (3), LSTM may not train well
2026-08-23 22:48:31 | WARNING  | co2_forecast | Very few sequences (2), LSTM may not train well
2026-08-23 22:48:31 | WARNING  | co2_forecast | Very few sequences (6), LSTM may not train well
2026-08-23 22:48:32 | WARNING  | co2_forecast | Very few sequences (2), LSTM may not train well
2026-08-23 22:48:32 | WARNING  | co2_forecast | Very few sequences (2), LSTM may not train well
2026-08-23 22:48:33 | WARNING  | co2_forecast | Very few sequences (3), LSTM may not train well
2026-08-23 22:48:33 | WARNING  | co2_forecast | Very few sequences (7), LSTM may not train well
2026-08-23 22:48:33 | WARNING  | co2_forecast | Very few sequences (3), LSTM may not train well
2026-08-23 22:48:33 | WARNING  | co2_forecast | Very few sequences (3), LSTM may not train well
2026-08-23 22:48:33 | WARNING  | co2_forecast | Very few sequences (4), LSTM may not train well
2026-08-23 22:48:33 | WARNING  | co2_forecast | Very few sequences (8), LSTM may not train well
2026-08-23 22:48:33 | WARNING  | co2_forecast | Very few sequences (4), LSTM may not train well
2026-08-23 22:48:34 | WARNING  | co2_forecast | Very few sequences (4), LSTM may not train well
2026-08-23 22:48:34 | WARNING  | co2_forecast | Very few sequences (2), LSTM may not train well
2026-08-23 22:48:34 | WARNING  | co2_forecast | Very few sequences (6), LSTM may not train well
2026-08-23 22:48:34 | WARNING  | co2_forecast | Very few sequences (2), LSTM may not train well
2026-08-23 22:48:34 | WARNING  | co2_forecast | Very few sequences (2), LSTM may not train well
2026-08-23 22:48:34 | WARNING  | co2_forecast | Very few sequences (4), LSTM may not train well
2026-08-23 22:48:34 | WARNING  | co2_forecast | Very few sequences (8), LSTM may not train well
2026-08-23 22:48:35 | WARNING  | co2_forecast | Very few sequences (4), LSTM may not train well
2026-08-23 22:48:35 | WARNING  | co2_forecast | Very few sequences (4), LSTM may not train well
2026-08-23 22:48:35 | WARNING  | co2_forecast | Very few sequences (4), LSTM may not train well
2026-08-23 22:48:35 | WARNING  | co2_forecast | Very few sequences (8), LSTM may not train well
2026-08-23 22:48:36 | WARNING  | co2_forecast | Very few sequences (4), LSTM may not train well
2026-08-23 22:48:36 | WARNING  | co2_forecast | Very few sequences (4), LSTM may not train well
2026-08-23 22:48:36 | WARNING  | co2_forecast | Model training failed with params {'lookback': 7, 'hidden_size': 33, 'num_layers': 1, 'dropout': 0.3174646446740698, 'learning_rate': 0.004142028037008457, 'batch_size': 16}: LSTM.fit: training data has 8 rows, giving only 1 sequence(s) with lookback=7; at least 2 are required (one is always reserved for validation). Reduce lookback or provide more training history.
2026-08-23 22:48:36 | WARNING  | co2_forecast | Very few sequences (3), LSTM may not train well
2026-08-23 22:48:36 | WARNING  | co2_forecast | Very few sequences (7), LSTM may not train well
2026-08-23 22:48:37 | WARNING  | co2_forecast | Very few sequences (3), LSTM may not train well
2026-08-23 22:48:37 | WARNING  | co2_forecast | Very few sequences (3), LSTM may not train well
2026-08-23 22:48:37 | WARNING  | co2_forecast | Very few sequences (4), LSTM may not train well
2026-08-23 22:48:37 | WARNING  | co2_forecast | Very few sequences (8), LSTM may not train well
2026-08-23 22:48:38 | WARNING  | co2_forecast | Very few sequences (4), LSTM may not train well
2026-08-23 22:48:38 | WARNING  | co2_forecast | Very few sequences (4), LSTM may not train well
2026-08-23 22:48:38 | WARNING  | co2_forecast | Very few sequences (4), LSTM may not train well
2026-08-23 22:48:38 | WARNING  | co2_forecast | Very few sequences (8), LSTM may not train well
2026-08-23 22:48:39 | WARNING  | co2_forecast | Very few sequences (4), LSTM may not train well
2026-08-23 22:48:39 | WARNING  | co2_forecast | Very few sequences (4), LSTM may not train well
2026-08-23 22:48:39 | WARNING  | co2_forecast | Very few sequences (3), LSTM may not train well
2026-08-23 22:48:39 | WARNING  | co2_forecast | Very few sequences (7), LSTM may not train well
2026-08-23 22:48:39 | WARNING  | co2_forecast | Very few sequences (3), LSTM may not train well
2026-08-23 22:48:39 | WARNING  | co2_forecast | Very few sequences (3), LSTM may not train well
2026-08-23 22:48:39 | WARNING  | co2_forecast | Very few sequences (3), LSTM may not train well
2026-08-23 22:48:39 | WARNING  | co2_forecast | Very few sequences (7), LSTM may not train well
2026-08-23 22:48:39 | WARNING  | co2_forecast | Very few sequences (3), LSTM may not train well
2026-08-23 22:48:39 | WARNING  | co2_forecast | Very few sequences (3), LSTM may not train well
2026-08-23 22:48:40 | WARNING  | co2_forecast | Very few sequences (4), LSTM may not train well
2026-08-23 22:48:40 | WARNING  | co2_forecast | Very few sequences (8), LSTM may not train well
2026-08-23 22:48:40 | WARNING  | co2_forecast | Very few sequences (4), LSTM may not train well
2026-08-23 22:48:40 | WARNING  | co2_forecast | Very few sequences (4), LSTM may not train well
2026-08-23 22:48:40 | WARNING  | co2_forecast | Very few sequences (4), LSTM may not train well
2026-08-23 22:48:40 | WARNING  | co2_forecast | Very few sequences (8), LSTM may not train well
2026-08-23 22:48:41 | WARNING  | co2_forecast | Very few sequences (4), LSTM may not train well
2026-08-23 22:48:41 | WARNING  | co2_forecast | Very few sequences (4), LSTM may not train well
2026-08-23 22:48:41 | WARNING  | co2_forecast | Very few sequences (2), LSTM may not train well
2026-08-23 22:48:41 | WARNING  | co2_forecast | Very few sequences (6), LSTM may not train well
2026-08-23 22:48:41 | WARNING  | co2_forecast | Very few sequences (2), LSTM may not train well
2026-08-23 22:48:41 | WARNING  | co2_forecast | Very few sequences (2), LSTM may not train well
2026-08-23 22:48:42 | WARNING  | co2_forecast | Very few sequences (4), LSTM may not train well
2026-08-23 22:48:42 | WARNING  | co2_forecast | Very few sequences (8), LSTM may not train well
2026-08-23 22:48:42 | WARNING  | co2_forecast | Very few sequences (4), LSTM may not train well
2026-08-23 22:48:42 | WARNING  | co2_forecast | Very few sequences (4), LSTM may not train well
2026-08-23 22:48:42 | WARNING  | co2_forecast | Very few sequences (4), LSTM may not train well
2026-08-23 22:48:42 | WARNING  | co2_forecast | Very few sequences (8), LSTM may not train well
2026-08-23 22:48:43 | WARNING  | co2_forecast | Very few sequences (4), LSTM may not train well
2026-08-23 22:48:43 | WARNING  | co2_forecast | Very few sequences (4), LSTM may not train well
2026-08-23 22:48:43 | WARNING  | co2_forecast | Very few sequences (4), LSTM may not train well
2026-08-23 22:48:43 | WARNING  | co2_forecast | Very few sequences (8), LSTM may not train well
2026-08-23 22:48:44 | WARNING  | co2_forecast | Very few sequences (4), LSTM may not train well
2026-08-23 22:48:44 | WARNING  | co2_forecast | Very few sequences (4), LSTM may not train well
2026-08-23 22:48:44 | WARNING  | co2_forecast | Very few sequences (4), LSTM may not train well
2026-08-23 22:48:44 | WARNING  | co2_forecast | Very few sequences (8), LSTM may not train well
2026-08-23 22:48:44 | WARNING  | co2_forecast | Very few sequences (4), LSTM may not train well
2026-08-23 22:48:44 | WARNING  | co2_forecast | Very few sequences (4), LSTM may not train well
2026-08-23 22:48:44 | WARNING  | co2_forecast | Very few sequences (3), LSTM may not train well
2026-08-23 22:48:45 | WARNING  | co2_forecast | Very few sequences (7), LSTM may not train well
2026-08-23 22:48:45 | WARNING  | co2_forecast | Very few sequences (3), LSTM may not train well
2026-08-23 22:48:45 | WARNING  | co2_forecast | Very few sequences (3), LSTM may not train well
2026-08-23 22:48:45 | WARNING  | co2_forecast | Very few sequences (4), LSTM may not train well
2026-08-23 22:48:45 | WARNING  | co2_forecast | Very few sequences (8), LSTM may not train well
2026-08-23 22:48:45 | WARNING  | co2_forecast | Very few sequences (4), LSTM may not train well
2026-08-23 22:48:46 | WARNING  | co2_forecast | Very few sequences (4), LSTM may not train well
2026-08-23 22:48:46 | WARNING  | co2_forecast | Very few sequences (4), LSTM may not train well
2026-08-23 22:48:46 | WARNING  | co2_forecast | Very few sequences (8), LSTM may not train well
2026-08-23 22:48:46 | WARNING  | co2_forecast | Very few sequences (4), LSTM may not train well
2026-08-23 22:48:46 | WARNING  | co2_forecast | Very few sequences (4), LSTM may not train well
2026-08-23 22:48:47 | WARNING  | co2_forecast | Very few sequences (3), LSTM may not train well
2026-08-23 22:48:47 | WARNING  | co2_forecast | Very few sequences (7), LSTM may not train well
2026-08-23 22:48:47 | WARNING  | co2_forecast | Very few sequences (3), LSTM may not train well
2026-08-23 22:48:47 | WARNING  | co2_forecast | Very few sequences (3), LSTM may not train well
2026-08-23 22:48:47 | WARNING  | co2_forecast | Very few sequences (4), LSTM may not train well
2026-08-23 22:48:47 | WARNING  | co2_forecast | Very few sequences (8), LSTM may not train well
2026-08-23 22:48:48 | WARNING  | co2_forecast | Very few sequences (4), LSTM may not train well
2026-08-23 22:48:48 | WARNING  | co2_forecast | Very few sequences (4), LSTM may not train well
2026-08-23 22:48:48 | WARNING  | co2_forecast | Very few sequences (4), LSTM may not train well
2026-08-23 22:48:48 | WARNING  | co2_forecast | Very few sequences (8), LSTM may not train well
2026-08-23 22:48:49 | WARNING  | co2_forecast | Very few sequences (4), LSTM may not train well
2026-08-23 22:48:49 | WARNING  | co2_forecast | Very few sequences (4), LSTM may not train well
2026-08-23 22:48:49 | WARNING  | co2_forecast | Very few sequences (4), LSTM may not train well
2026-08-23 22:48:49 | WARNING  | co2_forecast | Very few sequences (8), LSTM may not train well
2026-08-23 22:48:50 | WARNING  | co2_forecast | Very few sequences (4), LSTM may not train well
2026-08-23 22:48:50 | WARNING  | co2_forecast | Very few sequences (4), LSTM may not train well
2026-08-23 22:48:50 | WARNING  | co2_forecast | Very few sequences (4), LSTM may not train well
2026-08-23 22:48:50 | WARNING  | co2_forecast | Very few sequences (8), LSTM may not train well
2026-08-23 22:48:50 | WARNING  | co2_forecast | Very few sequences (4), LSTM may not train well
2026-08-23 22:48:50 | WARNING  | co2_forecast | Very few sequences (4), LSTM may not train well
2026-08-23 22:48:50 | WARNING  | co2_forecast | Very few sequences (3), LSTM may not train well
2026-08-23 22:48:50 | WARNING  | co2_forecast | Very few sequences (7), LSTM may not train well
2026-08-23 22:48:50 | WARNING  | co2_forecast | Very few sequences (3), LSTM may not train well
2026-08-23 22:48:51 | WARNING  | co2_forecast | Very few sequences (3), LSTM may not train well
2026-08-23 22:48:51 | WARNING  | co2_forecast | Very few sequences (4), LSTM may not train well
2026-08-23 22:48:51 | WARNING  | co2_forecast | Very few sequences (8), LSTM may not train well
2026-08-23 22:48:51 | WARNING  | co2_forecast | Very few sequences (4), LSTM may not train well
2026-08-23 22:48:51 | WARNING  | co2_forecast | Very few sequences (4), LSTM may not train well
2026-08-23 22:48:51 | WARNING  | co2_forecast | Very few sequences (4), LSTM may not train well
2026-08-23 22:48:51 | WARNING  | co2_forecast | Very few sequences (8), LSTM may not train well
2026-08-23 22:48:52 | WARNING  | co2_forecast | Very few sequences (4), LSTM may not train well
2026-08-23 22:48:52 | WARNING  | co2_forecast | Very few sequences (4), LSTM may not train well
2026-08-23 22:48:52 | WARNING  | co2_forecast | Very few sequences (4), LSTM may not train well
2026-08-23 22:48:52 | WARNING  | co2_forecast | Very few sequences (8), LSTM may not train well
2026-08-23 22:48:53 | WARNING  | co2_forecast | Very few sequences (4), LSTM may not train well
2026-08-23 22:48:53 | WARNING  | co2_forecast | Very few sequences (4), LSTM may not train well
2026-08-23 22:48:53 | WARNING  | co2_forecast | Very few sequences (4), LSTM may not train well
2026-08-23 22:48:53 | WARNING  | co2_forecast | Very few sequences (8), LSTM may not train well
2026-08-23 22:48:54 | WARNING  | co2_forecast | Very few sequences (4), LSTM may not train well
2026-08-23 22:48:54 | WARNING  | co2_forecast | Very few sequences (4), LSTM may not train well
2026-08-23 22:48:54 | WARNING  | co2_forecast | Very few sequences (4), LSTM may not train well
2026-08-23 22:48:54 | WARNING  | co2_forecast | Very few sequences (8), LSTM may not train well
2026-08-23 22:48:55 | WARNING  | co2_forecast | Very few sequences (4), LSTM may not train well
2026-08-23 22:48:55 | WARNING  | co2_forecast | Very few sequences (4), LSTM may not train well
2026-08-23 22:48:55 | WARNING  | co2_forecast | Very few sequences (4), LSTM may not train well
2026-08-23 22:48:55 | WARNING  | co2_forecast | Very few sequences (8), LSTM may not train well
2026-08-23 22:48:55 | WARNING  | co2_forecast | Very few sequences (4), LSTM may not train well
2026-08-23 22:48:55 | WARNING  | co2_forecast | Very few sequences (4), LSTM may not train well
2026-08-23 22:48:55 | WARNING  | co2_forecast | Very few sequences (4), LSTM may not train well
2026-08-23 22:48:56 | WARNING  | co2_forecast | Very few sequences (8), LSTM may not train well
2026-08-23 22:48:56 | WARNING  | co2_forecast | Very few sequences (4), LSTM may not train well
2026-08-23 22:48:56 | WARNING  | co2_forecast | Very few sequences (4), LSTM may not train well
2026-08-23 22:48:56 | WARNING  | co2_forecast | Very few sequences (3), LSTM may not train well
2026-08-23 22:48:56 | WARNING  | co2_forecast | Very few sequences (7), LSTM may not train well
2026-08-23 22:48:56 | WARNING  | co2_forecast | Very few sequences (3), LSTM may not train well
2026-08-23 22:48:56 | WARNING  | co2_forecast | Very few sequences (3), LSTM may not train well
2026-08-23 22:48:56 | INFO     | co2_forecast |   Iteration 5: Best fitness = 0.761869
2026-08-23 22:48:56 | WARNING  | co2_forecast | Very few sequences (4), LSTM may not train well
2026-08-23 22:48:56 | WARNING  | co2_forecast | Very few sequences (8), LSTM may not train well
2026-08-23 22:48:57 | WARNING  | co2_forecast | Very few sequences (4), LSTM may not train well
2026-08-23 22:48:57 | WARNING  | co2_forecast | Very few sequences (4), LSTM may not train well
2026-08-23 22:48:57 | WARNING  | co2_forecast | Very few sequences (4), LSTM may not train well
2026-08-23 22:48:57 | WARNING  | co2_forecast | Very few sequences (8), LSTM may not train well
2026-08-23 22:48:58 | WARNING  | co2_forecast | Very few sequences (4), LSTM may not train well
2026-08-23 22:48:58 | WARNING  | co2_forecast | Very few sequences (4), LSTM may not train well
2026-08-23 22:48:58 | WARNING  | co2_forecast | Very few sequences (4), LSTM may not train well
2026-08-23 22:48:58 | WARNING  | co2_forecast | Very few sequences (8), LSTM may not train well
2026-08-23 22:48:59 | WARNING  | co2_forecast | Very few sequences (4), LSTM may not train well
2026-08-23 22:48:59 | WARNING  | co2_forecast | Very few sequences (4), LSTM may not train well
2026-08-23 22:48:59 | WARNING  | co2_forecast | Very few sequences (4), LSTM may not train well
2026-08-23 22:48:59 | WARNING  | co2_forecast | Very few sequences (8), LSTM may not train well
2026-08-23 22:48:59 | WARNING  | co2_forecast | Very few sequences (4), LSTM may not train well
2026-08-23 22:48:59 | WARNING  | co2_forecast | Very few sequences (4), LSTM may not train well
2026-08-23 22:48:59 | WARNING  | co2_forecast | Very few sequences (4), LSTM may not train well
2026-08-23 22:48:59 | WARNING  | co2_forecast | Very few sequences (8), LSTM may not train well
2026-08-23 22:49:00 | WARNING  | co2_forecast | Very few sequences (4), LSTM may not train well
2026-08-23 22:49:00 | WARNING  | co2_forecast | Very few sequences (4), LSTM may not train well
2026-08-23 22:49:00 | WARNING  | co2_forecast | Very few sequences (4), LSTM may not train well
2026-08-23 22:49:00 | WARNING  | co2_forecast | Very few sequences (8), LSTM may not train well
2026-08-23 22:49:01 | WARNING  | co2_forecast | Very few sequences (4), LSTM may not train well
2026-08-23 22:49:01 | WARNING  | co2_forecast | Very few sequences (4), LSTM may not train well
2026-08-23 22:49:01 | WARNING  | co2_forecast | Very few sequences (4), LSTM may not train well
2026-08-23 22:49:01 | WARNING  | co2_forecast | Very few sequences (8), LSTM may not train well
2026-08-23 22:49:01 | WARNING  | co2_forecast | Very few sequences (4), LSTM may not train well
2026-08-23 22:49:01 | WARNING  | co2_forecast | Very few sequences (4), LSTM may not train well
2026-08-23 22:49:02 | WARNING  | co2_forecast | Very few sequences (3), LSTM may not train well
2026-08-23 22:49:02 | WARNING  | co2_forecast | Very few sequences (7), LSTM may not train well
2026-08-23 22:49:02 | WARNING  | co2_forecast | Very few sequences (3), LSTM may not train well
2026-08-23 22:49:02 | WARNING  | co2_forecast | Very few sequences (3), LSTM may not train well
2026-08-23 22:49:02 | WARNING  | co2_forecast | Very few sequences (4), LSTM may not train well
2026-08-23 22:49:02 | WARNING  | co2_forecast | Very few sequences (8), LSTM may not train well
2026-08-23 22:49:03 | WARNING  | co2_forecast | Very few sequences (4), LSTM may not train well
2026-08-23 22:49:03 | WARNING  | co2_forecast | Very few sequences (4), LSTM may not train well
2026-08-23 22:49:03 | WARNING  | co2_forecast | Very few sequences (4), LSTM may not train well
2026-08-23 22:49:03 | WARNING  | co2_forecast | Very few sequences (8), LSTM may not train well
2026-08-23 22:49:03 | WARNING  | co2_forecast | Very few sequences (4), LSTM may not train well
2026-08-23 22:49:04 | WARNING  | co2_forecast | Very few sequences (4), LSTM may not train well
2026-08-23 22:49:04 | WARNING  | co2_forecast | Very few sequences (4), LSTM may not train well
2026-08-23 22:49:04 | WARNING  | co2_forecast | Very few sequences (8), LSTM may not train well
2026-08-23 22:49:04 | WARNING  | co2_forecast | Very few sequences (4), LSTM may not train well
2026-08-23 22:49:04 | WARNING  | co2_forecast | Very few sequences (4), LSTM may not train well
2026-08-23 22:49:04 | WARNING  | co2_forecast | Very few sequences (4), LSTM may not train well
2026-08-23 22:49:04 | WARNING  | co2_forecast | Very few sequences (8), LSTM may not train well
2026-08-23 22:49:05 | WARNING  | co2_forecast | Very few sequences (4), LSTM may not train well
2026-08-23 22:49:05 | WARNING  | co2_forecast | Very few sequences (4), LSTM may not train well
2026-08-23 22:49:05 | WARNING  | co2_forecast | Very few sequences (4), LSTM may not train well
2026-08-23 22:49:05 | WARNING  | co2_forecast | Very few sequences (8), LSTM may not train well
2026-08-23 22:49:06 | WARNING  | co2_forecast | Very few sequences (4), LSTM may not train well
2026-08-23 22:49:06 | WARNING  | co2_forecast | Very few sequences (4), LSTM may not train well
2026-08-23 22:49:06 | WARNING  | co2_forecast | Very few sequences (4), LSTM may not train well
2026-08-23 22:49:06 | WARNING  | co2_forecast | Very few sequences (8), LSTM may not train well
2026-08-23 22:49:07 | WARNING  | co2_forecast | Very few sequences (4), LSTM may not train well
2026-08-23 22:49:07 | WARNING  | co2_forecast | Very few sequences (4), LSTM may not train well
2026-08-23 22:49:07 | WARNING  | co2_forecast | Very few sequences (4), LSTM may not train well
2026-08-23 22:49:07 | WARNING  | co2_forecast | Very few sequences (8), LSTM may not train well
2026-08-23 22:49:07 | WARNING  | co2_forecast | Very few sequences (4), LSTM may not train well
2026-08-23 22:49:07 | WARNING  | co2_forecast | Very few sequences (4), LSTM may not train well
2026-08-23 22:49:07 | WARNING  | co2_forecast | Very few sequences (3), LSTM may not train well
2026-08-23 22:49:07 | WARNING  | co2_forecast | Very few sequences (7), LSTM may not train well
2026-08-23 22:49:07 | WARNING  | co2_forecast | Very few sequences (3), LSTM may not train well
2026-08-23 22:49:08 | WARNING  | co2_forecast | Very few sequences (3), LSTM may not train well
2026-08-23 22:49:08 | WARNING  | co2_forecast | Very few sequences (4), LSTM may not train well
2026-08-23 22:49:08 | WARNING  | co2_forecast | Very few sequences (8), LSTM may not train well
2026-08-23 22:49:08 | WARNING  | co2_forecast | Very few sequences (4), LSTM may not train well
2026-08-23 22:49:08 | WARNING  | co2_forecast | Very few sequences (4), LSTM may not train well
2026-08-23 22:49:08 | WARNING  | co2_forecast | Very few sequences (4), LSTM may not train well
2026-08-23 22:49:09 | WARNING  | co2_forecast | Very few sequences (8), LSTM may not train well
2026-08-23 22:49:09 | WARNING  | co2_forecast | Very few sequences (4), LSTM may not train well
2026-08-23 22:49:09 | WARNING  | co2_forecast | Very few sequences (4), LSTM may not train well
2026-08-23 22:49:09 | WARNING  | co2_forecast | Very few sequences (4), LSTM may not train well
2026-08-23 22:49:09 | WARNING  | co2_forecast | Very few sequences (8), LSTM may not train well
2026-08-23 22:49:10 | WARNING  | co2_forecast | Very few sequences (4), LSTM may not train well
2026-08-23 22:49:10 | WARNING  | co2_forecast | Very few sequences (4), LSTM may not train well
2026-08-23 22:49:10 | WARNING  | co2_forecast | Very few sequences (4), LSTM may not train well
2026-08-23 22:49:10 | WARNING  | co2_forecast | Very few sequences (8), LSTM may not train well
2026-08-23 22:49:11 | WARNING  | co2_forecast | Very few sequences (4), LSTM may not train well
2026-08-23 22:49:11 | WARNING  | co2_forecast | Very few sequences (4), LSTM may not train well
2026-08-23 22:49:11 | WARNING  | co2_forecast | Very few sequences (4), LSTM may not train well
2026-08-23 22:49:11 | WARNING  | co2_forecast | Very few sequences (8), LSTM may not train well
2026-08-23 22:49:12 | WARNING  | co2_forecast | Very few sequences (4), LSTM may not train well
2026-08-23 22:49:12 | WARNING  | co2_forecast | Very few sequences (4), LSTM may not train well
2026-08-23 22:49:12 | WARNING  | co2_forecast | Very few sequences (4), LSTM may not train well
2026-08-23 22:49:12 | WARNING  | co2_forecast | Very few sequences (8), LSTM may not train well
2026-08-23 22:49:12 | WARNING  | co2_forecast | Very few sequences (4), LSTM may not train well
2026-08-23 22:49:12 | WARNING  | co2_forecast | Very few sequences (4), LSTM may not train well
2026-08-23 22:49:12 | WARNING  | co2_forecast | Very few sequences (4), LSTM may not train well
2026-08-23 22:49:12 | WARNING  | co2_forecast | Very few sequences (8), LSTM may not train well
2026-08-23 22:49:13 | WARNING  | co2_forecast | Very few sequences (4), LSTM may not train well
2026-08-23 22:49:13 | WARNING  | co2_forecast | Very few sequences (4), LSTM may not train well
2026-08-23 22:49:13 | WARNING  | co2_forecast | Very few sequences (3), LSTM may not train well
2026-08-23 22:49:13 | WARNING  | co2_forecast | Very few sequences (7), LSTM may not train well
2026-08-23 22:49:13 | WARNING  | co2_forecast | Very few sequences (3), LSTM may not train well
2026-08-23 22:49:13 | WARNING  | co2_forecast | Very few sequences (3), LSTM may not train well
2026-08-23 22:49:13 | WARNING  | co2_forecast | Very few sequences (4), LSTM may not train well
2026-08-23 22:49:13 | WARNING  | co2_forecast | Very few sequences (8), LSTM may not train well
2026-08-23 22:49:14 | WARNING  | co2_forecast | Very few sequences (4), LSTM may not train well
2026-08-23 22:49:14 | WARNING  | co2_forecast | Very few sequences (4), LSTM may not train well
2026-08-23 22:49:14 | WARNING  | co2_forecast | Very few sequences (4), LSTM may not train well
2026-08-23 22:49:14 | WARNING  | co2_forecast | Very few sequences (8), LSTM may not train well
2026-08-23 22:49:15 | WARNING  | co2_forecast | Very few sequences (4), LSTM may not train well
2026-08-23 22:49:15 | WARNING  | co2_forecast | Very few sequences (4), LSTM may not train well
2026-08-23 22:49:15 | WARNING  | co2_forecast | Very few sequences (4), LSTM may not train well
2026-08-23 22:49:15 | WARNING  | co2_forecast | Very few sequences (8), LSTM may not train well
2026-08-23 22:49:15 | WARNING  | co2_forecast | Very few sequences (4), LSTM may not train well
2026-08-23 22:49:16 | WARNING  | co2_forecast | Very few sequences (4), LSTM may not train well
2026-08-23 22:49:16 | WARNING  | co2_forecast | Very few sequences (4), LSTM may not train well
2026-08-23 22:49:16 | WARNING  | co2_forecast | Very few sequences (8), LSTM may not train well
2026-08-23 22:49:16 | WARNING  | co2_forecast | Very few sequences (4), LSTM may not train well
2026-08-23 22:49:16 | WARNING  | co2_forecast | Very few sequences (4), LSTM may not train well
2026-08-23 22:49:16 | WARNING  | co2_forecast | Very few sequences (4), LSTM may not train well
2026-08-23 22:49:17 | WARNING  | co2_forecast | Very few sequences (8), LSTM may not train well
2026-08-23 22:49:17 | WARNING  | co2_forecast | Very few sequences (4), LSTM may not train well
2026-08-23 22:49:17 | WARNING  | co2_forecast | Very few sequences (4), LSTM may not train well
2026-08-23 22:49:17 | WARNING  | co2_forecast | Very few sequences (4), LSTM may not train well
2026-08-23 22:49:17 | WARNING  | co2_forecast | Very few sequences (8), LSTM may not train well
2026-08-23 22:49:18 | WARNING  | co2_forecast | Very few sequences (4), LSTM may not train well
2026-08-23 22:49:18 | WARNING  | co2_forecast | Very few sequences (4), LSTM may not train well
2026-08-23 22:49:18 | WARNING  | co2_forecast | Very few sequences (4), LSTM may not train well
2026-08-23 22:49:18 | WARNING  | co2_forecast | Very few sequences (8), LSTM may not train well
2026-08-23 22:49:18 | WARNING  | co2_forecast | Very few sequences (4), LSTM may not train well
2026-08-23 22:49:18 | WARNING  | co2_forecast | Very few sequences (4), LSTM may not train well
2026-08-23 22:49:19 | WARNING  | co2_forecast | Very few sequences (3), LSTM may not train well
2026-08-23 22:49:19 | WARNING  | co2_forecast | Very few sequences (7), LSTM may not train well
2026-08-23 22:49:19 | WARNING  | co2_forecast | Very few sequences (3), LSTM may not train well
2026-08-23 22:49:19 | WARNING  | co2_forecast | Very few sequences (3), LSTM may not train well
2026-08-23 22:49:19 | INFO     | co2_forecast |   Iteration 9: Best fitness = 0.761869
2026-08-23 22:49:19 | INFO     | co2_forecast | PSO complete. Best fitness: 0.761869
2026-08-23 22:49:19 | INFO     | co2_forecast |   Best params: {'lookback': 4, 'hidden_size': 16, 'num_layers': 2, 'dropout': 0.5, 'learning_rate': 0.0001, 'batch_size': 32}
2026-08-23 22:49:19 | INFO     | co2_forecast |   Best fitness: 0.761869
2026-08-23 22:49:19 | INFO     | co2_forecast | [A3_no_grid/panel2_common_period/all_features/lstm] sweep tuning: best_params={'lookback': 4, 'hidden_size': 16, 'num_layers': 2, 'dropout': 0.5, 'learning_rate': 0.0001, 'batch_size': 32}
2026-08-23 22:49:22 | INFO     | co2_forecast |   lstm -> weighted_mase=1.0201003381189613
2026-08-23 22:49:22 | INFO     | co2_forecast | Variant A3_no_grid complete in 368.7s
2026-08-23 22:49:22 | INFO     | co2_forecast | --- Variant A3_no_CI: 18 features ---
2026-08-23 22:49:22 | INFO     | co2_forecast | Creating walk-forward splits for 16 valid samples
2026-08-23 22:49:22 | INFO     | co2_forecast | Created 4 CV folds across horizons [1, 2, 4]
2026-08-23 22:49:22 | INFO     | co2_forecast | Built tuning CV plan: 4 folds from 16 rows before 2022-Q%q (evaluation cutoff) - isolation OK (max tuning date 2021-Q%q)
2026-08-23 22:49:22 | INFO     | co2_forecast | Optimizing ridge...
2026-08-23 22:49:22 | INFO     | co2_forecast | Starting PSO: 8 particles, 10 iterations
2026-08-23 22:49:22 | INFO     | co2_forecast |   Iteration 0: Best fitness = 2.124339
2026-08-23 22:49:22 | INFO     | co2_forecast |   Iteration 5: Best fitness = 1.878427
2026-08-23 22:49:22 | INFO     | co2_forecast |   Iteration 9: Best fitness = 1.878427
2026-08-23 22:49:22 | INFO     | co2_forecast | PSO complete. Best fitness: 1.878427
2026-08-23 22:49:22 | INFO     | co2_forecast |   Best params: {'alpha': 100.0}
2026-08-23 22:49:22 | INFO     | co2_forecast |   Best fitness: 1.878427
2026-08-23 22:49:22 | INFO     | co2_forecast | [A3_no_CI/panel2_common_period/all_features/ridge] sweep tuning: best_params={'alpha': 100.0}
2026-08-23 22:49:22 | INFO     | co2_forecast |   ridge -> weighted_mase=0.8671381397779176
2026-08-23 22:49:22 | INFO     | co2_forecast | Creating walk-forward splits for 16 valid samples
2026-08-23 22:49:22 | INFO     | co2_forecast | Created 4 CV folds across horizons [1, 2, 4]
2026-08-23 22:49:22 | INFO     | co2_forecast | Built tuning CV plan: 4 folds from 16 rows before 2022-Q%q (evaluation cutoff) - isolation OK (max tuning date 2021-Q%q)
2026-08-23 22:49:22 | INFO     | co2_forecast | Optimizing random_forest...
2026-08-23 22:49:22 | INFO     | co2_forecast | Starting PSO: 8 particles, 10 iterations
2026-08-23 22:49:28 | INFO     | co2_forecast |   Iteration 0: Best fitness = 0.674166
2026-08-23 22:49:44 | INFO     | co2_forecast |   Iteration 5: Best fitness = 0.429031
2026-08-23 22:49:57 | INFO     | co2_forecast |   Iteration 9: Best fitness = 0.429031
2026-08-23 22:49:57 | INFO     | co2_forecast | PSO complete. Best fitness: 0.429031
2026-08-23 22:49:57 | INFO     | co2_forecast |   Best params: {'n_estimators': 58, 'max_depth': 3, 'min_samples_split': 2, 'min_samples_leaf': 1}
2026-08-23 22:49:57 | INFO     | co2_forecast |   Best fitness: 0.429031
2026-08-23 22:49:57 | INFO     | co2_forecast | [A3_no_CI/panel2_common_period/all_features/random_forest] sweep tuning: best_params={'n_estimators': 58, 'max_depth': 3, 'min_samples_split': 2, 'min_samples_leaf': 1}
2026-08-23 22:49:58 | INFO     | co2_forecast |   random_forest -> weighted_mase=0.8188572040095012
2026-08-23 22:49:58 | INFO     | co2_forecast | Creating walk-forward splits for 16 valid samples
2026-08-23 22:49:58 | INFO     | co2_forecast | Created 4 CV folds across horizons [1, 2, 4]
2026-08-23 22:49:58 | INFO     | co2_forecast | Built tuning CV plan: 4 folds from 16 rows before 2022-Q%q (evaluation cutoff) - isolation OK (max tuning date 2021-Q%q)
2026-08-23 22:49:58 | INFO     | co2_forecast | Optimizing catboost...
2026-08-23 22:49:58 | INFO     | co2_forecast | Starting PSO: 8 particles, 10 iterations
2026-08-23 22:50:31 | INFO     | co2_forecast |   Iteration 0: Best fitness = 0.364670
2026-08-23 22:53:27 | INFO     | co2_forecast |   Iteration 5: Best fitness = 0.360800
2026-08-23 22:56:01 | INFO     | co2_forecast |   Iteration 9: Best fitness = 0.346199
2026-08-23 22:56:01 | INFO     | co2_forecast | PSO complete. Best fitness: 0.346199
2026-08-23 22:56:01 | INFO     | co2_forecast |   Best params: {'iterations': 198, 'learning_rate': 0.20295582578996263, 'depth': 4, 'l2_leaf_reg': 7.207157014122757}
2026-08-23 22:56:01 | INFO     | co2_forecast |   Best fitness: 0.346199
2026-08-23 22:56:01 | INFO     | co2_forecast | [A3_no_CI/panel2_common_period/all_features/catboost] sweep tuning: best_params={'iterations': 198, 'learning_rate': 0.20295582578996263, 'depth': 4, 'l2_leaf_reg': 7.207157014122757}
2026-08-23 22:56:11 | INFO     | co2_forecast |   catboost -> weighted_mase=0.6978506755306831
2026-08-23 22:56:11 | INFO     | co2_forecast | Creating walk-forward splits for 16 valid samples
2026-08-23 22:56:11 | INFO     | co2_forecast | Created 4 CV folds across horizons [1, 2, 4]
2026-08-23 22:56:11 | INFO     | co2_forecast | Built tuning CV plan: 4 folds from 16 rows before 2022-Q%q (evaluation cutoff) - isolation OK (max tuning date 2021-Q%q)
2026-08-23 22:56:11 | INFO     | co2_forecast | Optimizing lightgbm...
2026-08-23 22:56:11 | INFO     | co2_forecast | Starting PSO: 8 particles, 10 iterations
2026-08-23 22:56:11 | INFO     | co2_forecast |   Iteration 0: Best fitness = 0.768990
2026-08-23 22:56:11 | INFO     | co2_forecast |   Iteration 5: Best fitness = 0.629624
2026-08-23 22:56:12 | INFO     | co2_forecast |   Iteration 9: Best fitness = 0.628161
2026-08-23 22:56:12 | INFO     | co2_forecast | PSO complete. Best fitness: 0.628161
2026-08-23 22:56:12 | INFO     | co2_forecast |   Best params: {'n_estimators': 300, 'learning_rate': 0.3, 'num_leaves': 127, 'max_depth': 15, 'min_child_samples': 5, 'reg_alpha': 0.001, 'reg_lambda': 0.001}
2026-08-23 22:56:12 | INFO     | co2_forecast |   Best fitness: 0.628161
2026-08-23 22:56:12 | INFO     | co2_forecast | [A3_no_CI/panel2_common_period/all_features/lightgbm] sweep tuning: best_params={'n_estimators': 300, 'learning_rate': 0.3, 'num_leaves': 127, 'max_depth': 15, 'min_child_samples': 5, 'reg_alpha': 0.001, 'reg_lambda': 0.001}
2026-08-23 22:56:13 | INFO     | co2_forecast |   lightgbm -> weighted_mase=0.6642467073344742
2026-08-23 22:56:13 | INFO     | co2_forecast | Creating walk-forward splits for 16 valid samples
2026-08-23 22:56:13 | INFO     | co2_forecast | Created 4 CV folds across horizons [1, 2, 4]
2026-08-23 22:56:13 | INFO     | co2_forecast | Built tuning CV plan: 4 folds from 16 rows before 2022-Q%q (evaluation cutoff) - isolation OK (max tuning date 2021-Q%q)
2026-08-23 22:56:13 | INFO     | co2_forecast | Optimizing lstm...
2026-08-23 22:56:13 | INFO     | co2_forecast | Starting PSO: 8 particles, 10 iterations
2026-08-23 22:56:13 | WARNING  | co2_forecast | Model training failed with params {'lookback': 7, 'hidden_size': 62, 'num_layers': 2, 'dropout': 0.3394633936788146, 'learning_rate': 0.0016445845403801217, 'batch_size': 8}: LSTM.fit: training data has 8 rows, giving only 1 sequence(s) with lookback=7; at least 2 are required (one is always reserved for validation). Reduce lookback or provide more training history.
2026-08-23 22:56:13 | WARNING  | co2_forecast | Model training failed with params {'lookback': 11, 'hidden_size': 26, 'num_layers': 1, 'dropout': 0.17336180394137352, 'learning_rate': 0.0031119982052994237, 'batch_size': 16}: LSTM.fit: training data has 8 rows, giving only 0 sequence(s) with lookback=11; at least 2 are required (one is always reserved for validation). Reduce lookback or provide more training history.
2026-08-23 22:56:13 | WARNING  | co2_forecast | Model training failed with params {'lookback': 8, 'hidden_size': 54, 'num_layers': 1, 'dropout': 0.3056937753654446, 'learning_rate': 0.005964904231734221, 'batch_size': 8}: LSTM.fit: training data has 8 rows, giving only 0 sequence(s) with lookback=8; at least 2 are required (one is always reserved for validation). Reduce lookback or provide more training history.
2026-08-23 22:56:13 | WARNING  | co2_forecast | Very few sequences (2), LSTM may not train well
2026-08-23 22:56:13 | WARNING  | co2_forecast | Very few sequences (6), LSTM may not train well
2026-08-23 22:56:13 | WARNING  | co2_forecast | Very few sequences (2), LSTM may not train well
2026-08-23 22:56:13 | WARNING  | co2_forecast | Very few sequences (2), LSTM may not train well
2026-08-23 22:56:13 | WARNING  | co2_forecast | Model training failed with params {'lookback': 8, 'hidden_size': 25, 'num_layers': 2, 'dropout': 0.4100531293444458, 'learning_rate': 0.009401039521485473, 'batch_size': 32}: LSTM.fit: training data has 8 rows, giving only 0 sequence(s) with lookback=8; at least 2 are required (one is always reserved for validation). Reduce lookback or provide more training history.
2026-08-23 22:56:13 | WARNING  | co2_forecast | Model training failed with params {'lookback': 7, 'hidden_size': 29, 'num_layers': 2, 'dropout': 0.2427013306774357, 'learning_rate': 0.0028812516459050695, 'batch_size': 16}: LSTM.fit: training data has 8 rows, giving only 1 sequence(s) with lookback=7; at least 2 are required (one is always reserved for validation). Reduce lookback or provide more training history.
2026-08-23 22:56:13 | WARNING  | co2_forecast | Very few sequences (4), LSTM may not train well
2026-08-23 22:56:13 | WARNING  | co2_forecast | Very few sequences (8), LSTM may not train well
2026-08-23 22:56:13 | WARNING  | co2_forecast | Very few sequences (4), LSTM may not train well
2026-08-23 22:56:13 | WARNING  | co2_forecast | Very few sequences (4), LSTM may not train well
2026-08-23 22:56:13 | WARNING  | co2_forecast | Very few sequences (2), LSTM may not train well
2026-08-23 22:56:14 | WARNING  | co2_forecast | Very few sequences (6), LSTM may not train well
2026-08-23 22:56:14 | WARNING  | co2_forecast | Very few sequences (2), LSTM may not train well
2026-08-23 22:56:14 | WARNING  | co2_forecast | Very few sequences (2), LSTM may not train well
2026-08-23 22:56:14 | INFO     | co2_forecast |   Iteration 0: Best fitness = 1.033975
2026-08-23 22:56:14 | WARNING  | co2_forecast | Very few sequences (3), LSTM may not train well
2026-08-23 22:56:14 | WARNING  | co2_forecast | Very few sequences (7), LSTM may not train well
2026-08-23 22:56:14 | WARNING  | co2_forecast | Very few sequences (3), LSTM may not train well
2026-08-23 22:56:15 | WARNING  | co2_forecast | Very few sequences (3), LSTM may not train well
2026-08-23 22:56:15 | WARNING  | co2_forecast | Very few sequences (2), LSTM may not train well
2026-08-23 22:56:15 | WARNING  | co2_forecast | Very few sequences (6), LSTM may not train well
2026-08-23 22:56:15 | WARNING  | co2_forecast | Very few sequences (2), LSTM may not train well
2026-08-23 22:56:15 | WARNING  | co2_forecast | Very few sequences (2), LSTM may not train well
2026-08-23 22:56:15 | WARNING  | co2_forecast | Model training failed with params {'lookback': 8, 'hidden_size': 44, 'num_layers': 1, 'dropout': 0.3238975389966341, 'learning_rate': 0.005520634690128072, 'batch_size': 8}: LSTM.fit: training data has 8 rows, giving only 0 sequence(s) with lookback=8; at least 2 are required (one is always reserved for validation). Reduce lookback or provide more training history.
2026-08-23 22:56:15 | WARNING  | co2_forecast | Very few sequences (3), LSTM may not train well
2026-08-23 22:56:15 | WARNING  | co2_forecast | Very few sequences (7), LSTM may not train well
2026-08-23 22:56:16 | WARNING  | co2_forecast | Very few sequences (3), LSTM may not train well
2026-08-23 22:56:16 | WARNING  | co2_forecast | Very few sequences (3), LSTM may not train well
2026-08-23 22:56:16 | WARNING  | co2_forecast | Very few sequences (2), LSTM may not train well
2026-08-23 22:56:16 | WARNING  | co2_forecast | Very few sequences (6), LSTM may not train well
2026-08-23 22:56:16 | WARNING  | co2_forecast | Very few sequences (2), LSTM may not train well
2026-08-23 22:56:17 | WARNING  | co2_forecast | Very few sequences (2), LSTM may not train well
2026-08-23 22:56:18 | WARNING  | co2_forecast | Very few sequences (3), LSTM may not train well
2026-08-23 22:56:18 | WARNING  | co2_forecast | Very few sequences (7), LSTM may not train well
2026-08-23 22:56:18 | WARNING  | co2_forecast | Very few sequences (3), LSTM may not train well
2026-08-23 22:56:18 | WARNING  | co2_forecast | Very few sequences (3), LSTM may not train well
2026-08-23 22:56:18 | WARNING  | co2_forecast | Very few sequences (4), LSTM may not train well
2026-08-23 22:56:18 | WARNING  | co2_forecast | Very few sequences (8), LSTM may not train well
2026-08-23 22:56:18 | WARNING  | co2_forecast | Very few sequences (4), LSTM may not train well
2026-08-23 22:56:18 | WARNING  | co2_forecast | Very few sequences (4), LSTM may not train well
2026-08-23 22:56:19 | WARNING  | co2_forecast | Very few sequences (2), LSTM may not train well
2026-08-23 22:56:19 | WARNING  | co2_forecast | Very few sequences (6), LSTM may not train well
2026-08-23 22:56:19 | WARNING  | co2_forecast | Very few sequences (2), LSTM may not train well
2026-08-23 22:56:19 | WARNING  | co2_forecast | Very few sequences (2), LSTM may not train well
2026-08-23 22:56:19 | WARNING  | co2_forecast | Very few sequences (3), LSTM may not train well
2026-08-23 22:56:19 | WARNING  | co2_forecast | Very few sequences (7), LSTM may not train well
2026-08-23 22:56:20 | WARNING  | co2_forecast | Very few sequences (3), LSTM may not train well
2026-08-23 22:56:20 | WARNING  | co2_forecast | Very few sequences (3), LSTM may not train well
2026-08-23 22:56:20 | WARNING  | co2_forecast | Very few sequences (4), LSTM may not train well
2026-08-23 22:56:20 | WARNING  | co2_forecast | Very few sequences (8), LSTM may not train well
2026-08-23 22:56:21 | WARNING  | co2_forecast | Very few sequences (4), LSTM may not train well
2026-08-23 22:56:21 | WARNING  | co2_forecast | Very few sequences (4), LSTM may not train well
2026-08-23 22:56:21 | WARNING  | co2_forecast | Model training failed with params {'lookback': 7, 'hidden_size': 35, 'num_layers': 1, 'dropout': 0.31512819649180424, 'learning_rate': 0.004065945490368326, 'batch_size': 8}: LSTM.fit: training data has 8 rows, giving only 1 sequence(s) with lookback=7; at least 2 are required (one is always reserved for validation). Reduce lookback or provide more training history.
2026-08-23 22:56:21 | WARNING  | co2_forecast | Very few sequences (2), LSTM may not train well
2026-08-23 22:56:21 | WARNING  | co2_forecast | Very few sequences (6), LSTM may not train well
2026-08-23 22:56:22 | WARNING  | co2_forecast | Very few sequences (2), LSTM may not train well
2026-08-23 22:56:22 | WARNING  | co2_forecast | Very few sequences (2), LSTM may not train well
2026-08-23 22:56:23 | WARNING  | co2_forecast | Very few sequences (3), LSTM may not train well
2026-08-23 22:56:23 | WARNING  | co2_forecast | Very few sequences (7), LSTM may not train well
2026-08-23 22:56:24 | WARNING  | co2_forecast | Very few sequences (3), LSTM may not train well
2026-08-23 22:56:24 | WARNING  | co2_forecast | Very few sequences (3), LSTM may not train well
2026-08-23 22:56:24 | WARNING  | co2_forecast | Very few sequences (3), LSTM may not train well
2026-08-23 22:56:25 | WARNING  | co2_forecast | Very few sequences (7), LSTM may not train well
2026-08-23 22:56:25 | WARNING  | co2_forecast | Very few sequences (3), LSTM may not train well
2026-08-23 22:56:25 | WARNING  | co2_forecast | Very few sequences (3), LSTM may not train well
2026-08-23 22:56:25 | WARNING  | co2_forecast | Very few sequences (3), LSTM may not train well
2026-08-23 22:56:25 | WARNING  | co2_forecast | Very few sequences (7), LSTM may not train well
2026-08-23 22:56:25 | WARNING  | co2_forecast | Very few sequences (3), LSTM may not train well
2026-08-23 22:56:26 | WARNING  | co2_forecast | Very few sequences (3), LSTM may not train well
2026-08-23 22:56:26 | WARNING  | co2_forecast | Very few sequences (2), LSTM may not train well
2026-08-23 22:56:26 | WARNING  | co2_forecast | Very few sequences (6), LSTM may not train well
2026-08-23 22:56:26 | WARNING  | co2_forecast | Very few sequences (2), LSTM may not train well
2026-08-23 22:56:26 | WARNING  | co2_forecast | Very few sequences (2), LSTM may not train well
2026-08-23 22:56:26 | WARNING  | co2_forecast | Very few sequences (4), LSTM may not train well
2026-08-23 22:56:26 | WARNING  | co2_forecast | Very few sequences (8), LSTM may not train well
2026-08-23 22:56:27 | WARNING  | co2_forecast | Very few sequences (4), LSTM may not train well
2026-08-23 22:56:27 | WARNING  | co2_forecast | Very few sequences (4), LSTM may not train well
2026-08-23 22:56:27 | WARNING  | co2_forecast | Very few sequences (4), LSTM may not train well
2026-08-23 22:56:27 | WARNING  | co2_forecast | Very few sequences (8), LSTM may not train well
2026-08-23 22:56:28 | WARNING  | co2_forecast | Very few sequences (4), LSTM may not train well
2026-08-23 22:56:28 | WARNING  | co2_forecast | Very few sequences (4), LSTM may not train well
2026-08-23 22:56:28 | WARNING  | co2_forecast | Very few sequences (2), LSTM may not train well
2026-08-23 22:56:28 | WARNING  | co2_forecast | Very few sequences (6), LSTM may not train well
2026-08-23 22:56:28 | WARNING  | co2_forecast | Very few sequences (2), LSTM may not train well
2026-08-23 22:56:28 | WARNING  | co2_forecast | Very few sequences (2), LSTM may not train well
2026-08-23 22:56:29 | WARNING  | co2_forecast | Very few sequences (4), LSTM may not train well
2026-08-23 22:56:29 | WARNING  | co2_forecast | Very few sequences (8), LSTM may not train well
2026-08-23 22:56:29 | WARNING  | co2_forecast | Very few sequences (4), LSTM may not train well
2026-08-23 22:56:29 | WARNING  | co2_forecast | Very few sequences (4), LSTM may not train well
2026-08-23 22:56:29 | WARNING  | co2_forecast | Very few sequences (4), LSTM may not train well
2026-08-23 22:56:29 | WARNING  | co2_forecast | Very few sequences (8), LSTM may not train well
2026-08-23 22:56:29 | WARNING  | co2_forecast | Very few sequences (4), LSTM may not train well
2026-08-23 22:56:29 | WARNING  | co2_forecast | Very few sequences (4), LSTM may not train well
2026-08-23 22:56:29 | WARNING  | co2_forecast | Very few sequences (4), LSTM may not train well
2026-08-23 22:56:29 | WARNING  | co2_forecast | Very few sequences (8), LSTM may not train well
2026-08-23 22:56:29 | WARNING  | co2_forecast | Very few sequences (4), LSTM may not train well
2026-08-23 22:56:30 | WARNING  | co2_forecast | Very few sequences (4), LSTM may not train well
2026-08-23 22:56:30 | WARNING  | co2_forecast | Very few sequences (4), LSTM may not train well
2026-08-23 22:56:30 | WARNING  | co2_forecast | Very few sequences (8), LSTM may not train well
2026-08-23 22:56:30 | WARNING  | co2_forecast | Very few sequences (4), LSTM may not train well
2026-08-23 22:56:30 | WARNING  | co2_forecast | Very few sequences (4), LSTM may not train well
2026-08-23 22:56:30 | WARNING  | co2_forecast | Very few sequences (3), LSTM may not train well
2026-08-23 22:56:31 | WARNING  | co2_forecast | Very few sequences (7), LSTM may not train well
2026-08-23 22:56:31 | WARNING  | co2_forecast | Very few sequences (3), LSTM may not train well
2026-08-23 22:56:31 | WARNING  | co2_forecast | Very few sequences (3), LSTM may not train well
2026-08-23 22:56:31 | WARNING  | co2_forecast | Very few sequences (4), LSTM may not train well
2026-08-23 22:56:31 | WARNING  | co2_forecast | Very few sequences (8), LSTM may not train well
2026-08-23 22:56:32 | WARNING  | co2_forecast | Very few sequences (4), LSTM may not train well
2026-08-23 22:56:32 | WARNING  | co2_forecast | Very few sequences (4), LSTM may not train well
2026-08-23 22:56:32 | WARNING  | co2_forecast | Very few sequences (4), LSTM may not train well
2026-08-23 22:56:32 | WARNING  | co2_forecast | Very few sequences (8), LSTM may not train well
2026-08-23 22:56:33 | WARNING  | co2_forecast | Very few sequences (4), LSTM may not train well
2026-08-23 22:56:33 | WARNING  | co2_forecast | Very few sequences (4), LSTM may not train well
2026-08-23 22:56:33 | WARNING  | co2_forecast | Very few sequences (3), LSTM may not train well
2026-08-23 22:56:33 | WARNING  | co2_forecast | Very few sequences (7), LSTM may not train well
2026-08-23 22:56:33 | WARNING  | co2_forecast | Very few sequences (3), LSTM may not train well
2026-08-23 22:56:34 | WARNING  | co2_forecast | Very few sequences (3), LSTM may not train well
2026-08-23 22:56:34 | WARNING  | co2_forecast | Very few sequences (4), LSTM may not train well
2026-08-23 22:56:34 | WARNING  | co2_forecast | Very few sequences (8), LSTM may not train well
2026-08-23 22:56:34 | WARNING  | co2_forecast | Very few sequences (4), LSTM may not train well
2026-08-23 22:56:35 | WARNING  | co2_forecast | Very few sequences (4), LSTM may not train well
2026-08-23 22:56:35 | WARNING  | co2_forecast | Very few sequences (4), LSTM may not train well
2026-08-23 22:56:35 | WARNING  | co2_forecast | Very few sequences (8), LSTM may not train well
2026-08-23 22:56:36 | WARNING  | co2_forecast | Very few sequences (4), LSTM may not train well
2026-08-23 22:56:36 | WARNING  | co2_forecast | Very few sequences (4), LSTM may not train well
2026-08-23 22:56:36 | WARNING  | co2_forecast | Very few sequences (4), LSTM may not train well
2026-08-23 22:56:37 | WARNING  | co2_forecast | Very few sequences (8), LSTM may not train well
2026-08-23 22:56:37 | WARNING  | co2_forecast | Very few sequences (4), LSTM may not train well
2026-08-23 22:56:37 | WARNING  | co2_forecast | Very few sequences (4), LSTM may not train well
2026-08-23 22:56:37 | WARNING  | co2_forecast | Very few sequences (4), LSTM may not train well
2026-08-23 22:56:37 | WARNING  | co2_forecast | Very few sequences (8), LSTM may not train well
2026-08-23 22:56:38 | WARNING  | co2_forecast | Very few sequences (4), LSTM may not train well
2026-08-23 22:56:38 | WARNING  | co2_forecast | Very few sequences (4), LSTM may not train well
2026-08-23 22:56:38 | WARNING  | co2_forecast | Very few sequences (4), LSTM may not train well
2026-08-23 22:56:38 | WARNING  | co2_forecast | Very few sequences (8), LSTM may not train well
2026-08-23 22:56:38 | WARNING  | co2_forecast | Very few sequences (4), LSTM may not train well
2026-08-23 22:56:38 | WARNING  | co2_forecast | Very few sequences (4), LSTM may not train well
2026-08-23 22:56:38 | WARNING  | co2_forecast | Very few sequences (4), LSTM may not train well
2026-08-23 22:56:38 | WARNING  | co2_forecast | Very few sequences (8), LSTM may not train well
2026-08-23 22:56:39 | WARNING  | co2_forecast | Very few sequences (4), LSTM may not train well
2026-08-23 22:56:39 | WARNING  | co2_forecast | Very few sequences (4), LSTM may not train well
2026-08-23 22:56:39 | WARNING  | co2_forecast | Very few sequences (4), LSTM may not train well
2026-08-23 22:56:39 | WARNING  | co2_forecast | Very few sequences (8), LSTM may not train well
2026-08-23 22:56:40 | WARNING  | co2_forecast | Very few sequences (4), LSTM may not train well
2026-08-23 22:56:40 | WARNING  | co2_forecast | Very few sequences (4), LSTM may not train well
2026-08-23 22:56:40 | WARNING  | co2_forecast | Very few sequences (4), LSTM may not train well
2026-08-23 22:56:40 | WARNING  | co2_forecast | Very few sequences (8), LSTM may not train well
2026-08-23 22:56:41 | WARNING  | co2_forecast | Very few sequences (4), LSTM may not train well
2026-08-23 22:56:41 | WARNING  | co2_forecast | Very few sequences (4), LSTM may not train well
2026-08-23 22:56:41 | WARNING  | co2_forecast | Very few sequences (4), LSTM may not train well
2026-08-23 22:56:41 | WARNING  | co2_forecast | Very few sequences (8), LSTM may not train well
2026-08-23 22:56:41 | WARNING  | co2_forecast | Very few sequences (4), LSTM may not train well
2026-08-23 22:56:42 | WARNING  | co2_forecast | Very few sequences (4), LSTM may not train well
2026-08-23 22:56:42 | WARNING  | co2_forecast | Very few sequences (4), LSTM may not train well
2026-08-23 22:56:42 | WARNING  | co2_forecast | Very few sequences (8), LSTM may not train well
2026-08-23 22:56:42 | WARNING  | co2_forecast | Very few sequences (4), LSTM may not train well
2026-08-23 22:56:43 | WARNING  | co2_forecast | Very few sequences (4), LSTM may not train well
2026-08-23 22:56:43 | WARNING  | co2_forecast | Very few sequences (4), LSTM may not train well
2026-08-23 22:56:43 | WARNING  | co2_forecast | Very few sequences (8), LSTM may not train well
2026-08-23 22:56:43 | WARNING  | co2_forecast | Very few sequences (4), LSTM may not train well
2026-08-23 22:56:43 | WARNING  | co2_forecast | Very few sequences (4), LSTM may not train well
2026-08-23 22:56:43 | WARNING  | co2_forecast | Very few sequences (4), LSTM may not train well
2026-08-23 22:56:43 | WARNING  | co2_forecast | Very few sequences (8), LSTM may not train well
2026-08-23 22:56:44 | WARNING  | co2_forecast | Very few sequences (4), LSTM may not train well
2026-08-23 22:56:44 | WARNING  | co2_forecast | Very few sequences (4), LSTM may not train well
2026-08-23 22:56:44 | WARNING  | co2_forecast | Very few sequences (4), LSTM may not train well
2026-08-23 22:56:44 | WARNING  | co2_forecast | Very few sequences (8), LSTM may not train well
2026-08-23 22:56:44 | WARNING  | co2_forecast | Very few sequences (4), LSTM may not train well
2026-08-23 22:56:45 | WARNING  | co2_forecast | Very few sequences (4), LSTM may not train well
2026-08-23 22:56:45 | INFO     | co2_forecast |   Iteration 5: Best fitness = 0.758301
2026-08-23 22:56:45 | WARNING  | co2_forecast | Very few sequences (4), LSTM may not train well
2026-08-23 22:56:45 | WARNING  | co2_forecast | Very few sequences (8), LSTM may not train well
2026-08-23 22:56:46 | WARNING  | co2_forecast | Very few sequences (4), LSTM may not train well
2026-08-23 22:56:46 | WARNING  | co2_forecast | Very few sequences (4), LSTM may not train well
2026-08-23 22:56:46 | WARNING  | co2_forecast | Very few sequences (4), LSTM may not train well
2026-08-23 22:56:46 | WARNING  | co2_forecast | Very few sequences (8), LSTM may not train well
2026-08-23 22:56:47 | WARNING  | co2_forecast | Very few sequences (4), LSTM may not train well
2026-08-23 22:56:47 | WARNING  | co2_forecast | Very few sequences (4), LSTM may not train well
2026-08-23 22:56:47 | WARNING  | co2_forecast | Very few sequences (4), LSTM may not train well
2026-08-23 22:56:47 | WARNING  | co2_forecast | Very few sequences (8), LSTM may not train well
2026-08-23 22:56:47 | WARNING  | co2_forecast | Very few sequences (4), LSTM may not train well
2026-08-23 22:56:47 | WARNING  | co2_forecast | Very few sequences (4), LSTM may not train well
2026-08-23 22:56:47 | WARNING  | co2_forecast | Very few sequences (4), LSTM may not train well
2026-08-23 22:56:47 | WARNING  | co2_forecast | Very few sequences (8), LSTM may not train well
2026-08-23 22:56:48 | WARNING  | co2_forecast | Very few sequences (4), LSTM may not train well
2026-08-23 22:56:49 | WARNING  | co2_forecast | Very few sequences (4), LSTM may not train well
2026-08-23 22:56:49 | WARNING  | co2_forecast | Very few sequences (4), LSTM may not train well
2026-08-23 22:56:49 | WARNING  | co2_forecast | Very few sequences (8), LSTM may not train well
2026-08-23 22:56:49 | WARNING  | co2_forecast | Very few sequences (4), LSTM may not train well
2026-08-23 22:56:50 | WARNING  | co2_forecast | Very few sequences (4), LSTM may not train well
2026-08-23 22:56:50 | WARNING  | co2_forecast | Very few sequences (4), LSTM may not train well
2026-08-23 22:56:50 | WARNING  | co2_forecast | Very few sequences (8), LSTM may not train well
2026-08-23 22:56:51 | WARNING  | co2_forecast | Very few sequences (4), LSTM may not train well
2026-08-23 22:56:51 | WARNING  | co2_forecast | Very few sequences (4), LSTM may not train well
2026-08-23 22:56:51 | WARNING  | co2_forecast | Very few sequences (4), LSTM may not train well
2026-08-23 22:56:51 | WARNING  | co2_forecast | Very few sequences (8), LSTM may not train well
2026-08-23 22:56:51 | WARNING  | co2_forecast | Very few sequences (4), LSTM may not train well
2026-08-23 22:56:51 | WARNING  | co2_forecast | Very few sequences (4), LSTM may not train well
2026-08-23 22:56:51 | WARNING  | co2_forecast | Very few sequences (4), LSTM may not train well
2026-08-23 22:56:51 | WARNING  | co2_forecast | Very few sequences (8), LSTM may not train well
2026-08-23 22:56:51 | WARNING  | co2_forecast | Very few sequences (4), LSTM may not train well
2026-08-23 22:56:52 | WARNING  | co2_forecast | Very few sequences (4), LSTM may not train well
2026-08-23 22:56:52 | WARNING  | co2_forecast | Very few sequences (4), LSTM may not train well
2026-08-23 22:56:52 | WARNING  | co2_forecast | Very few sequences (8), LSTM may not train well
2026-08-23 22:56:52 | WARNING  | co2_forecast | Very few sequences (4), LSTM may not train well
2026-08-23 22:56:53 | WARNING  | co2_forecast | Very few sequences (4), LSTM may not train well
2026-08-23 22:56:53 | WARNING  | co2_forecast | Very few sequences (4), LSTM may not train well
2026-08-23 22:56:53 | WARNING  | co2_forecast | Very few sequences (8), LSTM may not train well
2026-08-23 22:56:53 | WARNING  | co2_forecast | Very few sequences (4), LSTM may not train well
2026-08-23 22:56:53 | WARNING  | co2_forecast | Very few sequences (4), LSTM may not train well
2026-08-23 22:56:53 | WARNING  | co2_forecast | Very few sequences (4), LSTM may not train well
2026-08-23 22:56:54 | WARNING  | co2_forecast | Very few sequences (8), LSTM may not train well
2026-08-23 22:56:54 | WARNING  | co2_forecast | Very few sequences (4), LSTM may not train well
2026-08-23 22:56:55 | WARNING  | co2_forecast | Very few sequences (4), LSTM may not train well
2026-08-23 22:56:55 | WARNING  | co2_forecast | Very few sequences (4), LSTM may not train well
2026-08-23 22:56:55 | WARNING  | co2_forecast | Very few sequences (8), LSTM may not train well
2026-08-23 22:56:55 | WARNING  | co2_forecast | Very few sequences (4), LSTM may not train well
2026-08-23 22:56:55 | WARNING  | co2_forecast | Very few sequences (4), LSTM may not train well
2026-08-23 22:56:55 | WARNING  | co2_forecast | Very few sequences (4), LSTM may not train well
2026-08-23 22:56:55 | WARNING  | co2_forecast | Very few sequences (8), LSTM may not train well
2026-08-23 22:56:56 | WARNING  | co2_forecast | Very few sequences (4), LSTM may not train well
2026-08-23 22:56:56 | WARNING  | co2_forecast | Very few sequences (4), LSTM may not train well
2026-08-23 22:56:57 | WARNING  | co2_forecast | Very few sequences (4), LSTM may not train well
2026-08-23 22:56:57 | WARNING  | co2_forecast | Very few sequences (8), LSTM may not train well
2026-08-23 22:56:57 | WARNING  | co2_forecast | Very few sequences (4), LSTM may not train well
2026-08-23 22:56:58 | WARNING  | co2_forecast | Very few sequences (4), LSTM may not train well
2026-08-23 22:56:58 | WARNING  | co2_forecast | Very few sequences (4), LSTM may not train well
2026-08-23 22:56:58 | WARNING  | co2_forecast | Very few sequences (8), LSTM may not train well
2026-08-23 22:56:58 | WARNING  | co2_forecast | Very few sequences (4), LSTM may not train well
2026-08-23 22:56:58 | WARNING  | co2_forecast | Very few sequences (4), LSTM may not train well
2026-08-23 22:56:58 | WARNING  | co2_forecast | Very few sequences (4), LSTM may not train well
2026-08-23 22:56:58 | WARNING  | co2_forecast | Very few sequences (8), LSTM may not train well
2026-08-23 22:56:58 | WARNING  | co2_forecast | Very few sequences (4), LSTM may not train well
2026-08-23 22:56:59 | WARNING  | co2_forecast | Very few sequences (4), LSTM may not train well
2026-08-23 22:56:59 | WARNING  | co2_forecast | Very few sequences (4), LSTM may not train well
2026-08-23 22:56:59 | WARNING  | co2_forecast | Very few sequences (8), LSTM may not train well
2026-08-23 22:56:59 | WARNING  | co2_forecast | Very few sequences (4), LSTM may not train well
2026-08-23 22:57:00 | WARNING  | co2_forecast | Very few sequences (4), LSTM may not train well
2026-08-23 22:57:00 | WARNING  | co2_forecast | Very few sequences (4), LSTM may not train well
2026-08-23 22:57:00 | WARNING  | co2_forecast | Very few sequences (8), LSTM may not train well
2026-08-23 22:57:01 | WARNING  | co2_forecast | Very few sequences (4), LSTM may not train well
2026-08-23 22:57:01 | WARNING  | co2_forecast | Very few sequences (4), LSTM may not train well
2026-08-23 22:57:01 | WARNING  | co2_forecast | Very few sequences (4), LSTM may not train well
2026-08-23 22:57:01 | WARNING  | co2_forecast | Very few sequences (8), LSTM may not train well
2026-08-23 22:57:02 | WARNING  | co2_forecast | Very few sequences (4), LSTM may not train well
2026-08-23 22:57:03 | WARNING  | co2_forecast | Very few sequences (4), LSTM may not train well
2026-08-23 22:57:03 | WARNING  | co2_forecast | Very few sequences (4), LSTM may not train well
2026-08-23 22:57:03 | WARNING  | co2_forecast | Very few sequences (8), LSTM may not train well
2026-08-23 22:57:03 | WARNING  | co2_forecast | Very few sequences (4), LSTM may not train well
2026-08-23 22:57:04 | WARNING  | co2_forecast | Very few sequences (4), LSTM may not train well
2026-08-23 22:57:04 | WARNING  | co2_forecast | Very few sequences (4), LSTM may not train well
2026-08-23 22:57:04 | WARNING  | co2_forecast | Very few sequences (8), LSTM may not train well
2026-08-23 22:57:05 | WARNING  | co2_forecast | Very few sequences (4), LSTM may not train well
2026-08-23 22:57:05 | WARNING  | co2_forecast | Very few sequences (4), LSTM may not train well
2026-08-23 22:57:05 | WARNING  | co2_forecast | Very few sequences (4), LSTM may not train well
2026-08-23 22:57:05 | WARNING  | co2_forecast | Very few sequences (8), LSTM may not train well
2026-08-23 22:57:06 | WARNING  | co2_forecast | Very few sequences (4), LSTM may not train well
2026-08-23 22:57:07 | WARNING  | co2_forecast | Very few sequences (4), LSTM may not train well
2026-08-23 22:57:07 | WARNING  | co2_forecast | Very few sequences (4), LSTM may not train well
2026-08-23 22:57:07 | WARNING  | co2_forecast | Very few sequences (8), LSTM may not train well
2026-08-23 22:57:07 | WARNING  | co2_forecast | Very few sequences (4), LSTM may not train well
2026-08-23 22:57:07 | WARNING  | co2_forecast | Very few sequences (4), LSTM may not train well
2026-08-23 22:57:07 | WARNING  | co2_forecast | Very few sequences (4), LSTM may not train well
2026-08-23 22:57:07 | WARNING  | co2_forecast | Very few sequences (8), LSTM may not train well
2026-08-23 22:57:08 | WARNING  | co2_forecast | Very few sequences (4), LSTM may not train well
2026-08-23 22:57:08 | WARNING  | co2_forecast | Very few sequences (4), LSTM may not train well
2026-08-23 22:57:08 | WARNING  | co2_forecast | Very few sequences (4), LSTM may not train well
2026-08-23 22:57:08 | WARNING  | co2_forecast | Very few sequences (8), LSTM may not train well
2026-08-23 22:57:09 | WARNING  | co2_forecast | Very few sequences (4), LSTM may not train well
2026-08-23 22:57:09 | WARNING  | co2_forecast | Very few sequences (4), LSTM may not train well
2026-08-23 22:57:09 | WARNING  | co2_forecast | Very few sequences (4), LSTM may not train well
2026-08-23 22:57:09 | WARNING  | co2_forecast | Very few sequences (8), LSTM may not train well
2026-08-23 22:57:10 | WARNING  | co2_forecast | Very few sequences (4), LSTM may not train well
2026-08-23 22:57:10 | WARNING  | co2_forecast | Very few sequences (4), LSTM may not train well
2026-08-23 22:57:10 | WARNING  | co2_forecast | Very few sequences (4), LSTM may not train well
2026-08-23 22:57:10 | WARNING  | co2_forecast | Very few sequences (8), LSTM may not train well
2026-08-23 22:57:10 | WARNING  | co2_forecast | Very few sequences (4), LSTM may not train well
2026-08-23 22:57:11 | WARNING  | co2_forecast | Very few sequences (4), LSTM may not train well
2026-08-23 22:57:11 | WARNING  | co2_forecast | Very few sequences (4), LSTM may not train well
2026-08-23 22:57:11 | WARNING  | co2_forecast | Very few sequences (8), LSTM may not train well
2026-08-23 22:57:12 | WARNING  | co2_forecast | Very few sequences (4), LSTM may not train well
2026-08-23 22:57:12 | WARNING  | co2_forecast | Very few sequences (4), LSTM may not train well
2026-08-23 22:57:12 | WARNING  | co2_forecast | Very few sequences (4), LSTM may not train well
2026-08-23 22:57:12 | WARNING  | co2_forecast | Very few sequences (8), LSTM may not train well
2026-08-23 22:57:13 | WARNING  | co2_forecast | Very few sequences (4), LSTM may not train well
2026-08-23 22:57:14 | WARNING  | co2_forecast | Very few sequences (4), LSTM may not train well
2026-08-23 22:57:14 | WARNING  | co2_forecast | Very few sequences (4), LSTM may not train well
2026-08-23 22:57:14 | WARNING  | co2_forecast | Very few sequences (8), LSTM may not train well
2026-08-23 22:57:14 | WARNING  | co2_forecast | Very few sequences (4), LSTM may not train well
2026-08-23 22:57:14 | WARNING  | co2_forecast | Very few sequences (4), LSTM may not train well
2026-08-23 22:57:14 | WARNING  | co2_forecast | Very few sequences (4), LSTM may not train well
2026-08-23 22:57:14 | WARNING  | co2_forecast | Very few sequences (8), LSTM may not train well
2026-08-23 22:57:14 | WARNING  | co2_forecast | Very few sequences (4), LSTM may not train well
2026-08-23 22:57:14 | WARNING  | co2_forecast | Very few sequences (4), LSTM may not train well
2026-08-23 22:57:15 | WARNING  | co2_forecast | Very few sequences (4), LSTM may not train well
2026-08-23 22:57:15 | WARNING  | co2_forecast | Very few sequences (8), LSTM may not train well
2026-08-23 22:57:15 | WARNING  | co2_forecast | Very few sequences (4), LSTM may not train well
2026-08-23 22:57:16 | WARNING  | co2_forecast | Very few sequences (4), LSTM may not train well
2026-08-23 22:57:16 | INFO     | co2_forecast |   Iteration 9: Best fitness = 0.757018
2026-08-23 22:57:16 | INFO     | co2_forecast | PSO complete. Best fitness: 0.757018
2026-08-23 22:57:16 | INFO     | co2_forecast |   Best params: {'lookback': 4, 'hidden_size': 18, 'num_layers': 2, 'dropout': 0.4107466300709086, 'learning_rate': 0.0001, 'batch_size': 16}
2026-08-23 22:57:16 | INFO     | co2_forecast |   Best fitness: 0.757018
2026-08-23 22:57:16 | INFO     | co2_forecast | [A3_no_CI/panel2_common_period/all_features/lstm] sweep tuning: best_params={'lookback': 4, 'hidden_size': 18, 'num_layers': 2, 'dropout': 0.4107466300709086, 'learning_rate': 0.0001, 'batch_size': 16}
2026-08-23 22:57:18 | INFO     | co2_forecast |   lstm -> weighted_mase=1.0279250217180733
2026-08-23 22:57:18 | INFO     | co2_forecast | Variant A3_no_CI complete in 476.2s
2026-08-23 22:57:18 | INFO     | co2_forecast | --- Variant A3_no_genmix: 18 features ---
2026-08-23 22:57:18 | INFO     | co2_forecast | Creating walk-forward splits for 16 valid samples
2026-08-23 22:57:18 | INFO     | co2_forecast | Created 4 CV folds across horizons [1, 2, 4]
2026-08-23 22:57:18 | INFO     | co2_forecast | Built tuning CV plan: 4 folds from 16 rows before 2022-Q%q (evaluation cutoff) - isolation OK (max tuning date 2021-Q%q)
2026-08-23 22:57:18 | INFO     | co2_forecast | Optimizing ridge...
2026-08-23 22:57:18 | INFO     | co2_forecast | Starting PSO: 8 particles, 10 iterations
2026-08-23 22:57:18 | INFO     | co2_forecast |   Iteration 0: Best fitness = 2.403537
2026-08-23 22:57:18 | INFO     | co2_forecast |   Iteration 5: Best fitness = 2.094378
2026-08-23 22:57:18 | INFO     | co2_forecast |   Iteration 9: Best fitness = 2.094378
2026-08-23 22:57:18 | INFO     | co2_forecast | PSO complete. Best fitness: 2.094378
2026-08-23 22:57:18 | INFO     | co2_forecast |   Best params: {'alpha': 100.0}
2026-08-23 22:57:18 | INFO     | co2_forecast |   Best fitness: 2.094378
2026-08-23 22:57:18 | INFO     | co2_forecast | [A3_no_genmix/panel2_common_period/all_features/ridge] sweep tuning: best_params={'alpha': 100.0}
2026-08-23 22:57:18 | INFO     | co2_forecast |   ridge -> weighted_mase=0.8416075979633708
2026-08-23 22:57:18 | INFO     | co2_forecast | Creating walk-forward splits for 16 valid samples
2026-08-23 22:57:18 | INFO     | co2_forecast | Created 4 CV folds across horizons [1, 2, 4]
2026-08-23 22:57:18 | INFO     | co2_forecast | Built tuning CV plan: 4 folds from 16 rows before 2022-Q%q (evaluation cutoff) - isolation OK (max tuning date 2021-Q%q)
2026-08-23 22:57:18 | INFO     | co2_forecast | Optimizing random_forest...
2026-08-23 22:57:18 | INFO     | co2_forecast | Starting PSO: 8 particles, 10 iterations
2026-08-23 22:57:24 | INFO     | co2_forecast |   Iteration 0: Best fitness = 0.671283
2026-08-23 22:57:40 | INFO     | co2_forecast |   Iteration 5: Best fitness = 0.331431
2026-08-23 22:57:53 | INFO     | co2_forecast |   Iteration 9: Best fitness = 0.330021
2026-08-23 22:57:53 | INFO     | co2_forecast | PSO complete. Best fitness: 0.330021
2026-08-23 22:57:53 | INFO     | co2_forecast |   Best params: {'n_estimators': 55, 'max_depth': 3, 'min_samples_split': 2, 'min_samples_leaf': 1}
2026-08-23 22:57:53 | INFO     | co2_forecast |   Best fitness: 0.330021
2026-08-23 22:57:53 | INFO     | co2_forecast | [A3_no_genmix/panel2_common_period/all_features/random_forest] sweep tuning: best_params={'n_estimators': 55, 'max_depth': 3, 'min_samples_split': 2, 'min_samples_leaf': 1}
2026-08-23 22:57:54 | INFO     | co2_forecast |   random_forest -> weighted_mase=0.6668335338506368
2026-08-23 22:57:54 | INFO     | co2_forecast | Creating walk-forward splits for 16 valid samples
2026-08-23 22:57:54 | INFO     | co2_forecast | Created 4 CV folds across horizons [1, 2, 4]
2026-08-23 22:57:54 | INFO     | co2_forecast | Built tuning CV plan: 4 folds from 16 rows before 2022-Q%q (evaluation cutoff) - isolation OK (max tuning date 2021-Q%q)
2026-08-23 22:57:54 | INFO     | co2_forecast | Optimizing catboost...
2026-08-23 22:57:54 | INFO     | co2_forecast | Starting PSO: 8 particles, 10 iterations
2026-08-23 22:58:27 | INFO     | co2_forecast |   Iteration 0: Best fitness = 0.306151
2026-08-23 23:01:18 | INFO     | co2_forecast |   Iteration 5: Best fitness = 0.291333
2026-08-23 23:03:41 | INFO     | co2_forecast |   Iteration 9: Best fitness = 0.288796
2026-08-23 23:03:41 | INFO     | co2_forecast | PSO complete. Best fitness: 0.288796
2026-08-23 23:03:41 | INFO     | co2_forecast |   Best params: {'iterations': 191, 'learning_rate': 0.24396795689356898, 'depth': 4, 'l2_leaf_reg': 4.009160920324344}
2026-08-23 23:03:41 | INFO     | co2_forecast |   Best fitness: 0.288796
2026-08-23 23:03:41 | INFO     | co2_forecast | [A3_no_genmix/panel2_common_period/all_features/catboost] sweep tuning: best_params={'iterations': 191, 'learning_rate': 0.24396795689356898, 'depth': 4, 'l2_leaf_reg': 4.009160920324344}
2026-08-23 23:03:50 | INFO     | co2_forecast |   catboost -> weighted_mase=0.6273227174676145
2026-08-23 23:03:50 | INFO     | co2_forecast | Creating walk-forward splits for 16 valid samples
2026-08-23 23:03:50 | INFO     | co2_forecast | Created 4 CV folds across horizons [1, 2, 4]
2026-08-23 23:03:50 | INFO     | co2_forecast | Built tuning CV plan: 4 folds from 16 rows before 2022-Q%q (evaluation cutoff) - isolation OK (max tuning date 2021-Q%q)
2026-08-23 23:03:50 | INFO     | co2_forecast | Optimizing lightgbm...
2026-08-23 23:03:50 | INFO     | co2_forecast | Starting PSO: 8 particles, 10 iterations
2026-08-23 23:03:50 | INFO     | co2_forecast |   Iteration 0: Best fitness = 0.768990
2026-08-23 23:03:50 | INFO     | co2_forecast |   Iteration 5: Best fitness = 0.655253
2026-08-23 23:03:51 | INFO     | co2_forecast |   Iteration 9: Best fitness = 0.655253
2026-08-23 23:03:51 | INFO     | co2_forecast | PSO complete. Best fitness: 0.655253
2026-08-23 23:03:51 | INFO     | co2_forecast |   Best params: {'n_estimators': 50, 'learning_rate': 0.298896419948602, 'num_leaves': 127, 'max_depth': 3, 'min_child_samples': 5, 'reg_alpha': 0.001, 'reg_lambda': 0.001}
2026-08-23 23:03:51 | INFO     | co2_forecast |   Best fitness: 0.655253
2026-08-23 23:03:51 | INFO     | co2_forecast | [A3_no_genmix/panel2_common_period/all_features/lightgbm] sweep tuning: best_params={'n_estimators': 50, 'learning_rate': 0.298896419948602, 'num_leaves': 127, 'max_depth': 3, 'min_child_samples': 5, 'reg_alpha': 0.001, 'reg_lambda': 0.001}
2026-08-23 23:03:51 | INFO     | co2_forecast |   lightgbm -> weighted_mase=0.635962243611284
2026-08-23 23:03:51 | INFO     | co2_forecast | Creating walk-forward splits for 16 valid samples
2026-08-23 23:03:51 | INFO     | co2_forecast | Created 4 CV folds across horizons [1, 2, 4]
2026-08-23 23:03:51 | INFO     | co2_forecast | Built tuning CV plan: 4 folds from 16 rows before 2022-Q%q (evaluation cutoff) - isolation OK (max tuning date 2021-Q%q)
2026-08-23 23:03:51 | INFO     | co2_forecast | Optimizing lstm...
2026-08-23 23:03:51 | INFO     | co2_forecast | Starting PSO: 8 particles, 10 iterations
2026-08-23 23:03:51 | WARNING  | co2_forecast | Model training failed with params {'lookback': 7, 'hidden_size': 62, 'num_layers': 2, 'dropout': 0.3394633936788146, 'learning_rate': 0.0016445845403801217, 'batch_size': 8}: LSTM.fit: training data has 8 rows, giving only 1 sequence(s) with lookback=7; at least 2 are required (one is always reserved for validation). Reduce lookback or provide more training history.
2026-08-23 23:03:51 | WARNING  | co2_forecast | Model training failed with params {'lookback': 11, 'hidden_size': 26, 'num_layers': 1, 'dropout': 0.17336180394137352, 'learning_rate': 0.0031119982052994237, 'batch_size': 16}: LSTM.fit: training data has 8 rows, giving only 0 sequence(s) with lookback=11; at least 2 are required (one is always reserved for validation). Reduce lookback or provide more training history.
2026-08-23 23:03:51 | WARNING  | co2_forecast | Model training failed with params {'lookback': 8, 'hidden_size': 54, 'num_layers': 1, 'dropout': 0.3056937753654446, 'learning_rate': 0.005964904231734221, 'batch_size': 8}: LSTM.fit: training data has 8 rows, giving only 0 sequence(s) with lookback=8; at least 2 are required (one is always reserved for validation). Reduce lookback or provide more training history.
2026-08-23 23:03:51 | WARNING  | co2_forecast | Very few sequences (2), LSTM may not train well
2026-08-23 23:03:51 | WARNING  | co2_forecast | Very few sequences (6), LSTM may not train well
2026-08-23 23:03:51 | WARNING  | co2_forecast | Very few sequences (2), LSTM may not train well
2026-08-23 23:03:51 | WARNING  | co2_forecast | Very few sequences (2), LSTM may not train well
2026-08-23 23:03:51 | WARNING  | co2_forecast | Model training failed with params {'lookback': 8, 'hidden_size': 25, 'num_layers': 2, 'dropout': 0.4100531293444458, 'learning_rate': 0.009401039521485473, 'batch_size': 32}: LSTM.fit: training data has 8 rows, giving only 0 sequence(s) with lookback=8; at least 2 are required (one is always reserved for validation). Reduce lookback or provide more training history.
2026-08-23 23:03:51 | WARNING  | co2_forecast | Model training failed with params {'lookback': 7, 'hidden_size': 29, 'num_layers': 2, 'dropout': 0.2427013306774357, 'learning_rate': 0.0028812516459050695, 'batch_size': 16}: LSTM.fit: training data has 8 rows, giving only 1 sequence(s) with lookback=7; at least 2 are required (one is always reserved for validation). Reduce lookback or provide more training history.
2026-08-23 23:03:51 | WARNING  | co2_forecast | Very few sequences (4), LSTM may not train well
2026-08-23 23:03:51 | WARNING  | co2_forecast | Very few sequences (8), LSTM may not train well
2026-08-23 23:03:51 | WARNING  | co2_forecast | Very few sequences (4), LSTM may not train well
2026-08-23 23:03:51 | WARNING  | co2_forecast | Very few sequences (4), LSTM may not train well
2026-08-23 23:03:51 | WARNING  | co2_forecast | Very few sequences (2), LSTM may not train well
2026-08-23 23:03:51 | WARNING  | co2_forecast | Very few sequences (6), LSTM may not train well
2026-08-23 23:03:52 | WARNING  | co2_forecast | Very few sequences (2), LSTM may not train well
2026-08-23 23:03:52 | WARNING  | co2_forecast | Very few sequences (2), LSTM may not train well
2026-08-23 23:03:52 | INFO     | co2_forecast |   Iteration 0: Best fitness = 1.056005
2026-08-23 23:03:52 | WARNING  | co2_forecast | Very few sequences (3), LSTM may not train well
2026-08-23 23:03:52 | WARNING  | co2_forecast | Very few sequences (7), LSTM may not train well
2026-08-23 23:03:52 | WARNING  | co2_forecast | Very few sequences (3), LSTM may not train well
2026-08-23 23:03:53 | WARNING  | co2_forecast | Very few sequences (3), LSTM may not train well
2026-08-23 23:03:53 | WARNING  | co2_forecast | Very few sequences (2), LSTM may not train well
2026-08-23 23:03:53 | WARNING  | co2_forecast | Very few sequences (6), LSTM may not train well
2026-08-23 23:03:53 | WARNING  | co2_forecast | Very few sequences (2), LSTM may not train well
2026-08-23 23:03:53 | WARNING  | co2_forecast | Very few sequences (2), LSTM may not train well
2026-08-23 23:03:53 | WARNING  | co2_forecast | Model training failed with params {'lookback': 8, 'hidden_size': 44, 'num_layers': 1, 'dropout': 0.3238975389966341, 'learning_rate': 0.005520634690128072, 'batch_size': 8}: LSTM.fit: training data has 8 rows, giving only 0 sequence(s) with lookback=8; at least 2 are required (one is always reserved for validation). Reduce lookback or provide more training history.
2026-08-23 23:03:53 | WARNING  | co2_forecast | Very few sequences (3), LSTM may not train well
2026-08-23 23:03:53 | WARNING  | co2_forecast | Very few sequences (7), LSTM may not train well
2026-08-23 23:03:53 | WARNING  | co2_forecast | Very few sequences (3), LSTM may not train well
2026-08-23 23:03:54 | WARNING  | co2_forecast | Very few sequences (3), LSTM may not train well
2026-08-23 23:03:54 | WARNING  | co2_forecast | Very few sequences (2), LSTM may not train well
2026-08-23 23:03:54 | WARNING  | co2_forecast | Very few sequences (6), LSTM may not train well
2026-08-23 23:03:54 | WARNING  | co2_forecast | Very few sequences (2), LSTM may not train well
2026-08-23 23:03:55 | WARNING  | co2_forecast | Very few sequences (2), LSTM may not train well
2026-08-23 23:03:55 | WARNING  | co2_forecast | Very few sequences (3), LSTM may not train well
2026-08-23 23:03:55 | WARNING  | co2_forecast | Very few sequences (7), LSTM may not train well
2026-08-23 23:03:56 | WARNING  | co2_forecast | Very few sequences (3), LSTM may not train well
2026-08-23 23:03:56 | WARNING  | co2_forecast | Very few sequences (3), LSTM may not train well
2026-08-23 23:03:56 | WARNING  | co2_forecast | Very few sequences (4), LSTM may not train well
2026-08-23 23:03:56 | WARNING  | co2_forecast | Very few sequences (8), LSTM may not train well
2026-08-23 23:03:56 | WARNING  | co2_forecast | Very few sequences (4), LSTM may not train well
2026-08-23 23:03:56 | WARNING  | co2_forecast | Very few sequences (4), LSTM may not train well
2026-08-23 23:03:56 | WARNING  | co2_forecast | Very few sequences (2), LSTM may not train well
2026-08-23 23:03:56 | WARNING  | co2_forecast | Very few sequences (6), LSTM may not train well
2026-08-23 23:03:56 | WARNING  | co2_forecast | Very few sequences (2), LSTM may not train well
2026-08-23 23:03:57 | WARNING  | co2_forecast | Very few sequences (2), LSTM may not train well
2026-08-23 23:03:57 | WARNING  | co2_forecast | Very few sequences (4), LSTM may not train well
2026-08-23 23:03:57 | WARNING  | co2_forecast | Very few sequences (8), LSTM may not train well
2026-08-23 23:03:57 | WARNING  | co2_forecast | Very few sequences (4), LSTM may not train well
2026-08-23 23:03:58 | WARNING  | co2_forecast | Very few sequences (4), LSTM may not train well
2026-08-23 23:03:58 | WARNING  | co2_forecast | Very few sequences (4), LSTM may not train well
2026-08-23 23:03:58 | WARNING  | co2_forecast | Very few sequences (8), LSTM may not train well
2026-08-23 23:03:58 | WARNING  | co2_forecast | Very few sequences (4), LSTM may not train well
2026-08-23 23:03:59 | WARNING  | co2_forecast | Very few sequences (4), LSTM may not train well
2026-08-23 23:03:59 | WARNING  | co2_forecast | Model training failed with params {'lookback': 7, 'hidden_size': 34, 'num_layers': 1, 'dropout': 0.3309897657417201, 'learning_rate': 0.0042519102464668255, 'batch_size': 8}: LSTM.fit: training data has 8 rows, giving only 1 sequence(s) with lookback=7; at least 2 are required (one is always reserved for validation). Reduce lookback or provide more training history.
2026-08-23 23:03:59 | WARNING  | co2_forecast | Very few sequences (3), LSTM may not train well
2026-08-23 23:03:59 | WARNING  | co2_forecast | Very few sequences (7), LSTM may not train well
2026-08-23 23:03:59 | WARNING  | co2_forecast | Very few sequences (3), LSTM may not train well
2026-08-23 23:04:00 | WARNING  | co2_forecast | Very few sequences (3), LSTM may not train well
2026-08-23 23:04:00 | WARNING  | co2_forecast | Very few sequences (4), LSTM may not train well
2026-08-23 23:04:00 | WARNING  | co2_forecast | Very few sequences (8), LSTM may not train well
2026-08-23 23:04:00 | WARNING  | co2_forecast | Very few sequences (4), LSTM may not train well
2026-08-23 23:04:00 | WARNING  | co2_forecast | Very few sequences (4), LSTM may not train well
2026-08-23 23:04:00 | WARNING  | co2_forecast | Very few sequences (4), LSTM may not train well
2026-08-23 23:04:00 | WARNING  | co2_forecast | Very few sequences (8), LSTM may not train well
2026-08-23 23:04:01 | WARNING  | co2_forecast | Very few sequences (4), LSTM may not train well
2026-08-23 23:04:01 | WARNING  | co2_forecast | Very few sequences (4), LSTM may not train well
2026-08-23 23:04:01 | WARNING  | co2_forecast | Very few sequences (3), LSTM may not train well
2026-08-23 23:04:01 | WARNING  | co2_forecast | Very few sequences (7), LSTM may not train well
2026-08-23 23:04:01 | WARNING  | co2_forecast | Very few sequences (3), LSTM may not train well
2026-08-23 23:04:02 | WARNING  | co2_forecast | Very few sequences (3), LSTM may not train well
2026-08-23 23:04:02 | WARNING  | co2_forecast | Very few sequences (3), LSTM may not train well
2026-08-23 23:04:02 | WARNING  | co2_forecast | Very few sequences (7), LSTM may not train well
2026-08-23 23:04:02 | WARNING  | co2_forecast | Very few sequences (3), LSTM may not train well
2026-08-23 23:04:02 | WARNING  | co2_forecast | Very few sequences (3), LSTM may not train well
2026-08-23 23:04:02 | WARNING  | co2_forecast | Very few sequences (4), LSTM may not train well
2026-08-23 23:04:02 | WARNING  | co2_forecast | Very few sequences (8), LSTM may not train well
2026-08-23 23:04:03 | WARNING  | co2_forecast | Very few sequences (4), LSTM may not train well
2026-08-23 23:04:04 | WARNING  | co2_forecast | Very few sequences (4), LSTM may not train well
2026-08-23 23:04:04 | WARNING  | co2_forecast | Very few sequences (4), LSTM may not train well
2026-08-23 23:04:04 | WARNING  | co2_forecast | Very few sequences (8), LSTM may not train well
2026-08-23 23:04:04 | WARNING  | co2_forecast | Very few sequences (4), LSTM may not train well
2026-08-23 23:04:05 | WARNING  | co2_forecast | Very few sequences (4), LSTM may not train well
2026-08-23 23:04:05 | WARNING  | co2_forecast | Very few sequences (2), LSTM may not train well
2026-08-23 23:04:05 | WARNING  | co2_forecast | Very few sequences (6), LSTM may not train well
2026-08-23 23:04:05 | WARNING  | co2_forecast | Very few sequences (2), LSTM may not train well
2026-08-23 23:04:05 | WARNING  | co2_forecast | Very few sequences (2), LSTM may not train well
2026-08-23 23:04:05 | WARNING  | co2_forecast | Very few sequences (4), LSTM may not train well
2026-08-23 23:04:05 | WARNING  | co2_forecast | Very few sequences (8), LSTM may not train well
2026-08-23 23:04:06 | WARNING  | co2_forecast | Very few sequences (4), LSTM may not train well
2026-08-23 23:04:07 | WARNING  | co2_forecast | Very few sequences (4), LSTM may not train well
2026-08-23 23:04:07 | WARNING  | co2_forecast | Very few sequences (4), LSTM may not train well
2026-08-23 23:04:07 | WARNING  | co2_forecast | Very few sequences (8), LSTM may not train well
2026-08-23 23:04:07 | WARNING  | co2_forecast | Very few sequences (4), LSTM may not train well
2026-08-23 23:04:08 | WARNING  | co2_forecast | Very few sequences (4), LSTM may not train well
2026-08-23 23:04:08 | WARNING  | co2_forecast | Very few sequences (4), LSTM may not train well
2026-08-23 23:04:08 | WARNING  | co2_forecast | Very few sequences (8), LSTM may not train well
2026-08-23 23:04:09 | WARNING  | co2_forecast | Very few sequences (4), LSTM may not train well
2026-08-23 23:04:09 | WARNING  | co2_forecast | Very few sequences (4), LSTM may not train well
2026-08-23 23:04:09 | WARNING  | co2_forecast | Very few sequences (4), LSTM may not train well
2026-08-23 23:04:09 | WARNING  | co2_forecast | Very few sequences (8), LSTM may not train well
2026-08-23 23:04:09 | WARNING  | co2_forecast | Very few sequences (4), LSTM may not train well
2026-08-23 23:04:10 | WARNING  | co2_forecast | Very few sequences (4), LSTM may not train well
2026-08-23 23:04:10 | WARNING  | co2_forecast | Very few sequences (3), LSTM may not train well
2026-08-23 23:04:10 | WARNING  | co2_forecast | Very few sequences (7), LSTM may not train well
2026-08-23 23:04:10 | WARNING  | co2_forecast | Very few sequences (3), LSTM may not train well
2026-08-23 23:04:10 | WARNING  | co2_forecast | Very few sequences (3), LSTM may not train well
2026-08-23 23:04:10 | WARNING  | co2_forecast | Very few sequences (4), LSTM may not train well
2026-08-23 23:04:10 | WARNING  | co2_forecast | Very few sequences (8), LSTM may not train well
2026-08-23 23:04:11 | WARNING  | co2_forecast | Very few sequences (4), LSTM may not train well
2026-08-23 23:04:11 | WARNING  | co2_forecast | Very few sequences (4), LSTM may not train well
2026-08-23 23:04:11 | WARNING  | co2_forecast | Very few sequences (4), LSTM may not train well
2026-08-23 23:04:11 | WARNING  | co2_forecast | Very few sequences (8), LSTM may not train well
2026-08-23 23:04:12 | WARNING  | co2_forecast | Very few sequences (4), LSTM may not train well
2026-08-23 23:04:13 | WARNING  | co2_forecast | Very few sequences (4), LSTM may not train well
2026-08-23 23:04:13 | WARNING  | co2_forecast | Very few sequences (3), LSTM may not train well
2026-08-23 23:04:13 | WARNING  | co2_forecast | Very few sequences (7), LSTM may not train well
2026-08-23 23:04:13 | WARNING  | co2_forecast | Very few sequences (3), LSTM may not train well
2026-08-23 23:04:13 | WARNING  | co2_forecast | Very few sequences (3), LSTM may not train well
2026-08-23 23:04:13 | WARNING  | co2_forecast | Very few sequences (4), LSTM may not train well
2026-08-23 23:04:13 | WARNING  | co2_forecast | Very few sequences (8), LSTM may not train well
2026-08-23 23:04:14 | WARNING  | co2_forecast | Very few sequences (4), LSTM may not train well
2026-08-23 23:04:14 | WARNING  | co2_forecast | Very few sequences (4), LSTM may not train well
2026-08-23 23:04:14 | WARNING  | co2_forecast | Very few sequences (4), LSTM may not train well
2026-08-23 23:04:14 | WARNING  | co2_forecast | Very few sequences (8), LSTM may not train well
2026-08-23 23:04:15 | WARNING  | co2_forecast | Very few sequences (4), LSTM may not train well
2026-08-23 23:04:16 | WARNING  | co2_forecast | Very few sequences (4), LSTM may not train well
2026-08-23 23:04:16 | WARNING  | co2_forecast | Very few sequences (4), LSTM may not train well
2026-08-23 23:04:16 | WARNING  | co2_forecast | Very few sequences (8), LSTM may not train well
2026-08-23 23:04:16 | WARNING  | co2_forecast | Very few sequences (4), LSTM may not train well
2026-08-23 23:04:16 | WARNING  | co2_forecast | Very few sequences (4), LSTM may not train well
2026-08-23 23:04:16 | WARNING  | co2_forecast | Very few sequences (4), LSTM may not train well
2026-08-23 23:04:16 | WARNING  | co2_forecast | Very few sequences (8), LSTM may not train well
2026-08-23 23:04:16 | WARNING  | co2_forecast | Very few sequences (4), LSTM may not train well
2026-08-23 23:04:17 | WARNING  | co2_forecast | Very few sequences (4), LSTM may not train well
2026-08-23 23:04:17 | WARNING  | co2_forecast | Very few sequences (3), LSTM may not train well
2026-08-23 23:04:17 | WARNING  | co2_forecast | Very few sequences (7), LSTM may not train well
2026-08-23 23:04:17 | WARNING  | co2_forecast | Very few sequences (3), LSTM may not train well
2026-08-23 23:04:17 | WARNING  | co2_forecast | Very few sequences (3), LSTM may not train well
2026-08-23 23:04:17 | WARNING  | co2_forecast | Very few sequences (4), LSTM may not train well
2026-08-23 23:04:17 | WARNING  | co2_forecast | Very few sequences (8), LSTM may not train well
2026-08-23 23:04:18 | WARNING  | co2_forecast | Very few sequences (4), LSTM may not train well
2026-08-23 23:04:19 | WARNING  | co2_forecast | Very few sequences (4), LSTM may not train well
2026-08-23 23:04:19 | WARNING  | co2_forecast | Very few sequences (4), LSTM may not train well
2026-08-23 23:04:19 | WARNING  | co2_forecast | Very few sequences (8), LSTM may not train well
2026-08-23 23:04:19 | WARNING  | co2_forecast | Very few sequences (4), LSTM may not train well
2026-08-23 23:04:20 | WARNING  | co2_forecast | Very few sequences (4), LSTM may not train well
2026-08-23 23:04:20 | WARNING  | co2_forecast | Very few sequences (4), LSTM may not train well
2026-08-23 23:04:20 | WARNING  | co2_forecast | Very few sequences (8), LSTM may not train well
2026-08-23 23:04:21 | WARNING  | co2_forecast | Very few sequences (4), LSTM may not train well
2026-08-23 23:04:21 | WARNING  | co2_forecast | Very few sequences (4), LSTM may not train well
2026-08-23 23:04:21 | WARNING  | co2_forecast | Very few sequences (4), LSTM may not train well
2026-08-23 23:04:21 | WARNING  | co2_forecast | Very few sequences (8), LSTM may not train well
2026-08-23 23:04:21 | WARNING  | co2_forecast | Very few sequences (4), LSTM may not train well
2026-08-23 23:04:22 | WARNING  | co2_forecast | Very few sequences (4), LSTM may not train well
2026-08-23 23:04:22 | WARNING  | co2_forecast | Very few sequences (4), LSTM may not train well
2026-08-23 23:04:22 | WARNING  | co2_forecast | Very few sequences (8), LSTM may not train well
2026-08-23 23:04:22 | WARNING  | co2_forecast | Very few sequences (4), LSTM may not train well
2026-08-23 23:04:23 | WARNING  | co2_forecast | Very few sequences (4), LSTM may not train well
2026-08-23 23:04:23 | WARNING  | co2_forecast | Very few sequences (4), LSTM may not train well
2026-08-23 23:04:23 | WARNING  | co2_forecast | Very few sequences (8), LSTM may not train well
2026-08-23 23:04:23 | WARNING  | co2_forecast | Very few sequences (4), LSTM may not train well
2026-08-23 23:04:23 | WARNING  | co2_forecast | Very few sequences (4), LSTM may not train well
2026-08-23 23:04:23 | WARNING  | co2_forecast | Very few sequences (4), LSTM may not train well
2026-08-23 23:04:23 | WARNING  | co2_forecast | Very few sequences (8), LSTM may not train well
2026-08-23 23:04:23 | WARNING  | co2_forecast | Very few sequences (4), LSTM may not train well
2026-08-23 23:04:23 | WARNING  | co2_forecast | Very few sequences (4), LSTM may not train well
2026-08-23 23:04:24 | WARNING  | co2_forecast | Very few sequences (3), LSTM may not train well
2026-08-23 23:04:24 | WARNING  | co2_forecast | Very few sequences (7), LSTM may not train well
2026-08-23 23:04:24 | WARNING  | co2_forecast | Very few sequences (3), LSTM may not train well
2026-08-23 23:04:24 | WARNING  | co2_forecast | Very few sequences (3), LSTM may not train well
2026-08-23 23:04:24 | INFO     | co2_forecast |   Iteration 5: Best fitness = 0.752421
2026-08-23 23:04:24 | WARNING  | co2_forecast | Very few sequences (4), LSTM may not train well
2026-08-23 23:04:24 | WARNING  | co2_forecast | Very few sequences (8), LSTM may not train well
2026-08-23 23:04:25 | WARNING  | co2_forecast | Very few sequences (4), LSTM may not train well
2026-08-23 23:04:26 | WARNING  | co2_forecast | Very few sequences (4), LSTM may not train well
2026-08-23 23:04:26 | WARNING  | co2_forecast | Very few sequences (4), LSTM may not train well
2026-08-23 23:04:26 | WARNING  | co2_forecast | Very few sequences (8), LSTM may not train well
2026-08-23 23:04:26 | WARNING  | co2_forecast | Very few sequences (4), LSTM may not train well
2026-08-23 23:04:27 | WARNING  | co2_forecast | Very few sequences (4), LSTM may not train well
2026-08-23 23:04:27 | WARNING  | co2_forecast | Very few sequences (4), LSTM may not train well
2026-08-23 23:04:27 | WARNING  | co2_forecast | Very few sequences (8), LSTM may not train well
2026-08-23 23:04:28 | WARNING  | co2_forecast | Very few sequences (4), LSTM may not train well
2026-08-23 23:04:28 | WARNING  | co2_forecast | Very few sequences (4), LSTM may not train well
2026-08-23 23:04:28 | WARNING  | co2_forecast | Very few sequences (4), LSTM may not train well
2026-08-23 23:04:28 | WARNING  | co2_forecast | Very few sequences (8), LSTM may not train well
2026-08-23 23:04:29 | WARNING  | co2_forecast | Very few sequences (4), LSTM may not train well
2026-08-23 23:04:29 | WARNING  | co2_forecast | Very few sequences (4), LSTM may not train well
2026-08-23 23:04:30 | WARNING  | co2_forecast | Very few sequences (4), LSTM may not train well
2026-08-23 23:04:30 | WARNING  | co2_forecast | Very few sequences (8), LSTM may not train well
2026-08-23 23:04:30 | WARNING  | co2_forecast | Very few sequences (4), LSTM may not train well
2026-08-23 23:04:30 | WARNING  | co2_forecast | Very few sequences (4), LSTM may not train well
2026-08-23 23:04:30 | WARNING  | co2_forecast | Very few sequences (4), LSTM may not train well
2026-08-23 23:04:30 | WARNING  | co2_forecast | Very few sequences (8), LSTM may not train well
2026-08-23 23:04:30 | WARNING  | co2_forecast | Very few sequences (4), LSTM may not train well
2026-08-23 23:04:30 | WARNING  | co2_forecast | Very few sequences (4), LSTM may not train well
2026-08-23 23:04:30 | WARNING  | co2_forecast | Very few sequences (4), LSTM may not train well
2026-08-23 23:04:30 | WARNING  | co2_forecast | Very few sequences (8), LSTM may not train well
2026-08-23 23:04:30 | WARNING  | co2_forecast | Very few sequences (4), LSTM may not train well
2026-08-23 23:04:31 | WARNING  | co2_forecast | Very few sequences (4), LSTM may not train well
2026-08-23 23:04:31 | WARNING  | co2_forecast | Very few sequences (4), LSTM may not train well
2026-08-23 23:04:31 | WARNING  | co2_forecast | Very few sequences (8), LSTM may not train well
2026-08-23 23:04:31 | WARNING  | co2_forecast | Very few sequences (4), LSTM may not train well
2026-08-23 23:04:32 | WARNING  | co2_forecast | Very few sequences (4), LSTM may not train well
2026-08-23 23:04:32 | WARNING  | co2_forecast | Very few sequences (4), LSTM may not train well
2026-08-23 23:04:32 | WARNING  | co2_forecast | Very few sequences (8), LSTM may not train well
2026-08-23 23:04:32 | WARNING  | co2_forecast | Very few sequences (4), LSTM may not train well
2026-08-23 23:04:32 | WARNING  | co2_forecast | Very few sequences (4), LSTM may not train well
2026-08-23 23:04:32 | WARNING  | co2_forecast | Very few sequences (4), LSTM may not train well
2026-08-23 23:04:32 | WARNING  | co2_forecast | Very few sequences (8), LSTM may not train well
2026-08-23 23:04:33 | WARNING  | co2_forecast | Very few sequences (4), LSTM may not train well
2026-08-23 23:04:34 | WARNING  | co2_forecast | Very few sequences (4), LSTM may not train well
2026-08-23 23:04:34 | WARNING  | co2_forecast | Very few sequences (4), LSTM may not train well
2026-08-23 23:04:34 | WARNING  | co2_forecast | Very few sequences (8), LSTM may not train well
2026-08-23 23:04:35 | WARNING  | co2_forecast | Very few sequences (4), LSTM may not train well
2026-08-23 23:04:35 | WARNING  | co2_forecast | Very few sequences (4), LSTM may not train well
2026-08-23 23:04:35 | WARNING  | co2_forecast | Very few sequences (4), LSTM may not train well
2026-08-23 23:04:35 | WARNING  | co2_forecast | Very few sequences (8), LSTM may not train well
2026-08-23 23:04:36 | WARNING  | co2_forecast | Very few sequences (4), LSTM may not train well
2026-08-23 23:04:36 | WARNING  | co2_forecast | Very few sequences (4), LSTM may not train well
2026-08-23 23:04:36 | WARNING  | co2_forecast | Very few sequences (4), LSTM may not train well
2026-08-23 23:04:36 | WARNING  | co2_forecast | Very few sequences (8), LSTM may not train well
2026-08-23 23:04:37 | WARNING  | co2_forecast | Very few sequences (4), LSTM may not train well
2026-08-23 23:04:37 | WARNING  | co2_forecast | Very few sequences (4), LSTM may not train well
2026-08-23 23:04:37 | WARNING  | co2_forecast | Very few sequences (4), LSTM may not train well
2026-08-23 23:04:37 | WARNING  | co2_forecast | Very few sequences (8), LSTM may not train well
2026-08-23 23:04:38 | WARNING  | co2_forecast | Very few sequences (4), LSTM may not train well
2026-08-23 23:04:38 | WARNING  | co2_forecast | Very few sequences (4), LSTM may not train well
2026-08-23 23:04:38 | WARNING  | co2_forecast | Very few sequences (4), LSTM may not train well
2026-08-23 23:04:38 | WARNING  | co2_forecast | Very few sequences (8), LSTM may not train well
2026-08-23 23:04:38 | WARNING  | co2_forecast | Very few sequences (4), LSTM may not train well
2026-08-23 23:04:38 | WARNING  | co2_forecast | Very few sequences (4), LSTM may not train well
2026-08-23 23:04:38 | WARNING  | co2_forecast | Very few sequences (4), LSTM may not train well
2026-08-23 23:04:38 | WARNING  | co2_forecast | Very few sequences (8), LSTM may not train well
2026-08-23 23:04:39 | WARNING  | co2_forecast | Very few sequences (4), LSTM may not train well
2026-08-23 23:04:39 | WARNING  | co2_forecast | Very few sequences (4), LSTM may not train well
2026-08-23 23:04:39 | WARNING  | co2_forecast | Very few sequences (4), LSTM may not train well
2026-08-23 23:04:39 | WARNING  | co2_forecast | Very few sequences (8), LSTM may not train well
2026-08-23 23:04:39 | WARNING  | co2_forecast | Very few sequences (4), LSTM may not train well
2026-08-23 23:04:40 | WARNING  | co2_forecast | Very few sequences (4), LSTM may not train well
2026-08-23 23:04:40 | WARNING  | co2_forecast | Very few sequences (4), LSTM may not train well
2026-08-23 23:04:40 | WARNING  | co2_forecast | Very few sequences (8), LSTM may not train well
2026-08-23 23:04:40 | WARNING  | co2_forecast | Very few sequences (4), LSTM may not train well
2026-08-23 23:04:41 | WARNING  | co2_forecast | Very few sequences (4), LSTM may not train well
2026-08-23 23:04:41 | WARNING  | co2_forecast | Very few sequences (4), LSTM may not train well
2026-08-23 23:04:41 | WARNING  | co2_forecast | Very few sequences (8), LSTM may not train well
2026-08-23 23:04:41 | WARNING  | co2_forecast | Very few sequences (4), LSTM may not train well
2026-08-23 23:04:42 | WARNING  | co2_forecast | Very few sequences (4), LSTM may not train well
2026-08-23 23:04:42 | WARNING  | co2_forecast | Very few sequences (4), LSTM may not train well
2026-08-23 23:04:42 | WARNING  | co2_forecast | Very few sequences (8), LSTM may not train well
2026-08-23 23:04:43 | WARNING  | co2_forecast | Very few sequences (4), LSTM may not train well
2026-08-23 23:04:43 | WARNING  | co2_forecast | Very few sequences (4), LSTM may not train well
2026-08-23 23:04:43 | WARNING  | co2_forecast | Very few sequences (4), LSTM may not train well
2026-08-23 23:04:44 | WARNING  | co2_forecast | Very few sequences (8), LSTM may not train well
2026-08-23 23:04:44 | WARNING  | co2_forecast | Very few sequences (4), LSTM may not train well
2026-08-23 23:04:44 | WARNING  | co2_forecast | Very few sequences (4), LSTM may not train well
2026-08-23 23:04:44 | WARNING  | co2_forecast | Very few sequences (4), LSTM may not train well
2026-08-23 23:04:44 | WARNING  | co2_forecast | Very few sequences (8), LSTM may not train well
2026-08-23 23:04:44 | WARNING  | co2_forecast | Very few sequences (4), LSTM may not train well
2026-08-23 23:04:44 | WARNING  | co2_forecast | Very few sequences (4), LSTM may not train well
2026-08-23 23:04:44 | WARNING  | co2_forecast | Very few sequences (4), LSTM may not train well
2026-08-23 23:04:44 | WARNING  | co2_forecast | Very few sequences (8), LSTM may not train well
2026-08-23 23:04:44 | WARNING  | co2_forecast | Very few sequences (4), LSTM may not train well
2026-08-23 23:04:44 | WARNING  | co2_forecast | Very few sequences (4), LSTM may not train well
2026-08-23 23:04:44 | WARNING  | co2_forecast | Very few sequences (4), LSTM may not train well
2026-08-23 23:04:45 | WARNING  | co2_forecast | Very few sequences (8), LSTM may not train well
2026-08-23 23:04:45 | WARNING  | co2_forecast | Very few sequences (4), LSTM may not train well
2026-08-23 23:04:46 | WARNING  | co2_forecast | Very few sequences (4), LSTM may not train well
2026-08-23 23:04:46 | WARNING  | co2_forecast | Very few sequences (4), LSTM may not train well
2026-08-23 23:04:46 | WARNING  | co2_forecast | Very few sequences (8), LSTM may not train well
2026-08-23 23:04:46 | WARNING  | co2_forecast | Very few sequences (4), LSTM may not train well
2026-08-23 23:04:46 | WARNING  | co2_forecast | Very few sequences (4), LSTM may not train well
2026-08-23 23:04:46 | WARNING  | co2_forecast | Very few sequences (4), LSTM may not train well
2026-08-23 23:04:46 | WARNING  | co2_forecast | Very few sequences (8), LSTM may not train well
2026-08-23 23:04:47 | WARNING  | co2_forecast | Very few sequences (4), LSTM may not train well
2026-08-23 23:04:47 | WARNING  | co2_forecast | Very few sequences (4), LSTM may not train well
2026-08-23 23:04:47 | WARNING  | co2_forecast | Very few sequences (4), LSTM may not train well
2026-08-23 23:04:47 | WARNING  | co2_forecast | Very few sequences (8), LSTM may not train well
2026-08-23 23:04:48 | WARNING  | co2_forecast | Very few sequences (4), LSTM may not train well
2026-08-23 23:04:49 | WARNING  | co2_forecast | Very few sequences (4), LSTM may not train well
2026-08-23 23:04:49 | WARNING  | co2_forecast | Very few sequences (4), LSTM may not train well
2026-08-23 23:04:49 | WARNING  | co2_forecast | Very few sequences (8), LSTM may not train well
2026-08-23 23:04:49 | WARNING  | co2_forecast | Very few sequences (4), LSTM may not train well
2026-08-23 23:04:49 | WARNING  | co2_forecast | Very few sequences (4), LSTM may not train well
2026-08-23 23:04:49 | WARNING  | co2_forecast | Very few sequences (4), LSTM may not train well
2026-08-23 23:04:49 | WARNING  | co2_forecast | Very few sequences (8), LSTM may not train well
2026-08-23 23:04:49 | WARNING  | co2_forecast | Very few sequences (4), LSTM may not train well
2026-08-23 23:04:49 | WARNING  | co2_forecast | Very few sequences (4), LSTM may not train well
2026-08-23 23:04:49 | WARNING  | co2_forecast | Very few sequences (4), LSTM may not train well
2026-08-23 23:04:49 | WARNING  | co2_forecast | Very few sequences (8), LSTM may not train well
2026-08-23 23:04:50 | WARNING  | co2_forecast | Very few sequences (4), LSTM may not train well
2026-08-23 23:04:50 | WARNING  | co2_forecast | Very few sequences (4), LSTM may not train well
2026-08-23 23:04:50 | WARNING  | co2_forecast | Very few sequences (4), LSTM may not train well
2026-08-23 23:04:50 | WARNING  | co2_forecast | Very few sequences (8), LSTM may not train well
2026-08-23 23:04:50 | WARNING  | co2_forecast | Very few sequences (4), LSTM may not train well
2026-08-23 23:04:50 | WARNING  | co2_forecast | Very few sequences (4), LSTM may not train well
2026-08-23 23:04:50 | WARNING  | co2_forecast | Very few sequences (4), LSTM may not train well
2026-08-23 23:04:50 | WARNING  | co2_forecast | Very few sequences (8), LSTM may not train well
2026-08-23 23:04:50 | WARNING  | co2_forecast | Very few sequences (4), LSTM may not train well
2026-08-23 23:04:50 | WARNING  | co2_forecast | Very few sequences (4), LSTM may not train well
2026-08-23 23:04:50 | INFO     | co2_forecast |   Iteration 9: Best fitness = 0.751806
2026-08-23 23:04:50 | INFO     | co2_forecast | PSO complete. Best fitness: 0.751806
2026-08-23 23:04:50 | INFO     | co2_forecast |   Best params: {'lookback': 4, 'hidden_size': 18, 'num_layers': 2, 'dropout': 0.26513421354797406, 'learning_rate': 0.0001, 'batch_size': 8}
2026-08-23 23:04:50 | INFO     | co2_forecast |   Best fitness: 0.751806
2026-08-23 23:04:50 | INFO     | co2_forecast | [A3_no_genmix/panel2_common_period/all_features/lstm] sweep tuning: best_params={'lookback': 4, 'hidden_size': 18, 'num_layers': 2, 'dropout': 0.26513421354797406, 'learning_rate': 0.0001, 'batch_size': 8}
2026-08-23 23:04:53 | INFO     | co2_forecast |   lstm -> weighted_mase=1.0245652540035226
2026-08-23 23:04:53 | INFO     | co2_forecast | Variant A3_no_genmix complete in 455.3s
2026-08-23 23:04:53 | INFO     | co2_forecast | --- Variant A3_CI_only: 16 features ---
2026-08-23 23:04:53 | INFO     | co2_forecast | Creating walk-forward splits for 16 valid samples
2026-08-23 23:04:53 | INFO     | co2_forecast | Created 4 CV folds across horizons [1, 2, 4]
2026-08-23 23:04:53 | INFO     | co2_forecast | Built tuning CV plan: 4 folds from 16 rows before 2022-Q%q (evaluation cutoff) - isolation OK (max tuning date 2021-Q%q)
2026-08-23 23:04:53 | INFO     | co2_forecast | Optimizing ridge...
2026-08-23 23:04:53 | INFO     | co2_forecast | Starting PSO: 8 particles, 10 iterations
2026-08-23 23:04:53 | INFO     | co2_forecast |   Iteration 0: Best fitness = 2.414640
2026-08-23 23:04:54 | INFO     | co2_forecast |   Iteration 5: Best fitness = 2.084178
2026-08-23 23:04:54 | INFO     | co2_forecast |   Iteration 9: Best fitness = 2.084178
2026-08-23 23:04:54 | INFO     | co2_forecast | PSO complete. Best fitness: 2.084178
2026-08-23 23:04:54 | INFO     | co2_forecast |   Best params: {'alpha': 100.0}
2026-08-23 23:04:54 | INFO     | co2_forecast |   Best fitness: 2.084178
2026-08-23 23:04:54 | INFO     | co2_forecast | [A3_CI_only/panel2_common_period/all_features/ridge] sweep tuning: best_params={'alpha': 100.0}
2026-08-23 23:04:54 | INFO     | co2_forecast |   ridge -> weighted_mase=0.8511949739095892
2026-08-23 23:04:54 | INFO     | co2_forecast | Creating walk-forward splits for 16 valid samples
2026-08-23 23:04:54 | INFO     | co2_forecast | Created 4 CV folds across horizons [1, 2, 4]
2026-08-23 23:04:54 | INFO     | co2_forecast | Built tuning CV plan: 4 folds from 16 rows before 2022-Q%q (evaluation cutoff) - isolation OK (max tuning date 2021-Q%q)
2026-08-23 23:04:54 | INFO     | co2_forecast | Optimizing random_forest...
2026-08-23 23:04:54 | INFO     | co2_forecast | Starting PSO: 8 particles, 10 iterations
2026-08-23 23:04:59 | INFO     | co2_forecast |   Iteration 0: Best fitness = 0.678501
2026-08-23 23:05:16 | INFO     | co2_forecast |   Iteration 5: Best fitness = 0.321403
2026-08-23 23:05:28 | INFO     | co2_forecast |   Iteration 9: Best fitness = 0.318985
2026-08-23 23:05:28 | INFO     | co2_forecast | PSO complete. Best fitness: 0.318985
2026-08-23 23:05:28 | INFO     | co2_forecast |   Best params: {'n_estimators': 51, 'max_depth': 3, 'min_samples_split': 2, 'min_samples_leaf': 1}
2026-08-23 23:05:28 | INFO     | co2_forecast |   Best fitness: 0.318985
2026-08-23 23:05:28 | INFO     | co2_forecast | [A3_CI_only/panel2_common_period/all_features/random_forest] sweep tuning: best_params={'n_estimators': 51, 'max_depth': 3, 'min_samples_split': 2, 'min_samples_leaf': 1}
2026-08-23 23:05:29 | INFO     | co2_forecast |   random_forest -> weighted_mase=0.679121467605586
2026-08-23 23:05:29 | INFO     | co2_forecast | Creating walk-forward splits for 16 valid samples
2026-08-23 23:05:29 | INFO     | co2_forecast | Created 4 CV folds across horizons [1, 2, 4]
2026-08-23 23:05:29 | INFO     | co2_forecast | Built tuning CV plan: 4 folds from 16 rows before 2022-Q%q (evaluation cutoff) - isolation OK (max tuning date 2021-Q%q)
2026-08-23 23:05:29 | INFO     | co2_forecast | Optimizing catboost...
2026-08-23 23:05:29 | INFO     | co2_forecast | Starting PSO: 8 particles, 10 iterations
2026-08-23 23:06:04 | INFO     | co2_forecast |   Iteration 0: Best fitness = 0.300767
2026-08-23 23:08:25 | INFO     | co2_forecast |   Iteration 5: Best fitness = 0.291223
2026-08-23 23:10:16 | INFO     | co2_forecast |   Iteration 9: Best fitness = 0.284572
2026-08-23 23:10:16 | INFO     | co2_forecast | PSO complete. Best fitness: 0.284572
2026-08-23 23:10:16 | INFO     | co2_forecast |   Best params: {'iterations': 100, 'learning_rate': 0.20014316603857316, 'depth': 3, 'l2_leaf_reg': 8.385785033857136}
2026-08-23 23:10:16 | INFO     | co2_forecast |   Best fitness: 0.284572
2026-08-23 23:10:16 | INFO     | co2_forecast | [A3_CI_only/panel2_common_period/all_features/catboost] sweep tuning: best_params={'iterations': 100, 'learning_rate': 0.20014316603857316, 'depth': 3, 'l2_leaf_reg': 8.385785033857136}
2026-08-23 23:10:22 | INFO     | co2_forecast |   catboost -> weighted_mase=0.5890672491185793
2026-08-23 23:10:22 | INFO     | co2_forecast | Creating walk-forward splits for 16 valid samples
2026-08-23 23:10:22 | INFO     | co2_forecast | Created 4 CV folds across horizons [1, 2, 4]
2026-08-23 23:10:22 | INFO     | co2_forecast | Built tuning CV plan: 4 folds from 16 rows before 2022-Q%q (evaluation cutoff) - isolation OK (max tuning date 2021-Q%q)
2026-08-23 23:10:22 | INFO     | co2_forecast | Optimizing lightgbm...
2026-08-23 23:10:22 | INFO     | co2_forecast | Starting PSO: 8 particles, 10 iterations
2026-08-23 23:10:22 | INFO     | co2_forecast |   Iteration 0: Best fitness = 0.768990
2026-08-23 23:10:23 | INFO     | co2_forecast |   Iteration 5: Best fitness = 0.655253
2026-08-23 23:10:23 | INFO     | co2_forecast |   Iteration 9: Best fitness = 0.655253
2026-08-23 23:10:23 | INFO     | co2_forecast | PSO complete. Best fitness: 0.655253
2026-08-23 23:10:23 | INFO     | co2_forecast |   Best params: {'n_estimators': 50, 'learning_rate': 0.298896419948602, 'num_leaves': 127, 'max_depth': 3, 'min_child_samples': 5, 'reg_alpha': 0.001, 'reg_lambda': 0.001}
2026-08-23 23:10:23 | INFO     | co2_forecast |   Best fitness: 0.655253
2026-08-23 23:10:23 | INFO     | co2_forecast | [A3_CI_only/panel2_common_period/all_features/lightgbm] sweep tuning: best_params={'n_estimators': 50, 'learning_rate': 0.298896419948602, 'num_leaves': 127, 'max_depth': 3, 'min_child_samples': 5, 'reg_alpha': 0.001, 'reg_lambda': 0.001}
2026-08-23 23:10:23 | INFO     | co2_forecast |   lightgbm -> weighted_mase=0.6628107013701421
2026-08-23 23:10:23 | INFO     | co2_forecast | Creating walk-forward splits for 16 valid samples
2026-08-23 23:10:23 | INFO     | co2_forecast | Created 4 CV folds across horizons [1, 2, 4]
2026-08-23 23:10:23 | INFO     | co2_forecast | Built tuning CV plan: 4 folds from 16 rows before 2022-Q%q (evaluation cutoff) - isolation OK (max tuning date 2021-Q%q)
2026-08-23 23:10:23 | INFO     | co2_forecast | Optimizing lstm...
2026-08-23 23:10:23 | INFO     | co2_forecast | Starting PSO: 8 particles, 10 iterations
2026-08-23 23:10:23 | WARNING  | co2_forecast | Model training failed with params {'lookback': 7, 'hidden_size': 62, 'num_layers': 2, 'dropout': 0.3394633936788146, 'learning_rate': 0.0016445845403801217, 'batch_size': 8}: LSTM.fit: training data has 8 rows, giving only 1 sequence(s) with lookback=7; at least 2 are required (one is always reserved for validation). Reduce lookback or provide more training history.
2026-08-23 23:10:23 | WARNING  | co2_forecast | Model training failed with params {'lookback': 11, 'hidden_size': 26, 'num_layers': 1, 'dropout': 0.17336180394137352, 'learning_rate': 0.0031119982052994237, 'batch_size': 16}: LSTM.fit: training data has 8 rows, giving only 0 sequence(s) with lookback=11; at least 2 are required (one is always reserved for validation). Reduce lookback or provide more training history.
2026-08-23 23:10:23 | WARNING  | co2_forecast | Model training failed with params {'lookback': 8, 'hidden_size': 54, 'num_layers': 1, 'dropout': 0.3056937753654446, 'learning_rate': 0.005964904231734221, 'batch_size': 8}: LSTM.fit: training data has 8 rows, giving only 0 sequence(s) with lookback=8; at least 2 are required (one is always reserved for validation). Reduce lookback or provide more training history.
2026-08-23 23:10:23 | WARNING  | co2_forecast | Very few sequences (2), LSTM may not train well
2026-08-23 23:10:23 | WARNING  | co2_forecast | Very few sequences (6), LSTM may not train well
2026-08-23 23:10:23 | WARNING  | co2_forecast | Very few sequences (2), LSTM may not train well
2026-08-23 23:10:23 | WARNING  | co2_forecast | Very few sequences (2), LSTM may not train well
2026-08-23 23:10:24 | WARNING  | co2_forecast | Model training failed with params {'lookback': 8, 'hidden_size': 25, 'num_layers': 2, 'dropout': 0.4100531293444458, 'learning_rate': 0.009401039521485473, 'batch_size': 32}: LSTM.fit: training data has 8 rows, giving only 0 sequence(s) with lookback=8; at least 2 are required (one is always reserved for validation). Reduce lookback or provide more training history.
2026-08-23 23:10:24 | WARNING  | co2_forecast | Model training failed with params {'lookback': 7, 'hidden_size': 29, 'num_layers': 2, 'dropout': 0.2427013306774357, 'learning_rate': 0.0028812516459050695, 'batch_size': 16}: LSTM.fit: training data has 8 rows, giving only 1 sequence(s) with lookback=7; at least 2 are required (one is always reserved for validation). Reduce lookback or provide more training history.
2026-08-23 23:10:24 | WARNING  | co2_forecast | Very few sequences (4), LSTM may not train well
2026-08-23 23:10:24 | WARNING  | co2_forecast | Very few sequences (8), LSTM may not train well
2026-08-23 23:10:24 | WARNING  | co2_forecast | Very few sequences (4), LSTM may not train well
2026-08-23 23:10:24 | WARNING  | co2_forecast | Very few sequences (4), LSTM may not train well
2026-08-23 23:10:24 | WARNING  | co2_forecast | Very few sequences (2), LSTM may not train well
2026-08-23 23:10:24 | WARNING  | co2_forecast | Very few sequences (6), LSTM may not train well
2026-08-23 23:10:24 | WARNING  | co2_forecast | Very few sequences (2), LSTM may not train well
2026-08-23 23:10:24 | WARNING  | co2_forecast | Very few sequences (2), LSTM may not train well
2026-08-23 23:10:24 | INFO     | co2_forecast |   Iteration 0: Best fitness = 1.107058
2026-08-23 23:10:24 | WARNING  | co2_forecast | Very few sequences (3), LSTM may not train well
2026-08-23 23:10:24 | WARNING  | co2_forecast | Very few sequences (7), LSTM may not train well
2026-08-23 23:10:24 | WARNING  | co2_forecast | Very few sequences (3), LSTM may not train well
2026-08-23 23:10:25 | WARNING  | co2_forecast | Very few sequences (3), LSTM may not train well
2026-08-23 23:10:25 | WARNING  | co2_forecast | Very few sequences (2), LSTM may not train well
2026-08-23 23:10:25 | WARNING  | co2_forecast | Very few sequences (6), LSTM may not train well
2026-08-23 23:10:25 | WARNING  | co2_forecast | Very few sequences (2), LSTM may not train well
2026-08-23 23:10:25 | WARNING  | co2_forecast | Very few sequences (2), LSTM may not train well
2026-08-23 23:10:25 | WARNING  | co2_forecast | Model training failed with params {'lookback': 8, 'hidden_size': 44, 'num_layers': 1, 'dropout': 0.3238975389966341, 'learning_rate': 0.005520634690128072, 'batch_size': 8}: LSTM.fit: training data has 8 rows, giving only 0 sequence(s) with lookback=8; at least 2 are required (one is always reserved for validation). Reduce lookback or provide more training history.
2026-08-23 23:10:25 | WARNING  | co2_forecast | Very few sequences (3), LSTM may not train well
2026-08-23 23:10:26 | WARNING  | co2_forecast | Very few sequences (7), LSTM may not train well
2026-08-23 23:10:26 | WARNING  | co2_forecast | Very few sequences (3), LSTM may not train well
2026-08-23 23:10:26 | WARNING  | co2_forecast | Very few sequences (3), LSTM may not train well
2026-08-23 23:10:26 | WARNING  | co2_forecast | Very few sequences (2), LSTM may not train well
2026-08-23 23:10:26 | WARNING  | co2_forecast | Very few sequences (6), LSTM may not train well
2026-08-23 23:10:27 | WARNING  | co2_forecast | Very few sequences (2), LSTM may not train well
2026-08-23 23:10:27 | WARNING  | co2_forecast | Very few sequences (2), LSTM may not train well
2026-08-23 23:10:27 | WARNING  | co2_forecast | Very few sequences (3), LSTM may not train well
2026-08-23 23:10:28 | WARNING  | co2_forecast | Very few sequences (7), LSTM may not train well
2026-08-23 23:10:28 | WARNING  | co2_forecast | Very few sequences (3), LSTM may not train well
2026-08-23 23:10:28 | WARNING  | co2_forecast | Very few sequences (3), LSTM may not train well
2026-08-23 23:10:28 | WARNING  | co2_forecast | Very few sequences (4), LSTM may not train well
2026-08-23 23:10:28 | WARNING  | co2_forecast | Very few sequences (8), LSTM may not train well
2026-08-23 23:10:28 | WARNING  | co2_forecast | Very few sequences (4), LSTM may not train well
2026-08-23 23:10:28 | WARNING  | co2_forecast | Very few sequences (4), LSTM may not train well
2026-08-23 23:10:29 | WARNING  | co2_forecast | Very few sequences (2), LSTM may not train well
2026-08-23 23:10:29 | WARNING  | co2_forecast | Very few sequences (6), LSTM may not train well
2026-08-23 23:10:29 | WARNING  | co2_forecast | Very few sequences (2), LSTM may not train well
2026-08-23 23:10:29 | WARNING  | co2_forecast | Very few sequences (2), LSTM may not train well
2026-08-23 23:10:29 | WARNING  | co2_forecast | Very few sequences (4), LSTM may not train well
2026-08-23 23:10:29 | WARNING  | co2_forecast | Very few sequences (8), LSTM may not train well
2026-08-23 23:10:29 | WARNING  | co2_forecast | Very few sequences (4), LSTM may not train well
2026-08-23 23:10:29 | WARNING  | co2_forecast | Very few sequences (4), LSTM may not train well
2026-08-23 23:10:29 | WARNING  | co2_forecast | Very few sequences (4), LSTM may not train well
2026-08-23 23:10:29 | WARNING  | co2_forecast | Very few sequences (8), LSTM may not train well
2026-08-23 23:10:29 | WARNING  | co2_forecast | Very few sequences (4), LSTM may not train well
2026-08-23 23:10:29 | WARNING  | co2_forecast | Very few sequences (4), LSTM may not train well
2026-08-23 23:10:29 | WARNING  | co2_forecast | Model training failed with params {'lookback': 7, 'hidden_size': 33, 'num_layers': 1, 'dropout': 0.3174646446740698, 'learning_rate': 0.004142028037008457, 'batch_size': 16}: LSTM.fit: training data has 8 rows, giving only 1 sequence(s) with lookback=7; at least 2 are required (one is always reserved for validation). Reduce lookback or provide more training history.
2026-08-23 23:10:29 | WARNING  | co2_forecast | Very few sequences (3), LSTM may not train well
2026-08-23 23:10:29 | WARNING  | co2_forecast | Very few sequences (7), LSTM may not train well
2026-08-23 23:10:30 | WARNING  | co2_forecast | Very few sequences (3), LSTM may not train well
2026-08-23 23:10:30 | WARNING  | co2_forecast | Very few sequences (3), LSTM may not train well
2026-08-23 23:10:30 | WARNING  | co2_forecast | Very few sequences (4), LSTM may not train well
2026-08-23 23:10:30 | WARNING  | co2_forecast | Very few sequences (8), LSTM may not train well
2026-08-23 23:10:30 | WARNING  | co2_forecast | Very few sequences (4), LSTM may not train well
2026-08-23 23:10:30 | WARNING  | co2_forecast | Very few sequences (4), LSTM may not train well
2026-08-23 23:10:30 | WARNING  | co2_forecast | Very few sequences (4), LSTM may not train well
2026-08-23 23:10:30 | WARNING  | co2_forecast | Very few sequences (8), LSTM may not train well
2026-08-23 23:10:31 | WARNING  | co2_forecast | Very few sequences (4), LSTM may not train well
2026-08-23 23:10:31 | WARNING  | co2_forecast | Very few sequences (4), LSTM may not train well
2026-08-23 23:10:31 | WARNING  | co2_forecast | Very few sequences (3), LSTM may not train well
2026-08-23 23:10:31 | WARNING  | co2_forecast | Very few sequences (7), LSTM may not train well
2026-08-23 23:10:31 | WARNING  | co2_forecast | Very few sequences (3), LSTM may not train well
2026-08-23 23:10:31 | WARNING  | co2_forecast | Very few sequences (3), LSTM may not train well
2026-08-23 23:10:31 | WARNING  | co2_forecast | Very few sequences (3), LSTM may not train well
2026-08-23 23:10:31 | WARNING  | co2_forecast | Very few sequences (7), LSTM may not train well
2026-08-23 23:10:31 | WARNING  | co2_forecast | Very few sequences (3), LSTM may not train well
2026-08-23 23:10:31 | WARNING  | co2_forecast | Very few sequences (3), LSTM may not train well
2026-08-23 23:10:32 | WARNING  | co2_forecast | Very few sequences (4), LSTM may not train well
2026-08-23 23:10:32 | WARNING  | co2_forecast | Very few sequences (8), LSTM may not train well
2026-08-23 23:10:32 | WARNING  | co2_forecast | Very few sequences (4), LSTM may not train well
2026-08-23 23:10:32 | WARNING  | co2_forecast | Very few sequences (4), LSTM may not train well
2026-08-23 23:10:32 | WARNING  | co2_forecast | Very few sequences (4), LSTM may not train well
2026-08-23 23:10:32 | WARNING  | co2_forecast | Very few sequences (8), LSTM may not train well
2026-08-23 23:10:32 | WARNING  | co2_forecast | Very few sequences (4), LSTM may not train well
2026-08-23 23:10:32 | WARNING  | co2_forecast | Very few sequences (4), LSTM may not train well
2026-08-23 23:10:32 | WARNING  | co2_forecast | Very few sequences (2), LSTM may not train well
2026-08-23 23:10:32 | WARNING  | co2_forecast | Very few sequences (6), LSTM may not train well
2026-08-23 23:10:32 | WARNING  | co2_forecast | Very few sequences (2), LSTM may not train well
2026-08-23 23:10:32 | WARNING  | co2_forecast | Very few sequences (2), LSTM may not train well
2026-08-23 23:10:32 | WARNING  | co2_forecast | Very few sequences (4), LSTM may not train well
2026-08-23 23:10:32 | WARNING  | co2_forecast | Very few sequences (8), LSTM may not train well
2026-08-23 23:10:32 | WARNING  | co2_forecast | Very few sequences (4), LSTM may not train well
2026-08-23 23:10:33 | WARNING  | co2_forecast | Very few sequences (4), LSTM may not train well
2026-08-23 23:10:33 | WARNING  | co2_forecast | Very few sequences (4), LSTM may not train well
2026-08-23 23:10:33 | WARNING  | co2_forecast | Very few sequences (8), LSTM may not train well
2026-08-23 23:10:33 | WARNING  | co2_forecast | Very few sequences (4), LSTM may not train well
2026-08-23 23:10:33 | WARNING  | co2_forecast | Very few sequences (4), LSTM may not train well
2026-08-23 23:10:33 | WARNING  | co2_forecast | Very few sequences (4), LSTM may not train well
2026-08-23 23:10:33 | WARNING  | co2_forecast | Very few sequences (8), LSTM may not train well
2026-08-23 23:10:33 | WARNING  | co2_forecast | Very few sequences (4), LSTM may not train well
2026-08-23 23:10:33 | WARNING  | co2_forecast | Very few sequences (4), LSTM may not train well
2026-08-23 23:10:33 | WARNING  | co2_forecast | Very few sequences (4), LSTM may not train well
2026-08-23 23:10:33 | WARNING  | co2_forecast | Very few sequences (8), LSTM may not train well
2026-08-23 23:10:33 | WARNING  | co2_forecast | Very few sequences (4), LSTM may not train well
2026-08-23 23:10:33 | WARNING  | co2_forecast | Very few sequences (4), LSTM may not train well
2026-08-23 23:10:34 | WARNING  | co2_forecast | Very few sequences (3), LSTM may not train well
2026-08-23 23:10:34 | WARNING  | co2_forecast | Very few sequences (7), LSTM may not train well
2026-08-23 23:10:34 | WARNING  | co2_forecast | Very few sequences (3), LSTM may not train well
2026-08-23 23:10:34 | WARNING  | co2_forecast | Very few sequences (3), LSTM may not train well
2026-08-23 23:10:34 | WARNING  | co2_forecast | Very few sequences (4), LSTM may not train well
2026-08-23 23:10:34 | WARNING  | co2_forecast | Very few sequences (8), LSTM may not train well
2026-08-23 23:10:34 | WARNING  | co2_forecast | Very few sequences (4), LSTM may not train well
2026-08-23 23:10:34 | WARNING  | co2_forecast | Very few sequences (4), LSTM may not train well
2026-08-23 23:10:34 | WARNING  | co2_forecast | Very few sequences (4), LSTM may not train well
2026-08-23 23:10:34 | WARNING  | co2_forecast | Very few sequences (8), LSTM may not train well
2026-08-23 23:10:34 | WARNING  | co2_forecast | Very few sequences (4), LSTM may not train well
2026-08-23 23:10:34 | WARNING  | co2_forecast | Very few sequences (4), LSTM may not train well
2026-08-23 23:10:34 | WARNING  | co2_forecast | Very few sequences (3), LSTM may not train well
2026-08-23 23:10:35 | WARNING  | co2_forecast | Very few sequences (7), LSTM may not train well
2026-08-23 23:10:35 | WARNING  | co2_forecast | Very few sequences (3), LSTM may not train well
2026-08-23 23:10:35 | WARNING  | co2_forecast | Very few sequences (3), LSTM may not train well
2026-08-23 23:10:35 | WARNING  | co2_forecast | Very few sequences (4), LSTM may not train well
2026-08-23 23:10:35 | WARNING  | co2_forecast | Very few sequences (8), LSTM may not train well
2026-08-23 23:10:35 | WARNING  | co2_forecast | Very few sequences (4), LSTM may not train well
2026-08-23 23:10:35 | WARNING  | co2_forecast | Very few sequences (4), LSTM may not train well
2026-08-23 23:10:35 | WARNING  | co2_forecast | Very few sequences (4), LSTM may not train well
2026-08-23 23:10:35 | WARNING  | co2_forecast | Very few sequences (8), LSTM may not train well
2026-08-23 23:10:36 | WARNING  | co2_forecast | Very few sequences (4), LSTM may not train well
2026-08-23 23:10:36 | WARNING  | co2_forecast | Very few sequences (4), LSTM may not train well
2026-08-23 23:10:36 | WARNING  | co2_forecast | Very few sequences (4), LSTM may not train well
2026-08-23 23:10:36 | WARNING  | co2_forecast | Very few sequences (8), LSTM may not train well
2026-08-23 23:10:36 | WARNING  | co2_forecast | Very few sequences (4), LSTM may not train well
2026-08-23 23:10:36 | WARNING  | co2_forecast | Very few sequences (4), LSTM may not train well
2026-08-23 23:10:36 | WARNING  | co2_forecast | Very few sequences (4), LSTM may not train well
2026-08-23 23:10:36 | WARNING  | co2_forecast | Very few sequences (8), LSTM may not train well
2026-08-23 23:10:36 | WARNING  | co2_forecast | Very few sequences (4), LSTM may not train well
2026-08-23 23:10:36 | WARNING  | co2_forecast | Very few sequences (4), LSTM may not train well
2026-08-23 23:10:36 | WARNING  | co2_forecast | Very few sequences (3), LSTM may not train well
2026-08-23 23:10:36 | WARNING  | co2_forecast | Very few sequences (7), LSTM may not train well
2026-08-23 23:10:37 | WARNING  | co2_forecast | Very few sequences (3), LSTM may not train well
2026-08-23 23:10:37 | WARNING  | co2_forecast | Very few sequences (3), LSTM may not train well
2026-08-23 23:10:37 | WARNING  | co2_forecast | Very few sequences (4), LSTM may not train well
2026-08-23 23:10:37 | WARNING  | co2_forecast | Very few sequences (8), LSTM may not train well
2026-08-23 23:10:37 | WARNING  | co2_forecast | Very few sequences (4), LSTM may not train well
2026-08-23 23:10:37 | WARNING  | co2_forecast | Very few sequences (4), LSTM may not train well
2026-08-23 23:10:37 | WARNING  | co2_forecast | Very few sequences (4), LSTM may not train well
2026-08-23 23:10:37 | WARNING  | co2_forecast | Very few sequences (8), LSTM may not train well
2026-08-23 23:10:37 | WARNING  | co2_forecast | Very few sequences (4), LSTM may not train well
2026-08-23 23:10:37 | WARNING  | co2_forecast | Very few sequences (4), LSTM may not train well
2026-08-23 23:10:37 | WARNING  | co2_forecast | Very few sequences (4), LSTM may not train well
2026-08-23 23:10:37 | WARNING  | co2_forecast | Very few sequences (8), LSTM may not train well
2026-08-23 23:10:37 | WARNING  | co2_forecast | Very few sequences (4), LSTM may not train well
2026-08-23 23:10:38 | WARNING  | co2_forecast | Very few sequences (4), LSTM may not train well
2026-08-23 23:10:38 | WARNING  | co2_forecast | Very few sequences (4), LSTM may not train well
2026-08-23 23:10:38 | WARNING  | co2_forecast | Very few sequences (8), LSTM may not train well
2026-08-23 23:10:38 | WARNING  | co2_forecast | Very few sequences (4), LSTM may not train well
2026-08-23 23:10:38 | WARNING  | co2_forecast | Very few sequences (4), LSTM may not train well
2026-08-23 23:10:38 | WARNING  | co2_forecast | Very few sequences (4), LSTM may not train well
2026-08-23 23:10:38 | WARNING  | co2_forecast | Very few sequences (8), LSTM may not train well
2026-08-23 23:10:38 | WARNING  | co2_forecast | Very few sequences (4), LSTM may not train well
2026-08-23 23:10:38 | WARNING  | co2_forecast | Very few sequences (4), LSTM may not train well
2026-08-23 23:10:38 | WARNING  | co2_forecast | Very few sequences (4), LSTM may not train well
2026-08-23 23:10:38 | WARNING  | co2_forecast | Very few sequences (8), LSTM may not train well
2026-08-23 23:10:38 | WARNING  | co2_forecast | Very few sequences (4), LSTM may not train well
2026-08-23 23:10:38 | WARNING  | co2_forecast | Very few sequences (4), LSTM may not train well
2026-08-23 23:10:38 | WARNING  | co2_forecast | Very few sequences (4), LSTM may not train well
2026-08-23 23:10:38 | WARNING  | co2_forecast | Very few sequences (8), LSTM may not train well
2026-08-23 23:10:39 | WARNING  | co2_forecast | Very few sequences (4), LSTM may not train well
2026-08-23 23:10:39 | WARNING  | co2_forecast | Very few sequences (4), LSTM may not train well
2026-08-23 23:10:39 | WARNING  | co2_forecast | Very few sequences (3), LSTM may not train well
2026-08-23 23:10:39 | WARNING  | co2_forecast | Very few sequences (7), LSTM may not train well
2026-08-23 23:10:39 | WARNING  | co2_forecast | Very few sequences (3), LSTM may not train well
2026-08-23 23:10:39 | WARNING  | co2_forecast | Very few sequences (3), LSTM may not train well
2026-08-23 23:10:39 | INFO     | co2_forecast |   Iteration 5: Best fitness = 0.763201
2026-08-23 23:10:39 | WARNING  | co2_forecast | Very few sequences (4), LSTM may not train well
2026-08-23 23:10:39 | WARNING  | co2_forecast | Very few sequences (8), LSTM may not train well
2026-08-23 23:10:39 | WARNING  | co2_forecast | Very few sequences (4), LSTM may not train well
2026-08-23 23:10:39 | WARNING  | co2_forecast | Very few sequences (4), LSTM may not train well
2026-08-23 23:10:40 | WARNING  | co2_forecast | Very few sequences (4), LSTM may not train well
2026-08-23 23:10:40 | WARNING  | co2_forecast | Very few sequences (8), LSTM may not train well
2026-08-23 23:10:40 | WARNING  | co2_forecast | Very few sequences (4), LSTM may not train well
2026-08-23 23:10:40 | WARNING  | co2_forecast | Very few sequences (4), LSTM may not train well
2026-08-23 23:10:40 | WARNING  | co2_forecast | Very few sequences (4), LSTM may not train well
2026-08-23 23:10:40 | WARNING  | co2_forecast | Very few sequences (8), LSTM may not train well
2026-08-23 23:10:40 | WARNING  | co2_forecast | Very few sequences (4), LSTM may not train well
2026-08-23 23:10:40 | WARNING  | co2_forecast | Very few sequences (4), LSTM may not train well
2026-08-23 23:10:40 | WARNING  | co2_forecast | Very few sequences (4), LSTM may not train well
2026-08-23 23:10:40 | WARNING  | co2_forecast | Very few sequences (8), LSTM may not train well
2026-08-23 23:10:40 | WARNING  | co2_forecast | Very few sequences (4), LSTM may not train well
2026-08-23 23:10:40 | WARNING  | co2_forecast | Very few sequences (4), LSTM may not train well
2026-08-23 23:10:40 | WARNING  | co2_forecast | Very few sequences (4), LSTM may not train well
2026-08-23 23:10:40 | WARNING  | co2_forecast | Very few sequences (8), LSTM may not train well
2026-08-23 23:10:41 | WARNING  | co2_forecast | Very few sequences (4), LSTM may not train well
2026-08-23 23:10:41 | WARNING  | co2_forecast | Very few sequences (4), LSTM may not train well
2026-08-23 23:10:41 | WARNING  | co2_forecast | Very few sequences (4), LSTM may not train well
2026-08-23 23:10:41 | WARNING  | co2_forecast | Very few sequences (8), LSTM may not train well
2026-08-23 23:10:41 | WARNING  | co2_forecast | Very few sequences (4), LSTM may not train well
2026-08-23 23:10:41 | WARNING  | co2_forecast | Very few sequences (4), LSTM may not train well
2026-08-23 23:10:41 | WARNING  | co2_forecast | Very few sequences (4), LSTM may not train well
2026-08-23 23:10:41 | WARNING  | co2_forecast | Very few sequences (8), LSTM may not train well
2026-08-23 23:10:41 | WARNING  | co2_forecast | Very few sequences (4), LSTM may not train well
2026-08-23 23:10:41 | WARNING  | co2_forecast | Very few sequences (4), LSTM may not train well
2026-08-23 23:10:41 | WARNING  | co2_forecast | Very few sequences (4), LSTM may not train well
2026-08-23 23:10:41 | WARNING  | co2_forecast | Very few sequences (8), LSTM may not train well
2026-08-23 23:10:41 | WARNING  | co2_forecast | Very few sequences (4), LSTM may not train well
2026-08-23 23:10:42 | WARNING  | co2_forecast | Very few sequences (4), LSTM may not train well
2026-08-23 23:10:42 | WARNING  | co2_forecast | Very few sequences (4), LSTM may not train well
2026-08-23 23:10:42 | WARNING  | co2_forecast | Very few sequences (8), LSTM may not train well
2026-08-23 23:10:42 | WARNING  | co2_forecast | Very few sequences (4), LSTM may not train well
2026-08-23 23:10:42 | WARNING  | co2_forecast | Very few sequences (4), LSTM may not train well
2026-08-23 23:10:42 | WARNING  | co2_forecast | Very few sequences (4), LSTM may not train well
2026-08-23 23:10:42 | WARNING  | co2_forecast | Very few sequences (8), LSTM may not train well
2026-08-23 23:10:42 | WARNING  | co2_forecast | Very few sequences (4), LSTM may not train well
2026-08-23 23:10:42 | WARNING  | co2_forecast | Very few sequences (4), LSTM may not train well
2026-08-23 23:10:42 | WARNING  | co2_forecast | Very few sequences (4), LSTM may not train well
2026-08-23 23:10:42 | WARNING  | co2_forecast | Very few sequences (8), LSTM may not train well
2026-08-23 23:10:42 | WARNING  | co2_forecast | Very few sequences (4), LSTM may not train well
2026-08-23 23:10:42 | WARNING  | co2_forecast | Very few sequences (4), LSTM may not train well
2026-08-23 23:10:42 | WARNING  | co2_forecast | Very few sequences (4), LSTM may not train well
2026-08-23 23:10:42 | WARNING  | co2_forecast | Very few sequences (8), LSTM may not train well
2026-08-23 23:10:43 | WARNING  | co2_forecast | Very few sequences (4), LSTM may not train well
2026-08-23 23:10:43 | WARNING  | co2_forecast | Very few sequences (4), LSTM may not train well
2026-08-23 23:10:43 | WARNING  | co2_forecast | Very few sequences (4), LSTM may not train well
2026-08-23 23:10:43 | WARNING  | co2_forecast | Very few sequences (8), LSTM may not train well
2026-08-23 23:10:43 | WARNING  | co2_forecast | Very few sequences (4), LSTM may not train well
2026-08-23 23:10:43 | WARNING  | co2_forecast | Very few sequences (4), LSTM may not train well
2026-08-23 23:10:43 | WARNING  | co2_forecast | Very few sequences (4), LSTM may not train well
2026-08-23 23:10:43 | WARNING  | co2_forecast | Very few sequences (8), LSTM may not train well
2026-08-23 23:10:43 | WARNING  | co2_forecast | Very few sequences (4), LSTM may not train well
2026-08-23 23:10:43 | WARNING  | co2_forecast | Very few sequences (4), LSTM may not train well
2026-08-23 23:10:43 | WARNING  | co2_forecast | Very few sequences (4), LSTM may not train well
2026-08-23 23:10:43 | WARNING  | co2_forecast | Very few sequences (8), LSTM may not train well
2026-08-23 23:10:43 | WARNING  | co2_forecast | Very few sequences (4), LSTM may not train well
2026-08-23 23:10:43 | WARNING  | co2_forecast | Very few sequences (4), LSTM may not train well
2026-08-23 23:10:43 | WARNING  | co2_forecast | Very few sequences (4), LSTM may not train well
2026-08-23 23:10:44 | WARNING  | co2_forecast | Very few sequences (8), LSTM may not train well
2026-08-23 23:10:44 | WARNING  | co2_forecast | Very few sequences (4), LSTM may not train well
2026-08-23 23:10:44 | WARNING  | co2_forecast | Very few sequences (4), LSTM may not train well
2026-08-23 23:10:44 | WARNING  | co2_forecast | Very few sequences (4), LSTM may not train well
2026-08-23 23:10:44 | WARNING  | co2_forecast | Very few sequences (8), LSTM may not train well
2026-08-23 23:10:44 | WARNING  | co2_forecast | Very few sequences (4), LSTM may not train well
2026-08-23 23:10:44 | WARNING  | co2_forecast | Very few sequences (4), LSTM may not train well
2026-08-23 23:10:44 | WARNING  | co2_forecast | Very few sequences (4), LSTM may not train well
2026-08-23 23:10:44 | WARNING  | co2_forecast | Very few sequences (8), LSTM may not train well
2026-08-23 23:10:44 | WARNING  | co2_forecast | Very few sequences (4), LSTM may not train well
2026-08-23 23:10:44 | WARNING  | co2_forecast | Very few sequences (4), LSTM may not train well
2026-08-23 23:10:44 | WARNING  | co2_forecast | Very few sequences (4), LSTM may not train well
2026-08-23 23:10:44 | WARNING  | co2_forecast | Very few sequences (8), LSTM may not train well
2026-08-23 23:10:44 | WARNING  | co2_forecast | Very few sequences (4), LSTM may not train well
2026-08-23 23:10:44 | WARNING  | co2_forecast | Very few sequences (4), LSTM may not train well
2026-08-23 23:10:45 | WARNING  | co2_forecast | Very few sequences (4), LSTM may not train well
2026-08-23 23:10:45 | WARNING  | co2_forecast | Very few sequences (8), LSTM may not train well
2026-08-23 23:10:45 | WARNING  | co2_forecast | Very few sequences (4), LSTM may not train well
2026-08-23 23:10:45 | WARNING  | co2_forecast | Very few sequences (4), LSTM may not train well
2026-08-23 23:10:45 | WARNING  | co2_forecast | Very few sequences (4), LSTM may not train well
2026-08-23 23:10:45 | WARNING  | co2_forecast | Very few sequences (8), LSTM may not train well
2026-08-23 23:10:45 | WARNING  | co2_forecast | Very few sequences (4), LSTM may not train well
2026-08-23 23:10:45 | WARNING  | co2_forecast | Very few sequences (4), LSTM may not train well
2026-08-23 23:10:45 | WARNING  | co2_forecast | Very few sequences (4), LSTM may not train well
2026-08-23 23:10:45 | WARNING  | co2_forecast | Very few sequences (8), LSTM may not train well
2026-08-23 23:10:45 | WARNING  | co2_forecast | Very few sequences (4), LSTM may not train well
2026-08-23 23:10:45 | WARNING  | co2_forecast | Very few sequences (4), LSTM may not train well
2026-08-23 23:10:45 | WARNING  | co2_forecast | Very few sequences (4), LSTM may not train well
2026-08-23 23:10:45 | WARNING  | co2_forecast | Very few sequences (8), LSTM may not train well
2026-08-23 23:10:45 | WARNING  | co2_forecast | Very few sequences (4), LSTM may not train well
2026-08-23 23:10:45 | WARNING  | co2_forecast | Very few sequences (4), LSTM may not train well
2026-08-23 23:10:46 | WARNING  | co2_forecast | Very few sequences (4), LSTM may not train well
2026-08-23 23:10:46 | WARNING  | co2_forecast | Very few sequences (8), LSTM may not train well
2026-08-23 23:10:46 | WARNING  | co2_forecast | Very few sequences (4), LSTM may not train well
2026-08-23 23:10:46 | WARNING  | co2_forecast | Very few sequences (4), LSTM may not train well
2026-08-23 23:10:46 | WARNING  | co2_forecast | Very few sequences (4), LSTM may not train well
2026-08-23 23:10:46 | WARNING  | co2_forecast | Very few sequences (8), LSTM may not train well
2026-08-23 23:10:46 | WARNING  | co2_forecast | Very few sequences (4), LSTM may not train well
2026-08-23 23:10:46 | WARNING  | co2_forecast | Very few sequences (4), LSTM may not train well
2026-08-23 23:10:46 | WARNING  | co2_forecast | Very few sequences (4), LSTM may not train well
2026-08-23 23:10:46 | WARNING  | co2_forecast | Very few sequences (8), LSTM may not train well
2026-08-23 23:10:46 | WARNING  | co2_forecast | Very few sequences (4), LSTM may not train well
2026-08-23 23:10:46 | WARNING  | co2_forecast | Very few sequences (4), LSTM may not train well
2026-08-23 23:10:46 | WARNING  | co2_forecast | Very few sequences (4), LSTM may not train well
2026-08-23 23:10:46 | WARNING  | co2_forecast | Very few sequences (8), LSTM may not train well
2026-08-23 23:10:46 | WARNING  | co2_forecast | Very few sequences (4), LSTM may not train well
2026-08-23 23:10:47 | WARNING  | co2_forecast | Very few sequences (4), LSTM may not train well
2026-08-23 23:10:47 | WARNING  | co2_forecast | Very few sequences (4), LSTM may not train well
2026-08-23 23:10:47 | WARNING  | co2_forecast | Very few sequences (8), LSTM may not train well
2026-08-23 23:10:47 | WARNING  | co2_forecast | Very few sequences (4), LSTM may not train well
2026-08-23 23:10:47 | WARNING  | co2_forecast | Very few sequences (4), LSTM may not train well
2026-08-23 23:10:47 | WARNING  | co2_forecast | Very few sequences (4), LSTM may not train well
2026-08-23 23:10:47 | WARNING  | co2_forecast | Very few sequences (8), LSTM may not train well
2026-08-23 23:10:47 | WARNING  | co2_forecast | Very few sequences (4), LSTM may not train well
2026-08-23 23:10:47 | WARNING  | co2_forecast | Very few sequences (4), LSTM may not train well
2026-08-23 23:10:47 | WARNING  | co2_forecast | Very few sequences (4), LSTM may not train well
2026-08-23 23:10:47 | WARNING  | co2_forecast | Very few sequences (8), LSTM may not train well
2026-08-23 23:10:47 | WARNING  | co2_forecast | Very few sequences (4), LSTM may not train well
2026-08-23 23:10:47 | WARNING  | co2_forecast | Very few sequences (4), LSTM may not train well
2026-08-23 23:10:47 | WARNING  | co2_forecast | Very few sequences (4), LSTM may not train well
2026-08-23 23:10:47 | WARNING  | co2_forecast | Very few sequences (8), LSTM may not train well
2026-08-23 23:10:48 | WARNING  | co2_forecast | Very few sequences (4), LSTM may not train well
2026-08-23 23:10:48 | WARNING  | co2_forecast | Very few sequences (4), LSTM may not train well
2026-08-23 23:10:48 | WARNING  | co2_forecast | Very few sequences (4), LSTM may not train well
2026-08-23 23:10:48 | WARNING  | co2_forecast | Very few sequences (8), LSTM may not train well
2026-08-23 23:10:48 | WARNING  | co2_forecast | Very few sequences (4), LSTM may not train well
2026-08-23 23:10:48 | WARNING  | co2_forecast | Very few sequences (4), LSTM may not train well
2026-08-23 23:10:48 | INFO     | co2_forecast |   Iteration 9: Best fitness = 0.763185
2026-08-23 23:10:48 | INFO     | co2_forecast | PSO complete. Best fitness: 0.763185
2026-08-23 23:10:48 | INFO     | co2_forecast |   Best params: {'lookback': 4, 'hidden_size': 16, 'num_layers': 2, 'dropout': 0.4806843580556709, 'learning_rate': 0.0001, 'batch_size': 32}
2026-08-23 23:10:48 | INFO     | co2_forecast |   Best fitness: 0.763185
2026-08-23 23:10:48 | INFO     | co2_forecast | [A3_CI_only/panel2_common_period/all_features/lstm] sweep tuning: best_params={'lookback': 4, 'hidden_size': 16, 'num_layers': 2, 'dropout': 0.4806843580556709, 'learning_rate': 0.0001, 'batch_size': 32}
2026-08-23 23:10:48 | INFO     | co2_forecast |   lstm -> weighted_mase=1.0250387258569558
2026-08-23 23:10:48 | INFO     | co2_forecast | Variant A3_CI_only complete in 355.0s
2026-08-23 23:10:48 | INFO     | co2_forecast | --- Variant A3_genmix_only: 16 features ---
2026-08-23 23:10:48 | INFO     | co2_forecast | Creating walk-forward splits for 16 valid samples
2026-08-23 23:10:48 | INFO     | co2_forecast | Created 4 CV folds across horizons [1, 2, 4]
2026-08-23 23:10:48 | INFO     | co2_forecast | Built tuning CV plan: 4 folds from 16 rows before 2022-Q%q (evaluation cutoff) - isolation OK (max tuning date 2021-Q%q)
2026-08-23 23:10:48 | INFO     | co2_forecast | Optimizing ridge...
2026-08-23 23:10:48 | INFO     | co2_forecast | Starting PSO: 8 particles, 10 iterations
2026-08-23 23:10:48 | INFO     | co2_forecast |   Iteration 0: Best fitness = 2.107291
2026-08-23 23:10:49 | INFO     | co2_forecast |   Iteration 5: Best fitness = 1.849974
2026-08-23 23:10:49 | INFO     | co2_forecast |   Iteration 9: Best fitness = 1.849974
2026-08-23 23:10:49 | INFO     | co2_forecast | PSO complete. Best fitness: 1.849974
2026-08-23 23:10:49 | INFO     | co2_forecast |   Best params: {'alpha': 100.0}
2026-08-23 23:10:49 | INFO     | co2_forecast |   Best fitness: 1.849974
2026-08-23 23:10:49 | INFO     | co2_forecast | [A3_genmix_only/panel2_common_period/all_features/ridge] sweep tuning: best_params={'alpha': 100.0}
2026-08-23 23:10:49 | INFO     | co2_forecast |   ridge -> weighted_mase=0.8636647764896505
2026-08-23 23:10:49 | INFO     | co2_forecast | Creating walk-forward splits for 16 valid samples
2026-08-23 23:10:49 | INFO     | co2_forecast | Created 4 CV folds across horizons [1, 2, 4]
2026-08-23 23:10:49 | INFO     | co2_forecast | Built tuning CV plan: 4 folds from 16 rows before 2022-Q%q (evaluation cutoff) - isolation OK (max tuning date 2021-Q%q)
2026-08-23 23:10:49 | INFO     | co2_forecast | Optimizing random_forest...
2026-08-23 23:10:49 | INFO     | co2_forecast | Starting PSO: 8 particles, 10 iterations
2026-08-23 23:10:54 | INFO     | co2_forecast |   Iteration 0: Best fitness = 0.684876
2026-08-23 23:11:10 | INFO     | co2_forecast |   Iteration 5: Best fitness = 0.449536
2026-08-23 23:11:24 | INFO     | co2_forecast |   Iteration 9: Best fitness = 0.421526
2026-08-23 23:11:24 | INFO     | co2_forecast | PSO complete. Best fitness: 0.421526
2026-08-23 23:11:24 | INFO     | co2_forecast |   Best params: {'n_estimators': 101, 'max_depth': 3, 'min_samples_split': 2, 'min_samples_leaf': 1}
2026-08-23 23:11:24 | INFO     | co2_forecast |   Best fitness: 0.421526
2026-08-23 23:11:24 | INFO     | co2_forecast | [A3_genmix_only/panel2_common_period/all_features/random_forest] sweep tuning: best_params={'n_estimators': 101, 'max_depth': 3, 'min_samples_split': 2, 'min_samples_leaf': 1}
2026-08-23 23:11:25 | INFO     | co2_forecast |   random_forest -> weighted_mase=0.7984435456170614
2026-08-23 23:11:25 | INFO     | co2_forecast | Creating walk-forward splits for 16 valid samples
2026-08-23 23:11:25 | INFO     | co2_forecast | Created 4 CV folds across horizons [1, 2, 4]
2026-08-23 23:11:25 | INFO     | co2_forecast | Built tuning CV plan: 4 folds from 16 rows before 2022-Q%q (evaluation cutoff) - isolation OK (max tuning date 2021-Q%q)
2026-08-23 23:11:25 | INFO     | co2_forecast | Optimizing catboost...
2026-08-23 23:11:25 | INFO     | co2_forecast | Starting PSO: 8 particles, 10 iterations
2026-08-23 23:12:00 | INFO     | co2_forecast |   Iteration 0: Best fitness = 0.349676
2026-08-23 23:15:39 | INFO     | co2_forecast |   Iteration 5: Best fitness = 0.340412
2026-08-23 23:17:59 | INFO     | co2_forecast |   Iteration 9: Best fitness = 0.331989
2026-08-23 23:17:59 | INFO     | co2_forecast | PSO complete. Best fitness: 0.331989
2026-08-23 23:17:59 | INFO     | co2_forecast |   Best params: {'iterations': 151, 'learning_rate': 0.21433543372741537, 'depth': 4, 'l2_leaf_reg': 5.166695472880608}
2026-08-23 23:17:59 | INFO     | co2_forecast |   Best fitness: 0.331989
2026-08-23 23:17:59 | INFO     | co2_forecast | [A3_genmix_only/panel2_common_period/all_features/catboost] sweep tuning: best_params={'iterations': 151, 'learning_rate': 0.21433543372741537, 'depth': 4, 'l2_leaf_reg': 5.166695472880608}
2026-08-23 23:18:07 | INFO     | co2_forecast |   catboost -> weighted_mase=0.7445923204453555
2026-08-23 23:18:07 | INFO     | co2_forecast | Creating walk-forward splits for 16 valid samples
2026-08-23 23:18:07 | INFO     | co2_forecast | Created 4 CV folds across horizons [1, 2, 4]
2026-08-23 23:18:07 | INFO     | co2_forecast | Built tuning CV plan: 4 folds from 16 rows before 2022-Q%q (evaluation cutoff) - isolation OK (max tuning date 2021-Q%q)
2026-08-23 23:18:07 | INFO     | co2_forecast | Optimizing lightgbm...
2026-08-23 23:18:07 | INFO     | co2_forecast | Starting PSO: 8 particles, 10 iterations
2026-08-23 23:18:07 | INFO     | co2_forecast |   Iteration 0: Best fitness = 0.768990
2026-08-23 23:18:07 | INFO     | co2_forecast |   Iteration 5: Best fitness = 0.629624
2026-08-23 23:18:09 | INFO     | co2_forecast |   Iteration 9: Best fitness = 0.628161
2026-08-23 23:18:09 | INFO     | co2_forecast | PSO complete. Best fitness: 0.628161
2026-08-23 23:18:09 | INFO     | co2_forecast |   Best params: {'n_estimators': 300, 'learning_rate': 0.3, 'num_leaves': 127, 'max_depth': 15, 'min_child_samples': 5, 'reg_alpha': 0.001, 'reg_lambda': 0.001}
2026-08-23 23:18:09 | INFO     | co2_forecast |   Best fitness: 0.628161
2026-08-23 23:18:09 | INFO     | co2_forecast | [A3_genmix_only/panel2_common_period/all_features/lightgbm] sweep tuning: best_params={'n_estimators': 300, 'learning_rate': 0.3, 'num_leaves': 127, 'max_depth': 15, 'min_child_samples': 5, 'reg_alpha': 0.001, 'reg_lambda': 0.001}
2026-08-23 23:18:09 | INFO     | co2_forecast |   lightgbm -> weighted_mase=0.751038719747958
2026-08-23 23:18:09 | INFO     | co2_forecast | Creating walk-forward splits for 16 valid samples
2026-08-23 23:18:09 | INFO     | co2_forecast | Created 4 CV folds across horizons [1, 2, 4]
2026-08-23 23:18:09 | INFO     | co2_forecast | Built tuning CV plan: 4 folds from 16 rows before 2022-Q%q (evaluation cutoff) - isolation OK (max tuning date 2021-Q%q)
2026-08-23 23:18:09 | INFO     | co2_forecast | Optimizing lstm...
2026-08-23 23:18:09 | INFO     | co2_forecast | Starting PSO: 8 particles, 10 iterations
2026-08-23 23:18:09 | WARNING  | co2_forecast | Model training failed with params {'lookback': 7, 'hidden_size': 62, 'num_layers': 2, 'dropout': 0.3394633936788146, 'learning_rate': 0.0016445845403801217, 'batch_size': 8}: LSTM.fit: training data has 8 rows, giving only 1 sequence(s) with lookback=7; at least 2 are required (one is always reserved for validation). Reduce lookback or provide more training history.
2026-08-23 23:18:09 | WARNING  | co2_forecast | Model training failed with params {'lookback': 11, 'hidden_size': 26, 'num_layers': 1, 'dropout': 0.17336180394137352, 'learning_rate': 0.0031119982052994237, 'batch_size': 16}: LSTM.fit: training data has 8 rows, giving only 0 sequence(s) with lookback=11; at least 2 are required (one is always reserved for validation). Reduce lookback or provide more training history.
2026-08-23 23:18:09 | WARNING  | co2_forecast | Model training failed with params {'lookback': 8, 'hidden_size': 54, 'num_layers': 1, 'dropout': 0.3056937753654446, 'learning_rate': 0.005964904231734221, 'batch_size': 8}: LSTM.fit: training data has 8 rows, giving only 0 sequence(s) with lookback=8; at least 2 are required (one is always reserved for validation). Reduce lookback or provide more training history.
2026-08-23 23:18:09 | WARNING  | co2_forecast | Very few sequences (2), LSTM may not train well
2026-08-23 23:18:09 | WARNING  | co2_forecast | Very few sequences (6), LSTM may not train well
2026-08-23 23:18:09 | WARNING  | co2_forecast | Very few sequences (2), LSTM may not train well
2026-08-23 23:18:09 | WARNING  | co2_forecast | Very few sequences (2), LSTM may not train well
2026-08-23 23:18:09 | WARNING  | co2_forecast | Model training failed with params {'lookback': 8, 'hidden_size': 25, 'num_layers': 2, 'dropout': 0.4100531293444458, 'learning_rate': 0.009401039521485473, 'batch_size': 32}: LSTM.fit: training data has 8 rows, giving only 0 sequence(s) with lookback=8; at least 2 are required (one is always reserved for validation). Reduce lookback or provide more training history.
2026-08-23 23:18:09 | WARNING  | co2_forecast | Model training failed with params {'lookback': 7, 'hidden_size': 29, 'num_layers': 2, 'dropout': 0.2427013306774357, 'learning_rate': 0.0028812516459050695, 'batch_size': 16}: LSTM.fit: training data has 8 rows, giving only 1 sequence(s) with lookback=7; at least 2 are required (one is always reserved for validation). Reduce lookback or provide more training history.
2026-08-23 23:18:09 | WARNING  | co2_forecast | Very few sequences (4), LSTM may not train well
2026-08-23 23:18:09 | WARNING  | co2_forecast | Very few sequences (8), LSTM may not train well
2026-08-23 23:18:10 | WARNING  | co2_forecast | Very few sequences (4), LSTM may not train well
2026-08-23 23:18:10 | WARNING  | co2_forecast | Very few sequences (4), LSTM may not train well
2026-08-23 23:18:10 | WARNING  | co2_forecast | Very few sequences (2), LSTM may not train well
2026-08-23 23:18:10 | WARNING  | co2_forecast | Very few sequences (6), LSTM may not train well
2026-08-23 23:18:10 | WARNING  | co2_forecast | Very few sequences (2), LSTM may not train well
2026-08-23 23:18:10 | WARNING  | co2_forecast | Very few sequences (2), LSTM may not train well
2026-08-23 23:18:10 | INFO     | co2_forecast |   Iteration 0: Best fitness = 1.024328
2026-08-23 23:18:10 | WARNING  | co2_forecast | Very few sequences (4), LSTM may not train well
2026-08-23 23:18:10 | WARNING  | co2_forecast | Very few sequences (8), LSTM may not train well
2026-08-23 23:18:10 | WARNING  | co2_forecast | Very few sequences (4), LSTM may not train well
2026-08-23 23:18:10 | WARNING  | co2_forecast | Very few sequences (4), LSTM may not train well
2026-08-23 23:18:11 | WARNING  | co2_forecast | Very few sequences (3), LSTM may not train well
2026-08-23 23:18:11 | WARNING  | co2_forecast | Very few sequences (7), LSTM may not train well
2026-08-23 23:18:11 | WARNING  | co2_forecast | Very few sequences (3), LSTM may not train well
2026-08-23 23:18:11 | WARNING  | co2_forecast | Very few sequences (3), LSTM may not train well
2026-08-23 23:18:11 | WARNING  | co2_forecast | Model training failed with params {'lookback': 7, 'hidden_size': 52, 'num_layers': 1, 'dropout': 0.3509333868153429, 'learning_rate': 0.007024592970449884, 'batch_size': 8}: LSTM.fit: training data has 8 rows, giving only 1 sequence(s) with lookback=7; at least 2 are required (one is always reserved for validation). Reduce lookback or provide more training history.
2026-08-23 23:18:11 | WARNING  | co2_forecast | Very few sequences (4), LSTM may not train well
2026-08-23 23:18:11 | WARNING  | co2_forecast | Very few sequences (8), LSTM may not train well
2026-08-23 23:18:11 | WARNING  | co2_forecast | Very few sequences (4), LSTM may not train well
2026-08-23 23:18:11 | WARNING  | co2_forecast | Very few sequences (4), LSTM may not train well
2026-08-23 23:18:11 | WARNING  | co2_forecast | Very few sequences (4), LSTM may not train well
2026-08-23 23:18:12 | WARNING  | co2_forecast | Very few sequences (8), LSTM may not train well
2026-08-23 23:18:12 | WARNING  | co2_forecast | Very few sequences (4), LSTM may not train well
2026-08-23 23:18:12 | WARNING  | co2_forecast | Very few sequences (4), LSTM may not train well
2026-08-23 23:18:12 | WARNING  | co2_forecast | Very few sequences (4), LSTM may not train well
2026-08-23 23:18:12 | WARNING  | co2_forecast | Very few sequences (8), LSTM may not train well
2026-08-23 23:18:12 | WARNING  | co2_forecast | Very few sequences (4), LSTM may not train well
2026-08-23 23:18:12 | WARNING  | co2_forecast | Very few sequences (4), LSTM may not train well
2026-08-23 23:18:12 | WARNING  | co2_forecast | Very few sequences (4), LSTM may not train well
2026-08-23 23:18:12 | WARNING  | co2_forecast | Very few sequences (8), LSTM may not train well
2026-08-23 23:18:12 | WARNING  | co2_forecast | Very few sequences (4), LSTM may not train well
2026-08-23 23:18:12 | WARNING  | co2_forecast | Very few sequences (4), LSTM may not train well
2026-08-23 23:18:13 | WARNING  | co2_forecast | Very few sequences (3), LSTM may not train well
2026-08-23 23:18:13 | WARNING  | co2_forecast | Very few sequences (7), LSTM may not train well
2026-08-23 23:18:13 | WARNING  | co2_forecast | Very few sequences (3), LSTM may not train well
2026-08-23 23:18:13 | WARNING  | co2_forecast | Very few sequences (3), LSTM may not train well
2026-08-23 23:18:13 | WARNING  | co2_forecast | Very few sequences (4), LSTM may not train well
2026-08-23 23:18:13 | WARNING  | co2_forecast | Very few sequences (8), LSTM may not train well
2026-08-23 23:18:13 | WARNING  | co2_forecast | Very few sequences (4), LSTM may not train well
2026-08-23 23:18:13 | WARNING  | co2_forecast | Very few sequences (4), LSTM may not train well
2026-08-23 23:18:13 | WARNING  | co2_forecast | Very few sequences (4), LSTM may not train well
2026-08-23 23:18:13 | WARNING  | co2_forecast | Very few sequences (8), LSTM may not train well
2026-08-23 23:18:14 | WARNING  | co2_forecast | Very few sequences (4), LSTM may not train well
2026-08-23 23:18:14 | WARNING  | co2_forecast | Very few sequences (4), LSTM may not train well
2026-08-23 23:18:14 | WARNING  | co2_forecast | Very few sequences (2), LSTM may not train well
2026-08-23 23:18:14 | WARNING  | co2_forecast | Very few sequences (6), LSTM may not train well
2026-08-23 23:18:14 | WARNING  | co2_forecast | Very few sequences (2), LSTM may not train well
2026-08-23 23:18:14 | WARNING  | co2_forecast | Very few sequences (2), LSTM may not train well
2026-08-23 23:18:14 | WARNING  | co2_forecast | Very few sequences (4), LSTM may not train well
2026-08-23 23:18:14 | WARNING  | co2_forecast | Very few sequences (8), LSTM may not train well
2026-08-23 23:18:14 | WARNING  | co2_forecast | Very few sequences (4), LSTM may not train well
2026-08-23 23:18:14 | WARNING  | co2_forecast | Very few sequences (4), LSTM may not train well
2026-08-23 23:18:14 | WARNING  | co2_forecast | Very few sequences (4), LSTM may not train well
2026-08-23 23:18:14 | WARNING  | co2_forecast | Very few sequences (8), LSTM may not train well
2026-08-23 23:18:15 | WARNING  | co2_forecast | Very few sequences (4), LSTM may not train well
2026-08-23 23:18:15 | WARNING  | co2_forecast | Very few sequences (4), LSTM may not train well
2026-08-23 23:18:15 | WARNING  | co2_forecast | Very few sequences (4), LSTM may not train well
2026-08-23 23:18:15 | WARNING  | co2_forecast | Very few sequences (8), LSTM may not train well
2026-08-23 23:18:15 | WARNING  | co2_forecast | Very few sequences (4), LSTM may not train well
2026-08-23 23:18:15 | WARNING  | co2_forecast | Very few sequences (4), LSTM may not train well
2026-08-23 23:18:15 | WARNING  | co2_forecast | Very few sequences (4), LSTM may not train well
2026-08-23 23:18:15 | WARNING  | co2_forecast | Very few sequences (8), LSTM may not train well
2026-08-23 23:18:15 | WARNING  | co2_forecast | Very few sequences (4), LSTM may not train well
2026-08-23 23:18:15 | WARNING  | co2_forecast | Very few sequences (4), LSTM may not train well
2026-08-23 23:18:16 | WARNING  | co2_forecast | Very few sequences (4), LSTM may not train well
2026-08-23 23:18:16 | WARNING  | co2_forecast | Very few sequences (8), LSTM may not train well
2026-08-23 23:18:16 | WARNING  | co2_forecast | Very few sequences (4), LSTM may not train well
2026-08-23 23:18:16 | WARNING  | co2_forecast | Very few sequences (4), LSTM may not train well
2026-08-23 23:18:16 | WARNING  | co2_forecast | Very few sequences (3), LSTM may not train well
2026-08-23 23:18:16 | WARNING  | co2_forecast | Very few sequences (7), LSTM may not train well
2026-08-23 23:18:16 | WARNING  | co2_forecast | Very few sequences (3), LSTM may not train well
2026-08-23 23:18:16 | WARNING  | co2_forecast | Very few sequences (3), LSTM may not train well
2026-08-23 23:18:17 | WARNING  | co2_forecast | Very few sequences (4), LSTM may not train well
2026-08-23 23:18:17 | WARNING  | co2_forecast | Very few sequences (8), LSTM may not train well
2026-08-23 23:18:17 | WARNING  | co2_forecast | Very few sequences (4), LSTM may not train well
2026-08-23 23:18:17 | WARNING  | co2_forecast | Very few sequences (4), LSTM may not train well
2026-08-23 23:18:17 | WARNING  | co2_forecast | Very few sequences (3), LSTM may not train well
2026-08-23 23:18:17 | WARNING  | co2_forecast | Very few sequences (7), LSTM may not train well
2026-08-23 23:18:17 | WARNING  | co2_forecast | Very few sequences (3), LSTM may not train well
2026-08-23 23:18:17 | WARNING  | co2_forecast | Very few sequences (3), LSTM may not train well
2026-08-23 23:18:17 | WARNING  | co2_forecast | Very few sequences (3), LSTM may not train well
2026-08-23 23:18:17 | WARNING  | co2_forecast | Very few sequences (7), LSTM may not train well
2026-08-23 23:18:18 | WARNING  | co2_forecast | Very few sequences (3), LSTM may not train well
2026-08-23 23:18:18 | WARNING  | co2_forecast | Very few sequences (3), LSTM may not train well
2026-08-23 23:18:18 | WARNING  | co2_forecast | Very few sequences (4), LSTM may not train well
2026-08-23 23:18:18 | WARNING  | co2_forecast | Very few sequences (8), LSTM may not train well
2026-08-23 23:18:18 | WARNING  | co2_forecast | Very few sequences (4), LSTM may not train well
2026-08-23 23:18:18 | WARNING  | co2_forecast | Very few sequences (4), LSTM may not train well
2026-08-23 23:18:18 | WARNING  | co2_forecast | Very few sequences (3), LSTM may not train well
2026-08-23 23:18:18 | WARNING  | co2_forecast | Very few sequences (7), LSTM may not train well
2026-08-23 23:18:18 | WARNING  | co2_forecast | Very few sequences (3), LSTM may not train well
2026-08-23 23:18:18 | WARNING  | co2_forecast | Very few sequences (3), LSTM may not train well
2026-08-23 23:18:19 | WARNING  | co2_forecast | Very few sequences (3), LSTM may not train well
2026-08-23 23:18:19 | WARNING  | co2_forecast | Very few sequences (7), LSTM may not train well
2026-08-23 23:18:19 | WARNING  | co2_forecast | Very few sequences (3), LSTM may not train well
2026-08-23 23:18:19 | WARNING  | co2_forecast | Very few sequences (3), LSTM may not train well
2026-08-23 23:18:19 | WARNING  | co2_forecast | Very few sequences (4), LSTM may not train well
2026-08-23 23:18:19 | WARNING  | co2_forecast | Very few sequences (8), LSTM may not train well
2026-08-23 23:18:19 | WARNING  | co2_forecast | Very few sequences (4), LSTM may not train well
2026-08-23 23:18:19 | WARNING  | co2_forecast | Very few sequences (4), LSTM may not train well
2026-08-23 23:18:20 | WARNING  | co2_forecast | Model training failed with params {'lookback': 7, 'hidden_size': 50, 'num_layers': 1, 'dropout': 0.3477423972117016, 'learning_rate': 0.0058479443297190115, 'batch_size': 8}: LSTM.fit: training data has 8 rows, giving only 1 sequence(s) with lookback=7; at least 2 are required (one is always reserved for validation). Reduce lookback or provide more training history.
2026-08-23 23:18:20 | WARNING  | co2_forecast | Very few sequences (3), LSTM may not train well
2026-08-23 23:18:20 | WARNING  | co2_forecast | Very few sequences (7), LSTM may not train well
2026-08-23 23:18:20 | WARNING  | co2_forecast | Very few sequences (3), LSTM may not train well
2026-08-23 23:18:20 | WARNING  | co2_forecast | Very few sequences (3), LSTM may not train well
2026-08-23 23:18:20 | WARNING  | co2_forecast | Very few sequences (3), LSTM may not train well
2026-08-23 23:18:20 | WARNING  | co2_forecast | Very few sequences (7), LSTM may not train well
2026-08-23 23:18:20 | WARNING  | co2_forecast | Very few sequences (3), LSTM may not train well
2026-08-23 23:18:20 | WARNING  | co2_forecast | Very few sequences (3), LSTM may not train well
2026-08-23 23:18:20 | WARNING  | co2_forecast | Model training failed with params {'lookback': 7, 'hidden_size': 45, 'num_layers': 1, 'dropout': 0.30985880055881765, 'learning_rate': 0.005190365842868066, 'batch_size': 8}: LSTM.fit: training data has 8 rows, giving only 1 sequence(s) with lookback=7; at least 2 are required (one is always reserved for validation). Reduce lookback or provide more training history.
2026-08-23 23:18:20 | WARNING  | co2_forecast | Very few sequences (2), LSTM may not train well
2026-08-23 23:18:20 | WARNING  | co2_forecast | Very few sequences (6), LSTM may not train well
2026-08-23 23:18:20 | WARNING  | co2_forecast | Very few sequences (2), LSTM may not train well
2026-08-23 23:18:20 | WARNING  | co2_forecast | Very few sequences (2), LSTM may not train well
2026-08-23 23:18:20 | WARNING  | co2_forecast | Model training failed with params {'lookback': 7, 'hidden_size': 48, 'num_layers': 1, 'dropout': 0.28856012781050744, 'learning_rate': 0.005679068382610074, 'batch_size': 8}: LSTM.fit: training data has 8 rows, giving only 1 sequence(s) with lookback=7; at least 2 are required (one is always reserved for validation). Reduce lookback or provide more training history.
2026-08-23 23:18:20 | WARNING  | co2_forecast | Very few sequences (4), LSTM may not train well
2026-08-23 23:18:21 | WARNING  | co2_forecast | Very few sequences (8), LSTM may not train well
2026-08-23 23:18:21 | WARNING  | co2_forecast | Very few sequences (4), LSTM may not train well
2026-08-23 23:18:21 | WARNING  | co2_forecast | Very few sequences (4), LSTM may not train well
2026-08-23 23:18:21 | WARNING  | co2_forecast | Very few sequences (3), LSTM may not train well
2026-08-23 23:18:21 | WARNING  | co2_forecast | Very few sequences (7), LSTM may not train well
2026-08-23 23:18:21 | WARNING  | co2_forecast | Very few sequences (3), LSTM may not train well
2026-08-23 23:18:21 | WARNING  | co2_forecast | Very few sequences (3), LSTM may not train well
2026-08-23 23:18:21 | WARNING  | co2_forecast | Very few sequences (2), LSTM may not train well
2026-08-23 23:18:21 | WARNING  | co2_forecast | Very few sequences (6), LSTM may not train well
2026-08-23 23:18:21 | WARNING  | co2_forecast | Very few sequences (2), LSTM may not train well
2026-08-23 23:18:21 | WARNING  | co2_forecast | Very few sequences (2), LSTM may not train well
2026-08-23 23:18:22 | WARNING  | co2_forecast | Very few sequences (2), LSTM may not train well
2026-08-23 23:18:22 | WARNING  | co2_forecast | Very few sequences (6), LSTM may not train well
2026-08-23 23:18:22 | WARNING  | co2_forecast | Very few sequences (2), LSTM may not train well
2026-08-23 23:18:22 | WARNING  | co2_forecast | Very few sequences (2), LSTM may not train well
2026-08-23 23:18:22 | WARNING  | co2_forecast | Very few sequences (3), LSTM may not train well
2026-08-23 23:18:22 | WARNING  | co2_forecast | Very few sequences (7), LSTM may not train well
2026-08-23 23:18:22 | WARNING  | co2_forecast | Very few sequences (3), LSTM may not train well
2026-08-23 23:18:22 | WARNING  | co2_forecast | Very few sequences (3), LSTM may not train well
2026-08-23 23:18:22 | WARNING  | co2_forecast | Model training failed with params {'lookback': 7, 'hidden_size': 42, 'num_layers': 1, 'dropout': 0.3667949283795918, 'learning_rate': 0.006489709704204519, 'batch_size': 8}: LSTM.fit: training data has 8 rows, giving only 1 sequence(s) with lookback=7; at least 2 are required (one is always reserved for validation). Reduce lookback or provide more training history.
2026-08-23 23:18:22 | WARNING  | co2_forecast | Very few sequences (2), LSTM may not train well
2026-08-23 23:18:22 | WARNING  | co2_forecast | Very few sequences (6), LSTM may not train well
2026-08-23 23:18:22 | WARNING  | co2_forecast | Very few sequences (2), LSTM may not train well
2026-08-23 23:18:22 | WARNING  | co2_forecast | Very few sequences (2), LSTM may not train well
2026-08-23 23:18:23 | WARNING  | co2_forecast | Model training failed with params {'lookback': 7, 'hidden_size': 45, 'num_layers': 1, 'dropout': 0.3918033395102721, 'learning_rate': 0.0075431734027904245, 'batch_size': 8}: LSTM.fit: training data has 8 rows, giving only 1 sequence(s) with lookback=7; at least 2 are required (one is always reserved for validation). Reduce lookback or provide more training history.
2026-08-23 23:18:23 | WARNING  | co2_forecast | Very few sequences (4), LSTM may not train well
2026-08-23 23:18:23 | WARNING  | co2_forecast | Very few sequences (8), LSTM may not train well
2026-08-23 23:18:23 | WARNING  | co2_forecast | Very few sequences (4), LSTM may not train well
2026-08-23 23:18:23 | WARNING  | co2_forecast | Very few sequences (4), LSTM may not train well
2026-08-23 23:18:23 | WARNING  | co2_forecast | Very few sequences (3), LSTM may not train well
2026-08-23 23:18:23 | WARNING  | co2_forecast | Very few sequences (7), LSTM may not train well
2026-08-23 23:18:23 | WARNING  | co2_forecast | Very few sequences (3), LSTM may not train well
2026-08-23 23:18:23 | WARNING  | co2_forecast | Very few sequences (3), LSTM may not train well
2026-08-23 23:18:23 | INFO     | co2_forecast |   Iteration 5: Best fitness = 0.837050
2026-08-23 23:18:23 | WARNING  | co2_forecast | Very few sequences (3), LSTM may not train well
2026-08-23 23:18:23 | WARNING  | co2_forecast | Very few sequences (7), LSTM may not train well
2026-08-23 23:18:23 | WARNING  | co2_forecast | Very few sequences (3), LSTM may not train well
2026-08-23 23:18:23 | WARNING  | co2_forecast | Very few sequences (3), LSTM may not train well
2026-08-23 23:18:23 | WARNING  | co2_forecast | Model training failed with params {'lookback': 7, 'hidden_size': 47, 'num_layers': 1, 'dropout': 0.31945886733720075, 'learning_rate': 0.006424325027416258, 'batch_size': 8}: LSTM.fit: training data has 8 rows, giving only 1 sequence(s) with lookback=7; at least 2 are required (one is always reserved for validation). Reduce lookback or provide more training history.
2026-08-23 23:18:23 | WARNING  | co2_forecast | Very few sequences (2), LSTM may not train well
2026-08-23 23:18:24 | WARNING  | co2_forecast | Very few sequences (6), LSTM may not train well
2026-08-23 23:18:24 | WARNING  | co2_forecast | Very few sequences (2), LSTM may not train well
2026-08-23 23:18:24 | WARNING  | co2_forecast | Very few sequences (2), LSTM may not train well
2026-08-23 23:18:24 | WARNING  | co2_forecast | Very few sequences (2), LSTM may not train well
2026-08-23 23:18:24 | WARNING  | co2_forecast | Very few sequences (6), LSTM may not train well
2026-08-23 23:18:24 | WARNING  | co2_forecast | Very few sequences (2), LSTM may not train well
2026-08-23 23:18:24 | WARNING  | co2_forecast | Very few sequences (2), LSTM may not train well
2026-08-23 23:18:24 | WARNING  | co2_forecast | Very few sequences (4), LSTM may not train well
2026-08-23 23:18:24 | WARNING  | co2_forecast | Very few sequences (8), LSTM may not train well
2026-08-23 23:18:24 | WARNING  | co2_forecast | Very few sequences (4), LSTM may not train well
2026-08-23 23:18:24 | WARNING  | co2_forecast | Very few sequences (4), LSTM may not train well
2026-08-23 23:18:24 | WARNING  | co2_forecast | Very few sequences (3), LSTM may not train well
2026-08-23 23:18:24 | WARNING  | co2_forecast | Very few sequences (7), LSTM may not train well
2026-08-23 23:18:25 | WARNING  | co2_forecast | Very few sequences (3), LSTM may not train well
2026-08-23 23:18:25 | WARNING  | co2_forecast | Very few sequences (3), LSTM may not train well
2026-08-23 23:18:25 | WARNING  | co2_forecast | Very few sequences (3), LSTM may not train well
2026-08-23 23:18:25 | WARNING  | co2_forecast | Very few sequences (7), LSTM may not train well
2026-08-23 23:18:25 | WARNING  | co2_forecast | Very few sequences (3), LSTM may not train well
2026-08-23 23:18:25 | WARNING  | co2_forecast | Very few sequences (3), LSTM may not train well
2026-08-23 23:18:25 | WARNING  | co2_forecast | Very few sequences (3), LSTM may not train well
2026-08-23 23:18:25 | WARNING  | co2_forecast | Very few sequences (7), LSTM may not train well
2026-08-23 23:18:25 | WARNING  | co2_forecast | Very few sequences (3), LSTM may not train well
2026-08-23 23:18:25 | WARNING  | co2_forecast | Very few sequences (3), LSTM may not train well
2026-08-23 23:18:25 | WARNING  | co2_forecast | Very few sequences (2), LSTM may not train well
2026-08-23 23:18:25 | WARNING  | co2_forecast | Very few sequences (6), LSTM may not train well
2026-08-23 23:18:25 | WARNING  | co2_forecast | Very few sequences (2), LSTM may not train well
2026-08-23 23:18:25 | WARNING  | co2_forecast | Very few sequences (2), LSTM may not train well
2026-08-23 23:18:26 | WARNING  | co2_forecast | Very few sequences (2), LSTM may not train well
2026-08-23 23:18:26 | WARNING  | co2_forecast | Very few sequences (6), LSTM may not train well
2026-08-23 23:18:26 | WARNING  | co2_forecast | Very few sequences (2), LSTM may not train well
2026-08-23 23:18:26 | WARNING  | co2_forecast | Very few sequences (2), LSTM may not train well
2026-08-23 23:18:26 | WARNING  | co2_forecast | Model training failed with params {'lookback': 7, 'hidden_size': 52, 'num_layers': 1, 'dropout': 0.37172166835568726, 'learning_rate': 0.007408790725364929, 'batch_size': 8}: LSTM.fit: training data has 8 rows, giving only 1 sequence(s) with lookback=7; at least 2 are required (one is always reserved for validation). Reduce lookback or provide more training history.
2026-08-23 23:18:26 | WARNING  | co2_forecast | Very few sequences (3), LSTM may not train well
2026-08-23 23:18:26 | WARNING  | co2_forecast | Very few sequences (7), LSTM may not train well
2026-08-23 23:18:26 | WARNING  | co2_forecast | Very few sequences (3), LSTM may not train well
2026-08-23 23:18:26 | WARNING  | co2_forecast | Very few sequences (3), LSTM may not train well
2026-08-23 23:18:26 | WARNING  | co2_forecast | Very few sequences (3), LSTM may not train well
2026-08-23 23:18:26 | WARNING  | co2_forecast | Very few sequences (7), LSTM may not train well
2026-08-23 23:18:26 | WARNING  | co2_forecast | Very few sequences (3), LSTM may not train well
2026-08-23 23:18:26 | WARNING  | co2_forecast | Very few sequences (3), LSTM may not train well
2026-08-23 23:18:26 | WARNING  | co2_forecast | Very few sequences (3), LSTM may not train well
2026-08-23 23:18:27 | WARNING  | co2_forecast | Very few sequences (7), LSTM may not train well
2026-08-23 23:18:27 | WARNING  | co2_forecast | Very few sequences (3), LSTM may not train well
2026-08-23 23:18:27 | WARNING  | co2_forecast | Very few sequences (3), LSTM may not train well
2026-08-23 23:18:27 | WARNING  | co2_forecast | Very few sequences (3), LSTM may not train well
2026-08-23 23:18:27 | WARNING  | co2_forecast | Very few sequences (7), LSTM may not train well
2026-08-23 23:18:27 | WARNING  | co2_forecast | Very few sequences (3), LSTM may not train well
2026-08-23 23:18:27 | WARNING  | co2_forecast | Very few sequences (3), LSTM may not train well
2026-08-23 23:18:27 | WARNING  | co2_forecast | Very few sequences (3), LSTM may not train well
2026-08-23 23:18:27 | WARNING  | co2_forecast | Very few sequences (7), LSTM may not train well
2026-08-23 23:18:27 | WARNING  | co2_forecast | Very few sequences (3), LSTM may not train well
2026-08-23 23:18:27 | WARNING  | co2_forecast | Very few sequences (3), LSTM may not train well
2026-08-23 23:18:27 | WARNING  | co2_forecast | Model training failed with params {'lookback': 7, 'hidden_size': 50, 'num_layers': 1, 'dropout': 0.3540704156310365, 'learning_rate': 0.006064647455707528, 'batch_size': 8}: LSTM.fit: training data has 8 rows, giving only 1 sequence(s) with lookback=7; at least 2 are required (one is always reserved for validation). Reduce lookback or provide more training history.
2026-08-23 23:18:27 | WARNING  | co2_forecast | Very few sequences (3), LSTM may not train well
2026-08-23 23:18:27 | WARNING  | co2_forecast | Very few sequences (7), LSTM may not train well
2026-08-23 23:18:28 | WARNING  | co2_forecast | Very few sequences (3), LSTM may not train well
2026-08-23 23:18:28 | WARNING  | co2_forecast | Very few sequences (3), LSTM may not train well
2026-08-23 23:18:28 | WARNING  | co2_forecast | Model training failed with params {'lookback': 7, 'hidden_size': 52, 'num_layers': 1, 'dropout': 0.36856246875128473, 'learning_rate': 0.007281347849411089, 'batch_size': 8}: LSTM.fit: training data has 8 rows, giving only 1 sequence(s) with lookback=7; at least 2 are required (one is always reserved for validation). Reduce lookback or provide more training history.
2026-08-23 23:18:28 | WARNING  | co2_forecast | Very few sequences (2), LSTM may not train well
2026-08-23 23:18:28 | WARNING  | co2_forecast | Very few sequences (6), LSTM may not train well
2026-08-23 23:18:28 | WARNING  | co2_forecast | Very few sequences (2), LSTM may not train well
2026-08-23 23:18:28 | WARNING  | co2_forecast | Very few sequences (2), LSTM may not train well
2026-08-23 23:18:28 | WARNING  | co2_forecast | Very few sequences (2), LSTM may not train well
2026-08-23 23:18:28 | WARNING  | co2_forecast | Very few sequences (6), LSTM may not train well
2026-08-23 23:18:28 | WARNING  | co2_forecast | Very few sequences (2), LSTM may not train well
2026-08-23 23:18:28 | WARNING  | co2_forecast | Very few sequences (2), LSTM may not train well
2026-08-23 23:18:28 | WARNING  | co2_forecast | Model training failed with params {'lookback': 7, 'hidden_size': 50, 'num_layers': 1, 'dropout': 0.3333201844264187, 'learning_rate': 0.0062396793721567565, 'batch_size': 8}: LSTM.fit: training data has 8 rows, giving only 1 sequence(s) with lookback=7; at least 2 are required (one is always reserved for validation). Reduce lookback or provide more training history.
2026-08-23 23:18:28 | WARNING  | co2_forecast | Very few sequences (4), LSTM may not train well
2026-08-23 23:18:28 | WARNING  | co2_forecast | Very few sequences (8), LSTM may not train well
2026-08-23 23:18:28 | WARNING  | co2_forecast | Very few sequences (4), LSTM may not train well
2026-08-23 23:18:29 | WARNING  | co2_forecast | Very few sequences (4), LSTM may not train well
2026-08-23 23:18:29 | WARNING  | co2_forecast | Very few sequences (3), LSTM may not train well
2026-08-23 23:18:29 | WARNING  | co2_forecast | Very few sequences (7), LSTM may not train well
2026-08-23 23:18:29 | WARNING  | co2_forecast | Very few sequences (3), LSTM may not train well
2026-08-23 23:18:29 | WARNING  | co2_forecast | Very few sequences (3), LSTM may not train well
2026-08-23 23:18:29 | WARNING  | co2_forecast | Very few sequences (2), LSTM may not train well
2026-08-23 23:18:29 | WARNING  | co2_forecast | Very few sequences (6), LSTM may not train well
2026-08-23 23:18:29 | WARNING  | co2_forecast | Very few sequences (2), LSTM may not train well
2026-08-23 23:18:29 | WARNING  | co2_forecast | Very few sequences (2), LSTM may not train well
2026-08-23 23:18:29 | WARNING  | co2_forecast | Very few sequences (2), LSTM may not train well
2026-08-23 23:18:29 | WARNING  | co2_forecast | Very few sequences (6), LSTM may not train well
2026-08-23 23:18:30 | WARNING  | co2_forecast | Very few sequences (2), LSTM may not train well
2026-08-23 23:18:30 | WARNING  | co2_forecast | Very few sequences (2), LSTM may not train well
2026-08-23 23:18:30 | WARNING  | co2_forecast | Very few sequences (2), LSTM may not train well
2026-08-23 23:18:30 | WARNING  | co2_forecast | Very few sequences (6), LSTM may not train well
2026-08-23 23:18:30 | WARNING  | co2_forecast | Very few sequences (2), LSTM may not train well
2026-08-23 23:18:30 | WARNING  | co2_forecast | Very few sequences (2), LSTM may not train well
2026-08-23 23:18:30 | WARNING  | co2_forecast | Model training failed with params {'lookback': 7, 'hidden_size': 47, 'num_layers': 1, 'dropout': 0.35420136238778177, 'learning_rate': 0.006258667074842407, 'batch_size': 8}: LSTM.fit: training data has 8 rows, giving only 1 sequence(s) with lookback=7; at least 2 are required (one is always reserved for validation). Reduce lookback or provide more training history.
2026-08-23 23:18:30 | WARNING  | co2_forecast | Very few sequences (2), LSTM may not train well
2026-08-23 23:18:30 | WARNING  | co2_forecast | Very few sequences (6), LSTM may not train well
2026-08-23 23:18:30 | WARNING  | co2_forecast | Very few sequences (2), LSTM may not train well
2026-08-23 23:18:30 | WARNING  | co2_forecast | Very few sequences (2), LSTM may not train well
2026-08-23 23:18:30 | WARNING  | co2_forecast | Model training failed with params {'lookback': 7, 'hidden_size': 48, 'num_layers': 1, 'dropout': 0.3606146360933559, 'learning_rate': 0.006590149296707802, 'batch_size': 8}: LSTM.fit: training data has 8 rows, giving only 1 sequence(s) with lookback=7; at least 2 are required (one is always reserved for validation). Reduce lookback or provide more training history.
2026-08-23 23:18:30 | WARNING  | co2_forecast | Very few sequences (4), LSTM may not train well
2026-08-23 23:18:30 | WARNING  | co2_forecast | Very few sequences (8), LSTM may not train well
2026-08-23 23:18:30 | WARNING  | co2_forecast | Very few sequences (4), LSTM may not train well
2026-08-23 23:18:30 | WARNING  | co2_forecast | Very few sequences (4), LSTM may not train well
2026-08-23 23:18:30 | WARNING  | co2_forecast | Very few sequences (2), LSTM may not train well
2026-08-23 23:18:31 | WARNING  | co2_forecast | Very few sequences (6), LSTM may not train well
2026-08-23 23:18:31 | WARNING  | co2_forecast | Very few sequences (2), LSTM may not train well
2026-08-23 23:18:31 | WARNING  | co2_forecast | Very few sequences (2), LSTM may not train well
2026-08-23 23:18:31 | INFO     | co2_forecast |   Iteration 9: Best fitness = 0.806969
2026-08-23 23:18:31 | INFO     | co2_forecast | PSO complete. Best fitness: 0.806969
2026-08-23 23:18:31 | INFO     | co2_forecast |   Best params: {'lookback': 6, 'hidden_size': 52, 'num_layers': 1, 'dropout': 0.36983862172824017, 'learning_rate': 0.007223591541016242, 'batch_size': 8}
2026-08-23 23:18:31 | INFO     | co2_forecast |   Best fitness: 0.806969
2026-08-23 23:18:31 | INFO     | co2_forecast | [A3_genmix_only/panel2_common_period/all_features/lstm] sweep tuning: best_params={'lookback': 6, 'hidden_size': 52, 'num_layers': 1, 'dropout': 0.36983862172824017, 'learning_rate': 0.007223591541016242, 'batch_size': 8}
2026-08-23 23:18:32 | INFO     | co2_forecast |   lstm -> weighted_mase=1.1446299912796716
2026-08-23 23:18:32 | INFO     | co2_forecast | Variant A3_genmix_only complete in 463.5s
2026-08-23 23:18:32 | INFO     | co2_forecast | Wrote outputs/robustness/grid_ablation_results.csv (30 rows)
2026-08-23 23:18:32 | INFO     | co2_forecast | Saved outputs/figures/pdf/sensitivity/fig_grid_ablation.pdf
2026-08-23 23:18:32 | INFO     | co2_forecast | ============================================================
2026-08-23 23:18:32 | INFO     | co2_forecast | Script 19 complete!
2026-08-23 23:18:32 | INFO     | co2_forecast | ============================================================
