2026-09-17 22:23:42 | INFO     | co2_forecast | Logging to: outputs/runs/final_rerun_2026_ci_decomposition/logs/final_rerun_2026_ci_decomposition.log
2026-09-17 22:23:42 | INFO     | co2_forecast | ============================================================
2026-09-17 22:23:42 | INFO     | co2_forecast | Script 22: carbon-intensity statistic decomposition
2026-09-17 22:23:42 | INFO     | co2_forecast | ============================================================
2026-09-17 22:23:42 | INFO     | co2_forecast | Slicing all configurations to the primary common period [2018-04-01 00:00:00 - 2025-01-01 00:00:00] (reference: A3)
2026-09-17 22:23:42 | INFO     | co2_forecast | Baseline (raw+mobility) columns (11): ['GDP', 'Population', 'Air_Temp', 'Rainfall', 'COVID_Deaths', 'Mobility_Retail_Recreation', 'Mobility_Grocery_Pharmacy', 'Mobility_Parks', 'Mobility_Transit_Stations', 'Mobility_Workplaces', 'Mobility_Residential']
2026-09-17 22:23:42 | INFO     | co2_forecast | Models: ['ridge', 'random_forest', 'catboost', 'lightgbm', 'lstm']
2026-09-17 22:23:42 | INFO     | co2_forecast | --- Variant A3_no_grid: 11 features ---
2026-09-17 22:23:42 | INFO     | co2_forecast | Creating walk-forward splits for 16 valid samples
2026-09-17 22:23:42 | INFO     | co2_forecast | Created 4 CV folds across horizons [1, 2, 4]
2026-09-17 22:23:42 | INFO     | co2_forecast | Built tuning CV plan: 4 folds from 16 rows before 2022-Qq (evaluation cutoff) - isolation OK (max tuning date 2021-Qq)
2026-09-17 22:23:42 | INFO     | co2_forecast | Optimizing ridge...
2026-09-17 22:23:42 | INFO     | co2_forecast | Starting PSO: 8 particles, 10 iterations
2026-09-17 22:23:42 | INFO     | co2_forecast |   Iteration 0: Best fitness = 2.490781
2026-09-17 22:23:42 | INFO     | co2_forecast |   Iteration 5: Best fitness = 2.134233
2026-09-17 22:23:42 | INFO     | co2_forecast |   Iteration 9: Best fitness = 2.134233
2026-09-17 22:23:42 | INFO     | co2_forecast | PSO complete. Best fitness: 2.134233
2026-09-17 22:23:42 | INFO     | co2_forecast |   Best params: {'alpha': 100.0}
2026-09-17 22:23:42 | INFO     | co2_forecast |   Best fitness: 2.134233
2026-09-17 22:23:42 | INFO     | co2_forecast | [A3_no_grid/panel2_common_period/all_features/ridge] sweep tuning: best_params={'alpha': 100.0}
2026-09-17 22:23:42 | INFO     | co2_forecast |   ridge -> weighted_mase=0.9051731374752952
2026-09-17 22:23:42 | INFO     | co2_forecast | Creating walk-forward splits for 16 valid samples
2026-09-17 22:23:42 | INFO     | co2_forecast | Created 4 CV folds across horizons [1, 2, 4]
2026-09-17 22:23:42 | INFO     | co2_forecast | Built tuning CV plan: 4 folds from 16 rows before 2022-Qq (evaluation cutoff) - isolation OK (max tuning date 2021-Qq)
2026-09-17 22:23:42 | INFO     | co2_forecast | Optimizing random_forest...
2026-09-17 22:23:42 | INFO     | co2_forecast | Starting PSO: 8 particles, 10 iterations
2026-09-17 22:23:44 | INFO     | co2_forecast |   Iteration 0: Best fitness = 0.671553
2026-09-17 22:23:50 | INFO     | co2_forecast |   Iteration 5: Best fitness = 0.317604
2026-09-17 22:23:56 | INFO     | co2_forecast |   Iteration 9: Best fitness = 0.317604
2026-09-17 22:23:56 | INFO     | co2_forecast | PSO complete. Best fitness: 0.317604
2026-09-17 22:23:56 | INFO     | co2_forecast |   Best params: {'n_estimators': 63, 'max_depth': 3, 'min_samples_split': 2, 'min_samples_leaf': 1}
2026-09-17 22:23:56 | INFO     | co2_forecast |   Best fitness: 0.317604
2026-09-17 22:23:56 | INFO     | co2_forecast | [A3_no_grid/panel2_common_period/all_features/random_forest] sweep tuning: best_params={'n_estimators': 63, 'max_depth': 3, 'min_samples_split': 2, 'min_samples_leaf': 1}
2026-09-17 22:23:56 | INFO     | co2_forecast |   random_forest -> weighted_mase=0.7348028715442695
2026-09-17 22:23:56 | INFO     | co2_forecast | Creating walk-forward splits for 16 valid samples
2026-09-17 22:23:56 | INFO     | co2_forecast | Created 4 CV folds across horizons [1, 2, 4]
2026-09-17 22:23:56 | INFO     | co2_forecast | Built tuning CV plan: 4 folds from 16 rows before 2022-Qq (evaluation cutoff) - isolation OK (max tuning date 2021-Qq)
2026-09-17 22:23:56 | INFO     | co2_forecast | Optimizing catboost...
2026-09-17 22:23:56 | INFO     | co2_forecast | Starting PSO: 8 particles, 10 iterations
2026-09-17 22:23:56 | WARNING  | co2_forecast | CatBoost GPU probe failed (catboost/libs/train_lib/trainer_env.cpp:9: Environment for task type [GPU] not found); using CPU.
2026-09-17 22:23:56 | INFO     | co2_forecast |   Iteration 0: Best fitness = 0.367101
2026-09-17 22:23:57 | INFO     | co2_forecast |   Iteration 5: Best fitness = 0.305775
2026-09-17 22:23:58 | INFO     | co2_forecast |   Iteration 9: Best fitness = 0.274717
2026-09-17 22:23:58 | INFO     | co2_forecast | PSO complete. Best fitness: 0.274717
2026-09-17 22:23:58 | INFO     | co2_forecast |   Best params: {'iterations': 140, 'learning_rate': 0.2814436862509895, 'depth': 3, 'l2_leaf_reg': 3.0617381753651927}
2026-09-17 22:23:58 | INFO     | co2_forecast |   Best fitness: 0.274717
2026-09-17 22:23:58 | INFO     | co2_forecast | [A3_no_grid/panel2_common_period/all_features/catboost] sweep tuning: best_params={'iterations': 140, 'learning_rate': 0.2814436862509895, 'depth': 3, 'l2_leaf_reg': 3.0617381753651927}
2026-09-17 22:23:58 | INFO     | co2_forecast |   catboost -> weighted_mase=0.7485271248445817
2026-09-17 22:23:58 | INFO     | co2_forecast | Creating walk-forward splits for 16 valid samples
2026-09-17 22:23:58 | INFO     | co2_forecast | Created 4 CV folds across horizons [1, 2, 4]
2026-09-17 22:23:58 | INFO     | co2_forecast | Built tuning CV plan: 4 folds from 16 rows before 2022-Qq (evaluation cutoff) - isolation OK (max tuning date 2021-Qq)
2026-09-17 22:23:58 | INFO     | co2_forecast | Optimizing lightgbm...
2026-09-17 22:23:58 | INFO     | co2_forecast | Starting PSO: 8 particles, 10 iterations
2026-09-17 22:23:58 | WARNING  | co2_forecast | LightGBM has no GPU-enabled build installed; using CPU. The pip wheel ships CPU-only - install a CUDA/OpenCL build (e.g. build from source with -DUSE_CUDA=1, or a conda-forge lightgbm=*=cuda* package) to enable GPU training.
2026-09-17 22:23:58 | INFO     | co2_forecast |   Iteration 0: Best fitness = 0.768990
2026-09-17 22:23:59 | INFO     | co2_forecast |   Iteration 5: Best fitness = 0.655353
2026-09-17 22:24:00 | INFO     | co2_forecast |   Iteration 9: Best fitness = 0.644572
2026-09-17 22:24:00 | INFO     | co2_forecast | PSO complete. Best fitness: 0.644572
2026-09-17 22:24:00 | INFO     | co2_forecast |   Best params: {'n_estimators': 50, 'learning_rate': 0.24875557248327107, 'num_leaves': 127, 'max_depth': 3, 'min_child_samples': 5, 'reg_alpha': 0.09419715994303053, 'reg_lambda': 1.6116769810147058}
2026-09-17 22:24:00 | INFO     | co2_forecast |   Best fitness: 0.644572
2026-09-17 22:24:00 | INFO     | co2_forecast | [A3_no_grid/panel2_common_period/all_features/lightgbm] sweep tuning: best_params={'n_estimators': 50, 'learning_rate': 0.24875557248327107, 'num_leaves': 127, 'max_depth': 3, 'min_child_samples': 5, 'reg_alpha': 0.09419715994303053, 'reg_lambda': 1.6116769810147058}
2026-09-17 22:24:00 | INFO     | co2_forecast |   lightgbm -> weighted_mase=0.6370806403789556
2026-09-17 22:24:00 | INFO     | co2_forecast | Creating walk-forward splits for 16 valid samples
2026-09-17 22:24:00 | INFO     | co2_forecast | Created 4 CV folds across horizons [1, 2, 4]
2026-09-17 22:24:00 | INFO     | co2_forecast | Built tuning CV plan: 4 folds from 16 rows before 2022-Qq (evaluation cutoff) - isolation OK (max tuning date 2021-Qq)
2026-09-17 22:24:00 | INFO     | co2_forecast | Optimizing lstm...
2026-09-17 22:24:00 | INFO     | co2_forecast | Starting PSO: 8 particles, 10 iterations
2026-09-17 22:24:00 | WARNING  | co2_forecast | Model training failed with params {'lookback': 7, 'hidden_size': 62, 'num_layers': 2, 'dropout': 0.3394633936788147, 'learning_rate': 0.0016445845403801217, 'batch_size': 8}: LSTM.fit: training data has 8 rows, giving only 1 sequence(s) with lookback=7; at least 2 are required (one is always reserved for validation). Reduce lookback or provide more training history.
2026-09-17 22:24:00 | WARNING  | co2_forecast | Model training failed with params {'lookback': 11, 'hidden_size': 26, 'num_layers': 1, 'dropout': 0.17336180394137354, 'learning_rate': 0.0031119982052994237, 'batch_size': 16}: LSTM.fit: training data has 8 rows, giving only 0 sequence(s) with lookback=11; at least 2 are required (one is always reserved for validation). Reduce lookback or provide more training history.
2026-09-17 22:24:00 | WARNING  | co2_forecast | Model training failed with params {'lookback': 8, 'hidden_size': 54, 'num_layers': 1, 'dropout': 0.3056937753654447, 'learning_rate': 0.005964904231734221, 'batch_size': 8}: LSTM.fit: training data has 8 rows, giving only 0 sequence(s) with lookback=8; at least 2 are required (one is always reserved for validation). Reduce lookback or provide more training history.
2026-09-17 22:24:00 | WARNING  | co2_forecast | Very few sequences (2), LSTM may not train well
2026-09-17 22:24:01 | WARNING  | co2_forecast | Very few sequences (6), LSTM may not train well
2026-09-17 22:24:01 | WARNING  | co2_forecast | Very few sequences (2), LSTM may not train well
2026-09-17 22:24:01 | WARNING  | co2_forecast | Very few sequences (2), LSTM may not train well
2026-09-17 22:24:01 | WARNING  | co2_forecast | Model training failed with params {'lookback': 8, 'hidden_size': 25, 'num_layers': 2, 'dropout': 0.4100531293444458, 'learning_rate': 0.009401039521485473, 'batch_size': 32}: LSTM.fit: training data has 8 rows, giving only 0 sequence(s) with lookback=8; at least 2 are required (one is always reserved for validation). Reduce lookback or provide more training history.
2026-09-17 22:24:01 | WARNING  | co2_forecast | Model training failed with params {'lookback': 7, 'hidden_size': 29, 'num_layers': 2, 'dropout': 0.2427013306774357, 'learning_rate': 0.00288125164590507, 'batch_size': 16}: LSTM.fit: training data has 8 rows, giving only 1 sequence(s) with lookback=7; at least 2 are required (one is always reserved for validation). Reduce lookback or provide more training history.
2026-09-17 22:24:01 | WARNING  | co2_forecast | Very few sequences (4), LSTM may not train well
2026-09-17 22:24:01 | WARNING  | co2_forecast | Very few sequences (8), LSTM may not train well
2026-09-17 22:24:01 | WARNING  | co2_forecast | Very few sequences (4), LSTM may not train well
2026-09-17 22:24:01 | WARNING  | co2_forecast | Very few sequences (4), LSTM may not train well
2026-09-17 22:24:01 | WARNING  | co2_forecast | Very few sequences (2), LSTM may not train well
2026-09-17 22:24:01 | WARNING  | co2_forecast | Very few sequences (6), LSTM may not train well
2026-09-17 22:24:01 | WARNING  | co2_forecast | Very few sequences (2), LSTM may not train well
2026-09-17 22:24:01 | WARNING  | co2_forecast | Very few sequences (2), LSTM may not train well
2026-09-17 22:24:01 | INFO     | co2_forecast |   Iteration 0: Best fitness = 1.014697
2026-09-17 22:24:01 | WARNING  | co2_forecast | Very few sequences (3), LSTM may not train well
2026-09-17 22:24:01 | WARNING  | co2_forecast | Very few sequences (7), LSTM may not train well
2026-09-17 22:24:01 | WARNING  | co2_forecast | Very few sequences (3), LSTM may not train well
2026-09-17 22:24:01 | WARNING  | co2_forecast | Very few sequences (3), LSTM may not train well
2026-09-17 22:24:02 | WARNING  | co2_forecast | Very few sequences (2), LSTM may not train well
2026-09-17 22:24:02 | WARNING  | co2_forecast | Very few sequences (6), LSTM may not train well
2026-09-17 22:24:02 | WARNING  | co2_forecast | Very few sequences (2), LSTM may not train well
2026-09-17 22:24:02 | WARNING  | co2_forecast | Very few sequences (2), LSTM may not train well
2026-09-17 22:24:02 | WARNING  | co2_forecast | Model training failed with params {'lookback': 8, 'hidden_size': 44, 'num_layers': 1, 'dropout': 0.32389753899663415, 'learning_rate': 0.005520634690128072, 'batch_size': 8}: LSTM.fit: training data has 8 rows, giving only 0 sequence(s) with lookback=8; at least 2 are required (one is always reserved for validation). Reduce lookback or provide more training history.
2026-09-17 22:24:02 | WARNING  | co2_forecast | Very few sequences (3), LSTM may not train well
2026-09-17 22:24:02 | WARNING  | co2_forecast | Very few sequences (7), LSTM may not train well
2026-09-17 22:24:02 | WARNING  | co2_forecast | Very few sequences (3), LSTM may not train well
2026-09-17 22:24:02 | WARNING  | co2_forecast | Very few sequences (3), LSTM may not train well
2026-09-17 22:24:02 | WARNING  | co2_forecast | Very few sequences (2), LSTM may not train well
2026-09-17 22:24:02 | WARNING  | co2_forecast | Very few sequences (6), LSTM may not train well
2026-09-17 22:24:02 | WARNING  | co2_forecast | Very few sequences (2), LSTM may not train well
2026-09-17 22:24:02 | WARNING  | co2_forecast | Very few sequences (2), LSTM may not train well
2026-09-17 22:24:03 | WARNING  | co2_forecast | Very few sequences (3), LSTM may not train well
2026-09-17 22:24:03 | WARNING  | co2_forecast | Very few sequences (7), LSTM may not train well
2026-09-17 22:24:03 | WARNING  | co2_forecast | Very few sequences (3), LSTM may not train well
2026-09-17 22:24:03 | WARNING  | co2_forecast | Very few sequences (3), LSTM may not train well
2026-09-17 22:24:03 | WARNING  | co2_forecast | Very few sequences (4), LSTM may not train well
2026-09-17 22:24:03 | WARNING  | co2_forecast | Very few sequences (8), LSTM may not train well
2026-09-17 22:24:03 | WARNING  | co2_forecast | Very few sequences (4), LSTM may not train well
2026-09-17 22:24:03 | WARNING  | co2_forecast | Very few sequences (4), LSTM may not train well
2026-09-17 22:24:03 | WARNING  | co2_forecast | Very few sequences (2), LSTM may not train well
2026-09-17 22:24:03 | WARNING  | co2_forecast | Very few sequences (6), LSTM may not train well
2026-09-17 22:24:03 | WARNING  | co2_forecast | Very few sequences (2), LSTM may not train well
2026-09-17 22:24:03 | WARNING  | co2_forecast | Very few sequences (2), LSTM may not train well
2026-09-17 22:24:03 | WARNING  | co2_forecast | Very few sequences (4), LSTM may not train well
2026-09-17 22:24:03 | WARNING  | co2_forecast | Very few sequences (8), LSTM may not train well
2026-09-17 22:24:03 | WARNING  | co2_forecast | Very few sequences (4), LSTM may not train well
2026-09-17 22:24:03 | WARNING  | co2_forecast | Very few sequences (4), LSTM may not train well
2026-09-17 22:24:03 | WARNING  | co2_forecast | Very few sequences (4), LSTM may not train well
2026-09-17 22:24:03 | WARNING  | co2_forecast | Very few sequences (8), LSTM may not train well
2026-09-17 22:24:04 | WARNING  | co2_forecast | Very few sequences (4), LSTM may not train well
2026-09-17 22:24:04 | WARNING  | co2_forecast | Very few sequences (4), LSTM may not train well
2026-09-17 22:24:04 | WARNING  | co2_forecast | Model training failed with params {'lookback': 7, 'hidden_size': 33, 'num_layers': 1, 'dropout': 0.3174646446740698, 'learning_rate': 0.004142028037008456, 'batch_size': 16}: LSTM.fit: training data has 8 rows, giving only 1 sequence(s) with lookback=7; at least 2 are required (one is always reserved for validation). Reduce lookback or provide more training history.
2026-09-17 22:24:04 | WARNING  | co2_forecast | Very few sequences (3), LSTM may not train well
2026-09-17 22:24:04 | WARNING  | co2_forecast | Very few sequences (7), LSTM may not train well
2026-09-17 22:24:04 | WARNING  | co2_forecast | Very few sequences (3), LSTM may not train well
2026-09-17 22:24:04 | WARNING  | co2_forecast | Very few sequences (3), LSTM may not train well
2026-09-17 22:24:04 | WARNING  | co2_forecast | Very few sequences (4), LSTM may not train well
2026-09-17 22:24:04 | WARNING  | co2_forecast | Very few sequences (8), LSTM may not train well
2026-09-17 22:24:04 | WARNING  | co2_forecast | Very few sequences (4), LSTM may not train well
2026-09-17 22:24:04 | WARNING  | co2_forecast | Very few sequences (4), LSTM may not train well
2026-09-17 22:24:04 | WARNING  | co2_forecast | Very few sequences (4), LSTM may not train well
2026-09-17 22:24:04 | WARNING  | co2_forecast | Very few sequences (8), LSTM may not train well
2026-09-17 22:24:04 | WARNING  | co2_forecast | Very few sequences (4), LSTM may not train well
2026-09-17 22:24:05 | WARNING  | co2_forecast | Very few sequences (4), LSTM may not train well
2026-09-17 22:24:05 | WARNING  | co2_forecast | Very few sequences (3), LSTM may not train well
2026-09-17 22:24:05 | WARNING  | co2_forecast | Very few sequences (7), LSTM may not train well
2026-09-17 22:24:05 | WARNING  | co2_forecast | Very few sequences (3), LSTM may not train well
2026-09-17 22:24:05 | WARNING  | co2_forecast | Very few sequences (3), LSTM may not train well
2026-09-17 22:24:05 | WARNING  | co2_forecast | Very few sequences (3), LSTM may not train well
2026-09-17 22:24:05 | WARNING  | co2_forecast | Very few sequences (7), LSTM may not train well
2026-09-17 22:24:05 | WARNING  | co2_forecast | Very few sequences (3), LSTM may not train well
2026-09-17 22:24:05 | WARNING  | co2_forecast | Very few sequences (3), LSTM may not train well
2026-09-17 22:24:05 | WARNING  | co2_forecast | Very few sequences (4), LSTM may not train well
2026-09-17 22:24:05 | WARNING  | co2_forecast | Very few sequences (8), LSTM may not train well
2026-09-17 22:24:05 | WARNING  | co2_forecast | Very few sequences (4), LSTM may not train well
2026-09-17 22:24:05 | WARNING  | co2_forecast | Very few sequences (4), LSTM may not train well
2026-09-17 22:24:05 | WARNING  | co2_forecast | Very few sequences (4), LSTM may not train well
2026-09-17 22:24:05 | WARNING  | co2_forecast | Very few sequences (8), LSTM may not train well
2026-09-17 22:24:05 | WARNING  | co2_forecast | Very few sequences (4), LSTM may not train well
2026-09-17 22:24:05 | WARNING  | co2_forecast | Very few sequences (4), LSTM may not train well
2026-09-17 22:24:05 | WARNING  | co2_forecast | Very few sequences (2), LSTM may not train well
2026-09-17 22:24:05 | WARNING  | co2_forecast | Very few sequences (6), LSTM may not train well
2026-09-17 22:24:05 | WARNING  | co2_forecast | Very few sequences (2), LSTM may not train well
2026-09-17 22:24:05 | WARNING  | co2_forecast | Very few sequences (2), LSTM may not train well
2026-09-17 22:24:05 | WARNING  | co2_forecast | Very few sequences (4), LSTM may not train well
2026-09-17 22:24:05 | WARNING  | co2_forecast | Very few sequences (8), LSTM may not train well
2026-09-17 22:24:06 | WARNING  | co2_forecast | Very few sequences (4), LSTM may not train well
2026-09-17 22:24:06 | WARNING  | co2_forecast | Very few sequences (4), LSTM may not train well
2026-09-17 22:24:06 | WARNING  | co2_forecast | Very few sequences (4), LSTM may not train well
2026-09-17 22:24:06 | WARNING  | co2_forecast | Very few sequences (8), LSTM may not train well
2026-09-17 22:24:06 | WARNING  | co2_forecast | Very few sequences (4), LSTM may not train well
2026-09-17 22:24:06 | WARNING  | co2_forecast | Very few sequences (4), LSTM may not train well
2026-09-17 22:24:06 | WARNING  | co2_forecast | Very few sequences (4), LSTM may not train well
2026-09-17 22:24:06 | WARNING  | co2_forecast | Very few sequences (8), LSTM may not train well
2026-09-17 22:24:06 | WARNING  | co2_forecast | Very few sequences (4), LSTM may not train well
2026-09-17 22:24:06 | WARNING  | co2_forecast | Very few sequences (4), LSTM may not train well
2026-09-17 22:24:06 | WARNING  | co2_forecast | Very few sequences (4), LSTM may not train well
2026-09-17 22:24:06 | WARNING  | co2_forecast | Very few sequences (8), LSTM may not train well
2026-09-17 22:24:06 | WARNING  | co2_forecast | Very few sequences (4), LSTM may not train well
2026-09-17 22:24:06 | WARNING  | co2_forecast | Very few sequences (4), LSTM may not train well
2026-09-17 22:24:06 | WARNING  | co2_forecast | Very few sequences (3), LSTM may not train well
2026-09-17 22:24:06 | WARNING  | co2_forecast | Very few sequences (7), LSTM may not train well
2026-09-17 22:24:06 | WARNING  | co2_forecast | Very few sequences (3), LSTM may not train well
2026-09-17 22:24:06 | WARNING  | co2_forecast | Very few sequences (3), LSTM may not train well
2026-09-17 22:24:06 | WARNING  | co2_forecast | Very few sequences (4), LSTM may not train well
2026-09-17 22:24:07 | WARNING  | co2_forecast | Very few sequences (8), LSTM may not train well
2026-09-17 22:24:07 | WARNING  | co2_forecast | Very few sequences (4), LSTM may not train well
2026-09-17 22:24:07 | WARNING  | co2_forecast | Very few sequences (4), LSTM may not train well
2026-09-17 22:24:07 | WARNING  | co2_forecast | Very few sequences (4), LSTM may not train well
2026-09-17 22:24:07 | WARNING  | co2_forecast | Very few sequences (8), LSTM may not train well
2026-09-17 22:24:07 | WARNING  | co2_forecast | Very few sequences (4), LSTM may not train well
2026-09-17 22:24:07 | WARNING  | co2_forecast | Very few sequences (4), LSTM may not train well
2026-09-17 22:24:07 | WARNING  | co2_forecast | Very few sequences (3), LSTM may not train well
2026-09-17 22:24:07 | WARNING  | co2_forecast | Very few sequences (7), LSTM may not train well
2026-09-17 22:24:07 | WARNING  | co2_forecast | Very few sequences (3), LSTM may not train well
2026-09-17 22:24:07 | WARNING  | co2_forecast | Very few sequences (3), LSTM may not train well
2026-09-17 22:24:07 | WARNING  | co2_forecast | Very few sequences (4), LSTM may not train well
2026-09-17 22:24:07 | WARNING  | co2_forecast | Very few sequences (8), LSTM may not train well
2026-09-17 22:24:07 | WARNING  | co2_forecast | Very few sequences (4), LSTM may not train well
2026-09-17 22:24:07 | WARNING  | co2_forecast | Very few sequences (4), LSTM may not train well
2026-09-17 22:24:08 | WARNING  | co2_forecast | Very few sequences (4), LSTM may not train well
2026-09-17 22:24:08 | WARNING  | co2_forecast | Very few sequences (8), LSTM may not train well
2026-09-17 22:24:08 | WARNING  | co2_forecast | Very few sequences (4), LSTM may not train well
2026-09-17 22:24:08 | WARNING  | co2_forecast | Very few sequences (4), LSTM may not train well
2026-09-17 22:24:08 | WARNING  | co2_forecast | Very few sequences (4), LSTM may not train well
2026-09-17 22:24:08 | WARNING  | co2_forecast | Very few sequences (8), LSTM may not train well
2026-09-17 22:24:08 | WARNING  | co2_forecast | Very few sequences (4), LSTM may not train well
2026-09-17 22:24:08 | WARNING  | co2_forecast | Very few sequences (4), LSTM may not train well
2026-09-17 22:24:08 | WARNING  | co2_forecast | Very few sequences (4), LSTM may not train well
2026-09-17 22:24:08 | WARNING  | co2_forecast | Very few sequences (8), LSTM may not train well
2026-09-17 22:24:08 | WARNING  | co2_forecast | Very few sequences (4), LSTM may not train well
2026-09-17 22:24:08 | WARNING  | co2_forecast | Very few sequences (4), LSTM may not train well
2026-09-17 22:24:08 | WARNING  | co2_forecast | Very few sequences (3), LSTM may not train well
2026-09-17 22:24:08 | WARNING  | co2_forecast | Very few sequences (7), LSTM may not train well
2026-09-17 22:24:08 | WARNING  | co2_forecast | Very few sequences (3), LSTM may not train well
2026-09-17 22:24:08 | WARNING  | co2_forecast | Very few sequences (3), LSTM may not train well
2026-09-17 22:24:08 | WARNING  | co2_forecast | Very few sequences (4), LSTM may not train well
2026-09-17 22:24:08 | WARNING  | co2_forecast | Very few sequences (8), LSTM may not train well
2026-09-17 22:24:09 | WARNING  | co2_forecast | Very few sequences (4), LSTM may not train well
2026-09-17 22:24:09 | WARNING  | co2_forecast | Very few sequences (4), LSTM may not train well
2026-09-17 22:24:09 | WARNING  | co2_forecast | Very few sequences (4), LSTM may not train well
2026-09-17 22:24:09 | WARNING  | co2_forecast | Very few sequences (8), LSTM may not train well
2026-09-17 22:24:09 | WARNING  | co2_forecast | Very few sequences (4), LSTM may not train well
2026-09-17 22:24:09 | WARNING  | co2_forecast | Very few sequences (4), LSTM may not train well
2026-09-17 22:24:09 | WARNING  | co2_forecast | Very few sequences (4), LSTM may not train well
2026-09-17 22:24:09 | WARNING  | co2_forecast | Very few sequences (8), LSTM may not train well
2026-09-17 22:24:09 | WARNING  | co2_forecast | Very few sequences (4), LSTM may not train well
2026-09-17 22:24:09 | WARNING  | co2_forecast | Very few sequences (4), LSTM may not train well
2026-09-17 22:24:09 | WARNING  | co2_forecast | Very few sequences (4), LSTM may not train well
2026-09-17 22:24:09 | WARNING  | co2_forecast | Very few sequences (8), LSTM may not train well
2026-09-17 22:24:09 | WARNING  | co2_forecast | Very few sequences (4), LSTM may not train well
2026-09-17 22:24:09 | WARNING  | co2_forecast | Very few sequences (4), LSTM may not train well
2026-09-17 22:24:09 | WARNING  | co2_forecast | Very few sequences (4), LSTM may not train well
2026-09-17 22:24:09 | WARNING  | co2_forecast | Very few sequences (8), LSTM may not train well
2026-09-17 22:24:10 | WARNING  | co2_forecast | Very few sequences (4), LSTM may not train well
2026-09-17 22:24:10 | WARNING  | co2_forecast | Very few sequences (4), LSTM may not train well
2026-09-17 22:24:10 | WARNING  | co2_forecast | Very few sequences (4), LSTM may not train well
2026-09-17 22:24:10 | WARNING  | co2_forecast | Very few sequences (8), LSTM may not train well
2026-09-17 22:24:10 | WARNING  | co2_forecast | Very few sequences (4), LSTM may not train well
2026-09-17 22:24:10 | WARNING  | co2_forecast | Very few sequences (4), LSTM may not train well
2026-09-17 22:24:10 | WARNING  | co2_forecast | Very few sequences (4), LSTM may not train well
2026-09-17 22:24:10 | WARNING  | co2_forecast | Very few sequences (8), LSTM may not train well
2026-09-17 22:24:10 | WARNING  | co2_forecast | Very few sequences (4), LSTM may not train well
2026-09-17 22:24:10 | WARNING  | co2_forecast | Very few sequences (4), LSTM may not train well
2026-09-17 22:24:10 | WARNING  | co2_forecast | Very few sequences (3), LSTM may not train well
2026-09-17 22:24:10 | WARNING  | co2_forecast | Very few sequences (7), LSTM may not train well
2026-09-17 22:24:10 | WARNING  | co2_forecast | Very few sequences (3), LSTM may not train well
2026-09-17 22:24:10 | WARNING  | co2_forecast | Very few sequences (3), LSTM may not train well
2026-09-17 22:24:10 | INFO     | co2_forecast |   Iteration 5: Best fitness = 0.762308
2026-09-17 22:24:10 | WARNING  | co2_forecast | Very few sequences (4), LSTM may not train well
2026-09-17 22:24:10 | WARNING  | co2_forecast | Very few sequences (8), LSTM may not train well
2026-09-17 22:24:10 | WARNING  | co2_forecast | Very few sequences (4), LSTM may not train well
2026-09-17 22:24:11 | WARNING  | co2_forecast | Very few sequences (4), LSTM may not train well
2026-09-17 22:24:11 | WARNING  | co2_forecast | Very few sequences (4), LSTM may not train well
2026-09-17 22:24:11 | WARNING  | co2_forecast | Very few sequences (8), LSTM may not train well
2026-09-17 22:24:11 | WARNING  | co2_forecast | Very few sequences (4), LSTM may not train well
2026-09-17 22:24:11 | WARNING  | co2_forecast | Very few sequences (4), LSTM may not train well
2026-09-17 22:24:11 | WARNING  | co2_forecast | Very few sequences (4), LSTM may not train well
2026-09-17 22:24:11 | WARNING  | co2_forecast | Very few sequences (8), LSTM may not train well
2026-09-17 22:24:11 | WARNING  | co2_forecast | Very few sequences (4), LSTM may not train well
2026-09-17 22:24:11 | WARNING  | co2_forecast | Very few sequences (4), LSTM may not train well
2026-09-17 22:24:11 | WARNING  | co2_forecast | Very few sequences (4), LSTM may not train well
2026-09-17 22:24:11 | WARNING  | co2_forecast | Very few sequences (8), LSTM may not train well
2026-09-17 22:24:11 | WARNING  | co2_forecast | Very few sequences (4), LSTM may not train well
2026-09-17 22:24:11 | WARNING  | co2_forecast | Very few sequences (4), LSTM may not train well
2026-09-17 22:24:11 | WARNING  | co2_forecast | Very few sequences (4), LSTM may not train well
2026-09-17 22:24:11 | WARNING  | co2_forecast | Very few sequences (8), LSTM may not train well
2026-09-17 22:24:12 | WARNING  | co2_forecast | Very few sequences (4), LSTM may not train well
2026-09-17 22:24:12 | WARNING  | co2_forecast | Very few sequences (4), LSTM may not train well
2026-09-17 22:24:12 | WARNING  | co2_forecast | Very few sequences (4), LSTM may not train well
2026-09-17 22:24:12 | WARNING  | co2_forecast | Very few sequences (8), LSTM may not train well
2026-09-17 22:24:12 | WARNING  | co2_forecast | Very few sequences (4), LSTM may not train well
2026-09-17 22:24:12 | WARNING  | co2_forecast | Very few sequences (4), LSTM may not train well
2026-09-17 22:24:12 | WARNING  | co2_forecast | Very few sequences (4), LSTM may not train well
2026-09-17 22:24:12 | WARNING  | co2_forecast | Very few sequences (8), LSTM may not train well
2026-09-17 22:24:12 | WARNING  | co2_forecast | Very few sequences (4), LSTM may not train well
2026-09-17 22:24:12 | WARNING  | co2_forecast | Very few sequences (4), LSTM may not train well
2026-09-17 22:24:12 | WARNING  | co2_forecast | Very few sequences (3), LSTM may not train well
2026-09-17 22:24:12 | WARNING  | co2_forecast | Very few sequences (7), LSTM may not train well
2026-09-17 22:24:12 | WARNING  | co2_forecast | Very few sequences (3), LSTM may not train well
2026-09-17 22:24:12 | WARNING  | co2_forecast | Very few sequences (3), LSTM may not train well
2026-09-17 22:24:12 | WARNING  | co2_forecast | Very few sequences (4), LSTM may not train well
2026-09-17 22:24:12 | WARNING  | co2_forecast | Very few sequences (8), LSTM may not train well
2026-09-17 22:24:12 | WARNING  | co2_forecast | Very few sequences (4), LSTM may not train well
2026-09-17 22:24:12 | WARNING  | co2_forecast | Very few sequences (4), LSTM may not train well
2026-09-17 22:24:12 | WARNING  | co2_forecast | Very few sequences (4), LSTM may not train well
2026-09-17 22:24:13 | WARNING  | co2_forecast | Very few sequences (8), LSTM may not train well
2026-09-17 22:24:13 | WARNING  | co2_forecast | Very few sequences (4), LSTM may not train well
2026-09-17 22:24:13 | WARNING  | co2_forecast | Very few sequences (4), LSTM may not train well
2026-09-17 22:24:13 | WARNING  | co2_forecast | Very few sequences (4), LSTM may not train well
2026-09-17 22:24:13 | WARNING  | co2_forecast | Very few sequences (8), LSTM may not train well
2026-09-17 22:24:13 | WARNING  | co2_forecast | Very few sequences (4), LSTM may not train well
2026-09-17 22:24:13 | WARNING  | co2_forecast | Very few sequences (4), LSTM may not train well
2026-09-17 22:24:13 | WARNING  | co2_forecast | Very few sequences (4), LSTM may not train well
2026-09-17 22:24:13 | WARNING  | co2_forecast | Very few sequences (8), LSTM may not train well
2026-09-17 22:24:13 | WARNING  | co2_forecast | Very few sequences (4), LSTM may not train well
2026-09-17 22:24:13 | WARNING  | co2_forecast | Very few sequences (4), LSTM may not train well
2026-09-17 22:24:13 | WARNING  | co2_forecast | Very few sequences (4), LSTM may not train well
2026-09-17 22:24:13 | WARNING  | co2_forecast | Very few sequences (8), LSTM may not train well
2026-09-17 22:24:14 | WARNING  | co2_forecast | Very few sequences (4), LSTM may not train well
2026-09-17 22:24:14 | WARNING  | co2_forecast | Very few sequences (4), LSTM may not train well
2026-09-17 22:24:14 | WARNING  | co2_forecast | Very few sequences (4), LSTM may not train well
2026-09-17 22:24:14 | WARNING  | co2_forecast | Very few sequences (8), LSTM may not train well
2026-09-17 22:24:14 | WARNING  | co2_forecast | Very few sequences (4), LSTM may not train well
2026-09-17 22:24:14 | WARNING  | co2_forecast | Very few sequences (4), LSTM may not train well
2026-09-17 22:24:14 | WARNING  | co2_forecast | Very few sequences (4), LSTM may not train well
2026-09-17 22:24:14 | WARNING  | co2_forecast | Very few sequences (8), LSTM may not train well
2026-09-17 22:24:14 | WARNING  | co2_forecast | Very few sequences (4), LSTM may not train well
2026-09-17 22:24:14 | WARNING  | co2_forecast | Very few sequences (4), LSTM may not train well
2026-09-17 22:24:14 | WARNING  | co2_forecast | Very few sequences (3), LSTM may not train well
2026-09-17 22:24:14 | WARNING  | co2_forecast | Very few sequences (7), LSTM may not train well
2026-09-17 22:24:14 | WARNING  | co2_forecast | Very few sequences (3), LSTM may not train well
2026-09-17 22:24:14 | WARNING  | co2_forecast | Very few sequences (3), LSTM may not train well
2026-09-17 22:24:14 | WARNING  | co2_forecast | Very few sequences (4), LSTM may not train well
2026-09-17 22:24:14 | WARNING  | co2_forecast | Very few sequences (8), LSTM may not train well
2026-09-17 22:24:14 | WARNING  | co2_forecast | Very few sequences (4), LSTM may not train well
2026-09-17 22:24:14 | WARNING  | co2_forecast | Very few sequences (4), LSTM may not train well
2026-09-17 22:24:14 | WARNING  | co2_forecast | Very few sequences (4), LSTM may not train well
2026-09-17 22:24:15 | WARNING  | co2_forecast | Very few sequences (8), LSTM may not train well
2026-09-17 22:24:15 | WARNING  | co2_forecast | Very few sequences (4), LSTM may not train well
2026-09-17 22:24:15 | WARNING  | co2_forecast | Very few sequences (4), LSTM may not train well
2026-09-17 22:24:15 | WARNING  | co2_forecast | Very few sequences (4), LSTM may not train well
2026-09-17 22:24:15 | WARNING  | co2_forecast | Very few sequences (8), LSTM may not train well
2026-09-17 22:24:15 | WARNING  | co2_forecast | Very few sequences (4), LSTM may not train well
2026-09-17 22:24:15 | WARNING  | co2_forecast | Very few sequences (4), LSTM may not train well
2026-09-17 22:24:15 | WARNING  | co2_forecast | Very few sequences (4), LSTM may not train well
2026-09-17 22:24:15 | WARNING  | co2_forecast | Very few sequences (8), LSTM may not train well
2026-09-17 22:24:15 | WARNING  | co2_forecast | Very few sequences (4), LSTM may not train well
2026-09-17 22:24:15 | WARNING  | co2_forecast | Very few sequences (4), LSTM may not train well
2026-09-17 22:24:15 | WARNING  | co2_forecast | Very few sequences (4), LSTM may not train well
2026-09-17 22:24:15 | WARNING  | co2_forecast | Very few sequences (8), LSTM may not train well
2026-09-17 22:24:16 | WARNING  | co2_forecast | Very few sequences (4), LSTM may not train well
2026-09-17 22:24:16 | WARNING  | co2_forecast | Very few sequences (4), LSTM may not train well
2026-09-17 22:24:16 | WARNING  | co2_forecast | Very few sequences (4), LSTM may not train well
2026-09-17 22:24:16 | WARNING  | co2_forecast | Very few sequences (8), LSTM may not train well
2026-09-17 22:24:16 | WARNING  | co2_forecast | Very few sequences (4), LSTM may not train well
2026-09-17 22:24:16 | WARNING  | co2_forecast | Very few sequences (4), LSTM may not train well
2026-09-17 22:24:16 | WARNING  | co2_forecast | Very few sequences (4), LSTM may not train well
2026-09-17 22:24:16 | WARNING  | co2_forecast | Very few sequences (8), LSTM may not train well
2026-09-17 22:24:16 | WARNING  | co2_forecast | Very few sequences (4), LSTM may not train well
2026-09-17 22:24:16 | WARNING  | co2_forecast | Very few sequences (4), LSTM may not train well
2026-09-17 22:24:16 | WARNING  | co2_forecast | Very few sequences (3), LSTM may not train well
2026-09-17 22:24:16 | WARNING  | co2_forecast | Very few sequences (7), LSTM may not train well
2026-09-17 22:24:16 | WARNING  | co2_forecast | Very few sequences (3), LSTM may not train well
2026-09-17 22:24:16 | WARNING  | co2_forecast | Very few sequences (3), LSTM may not train well
2026-09-17 22:24:16 | WARNING  | co2_forecast | Very few sequences (4), LSTM may not train well
2026-09-17 22:24:16 | WARNING  | co2_forecast | Very few sequences (8), LSTM may not train well
2026-09-17 22:24:16 | WARNING  | co2_forecast | Very few sequences (4), LSTM may not train well
2026-09-17 22:24:16 | WARNING  | co2_forecast | Very few sequences (4), LSTM may not train well
2026-09-17 22:24:16 | WARNING  | co2_forecast | Very few sequences (4), LSTM may not train well
2026-09-17 22:24:17 | WARNING  | co2_forecast | Very few sequences (8), LSTM may not train well
2026-09-17 22:24:17 | WARNING  | co2_forecast | Very few sequences (4), LSTM may not train well
2026-09-17 22:24:17 | WARNING  | co2_forecast | Very few sequences (4), LSTM may not train well
2026-09-17 22:24:17 | WARNING  | co2_forecast | Very few sequences (4), LSTM may not train well
2026-09-17 22:24:17 | WARNING  | co2_forecast | Very few sequences (8), LSTM may not train well
2026-09-17 22:24:17 | WARNING  | co2_forecast | Very few sequences (4), LSTM may not train well
2026-09-17 22:24:17 | WARNING  | co2_forecast | Very few sequences (4), LSTM may not train well
2026-09-17 22:24:17 | WARNING  | co2_forecast | Very few sequences (4), LSTM may not train well
2026-09-17 22:24:17 | WARNING  | co2_forecast | Very few sequences (8), LSTM may not train well
2026-09-17 22:24:17 | WARNING  | co2_forecast | Very few sequences (4), LSTM may not train well
2026-09-17 22:24:17 | WARNING  | co2_forecast | Very few sequences (4), LSTM may not train well
2026-09-17 22:24:17 | WARNING  | co2_forecast | Very few sequences (4), LSTM may not train well
2026-09-17 22:24:17 | WARNING  | co2_forecast | Very few sequences (8), LSTM may not train well
2026-09-17 22:24:17 | WARNING  | co2_forecast | Very few sequences (4), LSTM may not train well
2026-09-17 22:24:18 | WARNING  | co2_forecast | Very few sequences (4), LSTM may not train well
2026-09-17 22:24:18 | WARNING  | co2_forecast | Very few sequences (4), LSTM may not train well
2026-09-17 22:24:18 | WARNING  | co2_forecast | Very few sequences (8), LSTM may not train well
2026-09-17 22:24:18 | WARNING  | co2_forecast | Very few sequences (4), LSTM may not train well
2026-09-17 22:24:18 | WARNING  | co2_forecast | Very few sequences (4), LSTM may not train well
2026-09-17 22:24:18 | WARNING  | co2_forecast | Very few sequences (4), LSTM may not train well
2026-09-17 22:24:18 | WARNING  | co2_forecast | Very few sequences (8), LSTM may not train well
2026-09-17 22:24:18 | WARNING  | co2_forecast | Very few sequences (4), LSTM may not train well
2026-09-17 22:24:18 | WARNING  | co2_forecast | Very few sequences (4), LSTM may not train well
2026-09-17 22:24:18 | WARNING  | co2_forecast | Very few sequences (3), LSTM may not train well
2026-09-17 22:24:18 | WARNING  | co2_forecast | Very few sequences (7), LSTM may not train well
2026-09-17 22:24:18 | WARNING  | co2_forecast | Very few sequences (3), LSTM may not train well
2026-09-17 22:24:18 | WARNING  | co2_forecast | Very few sequences (3), LSTM may not train well
2026-09-17 22:24:18 | INFO     | co2_forecast |   Iteration 9: Best fitness = 0.762308
2026-09-17 22:24:18 | INFO     | co2_forecast | PSO complete. Best fitness: 0.762308
2026-09-17 22:24:18 | INFO     | co2_forecast |   Best params: {'lookback': 4, 'hidden_size': 16, 'num_layers': 2, 'dropout': 0.5, 'learning_rate': 0.0001, 'batch_size': 32}
2026-09-17 22:24:18 | INFO     | co2_forecast |   Best fitness: 0.762308
2026-09-17 22:24:18 | INFO     | co2_forecast | [A3_no_grid/panel2_common_period/all_features/lstm] sweep tuning: best_params={'lookback': 4, 'hidden_size': 16, 'num_layers': 2, 'dropout': 0.5, 'learning_rate': 0.0001, 'batch_size': 32}
2026-09-17 22:24:19 | INFO     | co2_forecast |   lstm -> weighted_mase=1.020212975816219
2026-09-17 22:24:19 | INFO     | co2_forecast | Variant A3_no_grid complete in 37.0s
2026-09-17 22:24:19 | INFO     | co2_forecast | --- Variant A3_CI_mean_only: 12 features ---
2026-09-17 22:24:19 | INFO     | co2_forecast | Creating walk-forward splits for 16 valid samples
2026-09-17 22:24:19 | INFO     | co2_forecast | Created 4 CV folds across horizons [1, 2, 4]
2026-09-17 22:24:19 | INFO     | co2_forecast | Built tuning CV plan: 4 folds from 16 rows before 2022-Qq (evaluation cutoff) - isolation OK (max tuning date 2021-Qq)
2026-09-17 22:24:19 | INFO     | co2_forecast | Optimizing ridge...
2026-09-17 22:24:19 | INFO     | co2_forecast | Starting PSO: 8 particles, 10 iterations
2026-09-17 22:24:19 | INFO     | co2_forecast |   Iteration 0: Best fitness = 2.483070
2026-09-17 22:24:19 | INFO     | co2_forecast |   Iteration 5: Best fitness = 2.132950
2026-09-17 22:24:19 | INFO     | co2_forecast |   Iteration 9: Best fitness = 2.132950
2026-09-17 22:24:19 | INFO     | co2_forecast | PSO complete. Best fitness: 2.132950
2026-09-17 22:24:19 | INFO     | co2_forecast |   Best params: {'alpha': 100.0}
2026-09-17 22:24:19 | INFO     | co2_forecast |   Best fitness: 2.132950
2026-09-17 22:24:19 | INFO     | co2_forecast | [A3_CI_mean_only/panel2_common_period/all_features/ridge] sweep tuning: best_params={'alpha': 100.0}
2026-09-17 22:24:19 | INFO     | co2_forecast |   ridge -> weighted_mase=0.893930025451327
2026-09-17 22:24:19 | INFO     | co2_forecast | Creating walk-forward splits for 16 valid samples
2026-09-17 22:24:19 | INFO     | co2_forecast | Created 4 CV folds across horizons [1, 2, 4]
2026-09-17 22:24:19 | INFO     | co2_forecast | Built tuning CV plan: 4 folds from 16 rows before 2022-Qq (evaluation cutoff) - isolation OK (max tuning date 2021-Qq)
2026-09-17 22:24:19 | INFO     | co2_forecast | Optimizing random_forest...
2026-09-17 22:24:19 | INFO     | co2_forecast | Starting PSO: 8 particles, 10 iterations
2026-09-17 22:24:21 | INFO     | co2_forecast |   Iteration 0: Best fitness = 0.664738
2026-09-17 22:24:27 | INFO     | co2_forecast |   Iteration 5: Best fitness = 0.317239
2026-09-17 22:24:32 | INFO     | co2_forecast |   Iteration 9: Best fitness = 0.317239
2026-09-17 22:24:32 | INFO     | co2_forecast | PSO complete. Best fitness: 0.317239
2026-09-17 22:24:32 | INFO     | co2_forecast |   Best params: {'n_estimators': 50, 'max_depth': 3, 'min_samples_split': 2, 'min_samples_leaf': 1}
2026-09-17 22:24:32 | INFO     | co2_forecast |   Best fitness: 0.317239
2026-09-17 22:24:32 | INFO     | co2_forecast | [A3_CI_mean_only/panel2_common_period/all_features/random_forest] sweep tuning: best_params={'n_estimators': 50, 'max_depth': 3, 'min_samples_split': 2, 'min_samples_leaf': 1}
2026-09-17 22:24:32 | INFO     | co2_forecast |   random_forest -> weighted_mase=0.7128498363399949
2026-09-17 22:24:32 | INFO     | co2_forecast | Creating walk-forward splits for 16 valid samples
2026-09-17 22:24:32 | INFO     | co2_forecast | Created 4 CV folds across horizons [1, 2, 4]
2026-09-17 22:24:32 | INFO     | co2_forecast | Built tuning CV plan: 4 folds from 16 rows before 2022-Qq (evaluation cutoff) - isolation OK (max tuning date 2021-Qq)
2026-09-17 22:24:32 | INFO     | co2_forecast | Optimizing catboost...
2026-09-17 22:24:32 | INFO     | co2_forecast | Starting PSO: 8 particles, 10 iterations
2026-09-17 22:24:32 | INFO     | co2_forecast |   Iteration 0: Best fitness = 0.337395
2026-09-17 22:24:33 | INFO     | co2_forecast |   Iteration 5: Best fitness = 0.324936
2026-09-17 22:24:33 | INFO     | co2_forecast |   Iteration 9: Best fitness = 0.319356
2026-09-17 22:24:33 | INFO     | co2_forecast | PSO complete. Best fitness: 0.319356
2026-09-17 22:24:33 | INFO     | co2_forecast |   Best params: {'iterations': 100, 'learning_rate': 0.17194726281485379, 'depth': 3, 'l2_leaf_reg': 8.96216543618773}
2026-09-17 22:24:33 | INFO     | co2_forecast |   Best fitness: 0.319356
2026-09-17 22:24:33 | INFO     | co2_forecast | [A3_CI_mean_only/panel2_common_period/all_features/catboost] sweep tuning: best_params={'iterations': 100, 'learning_rate': 0.17194726281485379, 'depth': 3, 'l2_leaf_reg': 8.96216543618773}
2026-09-17 22:24:34 | INFO     | co2_forecast |   catboost -> weighted_mase=0.7316383150974125
2026-09-17 22:24:34 | INFO     | co2_forecast | Creating walk-forward splits for 16 valid samples
2026-09-17 22:24:34 | INFO     | co2_forecast | Created 4 CV folds across horizons [1, 2, 4]
2026-09-17 22:24:34 | INFO     | co2_forecast | Built tuning CV plan: 4 folds from 16 rows before 2022-Qq (evaluation cutoff) - isolation OK (max tuning date 2021-Qq)
2026-09-17 22:24:34 | INFO     | co2_forecast | Optimizing lightgbm...
2026-09-17 22:24:34 | INFO     | co2_forecast | Starting PSO: 8 particles, 10 iterations
2026-09-17 22:24:34 | INFO     | co2_forecast |   Iteration 0: Best fitness = 0.768990
2026-09-17 22:24:35 | INFO     | co2_forecast |   Iteration 5: Best fitness = 0.655521
2026-09-17 22:24:36 | INFO     | co2_forecast |   Iteration 9: Best fitness = 0.644572
2026-09-17 22:24:36 | INFO     | co2_forecast | PSO complete. Best fitness: 0.644572
2026-09-17 22:24:36 | INFO     | co2_forecast |   Best params: {'n_estimators': 50, 'learning_rate': 0.24875557248327107, 'num_leaves': 127, 'max_depth': 3, 'min_child_samples': 5, 'reg_alpha': 0.09419715994303053, 'reg_lambda': 1.6116769810147058}
2026-09-17 22:24:36 | INFO     | co2_forecast |   Best fitness: 0.644572
2026-09-17 22:24:36 | INFO     | co2_forecast | [A3_CI_mean_only/panel2_common_period/all_features/lightgbm] sweep tuning: best_params={'n_estimators': 50, 'learning_rate': 0.24875557248327107, 'num_leaves': 127, 'max_depth': 3, 'min_child_samples': 5, 'reg_alpha': 0.09419715994303053, 'reg_lambda': 1.6116769810147058}
2026-09-17 22:24:36 | INFO     | co2_forecast |   lightgbm -> weighted_mase=0.5979271362673391
2026-09-17 22:24:36 | INFO     | co2_forecast | Creating walk-forward splits for 16 valid samples
2026-09-17 22:24:36 | INFO     | co2_forecast | Created 4 CV folds across horizons [1, 2, 4]
2026-09-17 22:24:36 | INFO     | co2_forecast | Built tuning CV plan: 4 folds from 16 rows before 2022-Qq (evaluation cutoff) - isolation OK (max tuning date 2021-Qq)
2026-09-17 22:24:36 | INFO     | co2_forecast | Optimizing lstm...
2026-09-17 22:24:36 | INFO     | co2_forecast | Starting PSO: 8 particles, 10 iterations
2026-09-17 22:24:36 | WARNING  | co2_forecast | Model training failed with params {'lookback': 7, 'hidden_size': 62, 'num_layers': 2, 'dropout': 0.3394633936788147, 'learning_rate': 0.0016445845403801217, 'batch_size': 8}: LSTM.fit: training data has 8 rows, giving only 1 sequence(s) with lookback=7; at least 2 are required (one is always reserved for validation). Reduce lookback or provide more training history.
2026-09-17 22:24:36 | WARNING  | co2_forecast | Model training failed with params {'lookback': 11, 'hidden_size': 26, 'num_layers': 1, 'dropout': 0.17336180394137354, 'learning_rate': 0.0031119982052994237, 'batch_size': 16}: LSTM.fit: training data has 8 rows, giving only 0 sequence(s) with lookback=11; at least 2 are required (one is always reserved for validation). Reduce lookback or provide more training history.
2026-09-17 22:24:36 | WARNING  | co2_forecast | Model training failed with params {'lookback': 8, 'hidden_size': 54, 'num_layers': 1, 'dropout': 0.3056937753654447, 'learning_rate': 0.005964904231734221, 'batch_size': 8}: LSTM.fit: training data has 8 rows, giving only 0 sequence(s) with lookback=8; at least 2 are required (one is always reserved for validation). Reduce lookback or provide more training history.
2026-09-17 22:24:36 | WARNING  | co2_forecast | Very few sequences (2), LSTM may not train well
2026-09-17 22:24:36 | WARNING  | co2_forecast | Very few sequences (6), LSTM may not train well
2026-09-17 22:24:36 | WARNING  | co2_forecast | Very few sequences (2), LSTM may not train well
2026-09-17 22:24:36 | WARNING  | co2_forecast | Very few sequences (2), LSTM may not train well
2026-09-17 22:24:36 | WARNING  | co2_forecast | Model training failed with params {'lookback': 8, 'hidden_size': 25, 'num_layers': 2, 'dropout': 0.4100531293444458, 'learning_rate': 0.009401039521485473, 'batch_size': 32}: LSTM.fit: training data has 8 rows, giving only 0 sequence(s) with lookback=8; at least 2 are required (one is always reserved for validation). Reduce lookback or provide more training history.
2026-09-17 22:24:36 | WARNING  | co2_forecast | Model training failed with params {'lookback': 7, 'hidden_size': 29, 'num_layers': 2, 'dropout': 0.2427013306774357, 'learning_rate': 0.00288125164590507, 'batch_size': 16}: LSTM.fit: training data has 8 rows, giving only 1 sequence(s) with lookback=7; at least 2 are required (one is always reserved for validation). Reduce lookback or provide more training history.
2026-09-17 22:24:36 | WARNING  | co2_forecast | Very few sequences (4), LSTM may not train well
2026-09-17 22:24:36 | WARNING  | co2_forecast | Very few sequences (8), LSTM may not train well
2026-09-17 22:24:36 | WARNING  | co2_forecast | Very few sequences (4), LSTM may not train well
2026-09-17 22:24:36 | WARNING  | co2_forecast | Very few sequences (4), LSTM may not train well
2026-09-17 22:24:36 | WARNING  | co2_forecast | Very few sequences (2), LSTM may not train well
2026-09-17 22:24:36 | WARNING  | co2_forecast | Very few sequences (6), LSTM may not train well
2026-09-17 22:24:36 | WARNING  | co2_forecast | Very few sequences (2), LSTM may not train well
2026-09-17 22:24:36 | WARNING  | co2_forecast | Very few sequences (2), LSTM may not train well
2026-09-17 22:24:36 | INFO     | co2_forecast |   Iteration 0: Best fitness = 1.059708
2026-09-17 22:24:36 | WARNING  | co2_forecast | Very few sequences (3), LSTM may not train well
2026-09-17 22:24:36 | WARNING  | co2_forecast | Very few sequences (7), LSTM may not train well
2026-09-17 22:24:36 | WARNING  | co2_forecast | Very few sequences (3), LSTM may not train well
2026-09-17 22:24:37 | WARNING  | co2_forecast | Very few sequences (3), LSTM may not train well
2026-09-17 22:24:37 | WARNING  | co2_forecast | Very few sequences (2), LSTM may not train well
2026-09-17 22:24:37 | WARNING  | co2_forecast | Very few sequences (6), LSTM may not train well
2026-09-17 22:24:37 | WARNING  | co2_forecast | Very few sequences (2), LSTM may not train well
2026-09-17 22:24:37 | WARNING  | co2_forecast | Very few sequences (2), LSTM may not train well
2026-09-17 22:24:37 | WARNING  | co2_forecast | Model training failed with params {'lookback': 8, 'hidden_size': 44, 'num_layers': 1, 'dropout': 0.32389753899663415, 'learning_rate': 0.005520634690128072, 'batch_size': 8}: LSTM.fit: training data has 8 rows, giving only 0 sequence(s) with lookback=8; at least 2 are required (one is always reserved for validation). Reduce lookback or provide more training history.
2026-09-17 22:24:37 | WARNING  | co2_forecast | Very few sequences (3), LSTM may not train well
2026-09-17 22:24:37 | WARNING  | co2_forecast | Very few sequences (7), LSTM may not train well
2026-09-17 22:24:37 | WARNING  | co2_forecast | Very few sequences (3), LSTM may not train well
2026-09-17 22:24:37 | WARNING  | co2_forecast | Very few sequences (3), LSTM may not train well
2026-09-17 22:24:37 | WARNING  | co2_forecast | Very few sequences (2), LSTM may not train well
2026-09-17 22:24:37 | WARNING  | co2_forecast | Very few sequences (6), LSTM may not train well
2026-09-17 22:24:37 | WARNING  | co2_forecast | Very few sequences (2), LSTM may not train well
2026-09-17 22:24:38 | WARNING  | co2_forecast | Very few sequences (2), LSTM may not train well
2026-09-17 22:24:38 | WARNING  | co2_forecast | Very few sequences (3), LSTM may not train well
2026-09-17 22:24:38 | WARNING  | co2_forecast | Very few sequences (7), LSTM may not train well
2026-09-17 22:24:38 | WARNING  | co2_forecast | Very few sequences (3), LSTM may not train well
2026-09-17 22:24:38 | WARNING  | co2_forecast | Very few sequences (3), LSTM may not train well
2026-09-17 22:24:38 | WARNING  | co2_forecast | Very few sequences (4), LSTM may not train well
2026-09-17 22:24:38 | WARNING  | co2_forecast | Very few sequences (8), LSTM may not train well
2026-09-17 22:24:38 | WARNING  | co2_forecast | Very few sequences (4), LSTM may not train well
2026-09-17 22:24:38 | WARNING  | co2_forecast | Very few sequences (4), LSTM may not train well
2026-09-17 22:24:38 | WARNING  | co2_forecast | Very few sequences (2), LSTM may not train well
2026-09-17 22:24:38 | WARNING  | co2_forecast | Very few sequences (6), LSTM may not train well
2026-09-17 22:24:38 | WARNING  | co2_forecast | Very few sequences (2), LSTM may not train well
2026-09-17 22:24:38 | WARNING  | co2_forecast | Very few sequences (2), LSTM may not train well
2026-09-17 22:24:38 | WARNING  | co2_forecast | Very few sequences (3), LSTM may not train well
2026-09-17 22:24:38 | WARNING  | co2_forecast | Very few sequences (7), LSTM may not train well
2026-09-17 22:24:39 | WARNING  | co2_forecast | Very few sequences (3), LSTM may not train well
2026-09-17 22:24:39 | WARNING  | co2_forecast | Very few sequences (3), LSTM may not train well
2026-09-17 22:24:39 | WARNING  | co2_forecast | Very few sequences (4), LSTM may not train well
2026-09-17 22:24:39 | WARNING  | co2_forecast | Very few sequences (8), LSTM may not train well
2026-09-17 22:24:39 | WARNING  | co2_forecast | Very few sequences (4), LSTM may not train well
2026-09-17 22:24:39 | WARNING  | co2_forecast | Very few sequences (4), LSTM may not train well
2026-09-17 22:24:39 | WARNING  | co2_forecast | Model training failed with params {'lookback': 7, 'hidden_size': 35, 'num_layers': 1, 'dropout': 0.31512819649180424, 'learning_rate': 0.004065945490368326, 'batch_size': 8}: LSTM.fit: training data has 8 rows, giving only 1 sequence(s) with lookback=7; at least 2 are required (one is always reserved for validation). Reduce lookback or provide more training history.
2026-09-17 22:24:39 | WARNING  | co2_forecast | Very few sequences (2), LSTM may not train well
2026-09-17 22:24:39 | WARNING  | co2_forecast | Very few sequences (6), LSTM may not train well
2026-09-17 22:24:39 | WARNING  | co2_forecast | Very few sequences (2), LSTM may not train well
2026-09-17 22:24:40 | WARNING  | co2_forecast | Very few sequences (2), LSTM may not train well
2026-09-17 22:24:40 | WARNING  | co2_forecast | Very few sequences (3), LSTM may not train well
2026-09-17 22:24:40 | WARNING  | co2_forecast | Very few sequences (7), LSTM may not train well
2026-09-17 22:24:40 | WARNING  | co2_forecast | Very few sequences (3), LSTM may not train well
2026-09-17 22:24:40 | WARNING  | co2_forecast | Very few sequences (3), LSTM may not train well
2026-09-17 22:24:40 | WARNING  | co2_forecast | Very few sequences (3), LSTM may not train well
2026-09-17 22:24:40 | WARNING  | co2_forecast | Very few sequences (7), LSTM may not train well
2026-09-17 22:24:41 | WARNING  | co2_forecast | Very few sequences (3), LSTM may not train well
2026-09-17 22:24:41 | WARNING  | co2_forecast | Very few sequences (3), LSTM may not train well
2026-09-17 22:24:41 | WARNING  | co2_forecast | Very few sequences (3), LSTM may not train well
2026-09-17 22:24:41 | WARNING  | co2_forecast | Very few sequences (7), LSTM may not train well
2026-09-17 22:24:41 | WARNING  | co2_forecast | Very few sequences (3), LSTM may not train well
2026-09-17 22:24:41 | WARNING  | co2_forecast | Very few sequences (3), LSTM may not train well
2026-09-17 22:24:41 | WARNING  | co2_forecast | Very few sequences (2), LSTM may not train well
2026-09-17 22:24:41 | WARNING  | co2_forecast | Very few sequences (6), LSTM may not train well
2026-09-17 22:24:41 | WARNING  | co2_forecast | Very few sequences (2), LSTM may not train well
2026-09-17 22:24:41 | WARNING  | co2_forecast | Very few sequences (2), LSTM may not train well
2026-09-17 22:24:41 | WARNING  | co2_forecast | Very few sequences (3), LSTM may not train well
2026-09-17 22:24:41 | WARNING  | co2_forecast | Very few sequences (7), LSTM may not train well
2026-09-17 22:24:41 | WARNING  | co2_forecast | Very few sequences (3), LSTM may not train well
2026-09-17 22:24:42 | WARNING  | co2_forecast | Very few sequences (3), LSTM may not train well
2026-09-17 22:24:42 | WARNING  | co2_forecast | Very few sequences (4), LSTM may not train well
2026-09-17 22:24:42 | WARNING  | co2_forecast | Very few sequences (8), LSTM may not train well
2026-09-17 22:24:42 | WARNING  | co2_forecast | Very few sequences (4), LSTM may not train well
2026-09-17 22:24:42 | WARNING  | co2_forecast | Very few sequences (4), LSTM may not train well
2026-09-17 22:24:42 | WARNING  | co2_forecast | Very few sequences (2), LSTM may not train well
2026-09-17 22:24:42 | WARNING  | co2_forecast | Very few sequences (6), LSTM may not train well
2026-09-17 22:24:42 | WARNING  | co2_forecast | Very few sequences (2), LSTM may not train well
2026-09-17 22:24:42 | WARNING  | co2_forecast | Very few sequences (2), LSTM may not train well
2026-09-17 22:24:42 | WARNING  | co2_forecast | Very few sequences (3), LSTM may not train well
2026-09-17 22:24:42 | WARNING  | co2_forecast | Very few sequences (7), LSTM may not train well
2026-09-17 22:24:42 | WARNING  | co2_forecast | Very few sequences (3), LSTM may not train well
2026-09-17 22:24:42 | WARNING  | co2_forecast | Very few sequences (3), LSTM may not train well
2026-09-17 22:24:42 | WARNING  | co2_forecast | Very few sequences (4), LSTM may not train well
2026-09-17 22:24:42 | WARNING  | co2_forecast | Very few sequences (8), LSTM may not train well
2026-09-17 22:24:43 | WARNING  | co2_forecast | Very few sequences (4), LSTM may not train well
2026-09-17 22:24:43 | WARNING  | co2_forecast | Very few sequences (4), LSTM may not train well
2026-09-17 22:24:43 | WARNING  | co2_forecast | Very few sequences (3), LSTM may not train well
2026-09-17 22:24:43 | WARNING  | co2_forecast | Very few sequences (7), LSTM may not train well
2026-09-17 22:24:43 | WARNING  | co2_forecast | Very few sequences (3), LSTM may not train well
2026-09-17 22:24:43 | WARNING  | co2_forecast | Very few sequences (3), LSTM may not train well
2026-09-17 22:24:43 | WARNING  | co2_forecast | Very few sequences (4), LSTM may not train well
2026-09-17 22:24:43 | WARNING  | co2_forecast | Very few sequences (8), LSTM may not train well
2026-09-17 22:24:43 | WARNING  | co2_forecast | Very few sequences (4), LSTM may not train well
2026-09-17 22:24:43 | WARNING  | co2_forecast | Very few sequences (4), LSTM may not train well
2026-09-17 22:24:43 | WARNING  | co2_forecast | Very few sequences (2), LSTM may not train well
2026-09-17 22:24:43 | WARNING  | co2_forecast | Very few sequences (6), LSTM may not train well
2026-09-17 22:24:43 | WARNING  | co2_forecast | Very few sequences (2), LSTM may not train well
2026-09-17 22:24:44 | WARNING  | co2_forecast | Very few sequences (2), LSTM may not train well
2026-09-17 22:24:44 | WARNING  | co2_forecast | Very few sequences (3), LSTM may not train well
2026-09-17 22:24:44 | WARNING  | co2_forecast | Very few sequences (7), LSTM may not train well
2026-09-17 22:24:44 | WARNING  | co2_forecast | Very few sequences (3), LSTM may not train well
2026-09-17 22:24:44 | WARNING  | co2_forecast | Very few sequences (3), LSTM may not train well
2026-09-17 22:24:44 | WARNING  | co2_forecast | Very few sequences (4), LSTM may not train well
2026-09-17 22:24:44 | WARNING  | co2_forecast | Very few sequences (8), LSTM may not train well
2026-09-17 22:24:44 | WARNING  | co2_forecast | Very few sequences (4), LSTM may not train well
2026-09-17 22:24:44 | WARNING  | co2_forecast | Very few sequences (4), LSTM may not train well
2026-09-17 22:24:44 | WARNING  | co2_forecast | Very few sequences (3), LSTM may not train well
2026-09-17 22:24:44 | WARNING  | co2_forecast | Very few sequences (7), LSTM may not train well
2026-09-17 22:24:45 | WARNING  | co2_forecast | Very few sequences (3), LSTM may not train well
2026-09-17 22:24:45 | WARNING  | co2_forecast | Very few sequences (3), LSTM may not train well
2026-09-17 22:24:45 | WARNING  | co2_forecast | Very few sequences (3), LSTM may not train well
2026-09-17 22:24:45 | WARNING  | co2_forecast | Very few sequences (7), LSTM may not train well
2026-09-17 22:24:45 | WARNING  | co2_forecast | Very few sequences (3), LSTM may not train well
2026-09-17 22:24:45 | WARNING  | co2_forecast | Very few sequences (3), LSTM may not train well
2026-09-17 22:24:45 | WARNING  | co2_forecast | Very few sequences (4), LSTM may not train well
2026-09-17 22:24:45 | WARNING  | co2_forecast | Very few sequences (8), LSTM may not train well
2026-09-17 22:24:45 | WARNING  | co2_forecast | Very few sequences (4), LSTM may not train well
2026-09-17 22:24:45 | WARNING  | co2_forecast | Very few sequences (4), LSTM may not train well
2026-09-17 22:24:45 | WARNING  | co2_forecast | Very few sequences (3), LSTM may not train well
2026-09-17 22:24:45 | WARNING  | co2_forecast | Very few sequences (7), LSTM may not train well
2026-09-17 22:24:46 | WARNING  | co2_forecast | Very few sequences (3), LSTM may not train well
2026-09-17 22:24:46 | WARNING  | co2_forecast | Very few sequences (3), LSTM may not train well
2026-09-17 22:24:46 | WARNING  | co2_forecast | Very few sequences (4), LSTM may not train well
2026-09-17 22:24:46 | WARNING  | co2_forecast | Very few sequences (8), LSTM may not train well
2026-09-17 22:24:46 | WARNING  | co2_forecast | Very few sequences (4), LSTM may not train well
2026-09-17 22:24:46 | WARNING  | co2_forecast | Very few sequences (4), LSTM may not train well
2026-09-17 22:24:46 | WARNING  | co2_forecast | Very few sequences (3), LSTM may not train well
2026-09-17 22:24:46 | WARNING  | co2_forecast | Very few sequences (7), LSTM may not train well
2026-09-17 22:24:46 | WARNING  | co2_forecast | Very few sequences (3), LSTM may not train well
2026-09-17 22:24:46 | WARNING  | co2_forecast | Very few sequences (3), LSTM may not train well
2026-09-17 22:24:46 | WARNING  | co2_forecast | Very few sequences (3), LSTM may not train well
2026-09-17 22:24:46 | WARNING  | co2_forecast | Very few sequences (7), LSTM may not train well
2026-09-17 22:24:47 | WARNING  | co2_forecast | Very few sequences (3), LSTM may not train well
2026-09-17 22:24:47 | WARNING  | co2_forecast | Very few sequences (3), LSTM may not train well
2026-09-17 22:24:47 | WARNING  | co2_forecast | Very few sequences (3), LSTM may not train well
2026-09-17 22:24:47 | WARNING  | co2_forecast | Very few sequences (7), LSTM may not train well
2026-09-17 22:24:47 | WARNING  | co2_forecast | Very few sequences (3), LSTM may not train well
2026-09-17 22:24:47 | WARNING  | co2_forecast | Very few sequences (3), LSTM may not train well
2026-09-17 22:24:47 | WARNING  | co2_forecast | Very few sequences (3), LSTM may not train well
2026-09-17 22:24:47 | WARNING  | co2_forecast | Very few sequences (7), LSTM may not train well
2026-09-17 22:24:47 | WARNING  | co2_forecast | Very few sequences (3), LSTM may not train well
2026-09-17 22:24:48 | WARNING  | co2_forecast | Very few sequences (3), LSTM may not train well
2026-09-17 22:24:48 | WARNING  | co2_forecast | Very few sequences (3), LSTM may not train well
2026-09-17 22:24:48 | WARNING  | co2_forecast | Very few sequences (7), LSTM may not train well
2026-09-17 22:24:48 | WARNING  | co2_forecast | Very few sequences (3), LSTM may not train well
2026-09-17 22:24:48 | WARNING  | co2_forecast | Very few sequences (3), LSTM may not train well
2026-09-17 22:24:48 | WARNING  | co2_forecast | Very few sequences (3), LSTM may not train well
2026-09-17 22:24:48 | WARNING  | co2_forecast | Very few sequences (7), LSTM may not train well
2026-09-17 22:24:48 | WARNING  | co2_forecast | Very few sequences (3), LSTM may not train well
2026-09-17 22:24:48 | WARNING  | co2_forecast | Very few sequences (3), LSTM may not train well
2026-09-17 22:24:48 | WARNING  | co2_forecast | Very few sequences (3), LSTM may not train well
2026-09-17 22:24:48 | WARNING  | co2_forecast | Very few sequences (7), LSTM may not train well
2026-09-17 22:24:49 | WARNING  | co2_forecast | Very few sequences (3), LSTM may not train well
2026-09-17 22:24:49 | WARNING  | co2_forecast | Very few sequences (3), LSTM may not train well
2026-09-17 22:24:49 | WARNING  | co2_forecast | Very few sequences (4), LSTM may not train well
2026-09-17 22:24:49 | WARNING  | co2_forecast | Very few sequences (8), LSTM may not train well
2026-09-17 22:24:49 | WARNING  | co2_forecast | Very few sequences (4), LSTM may not train well
2026-09-17 22:24:49 | WARNING  | co2_forecast | Very few sequences (4), LSTM may not train well
2026-09-17 22:24:49 | WARNING  | co2_forecast | Very few sequences (3), LSTM may not train well
2026-09-17 22:24:49 | WARNING  | co2_forecast | Very few sequences (7), LSTM may not train well
2026-09-17 22:24:49 | WARNING  | co2_forecast | Very few sequences (3), LSTM may not train well
2026-09-17 22:24:49 | WARNING  | co2_forecast | Very few sequences (3), LSTM may not train well
2026-09-17 22:24:49 | INFO     | co2_forecast |   Iteration 5: Best fitness = 0.766243
2026-09-17 22:24:49 | WARNING  | co2_forecast | Very few sequences (3), LSTM may not train well
2026-09-17 22:24:49 | WARNING  | co2_forecast | Very few sequences (7), LSTM may not train well
2026-09-17 22:24:50 | WARNING  | co2_forecast | Very few sequences (3), LSTM may not train well
2026-09-17 22:24:50 | WARNING  | co2_forecast | Very few sequences (3), LSTM may not train well
2026-09-17 22:24:50 | WARNING  | co2_forecast | Very few sequences (2), LSTM may not train well
2026-09-17 22:24:50 | WARNING  | co2_forecast | Very few sequences (6), LSTM may not train well
2026-09-17 22:24:50 | WARNING  | co2_forecast | Very few sequences (2), LSTM may not train well
2026-09-17 22:24:50 | WARNING  | co2_forecast | Very few sequences (2), LSTM may not train well
2026-09-17 22:24:50 | WARNING  | co2_forecast | Very few sequences (3), LSTM may not train well
2026-09-17 22:24:50 | WARNING  | co2_forecast | Very few sequences (7), LSTM may not train well
2026-09-17 22:24:51 | WARNING  | co2_forecast | Very few sequences (3), LSTM may not train well
2026-09-17 22:24:51 | WARNING  | co2_forecast | Very few sequences (3), LSTM may not train well
2026-09-17 22:24:51 | WARNING  | co2_forecast | Very few sequences (3), LSTM may not train well
2026-09-17 22:24:51 | WARNING  | co2_forecast | Very few sequences (7), LSTM may not train well
2026-09-17 22:24:51 | WARNING  | co2_forecast | Very few sequences (3), LSTM may not train well
2026-09-17 22:24:51 | WARNING  | co2_forecast | Very few sequences (3), LSTM may not train well
2026-09-17 22:24:51 | WARNING  | co2_forecast | Very few sequences (2), LSTM may not train well
2026-09-17 22:24:51 | WARNING  | co2_forecast | Very few sequences (6), LSTM may not train well
2026-09-17 22:24:52 | WARNING  | co2_forecast | Very few sequences (2), LSTM may not train well
2026-09-17 22:24:52 | WARNING  | co2_forecast | Very few sequences (2), LSTM may not train well
2026-09-17 22:24:52 | WARNING  | co2_forecast | Very few sequences (3), LSTM may not train well
2026-09-17 22:24:52 | WARNING  | co2_forecast | Very few sequences (7), LSTM may not train well
2026-09-17 22:24:52 | WARNING  | co2_forecast | Very few sequences (3), LSTM may not train well
2026-09-17 22:24:52 | WARNING  | co2_forecast | Very few sequences (3), LSTM may not train well
2026-09-17 22:24:52 | WARNING  | co2_forecast | Very few sequences (4), LSTM may not train well
2026-09-17 22:24:52 | WARNING  | co2_forecast | Very few sequences (8), LSTM may not train well
2026-09-17 22:24:52 | WARNING  | co2_forecast | Very few sequences (4), LSTM may not train well
2026-09-17 22:24:52 | WARNING  | co2_forecast | Very few sequences (4), LSTM may not train well
2026-09-17 22:24:52 | WARNING  | co2_forecast | Very few sequences (3), LSTM may not train well
2026-09-17 22:24:53 | WARNING  | co2_forecast | Very few sequences (7), LSTM may not train well
2026-09-17 22:24:53 | WARNING  | co2_forecast | Very few sequences (3), LSTM may not train well
2026-09-17 22:24:53 | WARNING  | co2_forecast | Very few sequences (3), LSTM may not train well
2026-09-17 22:24:53 | WARNING  | co2_forecast | Very few sequences (3), LSTM may not train well
2026-09-17 22:24:53 | WARNING  | co2_forecast | Very few sequences (7), LSTM may not train well
2026-09-17 22:24:53 | WARNING  | co2_forecast | Very few sequences (3), LSTM may not train well
2026-09-17 22:24:53 | WARNING  | co2_forecast | Very few sequences (3), LSTM may not train well
2026-09-17 22:24:53 | WARNING  | co2_forecast | Very few sequences (4), LSTM may not train well
2026-09-17 22:24:53 | WARNING  | co2_forecast | Very few sequences (8), LSTM may not train well
2026-09-17 22:24:53 | WARNING  | co2_forecast | Very few sequences (4), LSTM may not train well
2026-09-17 22:24:54 | WARNING  | co2_forecast | Very few sequences (4), LSTM may not train well
2026-09-17 22:24:54 | WARNING  | co2_forecast | Very few sequences (3), LSTM may not train well
2026-09-17 22:24:54 | WARNING  | co2_forecast | Very few sequences (7), LSTM may not train well
2026-09-17 22:24:54 | WARNING  | co2_forecast | Very few sequences (3), LSTM may not train well
2026-09-17 22:24:54 | WARNING  | co2_forecast | Very few sequences (3), LSTM may not train well
2026-09-17 22:24:54 | WARNING  | co2_forecast | Very few sequences (3), LSTM may not train well
2026-09-17 22:24:54 | WARNING  | co2_forecast | Very few sequences (7), LSTM may not train well
2026-09-17 22:24:54 | WARNING  | co2_forecast | Very few sequences (3), LSTM may not train well
2026-09-17 22:24:54 | WARNING  | co2_forecast | Very few sequences (3), LSTM may not train well
2026-09-17 22:24:54 | WARNING  | co2_forecast | Very few sequences (3), LSTM may not train well
2026-09-17 22:24:55 | WARNING  | co2_forecast | Very few sequences (7), LSTM may not train well
2026-09-17 22:24:55 | WARNING  | co2_forecast | Very few sequences (3), LSTM may not train well
2026-09-17 22:24:55 | WARNING  | co2_forecast | Very few sequences (3), LSTM may not train well
2026-09-17 22:24:55 | WARNING  | co2_forecast | Very few sequences (3), LSTM may not train well
2026-09-17 22:24:55 | WARNING  | co2_forecast | Very few sequences (7), LSTM may not train well
2026-09-17 22:24:55 | WARNING  | co2_forecast | Very few sequences (3), LSTM may not train well
2026-09-17 22:24:55 | WARNING  | co2_forecast | Very few sequences (3), LSTM may not train well
2026-09-17 22:24:55 | WARNING  | co2_forecast | Very few sequences (3), LSTM may not train well
2026-09-17 22:24:55 | WARNING  | co2_forecast | Very few sequences (7), LSTM may not train well
2026-09-17 22:24:55 | WARNING  | co2_forecast | Very few sequences (3), LSTM may not train well
2026-09-17 22:24:55 | WARNING  | co2_forecast | Very few sequences (3), LSTM may not train well
2026-09-17 22:24:56 | WARNING  | co2_forecast | Very few sequences (3), LSTM may not train well
2026-09-17 22:24:56 | WARNING  | co2_forecast | Very few sequences (7), LSTM may not train well
2026-09-17 22:24:56 | WARNING  | co2_forecast | Very few sequences (3), LSTM may not train well
2026-09-17 22:24:56 | WARNING  | co2_forecast | Very few sequences (3), LSTM may not train well
2026-09-17 22:24:56 | WARNING  | co2_forecast | Very few sequences (3), LSTM may not train well
2026-09-17 22:24:56 | WARNING  | co2_forecast | Very few sequences (7), LSTM may not train well
2026-09-17 22:24:56 | WARNING  | co2_forecast | Very few sequences (3), LSTM may not train well
2026-09-17 22:24:56 | WARNING  | co2_forecast | Very few sequences (3), LSTM may not train well
2026-09-17 22:24:56 | WARNING  | co2_forecast | Very few sequences (3), LSTM may not train well
2026-09-17 22:24:56 | WARNING  | co2_forecast | Very few sequences (7), LSTM may not train well
2026-09-17 22:24:57 | WARNING  | co2_forecast | Very few sequences (3), LSTM may not train well
2026-09-17 22:24:57 | WARNING  | co2_forecast | Very few sequences (3), LSTM may not train well
2026-09-17 22:24:57 | WARNING  | co2_forecast | Very few sequences (3), LSTM may not train well
2026-09-17 22:24:57 | WARNING  | co2_forecast | Very few sequences (7), LSTM may not train well
2026-09-17 22:24:57 | WARNING  | co2_forecast | Very few sequences (3), LSTM may not train well
2026-09-17 22:24:57 | WARNING  | co2_forecast | Very few sequences (3), LSTM may not train well
2026-09-17 22:24:57 | WARNING  | co2_forecast | Very few sequences (3), LSTM may not train well
2026-09-17 22:24:57 | WARNING  | co2_forecast | Very few sequences (7), LSTM may not train well
2026-09-17 22:24:58 | WARNING  | co2_forecast | Very few sequences (3), LSTM may not train well
2026-09-17 22:24:58 | WARNING  | co2_forecast | Very few sequences (3), LSTM may not train well
2026-09-17 22:24:58 | WARNING  | co2_forecast | Very few sequences (4), LSTM may not train well
2026-09-17 22:24:58 | WARNING  | co2_forecast | Very few sequences (8), LSTM may not train well
2026-09-17 22:24:58 | WARNING  | co2_forecast | Very few sequences (4), LSTM may not train well
2026-09-17 22:24:58 | WARNING  | co2_forecast | Very few sequences (4), LSTM may not train well
2026-09-17 22:24:58 | WARNING  | co2_forecast | Very few sequences (3), LSTM may not train well
2026-09-17 22:24:58 | WARNING  | co2_forecast | Very few sequences (7), LSTM may not train well
2026-09-17 22:24:58 | WARNING  | co2_forecast | Very few sequences (3), LSTM may not train well
2026-09-17 22:24:58 | WARNING  | co2_forecast | Very few sequences (3), LSTM may not train well
2026-09-17 22:24:59 | WARNING  | co2_forecast | Very few sequences (4), LSTM may not train well
2026-09-17 22:24:59 | WARNING  | co2_forecast | Very few sequences (8), LSTM may not train well
2026-09-17 22:24:59 | WARNING  | co2_forecast | Very few sequences (4), LSTM may not train well
2026-09-17 22:24:59 | WARNING  | co2_forecast | Very few sequences (4), LSTM may not train well
2026-09-17 22:24:59 | WARNING  | co2_forecast | Very few sequences (3), LSTM may not train well
2026-09-17 22:24:59 | WARNING  | co2_forecast | Very few sequences (7), LSTM may not train well
2026-09-17 22:24:59 | WARNING  | co2_forecast | Very few sequences (3), LSTM may not train well
2026-09-17 22:24:59 | WARNING  | co2_forecast | Very few sequences (3), LSTM may not train well
2026-09-17 22:24:59 | WARNING  | co2_forecast | Very few sequences (3), LSTM may not train well
2026-09-17 22:24:59 | WARNING  | co2_forecast | Very few sequences (7), LSTM may not train well
2026-09-17 22:24:59 | WARNING  | co2_forecast | Very few sequences (3), LSTM may not train well
2026-09-17 22:25:00 | WARNING  | co2_forecast | Very few sequences (3), LSTM may not train well
2026-09-17 22:25:00 | WARNING  | co2_forecast | Very few sequences (2), LSTM may not train well
2026-09-17 22:25:00 | WARNING  | co2_forecast | Very few sequences (6), LSTM may not train well
2026-09-17 22:25:00 | WARNING  | co2_forecast | Very few sequences (2), LSTM may not train well
2026-09-17 22:25:00 | WARNING  | co2_forecast | Very few sequences (2), LSTM may not train well
2026-09-17 22:25:00 | WARNING  | co2_forecast | Very few sequences (3), LSTM may not train well
2026-09-17 22:25:00 | WARNING  | co2_forecast | Very few sequences (7), LSTM may not train well
2026-09-17 22:25:00 | WARNING  | co2_forecast | Very few sequences (3), LSTM may not train well
2026-09-17 22:25:01 | WARNING  | co2_forecast | Very few sequences (3), LSTM may not train well
2026-09-17 22:25:01 | WARNING  | co2_forecast | Very few sequences (3), LSTM may not train well
2026-09-17 22:25:01 | WARNING  | co2_forecast | Very few sequences (7), LSTM may not train well
2026-09-17 22:25:01 | WARNING  | co2_forecast | Very few sequences (3), LSTM may not train well
2026-09-17 22:25:01 | WARNING  | co2_forecast | Very few sequences (3), LSTM may not train well
2026-09-17 22:25:01 | WARNING  | co2_forecast | Very few sequences (3), LSTM may not train well
2026-09-17 22:25:01 | WARNING  | co2_forecast | Very few sequences (7), LSTM may not train well
2026-09-17 22:25:01 | WARNING  | co2_forecast | Very few sequences (3), LSTM may not train well
2026-09-17 22:25:01 | WARNING  | co2_forecast | Very few sequences (3), LSTM may not train well
2026-09-17 22:25:01 | WARNING  | co2_forecast | Very few sequences (3), LSTM may not train well
2026-09-17 22:25:01 | WARNING  | co2_forecast | Very few sequences (7), LSTM may not train well
2026-09-17 22:25:02 | WARNING  | co2_forecast | Very few sequences (3), LSTM may not train well
2026-09-17 22:25:02 | WARNING  | co2_forecast | Very few sequences (3), LSTM may not train well
2026-09-17 22:25:02 | WARNING  | co2_forecast | Very few sequences (4), LSTM may not train well
2026-09-17 22:25:02 | WARNING  | co2_forecast | Very few sequences (8), LSTM may not train well
2026-09-17 22:25:02 | WARNING  | co2_forecast | Very few sequences (4), LSTM may not train well
2026-09-17 22:25:02 | WARNING  | co2_forecast | Very few sequences (4), LSTM may not train well
2026-09-17 22:25:02 | WARNING  | co2_forecast | Very few sequences (3), LSTM may not train well
2026-09-17 22:25:02 | WARNING  | co2_forecast | Very few sequences (7), LSTM may not train well
2026-09-17 22:25:02 | WARNING  | co2_forecast | Very few sequences (3), LSTM may not train well
2026-09-17 22:25:02 | WARNING  | co2_forecast | Very few sequences (3), LSTM may not train well
2026-09-17 22:25:03 | INFO     | co2_forecast |   Iteration 9: Best fitness = 0.762996
2026-09-17 22:25:03 | INFO     | co2_forecast | PSO complete. Best fitness: 0.762996
2026-09-17 22:25:03 | INFO     | co2_forecast |   Best params: {'lookback': 5, 'hidden_size': 16, 'num_layers': 2, 'dropout': 0.5, 'learning_rate': 0.0001, 'batch_size': 32}
2026-09-17 22:25:03 | INFO     | co2_forecast |   Best fitness: 0.762996
2026-09-17 22:25:03 | INFO     | co2_forecast | [A3_CI_mean_only/panel2_common_period/all_features/lstm] sweep tuning: best_params={'lookback': 5, 'hidden_size': 16, 'num_layers': 2, 'dropout': 0.5, 'learning_rate': 0.0001, 'batch_size': 32}
2026-09-17 22:25:03 | INFO     | co2_forecast |   lstm -> weighted_mase=1.0129373622984756
2026-09-17 22:25:03 | INFO     | co2_forecast | Variant A3_CI_mean_only complete in 44.5s
2026-09-17 22:25:03 | INFO     | co2_forecast | --- Variant A3_CI_p90_only: 12 features ---
2026-09-17 22:25:03 | INFO     | co2_forecast | Creating walk-forward splits for 16 valid samples
2026-09-17 22:25:03 | INFO     | co2_forecast | Created 4 CV folds across horizons [1, 2, 4]
2026-09-17 22:25:03 | INFO     | co2_forecast | Built tuning CV plan: 4 folds from 16 rows before 2022-Qq (evaluation cutoff) - isolation OK (max tuning date 2021-Qq)
2026-09-17 22:25:03 | INFO     | co2_forecast | Optimizing ridge...
2026-09-17 22:25:03 | INFO     | co2_forecast | Starting PSO: 8 particles, 10 iterations
2026-09-17 22:25:03 | INFO     | co2_forecast |   Iteration 0: Best fitness = 2.481352
2026-09-17 22:25:04 | INFO     | co2_forecast |   Iteration 5: Best fitness = 2.126003
2026-09-17 22:25:04 | INFO     | co2_forecast |   Iteration 9: Best fitness = 2.126003
2026-09-17 22:25:04 | INFO     | co2_forecast | PSO complete. Best fitness: 2.126003
2026-09-17 22:25:04 | INFO     | co2_forecast |   Best params: {'alpha': 100.0}
2026-09-17 22:25:04 | INFO     | co2_forecast |   Best fitness: 2.126003
2026-09-17 22:25:04 | INFO     | co2_forecast | [A3_CI_p90_only/panel2_common_period/all_features/ridge] sweep tuning: best_params={'alpha': 100.0}
2026-09-17 22:25:04 | INFO     | co2_forecast |   ridge -> weighted_mase=0.8912495979233568
2026-09-17 22:25:04 | INFO     | co2_forecast | Creating walk-forward splits for 16 valid samples
2026-09-17 22:25:04 | INFO     | co2_forecast | Created 4 CV folds across horizons [1, 2, 4]
2026-09-17 22:25:04 | INFO     | co2_forecast | Built tuning CV plan: 4 folds from 16 rows before 2022-Qq (evaluation cutoff) - isolation OK (max tuning date 2021-Qq)
2026-09-17 22:25:04 | INFO     | co2_forecast | Optimizing random_forest...
2026-09-17 22:25:04 | INFO     | co2_forecast | Starting PSO: 8 particles, 10 iterations
2026-09-17 22:25:06 | INFO     | co2_forecast |   Iteration 0: Best fitness = 0.671547
2026-09-17 22:25:12 | INFO     | co2_forecast |   Iteration 5: Best fitness = 0.314799
2026-09-17 22:25:17 | INFO     | co2_forecast |   Iteration 9: Best fitness = 0.314799
2026-09-17 22:25:17 | INFO     | co2_forecast | PSO complete. Best fitness: 0.314799
2026-09-17 22:25:17 | INFO     | co2_forecast |   Best params: {'n_estimators': 50, 'max_depth': 3, 'min_samples_split': 2, 'min_samples_leaf': 1}
2026-09-17 22:25:17 | INFO     | co2_forecast |   Best fitness: 0.314799
2026-09-17 22:25:17 | INFO     | co2_forecast | [A3_CI_p90_only/panel2_common_period/all_features/random_forest] sweep tuning: best_params={'n_estimators': 50, 'max_depth': 3, 'min_samples_split': 2, 'min_samples_leaf': 1}
2026-09-17 22:25:17 | INFO     | co2_forecast |   random_forest -> weighted_mase=0.7595011040365838
2026-09-17 22:25:17 | INFO     | co2_forecast | Creating walk-forward splits for 16 valid samples
2026-09-17 22:25:17 | INFO     | co2_forecast | Created 4 CV folds across horizons [1, 2, 4]
2026-09-17 22:25:17 | INFO     | co2_forecast | Built tuning CV plan: 4 folds from 16 rows before 2022-Qq (evaluation cutoff) - isolation OK (max tuning date 2021-Qq)
2026-09-17 22:25:17 | INFO     | co2_forecast | Optimizing catboost...
2026-09-17 22:25:17 | INFO     | co2_forecast | Starting PSO: 8 particles, 10 iterations
2026-09-17 22:25:17 | INFO     | co2_forecast |   Iteration 0: Best fitness = 0.376681
2026-09-17 22:25:18 | INFO     | co2_forecast |   Iteration 5: Best fitness = 0.312069
2026-09-17 22:25:19 | INFO     | co2_forecast |   Iteration 9: Best fitness = 0.310644
2026-09-17 22:25:19 | INFO     | co2_forecast | PSO complete. Best fitness: 0.310644
2026-09-17 22:25:19 | INFO     | co2_forecast |   Best params: {'iterations': 99, 'learning_rate': 0.10347071931806512, 'depth': 3, 'l2_leaf_reg': 3.8961048495448236}
2026-09-17 22:25:19 | INFO     | co2_forecast |   Best fitness: 0.310644
2026-09-17 22:25:19 | INFO     | co2_forecast | [A3_CI_p90_only/panel2_common_period/all_features/catboost] sweep tuning: best_params={'iterations': 99, 'learning_rate': 0.10347071931806512, 'depth': 3, 'l2_leaf_reg': 3.8961048495448236}
2026-09-17 22:25:19 | INFO     | co2_forecast |   catboost -> weighted_mase=0.7253966123589056
2026-09-17 22:25:19 | INFO     | co2_forecast | Creating walk-forward splits for 16 valid samples
2026-09-17 22:25:19 | INFO     | co2_forecast | Created 4 CV folds across horizons [1, 2, 4]
2026-09-17 22:25:19 | INFO     | co2_forecast | Built tuning CV plan: 4 folds from 16 rows before 2022-Qq (evaluation cutoff) - isolation OK (max tuning date 2021-Qq)
2026-09-17 22:25:19 | INFO     | co2_forecast | Optimizing lightgbm...
2026-09-17 22:25:19 | INFO     | co2_forecast | Starting PSO: 8 particles, 10 iterations
2026-09-17 22:25:19 | INFO     | co2_forecast |   Iteration 0: Best fitness = 0.768990
2026-09-17 22:25:20 | INFO     | co2_forecast |   Iteration 5: Best fitness = 0.654015
2026-09-17 22:25:21 | INFO     | co2_forecast |   Iteration 9: Best fitness = 0.653300
2026-09-17 22:25:21 | INFO     | co2_forecast | PSO complete. Best fitness: 0.653300
2026-09-17 22:25:21 | INFO     | co2_forecast |   Best params: {'n_estimators': 50, 'learning_rate': 0.29437886682949077, 'num_leaves': 127, 'max_depth': 3, 'min_child_samples': 5, 'reg_alpha': 0.001, 'reg_lambda': 0.43654681067331}
2026-09-17 22:25:21 | INFO     | co2_forecast |   Best fitness: 0.653300
2026-09-17 22:25:21 | INFO     | co2_forecast | [A3_CI_p90_only/panel2_common_period/all_features/lightgbm] sweep tuning: best_params={'n_estimators': 50, 'learning_rate': 0.29437886682949077, 'num_leaves': 127, 'max_depth': 3, 'min_child_samples': 5, 'reg_alpha': 0.001, 'reg_lambda': 0.43654681067331}
2026-09-17 22:25:21 | INFO     | co2_forecast |   lightgbm -> weighted_mase=0.6213794625473268
2026-09-17 22:25:21 | INFO     | co2_forecast | Creating walk-forward splits for 16 valid samples
2026-09-17 22:25:21 | INFO     | co2_forecast | Created 4 CV folds across horizons [1, 2, 4]
2026-09-17 22:25:21 | INFO     | co2_forecast | Built tuning CV plan: 4 folds from 16 rows before 2022-Qq (evaluation cutoff) - isolation OK (max tuning date 2021-Qq)
2026-09-17 22:25:21 | INFO     | co2_forecast | Optimizing lstm...
2026-09-17 22:25:21 | INFO     | co2_forecast | Starting PSO: 8 particles, 10 iterations
2026-09-17 22:25:21 | WARNING  | co2_forecast | Model training failed with params {'lookback': 7, 'hidden_size': 62, 'num_layers': 2, 'dropout': 0.3394633936788147, 'learning_rate': 0.0016445845403801217, 'batch_size': 8}: LSTM.fit: training data has 8 rows, giving only 1 sequence(s) with lookback=7; at least 2 are required (one is always reserved for validation). Reduce lookback or provide more training history.
2026-09-17 22:25:21 | WARNING  | co2_forecast | Model training failed with params {'lookback': 11, 'hidden_size': 26, 'num_layers': 1, 'dropout': 0.17336180394137354, 'learning_rate': 0.0031119982052994237, 'batch_size': 16}: LSTM.fit: training data has 8 rows, giving only 0 sequence(s) with lookback=11; at least 2 are required (one is always reserved for validation). Reduce lookback or provide more training history.
2026-09-17 22:25:21 | WARNING  | co2_forecast | Model training failed with params {'lookback': 8, 'hidden_size': 54, 'num_layers': 1, 'dropout': 0.3056937753654447, 'learning_rate': 0.005964904231734221, 'batch_size': 8}: LSTM.fit: training data has 8 rows, giving only 0 sequence(s) with lookback=8; at least 2 are required (one is always reserved for validation). Reduce lookback or provide more training history.
2026-09-17 22:25:21 | WARNING  | co2_forecast | Very few sequences (2), LSTM may not train well
2026-09-17 22:25:21 | WARNING  | co2_forecast | Very few sequences (6), LSTM may not train well
2026-09-17 22:25:21 | WARNING  | co2_forecast | Very few sequences (2), LSTM may not train well
2026-09-17 22:25:21 | WARNING  | co2_forecast | Very few sequences (2), LSTM may not train well
2026-09-17 22:25:21 | WARNING  | co2_forecast | Model training failed with params {'lookback': 8, 'hidden_size': 25, 'num_layers': 2, 'dropout': 0.4100531293444458, 'learning_rate': 0.009401039521485473, 'batch_size': 32}: LSTM.fit: training data has 8 rows, giving only 0 sequence(s) with lookback=8; at least 2 are required (one is always reserved for validation). Reduce lookback or provide more training history.
2026-09-17 22:25:21 | WARNING  | co2_forecast | Model training failed with params {'lookback': 7, 'hidden_size': 29, 'num_layers': 2, 'dropout': 0.2427013306774357, 'learning_rate': 0.00288125164590507, 'batch_size': 16}: LSTM.fit: training data has 8 rows, giving only 1 sequence(s) with lookback=7; at least 2 are required (one is always reserved for validation). Reduce lookback or provide more training history.
2026-09-17 22:25:21 | WARNING  | co2_forecast | Very few sequences (4), LSTM may not train well
2026-09-17 22:25:21 | WARNING  | co2_forecast | Very few sequences (8), LSTM may not train well
2026-09-17 22:25:22 | WARNING  | co2_forecast | Very few sequences (4), LSTM may not train well
2026-09-17 22:25:22 | WARNING  | co2_forecast | Very few sequences (4), LSTM may not train well
2026-09-17 22:25:22 | WARNING  | co2_forecast | Very few sequences (2), LSTM may not train well
2026-09-17 22:25:22 | WARNING  | co2_forecast | Very few sequences (6), LSTM may not train well
2026-09-17 22:25:22 | WARNING  | co2_forecast | Very few sequences (2), LSTM may not train well
2026-09-17 22:25:22 | WARNING  | co2_forecast | Very few sequences (2), LSTM may not train well
2026-09-17 22:25:22 | INFO     | co2_forecast |   Iteration 0: Best fitness = 1.063508
2026-09-17 22:25:22 | WARNING  | co2_forecast | Very few sequences (3), LSTM may not train well
2026-09-17 22:25:22 | WARNING  | co2_forecast | Very few sequences (7), LSTM may not train well
2026-09-17 22:25:22 | WARNING  | co2_forecast | Very few sequences (3), LSTM may not train well
2026-09-17 22:25:22 | WARNING  | co2_forecast | Very few sequences (3), LSTM may not train well
2026-09-17 22:25:22 | WARNING  | co2_forecast | Very few sequences (2), LSTM may not train well
2026-09-17 22:25:22 | WARNING  | co2_forecast | Very few sequences (6), LSTM may not train well
2026-09-17 22:25:22 | WARNING  | co2_forecast | Very few sequences (2), LSTM may not train well
2026-09-17 22:25:22 | WARNING  | co2_forecast | Very few sequences (2), LSTM may not train well
2026-09-17 22:25:22 | WARNING  | co2_forecast | Model training failed with params {'lookback': 8, 'hidden_size': 44, 'num_layers': 1, 'dropout': 0.32389753899663415, 'learning_rate': 0.005520634690128072, 'batch_size': 8}: LSTM.fit: training data has 8 rows, giving only 0 sequence(s) with lookback=8; at least 2 are required (one is always reserved for validation). Reduce lookback or provide more training history.
2026-09-17 22:25:22 | WARNING  | co2_forecast | Very few sequences (3), LSTM may not train well
2026-09-17 22:25:22 | WARNING  | co2_forecast | Very few sequences (7), LSTM may not train well
2026-09-17 22:25:22 | WARNING  | co2_forecast | Very few sequences (3), LSTM may not train well
2026-09-17 22:25:23 | WARNING  | co2_forecast | Very few sequences (3), LSTM may not train well
2026-09-17 22:25:23 | WARNING  | co2_forecast | Very few sequences (2), LSTM may not train well
2026-09-17 22:25:23 | WARNING  | co2_forecast | Very few sequences (6), LSTM may not train well
2026-09-17 22:25:23 | WARNING  | co2_forecast | Very few sequences (2), LSTM may not train well
2026-09-17 22:25:23 | WARNING  | co2_forecast | Very few sequences (2), LSTM may not train well
2026-09-17 22:25:23 | WARNING  | co2_forecast | Very few sequences (3), LSTM may not train well
2026-09-17 22:25:23 | WARNING  | co2_forecast | Very few sequences (7), LSTM may not train well
2026-09-17 22:25:23 | WARNING  | co2_forecast | Very few sequences (3), LSTM may not train well
2026-09-17 22:25:23 | WARNING  | co2_forecast | Very few sequences (3), LSTM may not train well
2026-09-17 22:25:24 | WARNING  | co2_forecast | Very few sequences (4), LSTM may not train well
2026-09-17 22:25:24 | WARNING  | co2_forecast | Very few sequences (8), LSTM may not train well
2026-09-17 22:25:24 | WARNING  | co2_forecast | Very few sequences (4), LSTM may not train well
2026-09-17 22:25:24 | WARNING  | co2_forecast | Very few sequences (4), LSTM may not train well
2026-09-17 22:25:24 | WARNING  | co2_forecast | Very few sequences (2), LSTM may not train well
2026-09-17 22:25:24 | WARNING  | co2_forecast | Very few sequences (6), LSTM may not train well
2026-09-17 22:25:24 | WARNING  | co2_forecast | Very few sequences (2), LSTM may not train well
2026-09-17 22:25:24 | WARNING  | co2_forecast | Very few sequences (2), LSTM may not train well
2026-09-17 22:25:24 | WARNING  | co2_forecast | Very few sequences (3), LSTM may not train well
2026-09-17 22:25:24 | WARNING  | co2_forecast | Very few sequences (7), LSTM may not train well
2026-09-17 22:25:24 | WARNING  | co2_forecast | Very few sequences (3), LSTM may not train well
2026-09-17 22:25:24 | WARNING  | co2_forecast | Very few sequences (3), LSTM may not train well
2026-09-17 22:25:24 | WARNING  | co2_forecast | Very few sequences (4), LSTM may not train well
2026-09-17 22:25:24 | WARNING  | co2_forecast | Very few sequences (8), LSTM may not train well
2026-09-17 22:25:24 | WARNING  | co2_forecast | Very few sequences (4), LSTM may not train well
2026-09-17 22:25:25 | WARNING  | co2_forecast | Very few sequences (4), LSTM may not train well
2026-09-17 22:25:25 | WARNING  | co2_forecast | Model training failed with params {'lookback': 7, 'hidden_size': 35, 'num_layers': 1, 'dropout': 0.31512819649180424, 'learning_rate': 0.004065945490368326, 'batch_size': 8}: LSTM.fit: training data has 8 rows, giving only 1 sequence(s) with lookback=7; at least 2 are required (one is always reserved for validation). Reduce lookback or provide more training history.
2026-09-17 22:25:25 | WARNING  | co2_forecast | Very few sequences (2), LSTM may not train well
2026-09-17 22:25:25 | WARNING  | co2_forecast | Very few sequences (6), LSTM may not train well
2026-09-17 22:25:25 | WARNING  | co2_forecast | Very few sequences (2), LSTM may not train well
2026-09-17 22:25:25 | WARNING  | co2_forecast | Very few sequences (2), LSTM may not train well
2026-09-17 22:25:25 | WARNING  | co2_forecast | Very few sequences (3), LSTM may not train well
2026-09-17 22:25:25 | WARNING  | co2_forecast | Very few sequences (7), LSTM may not train well
2026-09-17 22:25:26 | WARNING  | co2_forecast | Very few sequences (3), LSTM may not train well
2026-09-17 22:25:26 | WARNING  | co2_forecast | Very few sequences (3), LSTM may not train well
2026-09-17 22:25:26 | WARNING  | co2_forecast | Very few sequences (3), LSTM may not train well
2026-09-17 22:25:26 | WARNING  | co2_forecast | Very few sequences (7), LSTM may not train well
2026-09-17 22:25:26 | WARNING  | co2_forecast | Very few sequences (3), LSTM may not train well
2026-09-17 22:25:26 | WARNING  | co2_forecast | Very few sequences (3), LSTM may not train well
2026-09-17 22:25:26 | WARNING  | co2_forecast | Very few sequences (3), LSTM may not train well
2026-09-17 22:25:26 | WARNING  | co2_forecast | Very few sequences (7), LSTM may not train well
2026-09-17 22:25:26 | WARNING  | co2_forecast | Very few sequences (3), LSTM may not train well
2026-09-17 22:25:26 | WARNING  | co2_forecast | Very few sequences (3), LSTM may not train well
2026-09-17 22:25:27 | WARNING  | co2_forecast | Very few sequences (2), LSTM may not train well
2026-09-17 22:25:27 | WARNING  | co2_forecast | Very few sequences (6), LSTM may not train well
2026-09-17 22:25:27 | WARNING  | co2_forecast | Very few sequences (2), LSTM may not train well
2026-09-17 22:25:27 | WARNING  | co2_forecast | Very few sequences (2), LSTM may not train well
2026-09-17 22:25:27 | WARNING  | co2_forecast | Very few sequences (3), LSTM may not train well
2026-09-17 22:25:27 | WARNING  | co2_forecast | Very few sequences (7), LSTM may not train well
2026-09-17 22:25:27 | WARNING  | co2_forecast | Very few sequences (3), LSTM may not train well
2026-09-17 22:25:27 | WARNING  | co2_forecast | Very few sequences (3), LSTM may not train well
2026-09-17 22:25:27 | WARNING  | co2_forecast | Very few sequences (4), LSTM may not train well
2026-09-17 22:25:27 | WARNING  | co2_forecast | Very few sequences (8), LSTM may not train well
2026-09-17 22:25:27 | WARNING  | co2_forecast | Very few sequences (4), LSTM may not train well
2026-09-17 22:25:27 | WARNING  | co2_forecast | Very few sequences (4), LSTM may not train well
2026-09-17 22:25:27 | WARNING  | co2_forecast | Very few sequences (2), LSTM may not train well
2026-09-17 22:25:28 | WARNING  | co2_forecast | Very few sequences (6), LSTM may not train well
2026-09-17 22:25:28 | WARNING  | co2_forecast | Very few sequences (2), LSTM may not train well
2026-09-17 22:25:28 | WARNING  | co2_forecast | Very few sequences (2), LSTM may not train well
2026-09-17 22:25:28 | WARNING  | co2_forecast | Very few sequences (3), LSTM may not train well
2026-09-17 22:25:28 | WARNING  | co2_forecast | Very few sequences (7), LSTM may not train well
2026-09-17 22:25:28 | WARNING  | co2_forecast | Very few sequences (3), LSTM may not train well
2026-09-17 22:25:28 | WARNING  | co2_forecast | Very few sequences (3), LSTM may not train well
2026-09-17 22:25:28 | WARNING  | co2_forecast | Very few sequences (4), LSTM may not train well
2026-09-17 22:25:28 | WARNING  | co2_forecast | Very few sequences (8), LSTM may not train well
2026-09-17 22:25:28 | WARNING  | co2_forecast | Very few sequences (4), LSTM may not train well
2026-09-17 22:25:28 | WARNING  | co2_forecast | Very few sequences (4), LSTM may not train well
2026-09-17 22:25:28 | WARNING  | co2_forecast | Very few sequences (3), LSTM may not train well
2026-09-17 22:25:28 | WARNING  | co2_forecast | Very few sequences (7), LSTM may not train well
2026-09-17 22:25:29 | WARNING  | co2_forecast | Very few sequences (3), LSTM may not train well
2026-09-17 22:25:29 | WARNING  | co2_forecast | Very few sequences (3), LSTM may not train well
2026-09-17 22:25:29 | WARNING  | co2_forecast | Very few sequences (4), LSTM may not train well
2026-09-17 22:25:29 | WARNING  | co2_forecast | Very few sequences (8), LSTM may not train well
2026-09-17 22:25:29 | WARNING  | co2_forecast | Very few sequences (4), LSTM may not train well
2026-09-17 22:25:29 | WARNING  | co2_forecast | Very few sequences (4), LSTM may not train well
2026-09-17 22:25:29 | WARNING  | co2_forecast | Very few sequences (2), LSTM may not train well
2026-09-17 22:25:29 | WARNING  | co2_forecast | Very few sequences (6), LSTM may not train well
2026-09-17 22:25:29 | WARNING  | co2_forecast | Very few sequences (2), LSTM may not train well
2026-09-17 22:25:29 | WARNING  | co2_forecast | Very few sequences (2), LSTM may not train well
2026-09-17 22:25:29 | WARNING  | co2_forecast | Very few sequences (3), LSTM may not train well
2026-09-17 22:25:29 | WARNING  | co2_forecast | Very few sequences (7), LSTM may not train well
2026-09-17 22:25:29 | WARNING  | co2_forecast | Very few sequences (3), LSTM may not train well
2026-09-17 22:25:30 | WARNING  | co2_forecast | Very few sequences (3), LSTM may not train well
2026-09-17 22:25:30 | WARNING  | co2_forecast | Very few sequences (4), LSTM may not train well
2026-09-17 22:25:30 | WARNING  | co2_forecast | Very few sequences (8), LSTM may not train well
2026-09-17 22:25:30 | WARNING  | co2_forecast | Very few sequences (4), LSTM may not train well
2026-09-17 22:25:30 | WARNING  | co2_forecast | Very few sequences (4), LSTM may not train well
2026-09-17 22:25:30 | WARNING  | co2_forecast | Very few sequences (3), LSTM may not train well
2026-09-17 22:25:30 | WARNING  | co2_forecast | Very few sequences (7), LSTM may not train well
2026-09-17 22:25:30 | WARNING  | co2_forecast | Very few sequences (3), LSTM may not train well
2026-09-17 22:25:30 | WARNING  | co2_forecast | Very few sequences (3), LSTM may not train well
2026-09-17 22:25:30 | WARNING  | co2_forecast | Very few sequences (3), LSTM may not train well
2026-09-17 22:25:30 | WARNING  | co2_forecast | Very few sequences (7), LSTM may not train well
2026-09-17 22:25:30 | WARNING  | co2_forecast | Very few sequences (3), LSTM may not train well
2026-09-17 22:25:31 | WARNING  | co2_forecast | Very few sequences (3), LSTM may not train well
2026-09-17 22:25:31 | WARNING  | co2_forecast | Very few sequences (4), LSTM may not train well
2026-09-17 22:25:31 | WARNING  | co2_forecast | Very few sequences (8), LSTM may not train well
2026-09-17 22:25:31 | WARNING  | co2_forecast | Very few sequences (4), LSTM may not train well
2026-09-17 22:25:31 | WARNING  | co2_forecast | Very few sequences (4), LSTM may not train well
2026-09-17 22:25:31 | WARNING  | co2_forecast | Very few sequences (3), LSTM may not train well
2026-09-17 22:25:31 | WARNING  | co2_forecast | Very few sequences (7), LSTM may not train well
2026-09-17 22:25:31 | WARNING  | co2_forecast | Very few sequences (3), LSTM may not train well
2026-09-17 22:25:31 | WARNING  | co2_forecast | Very few sequences (3), LSTM may not train well
2026-09-17 22:25:31 | WARNING  | co2_forecast | Very few sequences (4), LSTM may not train well
2026-09-17 22:25:31 | WARNING  | co2_forecast | Very few sequences (8), LSTM may not train well
2026-09-17 22:25:32 | WARNING  | co2_forecast | Very few sequences (4), LSTM may not train well
2026-09-17 22:25:32 | WARNING  | co2_forecast | Very few sequences (4), LSTM may not train well
2026-09-17 22:25:32 | WARNING  | co2_forecast | Very few sequences (3), LSTM may not train well
2026-09-17 22:25:32 | WARNING  | co2_forecast | Very few sequences (7), LSTM may not train well
2026-09-17 22:25:32 | WARNING  | co2_forecast | Very few sequences (3), LSTM may not train well
2026-09-17 22:25:32 | WARNING  | co2_forecast | Very few sequences (3), LSTM may not train well
2026-09-17 22:25:32 | WARNING  | co2_forecast | Very few sequences (3), LSTM may not train well
2026-09-17 22:25:32 | WARNING  | co2_forecast | Very few sequences (7), LSTM may not train well
2026-09-17 22:25:32 | WARNING  | co2_forecast | Very few sequences (3), LSTM may not train well
2026-09-17 22:25:32 | WARNING  | co2_forecast | Very few sequences (3), LSTM may not train well
2026-09-17 22:25:32 | WARNING  | co2_forecast | Very few sequences (3), LSTM may not train well
2026-09-17 22:25:33 | WARNING  | co2_forecast | Very few sequences (7), LSTM may not train well
2026-09-17 22:25:33 | WARNING  | co2_forecast | Very few sequences (3), LSTM may not train well
2026-09-17 22:25:33 | WARNING  | co2_forecast | Very few sequences (3), LSTM may not train well
2026-09-17 22:25:33 | WARNING  | co2_forecast | Very few sequences (3), LSTM may not train well
2026-09-17 22:25:33 | WARNING  | co2_forecast | Very few sequences (7), LSTM may not train well
2026-09-17 22:25:33 | WARNING  | co2_forecast | Very few sequences (3), LSTM may not train well
2026-09-17 22:25:33 | WARNING  | co2_forecast | Very few sequences (3), LSTM may not train well
2026-09-17 22:25:33 | WARNING  | co2_forecast | Very few sequences (3), LSTM may not train well
2026-09-17 22:25:33 | WARNING  | co2_forecast | Very few sequences (7), LSTM may not train well
2026-09-17 22:25:34 | WARNING  | co2_forecast | Very few sequences (3), LSTM may not train well
2026-09-17 22:25:34 | WARNING  | co2_forecast | Very few sequences (3), LSTM may not train well
2026-09-17 22:25:34 | WARNING  | co2_forecast | Very few sequences (3), LSTM may not train well
2026-09-17 22:25:34 | WARNING  | co2_forecast | Very few sequences (7), LSTM may not train well
2026-09-17 22:25:34 | WARNING  | co2_forecast | Very few sequences (3), LSTM may not train well
2026-09-17 22:25:34 | WARNING  | co2_forecast | Very few sequences (3), LSTM may not train well
2026-09-17 22:25:34 | WARNING  | co2_forecast | Very few sequences (3), LSTM may not train well
2026-09-17 22:25:34 | WARNING  | co2_forecast | Very few sequences (7), LSTM may not train well
2026-09-17 22:25:34 | WARNING  | co2_forecast | Very few sequences (3), LSTM may not train well
2026-09-17 22:25:35 | WARNING  | co2_forecast | Very few sequences (3), LSTM may not train well
2026-09-17 22:25:35 | WARNING  | co2_forecast | Very few sequences (4), LSTM may not train well
2026-09-17 22:25:35 | WARNING  | co2_forecast | Very few sequences (8), LSTM may not train well
2026-09-17 22:25:35 | WARNING  | co2_forecast | Very few sequences (4), LSTM may not train well
2026-09-17 22:25:35 | WARNING  | co2_forecast | Very few sequences (4), LSTM may not train well
2026-09-17 22:25:35 | WARNING  | co2_forecast | Very few sequences (3), LSTM may not train well
2026-09-17 22:25:35 | WARNING  | co2_forecast | Very few sequences (7), LSTM may not train well
2026-09-17 22:25:35 | WARNING  | co2_forecast | Very few sequences (3), LSTM may not train well
2026-09-17 22:25:35 | WARNING  | co2_forecast | Very few sequences (3), LSTM may not train well
2026-09-17 22:25:35 | INFO     | co2_forecast |   Iteration 5: Best fitness = 0.767119
2026-09-17 22:25:35 | WARNING  | co2_forecast | Very few sequences (3), LSTM may not train well
2026-09-17 22:25:35 | WARNING  | co2_forecast | Very few sequences (7), LSTM may not train well
2026-09-17 22:25:35 | WARNING  | co2_forecast | Very few sequences (3), LSTM may not train well
2026-09-17 22:25:36 | WARNING  | co2_forecast | Very few sequences (3), LSTM may not train well
2026-09-17 22:25:36 | WARNING  | co2_forecast | Very few sequences (2), LSTM may not train well
2026-09-17 22:25:36 | WARNING  | co2_forecast | Very few sequences (6), LSTM may not train well
2026-09-17 22:25:36 | WARNING  | co2_forecast | Very few sequences (2), LSTM may not train well
2026-09-17 22:25:36 | WARNING  | co2_forecast | Very few sequences (2), LSTM may not train well
2026-09-17 22:25:36 | WARNING  | co2_forecast | Very few sequences (3), LSTM may not train well
2026-09-17 22:25:36 | WARNING  | co2_forecast | Very few sequences (7), LSTM may not train well
2026-09-17 22:25:36 | WARNING  | co2_forecast | Very few sequences (3), LSTM may not train well
2026-09-17 22:25:37 | WARNING  | co2_forecast | Very few sequences (3), LSTM may not train well
2026-09-17 22:25:37 | WARNING  | co2_forecast | Very few sequences (3), LSTM may not train well
2026-09-17 22:25:37 | WARNING  | co2_forecast | Very few sequences (7), LSTM may not train well
2026-09-17 22:25:37 | WARNING  | co2_forecast | Very few sequences (3), LSTM may not train well
2026-09-17 22:25:37 | WARNING  | co2_forecast | Very few sequences (3), LSTM may not train well
2026-09-17 22:25:37 | WARNING  | co2_forecast | Very few sequences (2), LSTM may not train well
2026-09-17 22:25:37 | WARNING  | co2_forecast | Very few sequences (6), LSTM may not train well
2026-09-17 22:25:37 | WARNING  | co2_forecast | Very few sequences (2), LSTM may not train well
2026-09-17 22:25:37 | WARNING  | co2_forecast | Very few sequences (2), LSTM may not train well
2026-09-17 22:25:38 | WARNING  | co2_forecast | Very few sequences (3), LSTM may not train well
2026-09-17 22:25:38 | WARNING  | co2_forecast | Very few sequences (7), LSTM may not train well
2026-09-17 22:25:38 | WARNING  | co2_forecast | Very few sequences (3), LSTM may not train well
2026-09-17 22:25:38 | WARNING  | co2_forecast | Very few sequences (3), LSTM may not train well
2026-09-17 22:25:38 | WARNING  | co2_forecast | Very few sequences (4), LSTM may not train well
2026-09-17 22:25:38 | WARNING  | co2_forecast | Very few sequences (8), LSTM may not train well
2026-09-17 22:25:38 | WARNING  | co2_forecast | Very few sequences (4), LSTM may not train well
2026-09-17 22:25:38 | WARNING  | co2_forecast | Very few sequences (4), LSTM may not train well
2026-09-17 22:25:38 | WARNING  | co2_forecast | Very few sequences (3), LSTM may not train well
2026-09-17 22:25:38 | WARNING  | co2_forecast | Very few sequences (7), LSTM may not train well
2026-09-17 22:25:38 | WARNING  | co2_forecast | Very few sequences (3), LSTM may not train well
2026-09-17 22:25:39 | WARNING  | co2_forecast | Very few sequences (3), LSTM may not train well
2026-09-17 22:25:39 | WARNING  | co2_forecast | Very few sequences (3), LSTM may not train well
2026-09-17 22:25:39 | WARNING  | co2_forecast | Very few sequences (7), LSTM may not train well
2026-09-17 22:25:39 | WARNING  | co2_forecast | Very few sequences (3), LSTM may not train well
2026-09-17 22:25:39 | WARNING  | co2_forecast | Very few sequences (3), LSTM may not train well
2026-09-17 22:25:39 | WARNING  | co2_forecast | Very few sequences (4), LSTM may not train well
2026-09-17 22:25:39 | WARNING  | co2_forecast | Very few sequences (8), LSTM may not train well
2026-09-17 22:25:39 | WARNING  | co2_forecast | Very few sequences (4), LSTM may not train well
2026-09-17 22:25:39 | WARNING  | co2_forecast | Very few sequences (4), LSTM may not train well
2026-09-17 22:25:39 | WARNING  | co2_forecast | Very few sequences (3), LSTM may not train well
2026-09-17 22:25:39 | WARNING  | co2_forecast | Very few sequences (7), LSTM may not train well
2026-09-17 22:25:40 | WARNING  | co2_forecast | Very few sequences (3), LSTM may not train well
2026-09-17 22:25:40 | WARNING  | co2_forecast | Very few sequences (3), LSTM may not train well
2026-09-17 22:25:40 | WARNING  | co2_forecast | Very few sequences (3), LSTM may not train well
2026-09-17 22:25:40 | WARNING  | co2_forecast | Very few sequences (7), LSTM may not train well
2026-09-17 22:25:40 | WARNING  | co2_forecast | Very few sequences (3), LSTM may not train well
2026-09-17 22:25:40 | WARNING  | co2_forecast | Very few sequences (3), LSTM may not train well
2026-09-17 22:25:40 | WARNING  | co2_forecast | Very few sequences (3), LSTM may not train well
2026-09-17 22:25:40 | WARNING  | co2_forecast | Very few sequences (7), LSTM may not train well
2026-09-17 22:25:40 | WARNING  | co2_forecast | Very few sequences (3), LSTM may not train well
2026-09-17 22:25:41 | WARNING  | co2_forecast | Very few sequences (3), LSTM may not train well
2026-09-17 22:25:41 | WARNING  | co2_forecast | Very few sequences (3), LSTM may not train well
2026-09-17 22:25:41 | WARNING  | co2_forecast | Very few sequences (7), LSTM may not train well
2026-09-17 22:25:41 | WARNING  | co2_forecast | Very few sequences (3), LSTM may not train well
2026-09-17 22:25:41 | WARNING  | co2_forecast | Very few sequences (3), LSTM may not train well
2026-09-17 22:25:41 | WARNING  | co2_forecast | Very few sequences (3), LSTM may not train well
2026-09-17 22:25:41 | WARNING  | co2_forecast | Very few sequences (7), LSTM may not train well
2026-09-17 22:25:41 | WARNING  | co2_forecast | Very few sequences (3), LSTM may not train well
2026-09-17 22:25:41 | WARNING  | co2_forecast | Very few sequences (3), LSTM may not train well
2026-09-17 22:25:41 | WARNING  | co2_forecast | Very few sequences (3), LSTM may not train well
2026-09-17 22:25:41 | WARNING  | co2_forecast | Very few sequences (7), LSTM may not train well
2026-09-17 22:25:41 | WARNING  | co2_forecast | Very few sequences (3), LSTM may not train well
2026-09-17 22:25:42 | WARNING  | co2_forecast | Very few sequences (3), LSTM may not train well
2026-09-17 22:25:42 | WARNING  | co2_forecast | Very few sequences (3), LSTM may not train well
2026-09-17 22:25:42 | WARNING  | co2_forecast | Very few sequences (7), LSTM may not train well
2026-09-17 22:25:42 | WARNING  | co2_forecast | Very few sequences (3), LSTM may not train well
2026-09-17 22:25:42 | WARNING  | co2_forecast | Very few sequences (3), LSTM may not train well
2026-09-17 22:25:42 | WARNING  | co2_forecast | Very few sequences (3), LSTM may not train well
2026-09-17 22:25:42 | WARNING  | co2_forecast | Very few sequences (7), LSTM may not train well
2026-09-17 22:25:42 | WARNING  | co2_forecast | Very few sequences (3), LSTM may not train well
2026-09-17 22:25:43 | WARNING  | co2_forecast | Very few sequences (3), LSTM may not train well
2026-09-17 22:25:43 | WARNING  | co2_forecast | Very few sequences (3), LSTM may not train well
2026-09-17 22:25:43 | WARNING  | co2_forecast | Very few sequences (7), LSTM may not train well
2026-09-17 22:25:43 | WARNING  | co2_forecast | Very few sequences (3), LSTM may not train well
2026-09-17 22:25:43 | WARNING  | co2_forecast | Very few sequences (3), LSTM may not train well
2026-09-17 22:25:43 | WARNING  | co2_forecast | Very few sequences (3), LSTM may not train well
2026-09-17 22:25:43 | WARNING  | co2_forecast | Very few sequences (7), LSTM may not train well
2026-09-17 22:25:43 | WARNING  | co2_forecast | Very few sequences (3), LSTM may not train well
2026-09-17 22:25:43 | WARNING  | co2_forecast | Very few sequences (3), LSTM may not train well
2026-09-17 22:25:43 | WARNING  | co2_forecast | Very few sequences (4), LSTM may not train well
2026-09-17 22:25:43 | WARNING  | co2_forecast | Very few sequences (8), LSTM may not train well
2026-09-17 22:25:44 | WARNING  | co2_forecast | Very few sequences (4), LSTM may not train well
2026-09-17 22:25:44 | WARNING  | co2_forecast | Very few sequences (4), LSTM may not train well
2026-09-17 22:25:44 | WARNING  | co2_forecast | Very few sequences (3), LSTM may not train well
2026-09-17 22:25:44 | WARNING  | co2_forecast | Very few sequences (7), LSTM may not train well
2026-09-17 22:25:44 | WARNING  | co2_forecast | Very few sequences (3), LSTM may not train well
2026-09-17 22:25:44 | WARNING  | co2_forecast | Very few sequences (3), LSTM may not train well
2026-09-17 22:25:44 | WARNING  | co2_forecast | Very few sequences (4), LSTM may not train well
2026-09-17 22:25:44 | WARNING  | co2_forecast | Very few sequences (8), LSTM may not train well
2026-09-17 22:25:44 | WARNING  | co2_forecast | Very few sequences (4), LSTM may not train well
2026-09-17 22:25:44 | WARNING  | co2_forecast | Very few sequences (4), LSTM may not train well
2026-09-17 22:25:44 | WARNING  | co2_forecast | Very few sequences (3), LSTM may not train well
2026-09-17 22:25:44 | WARNING  | co2_forecast | Very few sequences (7), LSTM may not train well
2026-09-17 22:25:45 | WARNING  | co2_forecast | Very few sequences (3), LSTM may not train well
2026-09-17 22:25:45 | WARNING  | co2_forecast | Very few sequences (3), LSTM may not train well
2026-09-17 22:25:45 | WARNING  | co2_forecast | Very few sequences (3), LSTM may not train well
2026-09-17 22:25:45 | WARNING  | co2_forecast | Very few sequences (7), LSTM may not train well
2026-09-17 22:25:45 | WARNING  | co2_forecast | Very few sequences (3), LSTM may not train well
2026-09-17 22:25:45 | WARNING  | co2_forecast | Very few sequences (3), LSTM may not train well
2026-09-17 22:25:45 | WARNING  | co2_forecast | Very few sequences (2), LSTM may not train well
2026-09-17 22:25:45 | WARNING  | co2_forecast | Very few sequences (6), LSTM may not train well
2026-09-17 22:25:45 | WARNING  | co2_forecast | Very few sequences (2), LSTM may not train well
2026-09-17 22:25:46 | WARNING  | co2_forecast | Very few sequences (2), LSTM may not train well
2026-09-17 22:25:46 | WARNING  | co2_forecast | Very few sequences (3), LSTM may not train well
2026-09-17 22:25:46 | WARNING  | co2_forecast | Very few sequences (7), LSTM may not train well
2026-09-17 22:25:46 | WARNING  | co2_forecast | Very few sequences (3), LSTM may not train well
2026-09-17 22:25:46 | WARNING  | co2_forecast | Very few sequences (3), LSTM may not train well
2026-09-17 22:25:46 | WARNING  | co2_forecast | Very few sequences (3), LSTM may not train well
2026-09-17 22:25:46 | WARNING  | co2_forecast | Very few sequences (7), LSTM may not train well
2026-09-17 22:25:46 | WARNING  | co2_forecast | Very few sequences (3), LSTM may not train well
2026-09-17 22:25:47 | WARNING  | co2_forecast | Very few sequences (3), LSTM may not train well
2026-09-17 22:25:47 | WARNING  | co2_forecast | Very few sequences (3), LSTM may not train well
2026-09-17 22:25:47 | WARNING  | co2_forecast | Very few sequences (7), LSTM may not train well
2026-09-17 22:25:47 | WARNING  | co2_forecast | Very few sequences (3), LSTM may not train well
2026-09-17 22:25:47 | WARNING  | co2_forecast | Very few sequences (3), LSTM may not train well
2026-09-17 22:25:47 | WARNING  | co2_forecast | Very few sequences (3), LSTM may not train well
2026-09-17 22:25:47 | WARNING  | co2_forecast | Very few sequences (7), LSTM may not train well
2026-09-17 22:25:47 | WARNING  | co2_forecast | Very few sequences (3), LSTM may not train well
2026-09-17 22:25:47 | WARNING  | co2_forecast | Very few sequences (3), LSTM may not train well
2026-09-17 22:25:48 | WARNING  | co2_forecast | Very few sequences (4), LSTM may not train well
2026-09-17 22:25:48 | WARNING  | co2_forecast | Very few sequences (8), LSTM may not train well
2026-09-17 22:25:48 | WARNING  | co2_forecast | Very few sequences (4), LSTM may not train well
2026-09-17 22:25:48 | WARNING  | co2_forecast | Very few sequences (4), LSTM may not train well
2026-09-17 22:25:48 | WARNING  | co2_forecast | Very few sequences (3), LSTM may not train well
2026-09-17 22:25:48 | WARNING  | co2_forecast | Very few sequences (7), LSTM may not train well
2026-09-17 22:25:48 | WARNING  | co2_forecast | Very few sequences (3), LSTM may not train well
2026-09-17 22:25:48 | WARNING  | co2_forecast | Very few sequences (3), LSTM may not train well
2026-09-17 22:25:48 | INFO     | co2_forecast |   Iteration 9: Best fitness = 0.763762
2026-09-17 22:25:48 | INFO     | co2_forecast | PSO complete. Best fitness: 0.763762
2026-09-17 22:25:48 | INFO     | co2_forecast |   Best params: {'lookback': 5, 'hidden_size': 16, 'num_layers': 2, 'dropout': 0.5, 'learning_rate': 0.0001, 'batch_size': 32}
2026-09-17 22:25:48 | INFO     | co2_forecast |   Best fitness: 0.763762
2026-09-17 22:25:48 | INFO     | co2_forecast | [A3_CI_p90_only/panel2_common_period/all_features/lstm] sweep tuning: best_params={'lookback': 5, 'hidden_size': 16, 'num_layers': 2, 'dropout': 0.5, 'learning_rate': 0.0001, 'batch_size': 32}
2026-09-17 22:25:49 | INFO     | co2_forecast |   lstm -> weighted_mase=1.0116797400495967
2026-09-17 22:25:49 | INFO     | co2_forecast | Variant A3_CI_p90_only complete in 45.6s
2026-09-17 22:25:49 | INFO     | co2_forecast | --- Variant A3_CI_std_only: 12 features ---
2026-09-17 22:25:49 | INFO     | co2_forecast | Creating walk-forward splits for 16 valid samples
2026-09-17 22:25:49 | INFO     | co2_forecast | Created 4 CV folds across horizons [1, 2, 4]
2026-09-17 22:25:49 | INFO     | co2_forecast | Built tuning CV plan: 4 folds from 16 rows before 2022-Qq (evaluation cutoff) - isolation OK (max tuning date 2021-Qq)
2026-09-17 22:25:49 | INFO     | co2_forecast | Optimizing ridge...
2026-09-17 22:25:49 | INFO     | co2_forecast | Starting PSO: 8 particles, 10 iterations
2026-09-17 22:25:49 | INFO     | co2_forecast |   Iteration 0: Best fitness = 2.458189
2026-09-17 22:25:49 | INFO     | co2_forecast |   Iteration 5: Best fitness = 2.109244
2026-09-17 22:25:49 | INFO     | co2_forecast |   Iteration 9: Best fitness = 2.109244
2026-09-17 22:25:49 | INFO     | co2_forecast | PSO complete. Best fitness: 2.109244
2026-09-17 22:25:49 | INFO     | co2_forecast |   Best params: {'alpha': 100.0}
2026-09-17 22:25:49 | INFO     | co2_forecast |   Best fitness: 2.109244
2026-09-17 22:25:49 | INFO     | co2_forecast | [A3_CI_std_only/panel2_common_period/all_features/ridge] sweep tuning: best_params={'alpha': 100.0}
2026-09-17 22:25:49 | INFO     | co2_forecast |   ridge -> weighted_mase=0.8748639990200316
2026-09-17 22:25:49 | INFO     | co2_forecast | Creating walk-forward splits for 16 valid samples
2026-09-17 22:25:49 | INFO     | co2_forecast | Created 4 CV folds across horizons [1, 2, 4]
2026-09-17 22:25:49 | INFO     | co2_forecast | Built tuning CV plan: 4 folds from 16 rows before 2022-Qq (evaluation cutoff) - isolation OK (max tuning date 2021-Qq)
2026-09-17 22:25:49 | INFO     | co2_forecast | Optimizing random_forest...
2026-09-17 22:25:49 | INFO     | co2_forecast | Starting PSO: 8 particles, 10 iterations
2026-09-17 22:25:51 | INFO     | co2_forecast |   Iteration 0: Best fitness = 0.671553
2026-09-17 22:25:58 | INFO     | co2_forecast |   Iteration 5: Best fitness = 0.301389
2026-09-17 22:26:03 | INFO     | co2_forecast |   Iteration 9: Best fitness = 0.298513
2026-09-17 22:26:03 | INFO     | co2_forecast | PSO complete. Best fitness: 0.298513
2026-09-17 22:26:03 | INFO     | co2_forecast |   Best params: {'n_estimators': 63, 'max_depth': 3, 'min_samples_split': 2, 'min_samples_leaf': 1}
2026-09-17 22:26:03 | INFO     | co2_forecast |   Best fitness: 0.298513
2026-09-17 22:26:03 | INFO     | co2_forecast | [A3_CI_std_only/panel2_common_period/all_features/random_forest] sweep tuning: best_params={'n_estimators': 63, 'max_depth': 3, 'min_samples_split': 2, 'min_samples_leaf': 1}
2026-09-17 22:26:04 | INFO     | co2_forecast |   random_forest -> weighted_mase=0.7917505085386748
2026-09-17 22:26:04 | INFO     | co2_forecast | Creating walk-forward splits for 16 valid samples
2026-09-17 22:26:04 | INFO     | co2_forecast | Created 4 CV folds across horizons [1, 2, 4]
2026-09-17 22:26:04 | INFO     | co2_forecast | Built tuning CV plan: 4 folds from 16 rows before 2022-Qq (evaluation cutoff) - isolation OK (max tuning date 2021-Qq)
2026-09-17 22:26:04 | INFO     | co2_forecast | Optimizing catboost...
2026-09-17 22:26:04 | INFO     | co2_forecast | Starting PSO: 8 particles, 10 iterations
2026-09-17 22:26:04 | INFO     | co2_forecast |   Iteration 0: Best fitness = 0.340066
2026-09-17 22:26:04 | INFO     | co2_forecast |   Iteration 5: Best fitness = 0.322901
2026-09-17 22:26:05 | INFO     | co2_forecast |   Iteration 9: Best fitness = 0.322901
2026-09-17 22:26:05 | INFO     | co2_forecast | PSO complete. Best fitness: 0.322901
2026-09-17 22:26:05 | INFO     | co2_forecast |   Best params: {'iterations': 74, 'learning_rate': 0.06975296763366054, 'depth': 3, 'l2_leaf_reg': 2.846863525601265}
2026-09-17 22:26:05 | INFO     | co2_forecast |   Best fitness: 0.322901
2026-09-17 22:26:05 | INFO     | co2_forecast | [A3_CI_std_only/panel2_common_period/all_features/catboost] sweep tuning: best_params={'iterations': 74, 'learning_rate': 0.06975296763366054, 'depth': 3, 'l2_leaf_reg': 2.846863525601265}
2026-09-17 22:26:05 | INFO     | co2_forecast |   catboost -> weighted_mase=0.7672863540163338
2026-09-17 22:26:05 | INFO     | co2_forecast | Creating walk-forward splits for 16 valid samples
2026-09-17 22:26:05 | INFO     | co2_forecast | Created 4 CV folds across horizons [1, 2, 4]
2026-09-17 22:26:05 | INFO     | co2_forecast | Built tuning CV plan: 4 folds from 16 rows before 2022-Qq (evaluation cutoff) - isolation OK (max tuning date 2021-Qq)
2026-09-17 22:26:05 | INFO     | co2_forecast | Optimizing lightgbm...
2026-09-17 22:26:05 | INFO     | co2_forecast | Starting PSO: 8 particles, 10 iterations
2026-09-17 22:26:05 | INFO     | co2_forecast |   Iteration 0: Best fitness = 0.768990
2026-09-17 22:26:06 | INFO     | co2_forecast |   Iteration 5: Best fitness = 0.655353
2026-09-17 22:26:07 | INFO     | co2_forecast |   Iteration 9: Best fitness = 0.644572
2026-09-17 22:26:07 | INFO     | co2_forecast | PSO complete. Best fitness: 0.644572
2026-09-17 22:26:07 | INFO     | co2_forecast |   Best params: {'n_estimators': 50, 'learning_rate': 0.24875557248327107, 'num_leaves': 127, 'max_depth': 3, 'min_child_samples': 5, 'reg_alpha': 0.09419715994303053, 'reg_lambda': 1.6116769810147058}
2026-09-17 22:26:07 | INFO     | co2_forecast |   Best fitness: 0.644572
2026-09-17 22:26:07 | INFO     | co2_forecast | [A3_CI_std_only/panel2_common_period/all_features/lightgbm] sweep tuning: best_params={'n_estimators': 50, 'learning_rate': 0.24875557248327107, 'num_leaves': 127, 'max_depth': 3, 'min_child_samples': 5, 'reg_alpha': 0.09419715994303053, 'reg_lambda': 1.6116769810147058}
2026-09-17 22:26:07 | INFO     | co2_forecast |   lightgbm -> weighted_mase=0.6618980048033246
2026-09-17 22:26:07 | INFO     | co2_forecast | Creating walk-forward splits for 16 valid samples
2026-09-17 22:26:07 | INFO     | co2_forecast | Created 4 CV folds across horizons [1, 2, 4]
2026-09-17 22:26:07 | INFO     | co2_forecast | Built tuning CV plan: 4 folds from 16 rows before 2022-Qq (evaluation cutoff) - isolation OK (max tuning date 2021-Qq)
2026-09-17 22:26:07 | INFO     | co2_forecast | Optimizing lstm...
2026-09-17 22:26:07 | INFO     | co2_forecast | Starting PSO: 8 particles, 10 iterations
2026-09-17 22:26:07 | WARNING  | co2_forecast | Model training failed with params {'lookback': 7, 'hidden_size': 62, 'num_layers': 2, 'dropout': 0.3394633936788147, 'learning_rate': 0.0016445845403801217, 'batch_size': 8}: LSTM.fit: training data has 8 rows, giving only 1 sequence(s) with lookback=7; at least 2 are required (one is always reserved for validation). Reduce lookback or provide more training history.
2026-09-17 22:26:07 | WARNING  | co2_forecast | Model training failed with params {'lookback': 11, 'hidden_size': 26, 'num_layers': 1, 'dropout': 0.17336180394137354, 'learning_rate': 0.0031119982052994237, 'batch_size': 16}: LSTM.fit: training data has 8 rows, giving only 0 sequence(s) with lookback=11; at least 2 are required (one is always reserved for validation). Reduce lookback or provide more training history.
2026-09-17 22:26:07 | WARNING  | co2_forecast | Model training failed with params {'lookback': 8, 'hidden_size': 54, 'num_layers': 1, 'dropout': 0.3056937753654447, 'learning_rate': 0.005964904231734221, 'batch_size': 8}: LSTM.fit: training data has 8 rows, giving only 0 sequence(s) with lookback=8; at least 2 are required (one is always reserved for validation). Reduce lookback or provide more training history.
2026-09-17 22:26:07 | WARNING  | co2_forecast | Very few sequences (2), LSTM may not train well
2026-09-17 22:26:07 | WARNING  | co2_forecast | Very few sequences (6), LSTM may not train well
2026-09-17 22:26:07 | WARNING  | co2_forecast | Very few sequences (2), LSTM may not train well
2026-09-17 22:26:07 | WARNING  | co2_forecast | Very few sequences (2), LSTM may not train well
2026-09-17 22:26:08 | WARNING  | co2_forecast | Model training failed with params {'lookback': 8, 'hidden_size': 25, 'num_layers': 2, 'dropout': 0.4100531293444458, 'learning_rate': 0.009401039521485473, 'batch_size': 32}: LSTM.fit: training data has 8 rows, giving only 0 sequence(s) with lookback=8; at least 2 are required (one is always reserved for validation). Reduce lookback or provide more training history.
2026-09-17 22:26:08 | WARNING  | co2_forecast | Model training failed with params {'lookback': 7, 'hidden_size': 29, 'num_layers': 2, 'dropout': 0.2427013306774357, 'learning_rate': 0.00288125164590507, 'batch_size': 16}: LSTM.fit: training data has 8 rows, giving only 1 sequence(s) with lookback=7; at least 2 are required (one is always reserved for validation). Reduce lookback or provide more training history.
2026-09-17 22:26:08 | WARNING  | co2_forecast | Very few sequences (4), LSTM may not train well
2026-09-17 22:26:08 | WARNING  | co2_forecast | Very few sequences (8), LSTM may not train well
2026-09-17 22:26:08 | WARNING  | co2_forecast | Very few sequences (4), LSTM may not train well
2026-09-17 22:26:08 | WARNING  | co2_forecast | Very few sequences (4), LSTM may not train well
2026-09-17 22:26:08 | WARNING  | co2_forecast | Very few sequences (2), LSTM may not train well
2026-09-17 22:26:08 | WARNING  | co2_forecast | Very few sequences (6), LSTM may not train well
2026-09-17 22:26:08 | WARNING  | co2_forecast | Very few sequences (2), LSTM may not train well
2026-09-17 22:26:08 | WARNING  | co2_forecast | Very few sequences (2), LSTM may not train well
2026-09-17 22:26:08 | INFO     | co2_forecast |   Iteration 0: Best fitness = 1.064349
2026-09-17 22:26:08 | WARNING  | co2_forecast | Very few sequences (3), LSTM may not train well
2026-09-17 22:26:08 | WARNING  | co2_forecast | Very few sequences (7), LSTM may not train well
2026-09-17 22:26:08 | WARNING  | co2_forecast | Very few sequences (3), LSTM may not train well
2026-09-17 22:26:08 | WARNING  | co2_forecast | Very few sequences (3), LSTM may not train well
2026-09-17 22:26:08 | WARNING  | co2_forecast | Very few sequences (2), LSTM may not train well
2026-09-17 22:26:08 | WARNING  | co2_forecast | Very few sequences (6), LSTM may not train well
2026-09-17 22:26:08 | WARNING  | co2_forecast | Very few sequences (2), LSTM may not train well
2026-09-17 22:26:08 | WARNING  | co2_forecast | Very few sequences (2), LSTM may not train well
2026-09-17 22:26:08 | WARNING  | co2_forecast | Model training failed with params {'lookback': 8, 'hidden_size': 44, 'num_layers': 1, 'dropout': 0.32389753899663415, 'learning_rate': 0.005520634690128072, 'batch_size': 8}: LSTM.fit: training data has 8 rows, giving only 0 sequence(s) with lookback=8; at least 2 are required (one is always reserved for validation). Reduce lookback or provide more training history.
2026-09-17 22:26:08 | WARNING  | co2_forecast | Very few sequences (3), LSTM may not train well
2026-09-17 22:26:08 | WARNING  | co2_forecast | Very few sequences (7), LSTM may not train well
2026-09-17 22:26:08 | WARNING  | co2_forecast | Very few sequences (3), LSTM may not train well
2026-09-17 22:26:09 | WARNING  | co2_forecast | Very few sequences (3), LSTM may not train well
2026-09-17 22:26:09 | WARNING  | co2_forecast | Very few sequences (2), LSTM may not train well
2026-09-17 22:26:09 | WARNING  | co2_forecast | Very few sequences (6), LSTM may not train well
2026-09-17 22:26:09 | WARNING  | co2_forecast | Very few sequences (2), LSTM may not train well
2026-09-17 22:26:09 | WARNING  | co2_forecast | Very few sequences (2), LSTM may not train well
2026-09-17 22:26:09 | WARNING  | co2_forecast | Very few sequences (3), LSTM may not train well
2026-09-17 22:26:09 | WARNING  | co2_forecast | Very few sequences (7), LSTM may not train well
2026-09-17 22:26:09 | WARNING  | co2_forecast | Very few sequences (3), LSTM may not train well
2026-09-17 22:26:10 | WARNING  | co2_forecast | Very few sequences (3), LSTM may not train well
2026-09-17 22:26:10 | WARNING  | co2_forecast | Very few sequences (4), LSTM may not train well
2026-09-17 22:26:10 | WARNING  | co2_forecast | Very few sequences (8), LSTM may not train well
2026-09-17 22:26:10 | WARNING  | co2_forecast | Very few sequences (4), LSTM may not train well
2026-09-17 22:26:10 | WARNING  | co2_forecast | Very few sequences (4), LSTM may not train well
2026-09-17 22:26:10 | WARNING  | co2_forecast | Very few sequences (2), LSTM may not train well
2026-09-17 22:26:10 | WARNING  | co2_forecast | Very few sequences (6), LSTM may not train well
2026-09-17 22:26:10 | WARNING  | co2_forecast | Very few sequences (2), LSTM may not train well
2026-09-17 22:26:10 | WARNING  | co2_forecast | Very few sequences (2), LSTM may not train well
2026-09-17 22:26:10 | WARNING  | co2_forecast | Very few sequences (3), LSTM may not train well
2026-09-17 22:26:10 | WARNING  | co2_forecast | Very few sequences (7), LSTM may not train well
2026-09-17 22:26:10 | WARNING  | co2_forecast | Very few sequences (3), LSTM may not train well
2026-09-17 22:26:10 | WARNING  | co2_forecast | Very few sequences (3), LSTM may not train well
2026-09-17 22:26:10 | WARNING  | co2_forecast | Very few sequences (4), LSTM may not train well
2026-09-17 22:26:10 | WARNING  | co2_forecast | Very few sequences (8), LSTM may not train well
2026-09-17 22:26:10 | WARNING  | co2_forecast | Very few sequences (4), LSTM may not train well
2026-09-17 22:26:11 | WARNING  | co2_forecast | Very few sequences (4), LSTM may not train well
2026-09-17 22:26:11 | WARNING  | co2_forecast | Model training failed with params {'lookback': 7, 'hidden_size': 35, 'num_layers': 1, 'dropout': 0.31512819649180424, 'learning_rate': 0.004065945490368326, 'batch_size': 8}: LSTM.fit: training data has 8 rows, giving only 1 sequence(s) with lookback=7; at least 2 are required (one is always reserved for validation). Reduce lookback or provide more training history.
2026-09-17 22:26:11 | WARNING  | co2_forecast | Very few sequences (2), LSTM may not train well
2026-09-17 22:26:11 | WARNING  | co2_forecast | Very few sequences (6), LSTM may not train well
2026-09-17 22:26:11 | WARNING  | co2_forecast | Very few sequences (2), LSTM may not train well
2026-09-17 22:26:11 | WARNING  | co2_forecast | Very few sequences (2), LSTM may not train well
2026-09-17 22:26:11 | WARNING  | co2_forecast | Very few sequences (3), LSTM may not train well
2026-09-17 22:26:11 | WARNING  | co2_forecast | Very few sequences (7), LSTM may not train well
2026-09-17 22:26:12 | WARNING  | co2_forecast | Very few sequences (3), LSTM may not train well
2026-09-17 22:26:12 | WARNING  | co2_forecast | Very few sequences (3), LSTM may not train well
2026-09-17 22:26:12 | WARNING  | co2_forecast | Very few sequences (3), LSTM may not train well
2026-09-17 22:26:12 | WARNING  | co2_forecast | Very few sequences (7), LSTM may not train well
2026-09-17 22:26:12 | WARNING  | co2_forecast | Very few sequences (3), LSTM may not train well
2026-09-17 22:26:12 | WARNING  | co2_forecast | Very few sequences (3), LSTM may not train well
2026-09-17 22:26:12 | WARNING  | co2_forecast | Very few sequences (3), LSTM may not train well
2026-09-17 22:26:12 | WARNING  | co2_forecast | Very few sequences (7), LSTM may not train well
2026-09-17 22:26:12 | WARNING  | co2_forecast | Very few sequences (3), LSTM may not train well
2026-09-17 22:26:12 | WARNING  | co2_forecast | Very few sequences (3), LSTM may not train well
2026-09-17 22:26:13 | WARNING  | co2_forecast | Very few sequences (2), LSTM may not train well
2026-09-17 22:26:13 | WARNING  | co2_forecast | Very few sequences (6), LSTM may not train well
2026-09-17 22:26:13 | WARNING  | co2_forecast | Very few sequences (2), LSTM may not train well
2026-09-17 22:26:13 | WARNING  | co2_forecast | Very few sequences (2), LSTM may not train well
2026-09-17 22:26:13 | WARNING  | co2_forecast | Very few sequences (3), LSTM may not train well
2026-09-17 22:26:13 | WARNING  | co2_forecast | Very few sequences (7), LSTM may not train well
2026-09-17 22:26:13 | WARNING  | co2_forecast | Very few sequences (3), LSTM may not train well
2026-09-17 22:26:13 | WARNING  | co2_forecast | Very few sequences (3), LSTM may not train well
2026-09-17 22:26:13 | WARNING  | co2_forecast | Very few sequences (4), LSTM may not train well
2026-09-17 22:26:13 | WARNING  | co2_forecast | Very few sequences (8), LSTM may not train well
2026-09-17 22:26:13 | WARNING  | co2_forecast | Very few sequences (4), LSTM may not train well
2026-09-17 22:26:13 | WARNING  | co2_forecast | Very few sequences (4), LSTM may not train well
2026-09-17 22:26:13 | WARNING  | co2_forecast | Very few sequences (2), LSTM may not train well
2026-09-17 22:26:13 | WARNING  | co2_forecast | Very few sequences (6), LSTM may not train well
2026-09-17 22:26:14 | WARNING  | co2_forecast | Very few sequences (2), LSTM may not train well
2026-09-17 22:26:14 | WARNING  | co2_forecast | Very few sequences (2), LSTM may not train well
2026-09-17 22:26:14 | WARNING  | co2_forecast | Very few sequences (3), LSTM may not train well
2026-09-17 22:26:14 | WARNING  | co2_forecast | Very few sequences (7), LSTM may not train well
2026-09-17 22:26:14 | WARNING  | co2_forecast | Very few sequences (3), LSTM may not train well
2026-09-17 22:26:14 | WARNING  | co2_forecast | Very few sequences (3), LSTM may not train well
2026-09-17 22:26:14 | WARNING  | co2_forecast | Very few sequences (4), LSTM may not train well
2026-09-17 22:26:14 | WARNING  | co2_forecast | Very few sequences (8), LSTM may not train well
2026-09-17 22:26:14 | WARNING  | co2_forecast | Very few sequences (4), LSTM may not train well
2026-09-17 22:26:14 | WARNING  | co2_forecast | Very few sequences (4), LSTM may not train well
2026-09-17 22:26:14 | WARNING  | co2_forecast | Very few sequences (3), LSTM may not train well
2026-09-17 22:26:14 | WARNING  | co2_forecast | Very few sequences (7), LSTM may not train well
2026-09-17 22:26:15 | WARNING  | co2_forecast | Very few sequences (3), LSTM may not train well
2026-09-17 22:26:15 | WARNING  | co2_forecast | Very few sequences (3), LSTM may not train well
2026-09-17 22:26:15 | WARNING  | co2_forecast | Very few sequences (4), LSTM may not train well
2026-09-17 22:26:15 | WARNING  | co2_forecast | Very few sequences (8), LSTM may not train well
2026-09-17 22:26:15 | WARNING  | co2_forecast | Very few sequences (4), LSTM may not train well
2026-09-17 22:26:15 | WARNING  | co2_forecast | Very few sequences (4), LSTM may not train well
2026-09-17 22:26:15 | WARNING  | co2_forecast | Very few sequences (2), LSTM may not train well
2026-09-17 22:26:15 | WARNING  | co2_forecast | Very few sequences (6), LSTM may not train well
2026-09-17 22:26:15 | WARNING  | co2_forecast | Very few sequences (2), LSTM may not train well
2026-09-17 22:26:15 | WARNING  | co2_forecast | Very few sequences (2), LSTM may not train well
2026-09-17 22:26:15 | WARNING  | co2_forecast | Very few sequences (3), LSTM may not train well
2026-09-17 22:26:15 | WARNING  | co2_forecast | Very few sequences (7), LSTM may not train well
2026-09-17 22:26:15 | WARNING  | co2_forecast | Very few sequences (3), LSTM may not train well
2026-09-17 22:26:16 | WARNING  | co2_forecast | Very few sequences (3), LSTM may not train well
2026-09-17 22:26:16 | WARNING  | co2_forecast | Very few sequences (4), LSTM may not train well
2026-09-17 22:26:16 | WARNING  | co2_forecast | Very few sequences (8), LSTM may not train well
2026-09-17 22:26:16 | WARNING  | co2_forecast | Very few sequences (4), LSTM may not train well
2026-09-17 22:26:16 | WARNING  | co2_forecast | Very few sequences (4), LSTM may not train well
2026-09-17 22:26:16 | WARNING  | co2_forecast | Very few sequences (3), LSTM may not train well
2026-09-17 22:26:16 | WARNING  | co2_forecast | Very few sequences (7), LSTM may not train well
2026-09-17 22:26:16 | WARNING  | co2_forecast | Very few sequences (3), LSTM may not train well
2026-09-17 22:26:16 | WARNING  | co2_forecast | Very few sequences (3), LSTM may not train well
2026-09-17 22:26:16 | WARNING  | co2_forecast | Very few sequences (3), LSTM may not train well
2026-09-17 22:26:16 | WARNING  | co2_forecast | Very few sequences (7), LSTM may not train well
2026-09-17 22:26:16 | WARNING  | co2_forecast | Very few sequences (3), LSTM may not train well
2026-09-17 22:26:17 | WARNING  | co2_forecast | Very few sequences (3), LSTM may not train well
2026-09-17 22:26:17 | WARNING  | co2_forecast | Very few sequences (4), LSTM may not train well
2026-09-17 22:26:17 | WARNING  | co2_forecast | Very few sequences (8), LSTM may not train well
2026-09-17 22:26:17 | WARNING  | co2_forecast | Very few sequences (4), LSTM may not train well
2026-09-17 22:26:17 | WARNING  | co2_forecast | Very few sequences (4), LSTM may not train well
2026-09-17 22:26:17 | WARNING  | co2_forecast | Very few sequences (3), LSTM may not train well
2026-09-17 22:26:17 | WARNING  | co2_forecast | Very few sequences (7), LSTM may not train well
2026-09-17 22:26:17 | WARNING  | co2_forecast | Very few sequences (3), LSTM may not train well
2026-09-17 22:26:17 | WARNING  | co2_forecast | Very few sequences (3), LSTM may not train well
2026-09-17 22:26:17 | WARNING  | co2_forecast | Very few sequences (4), LSTM may not train well
2026-09-17 22:26:17 | WARNING  | co2_forecast | Very few sequences (8), LSTM may not train well
2026-09-17 22:26:17 | WARNING  | co2_forecast | Very few sequences (4), LSTM may not train well
2026-09-17 22:26:17 | WARNING  | co2_forecast | Very few sequences (4), LSTM may not train well
2026-09-17 22:26:18 | WARNING  | co2_forecast | Very few sequences (3), LSTM may not train well
2026-09-17 22:26:18 | WARNING  | co2_forecast | Very few sequences (7), LSTM may not train well
2026-09-17 22:26:18 | WARNING  | co2_forecast | Very few sequences (3), LSTM may not train well
2026-09-17 22:26:18 | WARNING  | co2_forecast | Very few sequences (3), LSTM may not train well
2026-09-17 22:26:18 | WARNING  | co2_forecast | Very few sequences (3), LSTM may not train well
2026-09-17 22:26:18 | WARNING  | co2_forecast | Very few sequences (7), LSTM may not train well
2026-09-17 22:26:18 | WARNING  | co2_forecast | Very few sequences (3), LSTM may not train well
2026-09-17 22:26:18 | WARNING  | co2_forecast | Very few sequences (3), LSTM may not train well
2026-09-17 22:26:18 | WARNING  | co2_forecast | Very few sequences (3), LSTM may not train well
2026-09-17 22:26:18 | WARNING  | co2_forecast | Very few sequences (7), LSTM may not train well
2026-09-17 22:26:19 | WARNING  | co2_forecast | Very few sequences (3), LSTM may not train well
2026-09-17 22:26:19 | WARNING  | co2_forecast | Very few sequences (3), LSTM may not train well
2026-09-17 22:26:19 | WARNING  | co2_forecast | Very few sequences (3), LSTM may not train well
2026-09-17 22:26:19 | WARNING  | co2_forecast | Very few sequences (7), LSTM may not train well
2026-09-17 22:26:19 | WARNING  | co2_forecast | Very few sequences (3), LSTM may not train well
2026-09-17 22:26:19 | WARNING  | co2_forecast | Very few sequences (3), LSTM may not train well
2026-09-17 22:26:19 | WARNING  | co2_forecast | Very few sequences (3), LSTM may not train well
2026-09-17 22:26:19 | WARNING  | co2_forecast | Very few sequences (7), LSTM may not train well
2026-09-17 22:26:19 | WARNING  | co2_forecast | Very few sequences (3), LSTM may not train well
2026-09-17 22:26:20 | WARNING  | co2_forecast | Very few sequences (3), LSTM may not train well
2026-09-17 22:26:20 | WARNING  | co2_forecast | Very few sequences (3), LSTM may not train well
2026-09-17 22:26:20 | WARNING  | co2_forecast | Very few sequences (7), LSTM may not train well
2026-09-17 22:26:20 | WARNING  | co2_forecast | Very few sequences (3), LSTM may not train well
2026-09-17 22:26:20 | WARNING  | co2_forecast | Very few sequences (3), LSTM may not train well
2026-09-17 22:26:20 | WARNING  | co2_forecast | Very few sequences (3), LSTM may not train well
2026-09-17 22:26:20 | WARNING  | co2_forecast | Very few sequences (7), LSTM may not train well
2026-09-17 22:26:20 | WARNING  | co2_forecast | Very few sequences (3), LSTM may not train well
2026-09-17 22:26:20 | WARNING  | co2_forecast | Very few sequences (3), LSTM may not train well
2026-09-17 22:26:20 | WARNING  | co2_forecast | Very few sequences (4), LSTM may not train well
2026-09-17 22:26:20 | WARNING  | co2_forecast | Very few sequences (8), LSTM may not train well
2026-09-17 22:26:20 | WARNING  | co2_forecast | Very few sequences (4), LSTM may not train well
2026-09-17 22:26:21 | WARNING  | co2_forecast | Very few sequences (4), LSTM may not train well
2026-09-17 22:26:21 | WARNING  | co2_forecast | Very few sequences (3), LSTM may not train well
2026-09-17 22:26:21 | WARNING  | co2_forecast | Very few sequences (7), LSTM may not train well
2026-09-17 22:26:21 | WARNING  | co2_forecast | Very few sequences (3), LSTM may not train well
2026-09-17 22:26:21 | WARNING  | co2_forecast | Very few sequences (3), LSTM may not train well
2026-09-17 22:26:21 | INFO     | co2_forecast |   Iteration 5: Best fitness = 0.767790
2026-09-17 22:26:21 | WARNING  | co2_forecast | Very few sequences (3), LSTM may not train well
2026-09-17 22:26:21 | WARNING  | co2_forecast | Very few sequences (7), LSTM may not train well
2026-09-17 22:26:21 | WARNING  | co2_forecast | Very few sequences (3), LSTM may not train well
2026-09-17 22:26:21 | WARNING  | co2_forecast | Very few sequences (3), LSTM may not train well
2026-09-17 22:26:21 | WARNING  | co2_forecast | Very few sequences (2), LSTM may not train well
2026-09-17 22:26:21 | WARNING  | co2_forecast | Very few sequences (6), LSTM may not train well
2026-09-17 22:26:22 | WARNING  | co2_forecast | Very few sequences (2), LSTM may not train well
2026-09-17 22:26:22 | WARNING  | co2_forecast | Very few sequences (2), LSTM may not train well
2026-09-17 22:26:22 | WARNING  | co2_forecast | Very few sequences (3), LSTM may not train well
2026-09-17 22:26:22 | WARNING  | co2_forecast | Very few sequences (7), LSTM may not train well
2026-09-17 22:26:22 | WARNING  | co2_forecast | Very few sequences (3), LSTM may not train well
2026-09-17 22:26:22 | WARNING  | co2_forecast | Very few sequences (3), LSTM may not train well
2026-09-17 22:26:22 | WARNING  | co2_forecast | Very few sequences (3), LSTM may not train well
2026-09-17 22:26:22 | WARNING  | co2_forecast | Very few sequences (7), LSTM may not train well
2026-09-17 22:26:23 | WARNING  | co2_forecast | Very few sequences (3), LSTM may not train well
2026-09-17 22:26:23 | WARNING  | co2_forecast | Very few sequences (3), LSTM may not train well
2026-09-17 22:26:23 | WARNING  | co2_forecast | Very few sequences (2), LSTM may not train well
2026-09-17 22:26:23 | WARNING  | co2_forecast | Very few sequences (6), LSTM may not train well
2026-09-17 22:26:23 | WARNING  | co2_forecast | Very few sequences (2), LSTM may not train well
2026-09-17 22:26:23 | WARNING  | co2_forecast | Very few sequences (2), LSTM may not train well
2026-09-17 22:26:23 | WARNING  | co2_forecast | Very few sequences (3), LSTM may not train well
2026-09-17 22:26:24 | WARNING  | co2_forecast | Very few sequences (7), LSTM may not train well
2026-09-17 22:26:24 | WARNING  | co2_forecast | Very few sequences (3), LSTM may not train well
2026-09-17 22:26:24 | WARNING  | co2_forecast | Very few sequences (3), LSTM may not train well
2026-09-17 22:26:24 | WARNING  | co2_forecast | Very few sequences (4), LSTM may not train well
2026-09-17 22:26:24 | WARNING  | co2_forecast | Very few sequences (8), LSTM may not train well
2026-09-17 22:26:24 | WARNING  | co2_forecast | Very few sequences (4), LSTM may not train well
2026-09-17 22:26:24 | WARNING  | co2_forecast | Very few sequences (4), LSTM may not train well
2026-09-17 22:26:24 | WARNING  | co2_forecast | Very few sequences (3), LSTM may not train well
2026-09-17 22:26:24 | WARNING  | co2_forecast | Very few sequences (7), LSTM may not train well
2026-09-17 22:26:24 | WARNING  | co2_forecast | Very few sequences (3), LSTM may not train well
2026-09-17 22:26:24 | WARNING  | co2_forecast | Very few sequences (3), LSTM may not train well
2026-09-17 22:26:24 | WARNING  | co2_forecast | Very few sequences (3), LSTM may not train well
2026-09-17 22:26:25 | WARNING  | co2_forecast | Very few sequences (7), LSTM may not train well
2026-09-17 22:26:25 | WARNING  | co2_forecast | Very few sequences (3), LSTM may not train well
2026-09-17 22:26:25 | WARNING  | co2_forecast | Very few sequences (3), LSTM may not train well
2026-09-17 22:26:25 | WARNING  | co2_forecast | Very few sequences (4), LSTM may not train well
2026-09-17 22:26:25 | WARNING  | co2_forecast | Very few sequences (8), LSTM may not train well
2026-09-17 22:26:25 | WARNING  | co2_forecast | Very few sequences (4), LSTM may not train well
2026-09-17 22:26:25 | WARNING  | co2_forecast | Very few sequences (4), LSTM may not train well
2026-09-17 22:26:25 | WARNING  | co2_forecast | Very few sequences (3), LSTM may not train well
2026-09-17 22:26:25 | WARNING  | co2_forecast | Very few sequences (7), LSTM may not train well
2026-09-17 22:26:25 | WARNING  | co2_forecast | Very few sequences (3), LSTM may not train well
2026-09-17 22:26:26 | WARNING  | co2_forecast | Very few sequences (3), LSTM may not train well
2026-09-17 22:26:26 | WARNING  | co2_forecast | Very few sequences (3), LSTM may not train well
2026-09-17 22:26:26 | WARNING  | co2_forecast | Very few sequences (7), LSTM may not train well
2026-09-17 22:26:26 | WARNING  | co2_forecast | Very few sequences (3), LSTM may not train well
2026-09-17 22:26:26 | WARNING  | co2_forecast | Very few sequences (3), LSTM may not train well
2026-09-17 22:26:26 | WARNING  | co2_forecast | Very few sequences (3), LSTM may not train well
2026-09-17 22:26:26 | WARNING  | co2_forecast | Very few sequences (7), LSTM may not train well
2026-09-17 22:26:26 | WARNING  | co2_forecast | Very few sequences (3), LSTM may not train well
2026-09-17 22:26:27 | WARNING  | co2_forecast | Very few sequences (3), LSTM may not train well
2026-09-17 22:26:27 | WARNING  | co2_forecast | Very few sequences (3), LSTM may not train well
2026-09-17 22:26:27 | WARNING  | co2_forecast | Very few sequences (7), LSTM may not train well
2026-09-17 22:26:27 | WARNING  | co2_forecast | Very few sequences (3), LSTM may not train well
2026-09-17 22:26:27 | WARNING  | co2_forecast | Very few sequences (3), LSTM may not train well
2026-09-17 22:26:27 | WARNING  | co2_forecast | Very few sequences (3), LSTM may not train well
2026-09-17 22:26:27 | WARNING  | co2_forecast | Very few sequences (7), LSTM may not train well
2026-09-17 22:26:27 | WARNING  | co2_forecast | Very few sequences (3), LSTM may not train well
2026-09-17 22:26:27 | WARNING  | co2_forecast | Very few sequences (3), LSTM may not train well
2026-09-17 22:26:27 | WARNING  | co2_forecast | Very few sequences (3), LSTM may not train well
2026-09-17 22:26:27 | WARNING  | co2_forecast | Very few sequences (7), LSTM may not train well
2026-09-17 22:26:27 | WARNING  | co2_forecast | Very few sequences (3), LSTM may not train well
2026-09-17 22:26:28 | WARNING  | co2_forecast | Very few sequences (3), LSTM may not train well
2026-09-17 22:26:28 | WARNING  | co2_forecast | Very few sequences (3), LSTM may not train well
2026-09-17 22:26:28 | WARNING  | co2_forecast | Very few sequences (7), LSTM may not train well
2026-09-17 22:26:28 | WARNING  | co2_forecast | Very few sequences (3), LSTM may not train well
2026-09-17 22:26:28 | WARNING  | co2_forecast | Very few sequences (3), LSTM may not train well
2026-09-17 22:26:28 | WARNING  | co2_forecast | Very few sequences (3), LSTM may not train well
2026-09-17 22:26:28 | WARNING  | co2_forecast | Very few sequences (7), LSTM may not train well
2026-09-17 22:26:28 | WARNING  | co2_forecast | Very few sequences (3), LSTM may not train well
2026-09-17 22:26:28 | WARNING  | co2_forecast | Very few sequences (3), LSTM may not train well
2026-09-17 22:26:28 | WARNING  | co2_forecast | Very few sequences (3), LSTM may not train well
2026-09-17 22:26:28 | WARNING  | co2_forecast | Very few sequences (7), LSTM may not train well
2026-09-17 22:26:29 | WARNING  | co2_forecast | Very few sequences (3), LSTM may not train well
2026-09-17 22:26:29 | WARNING  | co2_forecast | Very few sequences (3), LSTM may not train well
2026-09-17 22:26:29 | WARNING  | co2_forecast | Very few sequences (3), LSTM may not train well
2026-09-17 22:26:29 | WARNING  | co2_forecast | Very few sequences (7), LSTM may not train well
2026-09-17 22:26:29 | WARNING  | co2_forecast | Very few sequences (3), LSTM may not train well
2026-09-17 22:26:29 | WARNING  | co2_forecast | Very few sequences (3), LSTM may not train well
2026-09-17 22:26:29 | WARNING  | co2_forecast | Very few sequences (4), LSTM may not train well
2026-09-17 22:26:29 | WARNING  | co2_forecast | Very few sequences (8), LSTM may not train well
2026-09-17 22:26:30 | WARNING  | co2_forecast | Very few sequences (4), LSTM may not train well
2026-09-17 22:26:30 | WARNING  | co2_forecast | Very few sequences (4), LSTM may not train well
2026-09-17 22:26:30 | WARNING  | co2_forecast | Very few sequences (3), LSTM may not train well
2026-09-17 22:26:30 | WARNING  | co2_forecast | Very few sequences (7), LSTM may not train well
2026-09-17 22:26:30 | WARNING  | co2_forecast | Very few sequences (3), LSTM may not train well
2026-09-17 22:26:30 | WARNING  | co2_forecast | Very few sequences (3), LSTM may not train well
2026-09-17 22:26:30 | WARNING  | co2_forecast | Very few sequences (4), LSTM may not train well
2026-09-17 22:26:30 | WARNING  | co2_forecast | Very few sequences (8), LSTM may not train well
2026-09-17 22:26:30 | WARNING  | co2_forecast | Very few sequences (4), LSTM may not train well
2026-09-17 22:26:30 | WARNING  | co2_forecast | Very few sequences (4), LSTM may not train well
2026-09-17 22:26:30 | WARNING  | co2_forecast | Very few sequences (3), LSTM may not train well
2026-09-17 22:26:30 | WARNING  | co2_forecast | Very few sequences (7), LSTM may not train well
2026-09-17 22:26:31 | WARNING  | co2_forecast | Very few sequences (3), LSTM may not train well
2026-09-17 22:26:31 | WARNING  | co2_forecast | Very few sequences (3), LSTM may not train well
2026-09-17 22:26:31 | WARNING  | co2_forecast | Very few sequences (3), LSTM may not train well
2026-09-17 22:26:31 | WARNING  | co2_forecast | Very few sequences (7), LSTM may not train well
2026-09-17 22:26:31 | WARNING  | co2_forecast | Very few sequences (3), LSTM may not train well
2026-09-17 22:26:31 | WARNING  | co2_forecast | Very few sequences (3), LSTM may not train well
2026-09-17 22:26:31 | WARNING  | co2_forecast | Very few sequences (2), LSTM may not train well
2026-09-17 22:26:31 | WARNING  | co2_forecast | Very few sequences (6), LSTM may not train well
2026-09-17 22:26:31 | WARNING  | co2_forecast | Very few sequences (2), LSTM may not train well
2026-09-17 22:26:32 | WARNING  | co2_forecast | Very few sequences (2), LSTM may not train well
2026-09-17 22:26:32 | WARNING  | co2_forecast | Very few sequences (3), LSTM may not train well
2026-09-17 22:26:32 | WARNING  | co2_forecast | Very few sequences (7), LSTM may not train well
2026-09-17 22:26:32 | WARNING  | co2_forecast | Very few sequences (3), LSTM may not train well
2026-09-17 22:26:32 | WARNING  | co2_forecast | Very few sequences (3), LSTM may not train well
2026-09-17 22:26:32 | WARNING  | co2_forecast | Very few sequences (3), LSTM may not train well
2026-09-17 22:26:32 | WARNING  | co2_forecast | Very few sequences (7), LSTM may not train well
2026-09-17 22:26:33 | WARNING  | co2_forecast | Very few sequences (3), LSTM may not train well
2026-09-17 22:26:33 | WARNING  | co2_forecast | Very few sequences (3), LSTM may not train well
2026-09-17 22:26:33 | WARNING  | co2_forecast | Very few sequences (3), LSTM may not train well
2026-09-17 22:26:33 | WARNING  | co2_forecast | Very few sequences (7), LSTM may not train well
2026-09-17 22:26:33 | WARNING  | co2_forecast | Very few sequences (3), LSTM may not train well
2026-09-17 22:26:33 | WARNING  | co2_forecast | Very few sequences (3), LSTM may not train well
2026-09-17 22:26:33 | WARNING  | co2_forecast | Very few sequences (3), LSTM may not train well
2026-09-17 22:26:33 | WARNING  | co2_forecast | Very few sequences (7), LSTM may not train well
2026-09-17 22:26:33 | WARNING  | co2_forecast | Very few sequences (3), LSTM may not train well
2026-09-17 22:26:34 | WARNING  | co2_forecast | Very few sequences (3), LSTM may not train well
2026-09-17 22:26:34 | WARNING  | co2_forecast | Very few sequences (4), LSTM may not train well
2026-09-17 22:26:34 | WARNING  | co2_forecast | Very few sequences (8), LSTM may not train well
2026-09-17 22:26:34 | WARNING  | co2_forecast | Very few sequences (4), LSTM may not train well
2026-09-17 22:26:34 | WARNING  | co2_forecast | Very few sequences (4), LSTM may not train well
2026-09-17 22:26:34 | WARNING  | co2_forecast | Very few sequences (3), LSTM may not train well
2026-09-17 22:26:34 | WARNING  | co2_forecast | Very few sequences (7), LSTM may not train well
2026-09-17 22:26:34 | WARNING  | co2_forecast | Very few sequences (3), LSTM may not train well
2026-09-17 22:26:34 | WARNING  | co2_forecast | Very few sequences (3), LSTM may not train well
2026-09-17 22:26:34 | INFO     | co2_forecast |   Iteration 9: Best fitness = 0.764282
2026-09-17 22:26:34 | INFO     | co2_forecast | PSO complete. Best fitness: 0.764282
2026-09-17 22:26:34 | INFO     | co2_forecast |   Best params: {'lookback': 5, 'hidden_size': 16, 'num_layers': 2, 'dropout': 0.5, 'learning_rate': 0.0001, 'batch_size': 32}
2026-09-17 22:26:34 | INFO     | co2_forecast |   Best fitness: 0.764282
2026-09-17 22:26:34 | INFO     | co2_forecast | [A3_CI_std_only/panel2_common_period/all_features/lstm] sweep tuning: best_params={'lookback': 5, 'hidden_size': 16, 'num_layers': 2, 'dropout': 0.5, 'learning_rate': 0.0001, 'batch_size': 32}
2026-09-17 22:26:35 | INFO     | co2_forecast |   lstm -> weighted_mase=1.0123346012401881
2026-09-17 22:26:35 | INFO     | co2_forecast | Variant A3_CI_std_only complete in 46.1s
2026-09-17 22:26:35 | INFO     | co2_forecast | --- Variant A3_CI_highshare_only: 12 features ---
2026-09-17 22:26:35 | INFO     | co2_forecast | Creating walk-forward splits for 16 valid samples
2026-09-17 22:26:35 | INFO     | co2_forecast | Created 4 CV folds across horizons [1, 2, 4]
2026-09-17 22:26:35 | INFO     | co2_forecast | Built tuning CV plan: 4 folds from 16 rows before 2022-Qq (evaluation cutoff) - isolation OK (max tuning date 2021-Qq)
2026-09-17 22:26:35 | INFO     | co2_forecast | Optimizing ridge...
2026-09-17 22:26:35 | INFO     | co2_forecast | Starting PSO: 8 particles, 10 iterations
2026-09-17 22:26:35 | INFO     | co2_forecast |   Iteration 0: Best fitness = 2.475822
2026-09-17 22:26:35 | INFO     | co2_forecast |   Iteration 5: Best fitness = 2.124148
2026-09-17 22:26:35 | INFO     | co2_forecast |   Iteration 9: Best fitness = 2.124148
2026-09-17 22:26:35 | INFO     | co2_forecast | PSO complete. Best fitness: 2.124148
2026-09-17 22:26:35 | INFO     | co2_forecast |   Best params: {'alpha': 100.0}
2026-09-17 22:26:35 | INFO     | co2_forecast |   Best fitness: 2.124148
2026-09-17 22:26:35 | INFO     | co2_forecast | [A3_CI_highshare_only/panel2_common_period/all_features/ridge] sweep tuning: best_params={'alpha': 100.0}
2026-09-17 22:26:35 | INFO     | co2_forecast |   ridge -> weighted_mase=0.9291782003055544
2026-09-17 22:26:35 | INFO     | co2_forecast | Creating walk-forward splits for 16 valid samples
2026-09-17 22:26:35 | INFO     | co2_forecast | Created 4 CV folds across horizons [1, 2, 4]
2026-09-17 22:26:35 | INFO     | co2_forecast | Built tuning CV plan: 4 folds from 16 rows before 2022-Qq (evaluation cutoff) - isolation OK (max tuning date 2021-Qq)
2026-09-17 22:26:35 | INFO     | co2_forecast | Optimizing random_forest...
2026-09-17 22:26:35 | INFO     | co2_forecast | Starting PSO: 8 particles, 10 iterations
2026-09-17 22:26:37 | INFO     | co2_forecast |   Iteration 0: Best fitness = 0.672011
2026-09-17 22:26:44 | INFO     | co2_forecast |   Iteration 5: Best fitness = 0.400809
2026-09-17 22:26:49 | INFO     | co2_forecast |   Iteration 9: Best fitness = 0.397173
2026-09-17 22:26:49 | INFO     | co2_forecast | PSO complete. Best fitness: 0.397173
2026-09-17 22:26:49 | INFO     | co2_forecast |   Best params: {'n_estimators': 62, 'max_depth': 3, 'min_samples_split': 2, 'min_samples_leaf': 1}
2026-09-17 22:26:49 | INFO     | co2_forecast |   Best fitness: 0.397173
2026-09-17 22:26:49 | INFO     | co2_forecast | [A3_CI_highshare_only/panel2_common_period/all_features/random_forest] sweep tuning: best_params={'n_estimators': 62, 'max_depth': 3, 'min_samples_split': 2, 'min_samples_leaf': 1}
2026-09-17 22:26:50 | INFO     | co2_forecast |   random_forest -> weighted_mase=0.75575248460211
2026-09-17 22:26:50 | INFO     | co2_forecast | Creating walk-forward splits for 16 valid samples
2026-09-17 22:26:50 | INFO     | co2_forecast | Created 4 CV folds across horizons [1, 2, 4]
2026-09-17 22:26:50 | INFO     | co2_forecast | Built tuning CV plan: 4 folds from 16 rows before 2022-Qq (evaluation cutoff) - isolation OK (max tuning date 2021-Qq)
2026-09-17 22:26:50 | INFO     | co2_forecast | Optimizing catboost...
2026-09-17 22:26:50 | INFO     | co2_forecast | Starting PSO: 8 particles, 10 iterations
2026-09-17 22:26:50 | INFO     | co2_forecast |   Iteration 0: Best fitness = 0.414030
2026-09-17 22:26:51 | INFO     | co2_forecast |   Iteration 5: Best fitness = 0.370693
2026-09-17 22:26:51 | INFO     | co2_forecast |   Iteration 9: Best fitness = 0.370693
2026-09-17 22:26:51 | INFO     | co2_forecast | PSO complete. Best fitness: 0.370693
2026-09-17 22:26:51 | INFO     | co2_forecast |   Best params: {'iterations': 86, 'learning_rate': 0.10634162545771539, 'depth': 3, 'l2_leaf_reg': 3.2587036142106345}
2026-09-17 22:26:51 | INFO     | co2_forecast |   Best fitness: 0.370693
2026-09-17 22:26:51 | INFO     | co2_forecast | [A3_CI_highshare_only/panel2_common_period/all_features/catboost] sweep tuning: best_params={'iterations': 86, 'learning_rate': 0.10634162545771539, 'depth': 3, 'l2_leaf_reg': 3.2587036142106345}
2026-09-17 22:26:51 | INFO     | co2_forecast |   catboost -> weighted_mase=0.7089569107480813
2026-09-17 22:26:51 | INFO     | co2_forecast | Creating walk-forward splits for 16 valid samples
2026-09-17 22:26:51 | INFO     | co2_forecast | Created 4 CV folds across horizons [1, 2, 4]
2026-09-17 22:26:51 | INFO     | co2_forecast | Built tuning CV plan: 4 folds from 16 rows before 2022-Qq (evaluation cutoff) - isolation OK (max tuning date 2021-Qq)
2026-09-17 22:26:51 | INFO     | co2_forecast | Optimizing lightgbm...
2026-09-17 22:26:51 | INFO     | co2_forecast | Starting PSO: 8 particles, 10 iterations
2026-09-17 22:26:52 | INFO     | co2_forecast |   Iteration 0: Best fitness = 0.768990
2026-09-17 22:26:53 | INFO     | co2_forecast |   Iteration 5: Best fitness = 0.655353
2026-09-17 22:26:53 | INFO     | co2_forecast |   Iteration 9: Best fitness = 0.644572
2026-09-17 22:26:53 | INFO     | co2_forecast | PSO complete. Best fitness: 0.644572
2026-09-17 22:26:53 | INFO     | co2_forecast |   Best params: {'n_estimators': 50, 'learning_rate': 0.24875557248327107, 'num_leaves': 127, 'max_depth': 3, 'min_child_samples': 5, 'reg_alpha': 0.09419715994303053, 'reg_lambda': 1.6116769810147058}
2026-09-17 22:26:53 | INFO     | co2_forecast |   Best fitness: 0.644572
2026-09-17 22:26:53 | INFO     | co2_forecast | [A3_CI_highshare_only/panel2_common_period/all_features/lightgbm] sweep tuning: best_params={'n_estimators': 50, 'learning_rate': 0.24875557248327107, 'num_leaves': 127, 'max_depth': 3, 'min_child_samples': 5, 'reg_alpha': 0.09419715994303053, 'reg_lambda': 1.6116769810147058}
2026-09-17 22:26:54 | INFO     | co2_forecast |   lightgbm -> weighted_mase=0.7315712475949394
2026-09-17 22:26:54 | INFO     | co2_forecast | Creating walk-forward splits for 16 valid samples
2026-09-17 22:26:54 | INFO     | co2_forecast | Created 4 CV folds across horizons [1, 2, 4]
2026-09-17 22:26:54 | INFO     | co2_forecast | Built tuning CV plan: 4 folds from 16 rows before 2022-Qq (evaluation cutoff) - isolation OK (max tuning date 2021-Qq)
2026-09-17 22:26:54 | INFO     | co2_forecast | Optimizing lstm...
2026-09-17 22:26:54 | INFO     | co2_forecast | Starting PSO: 8 particles, 10 iterations
2026-09-17 22:26:54 | WARNING  | co2_forecast | Model training failed with params {'lookback': 7, 'hidden_size': 62, 'num_layers': 2, 'dropout': 0.3394633936788147, 'learning_rate': 0.0016445845403801217, 'batch_size': 8}: LSTM.fit: training data has 8 rows, giving only 1 sequence(s) with lookback=7; at least 2 are required (one is always reserved for validation). Reduce lookback or provide more training history.
2026-09-17 22:26:54 | WARNING  | co2_forecast | Model training failed with params {'lookback': 11, 'hidden_size': 26, 'num_layers': 1, 'dropout': 0.17336180394137354, 'learning_rate': 0.0031119982052994237, 'batch_size': 16}: LSTM.fit: training data has 8 rows, giving only 0 sequence(s) with lookback=11; at least 2 are required (one is always reserved for validation). Reduce lookback or provide more training history.
2026-09-17 22:26:54 | WARNING  | co2_forecast | Model training failed with params {'lookback': 8, 'hidden_size': 54, 'num_layers': 1, 'dropout': 0.3056937753654447, 'learning_rate': 0.005964904231734221, 'batch_size': 8}: LSTM.fit: training data has 8 rows, giving only 0 sequence(s) with lookback=8; at least 2 are required (one is always reserved for validation). Reduce lookback or provide more training history.
2026-09-17 22:26:54 | WARNING  | co2_forecast | Very few sequences (2), LSTM may not train well
2026-09-17 22:26:54 | WARNING  | co2_forecast | Very few sequences (6), LSTM may not train well
2026-09-17 22:26:54 | WARNING  | co2_forecast | Very few sequences (2), LSTM may not train well
2026-09-17 22:26:54 | WARNING  | co2_forecast | Very few sequences (2), LSTM may not train well
2026-09-17 22:26:54 | WARNING  | co2_forecast | Model training failed with params {'lookback': 8, 'hidden_size': 25, 'num_layers': 2, 'dropout': 0.4100531293444458, 'learning_rate': 0.009401039521485473, 'batch_size': 32}: LSTM.fit: training data has 8 rows, giving only 0 sequence(s) with lookback=8; at least 2 are required (one is always reserved for validation). Reduce lookback or provide more training history.
2026-09-17 22:26:54 | WARNING  | co2_forecast | Model training failed with params {'lookback': 7, 'hidden_size': 29, 'num_layers': 2, 'dropout': 0.2427013306774357, 'learning_rate': 0.00288125164590507, 'batch_size': 16}: LSTM.fit: training data has 8 rows, giving only 1 sequence(s) with lookback=7; at least 2 are required (one is always reserved for validation). Reduce lookback or provide more training history.
2026-09-17 22:26:54 | WARNING  | co2_forecast | Very few sequences (4), LSTM may not train well
2026-09-17 22:26:54 | WARNING  | co2_forecast | Very few sequences (8), LSTM may not train well
2026-09-17 22:26:54 | WARNING  | co2_forecast | Very few sequences (4), LSTM may not train well
2026-09-17 22:26:54 | WARNING  | co2_forecast | Very few sequences (4), LSTM may not train well
2026-09-17 22:26:54 | WARNING  | co2_forecast | Very few sequences (2), LSTM may not train well
2026-09-17 22:26:54 | WARNING  | co2_forecast | Very few sequences (6), LSTM may not train well
2026-09-17 22:26:54 | WARNING  | co2_forecast | Very few sequences (2), LSTM may not train well
2026-09-17 22:26:54 | WARNING  | co2_forecast | Very few sequences (2), LSTM may not train well
2026-09-17 22:26:54 | INFO     | co2_forecast |   Iteration 0: Best fitness = 1.062391
2026-09-17 22:26:54 | WARNING  | co2_forecast | Very few sequences (3), LSTM may not train well
2026-09-17 22:26:54 | WARNING  | co2_forecast | Very few sequences (7), LSTM may not train well
2026-09-17 22:26:54 | WARNING  | co2_forecast | Very few sequences (3), LSTM may not train well
2026-09-17 22:26:54 | WARNING  | co2_forecast | Very few sequences (3), LSTM may not train well
2026-09-17 22:26:54 | WARNING  | co2_forecast | Very few sequences (2), LSTM may not train well
2026-09-17 22:26:55 | WARNING  | co2_forecast | Very few sequences (6), LSTM may not train well
2026-09-17 22:26:55 | WARNING  | co2_forecast | Very few sequences (2), LSTM may not train well
2026-09-17 22:26:55 | WARNING  | co2_forecast | Very few sequences (2), LSTM may not train well
2026-09-17 22:26:55 | WARNING  | co2_forecast | Model training failed with params {'lookback': 8, 'hidden_size': 44, 'num_layers': 1, 'dropout': 0.32389753899663415, 'learning_rate': 0.005520634690128072, 'batch_size': 8}: LSTM.fit: training data has 8 rows, giving only 0 sequence(s) with lookback=8; at least 2 are required (one is always reserved for validation). Reduce lookback or provide more training history.
2026-09-17 22:26:55 | WARNING  | co2_forecast | Very few sequences (3), LSTM may not train well
2026-09-17 22:26:55 | WARNING  | co2_forecast | Very few sequences (7), LSTM may not train well
2026-09-17 22:26:55 | WARNING  | co2_forecast | Very few sequences (3), LSTM may not train well
2026-09-17 22:26:55 | WARNING  | co2_forecast | Very few sequences (3), LSTM may not train well
2026-09-17 22:26:55 | WARNING  | co2_forecast | Very few sequences (2), LSTM may not train well
2026-09-17 22:26:55 | WARNING  | co2_forecast | Very few sequences (6), LSTM may not train well
2026-09-17 22:26:55 | WARNING  | co2_forecast | Very few sequences (2), LSTM may not train well
2026-09-17 22:26:56 | WARNING  | co2_forecast | Very few sequences (2), LSTM may not train well
2026-09-17 22:26:56 | WARNING  | co2_forecast | Very few sequences (3), LSTM may not train well
2026-09-17 22:26:56 | WARNING  | co2_forecast | Very few sequences (7), LSTM may not train well
2026-09-17 22:26:56 | WARNING  | co2_forecast | Very few sequences (3), LSTM may not train well
2026-09-17 22:26:56 | WARNING  | co2_forecast | Very few sequences (3), LSTM may not train well
2026-09-17 22:26:56 | WARNING  | co2_forecast | Very few sequences (4), LSTM may not train well
2026-09-17 22:26:56 | WARNING  | co2_forecast | Very few sequences (8), LSTM may not train well
2026-09-17 22:26:56 | WARNING  | co2_forecast | Very few sequences (4), LSTM may not train well
2026-09-17 22:26:56 | WARNING  | co2_forecast | Very few sequences (4), LSTM may not train well
2026-09-17 22:26:56 | WARNING  | co2_forecast | Very few sequences (2), LSTM may not train well
2026-09-17 22:26:56 | WARNING  | co2_forecast | Very few sequences (6), LSTM may not train well
2026-09-17 22:26:56 | WARNING  | co2_forecast | Very few sequences (2), LSTM may not train well
2026-09-17 22:26:56 | WARNING  | co2_forecast | Very few sequences (2), LSTM may not train well
2026-09-17 22:26:56 | WARNING  | co2_forecast | Very few sequences (3), LSTM may not train well
2026-09-17 22:26:56 | WARNING  | co2_forecast | Very few sequences (7), LSTM may not train well
2026-09-17 22:26:56 | WARNING  | co2_forecast | Very few sequences (3), LSTM may not train well
2026-09-17 22:26:57 | WARNING  | co2_forecast | Very few sequences (3), LSTM may not train well
2026-09-17 22:26:57 | WARNING  | co2_forecast | Very few sequences (4), LSTM may not train well
2026-09-17 22:26:57 | WARNING  | co2_forecast | Very few sequences (8), LSTM may not train well
2026-09-17 22:26:57 | WARNING  | co2_forecast | Very few sequences (4), LSTM may not train well
2026-09-17 22:26:57 | WARNING  | co2_forecast | Very few sequences (4), LSTM may not train well
2026-09-17 22:26:57 | WARNING  | co2_forecast | Model training failed with params {'lookback': 7, 'hidden_size': 35, 'num_layers': 1, 'dropout': 0.31512819649180424, 'learning_rate': 0.004065945490368326, 'batch_size': 8}: LSTM.fit: training data has 8 rows, giving only 1 sequence(s) with lookback=7; at least 2 are required (one is always reserved for validation). Reduce lookback or provide more training history.
2026-09-17 22:26:57 | WARNING  | co2_forecast | Very few sequences (2), LSTM may not train well
2026-09-17 22:26:57 | WARNING  | co2_forecast | Very few sequences (6), LSTM may not train well
2026-09-17 22:26:57 | WARNING  | co2_forecast | Very few sequences (2), LSTM may not train well
2026-09-17 22:26:58 | WARNING  | co2_forecast | Very few sequences (2), LSTM may not train well
2026-09-17 22:26:58 | WARNING  | co2_forecast | Very few sequences (3), LSTM may not train well
2026-09-17 22:26:58 | WARNING  | co2_forecast | Very few sequences (7), LSTM may not train well
2026-09-17 22:26:58 | WARNING  | co2_forecast | Very few sequences (3), LSTM may not train well
2026-09-17 22:26:58 | WARNING  | co2_forecast | Very few sequences (3), LSTM may not train well
2026-09-17 22:26:58 | WARNING  | co2_forecast | Very few sequences (3), LSTM may not train well
2026-09-17 22:26:58 | WARNING  | co2_forecast | Very few sequences (7), LSTM may not train well
2026-09-17 22:26:59 | WARNING  | co2_forecast | Very few sequences (3), LSTM may not train well
2026-09-17 22:26:59 | WARNING  | co2_forecast | Very few sequences (3), LSTM may not train well
2026-09-17 22:26:59 | WARNING  | co2_forecast | Very few sequences (3), LSTM may not train well
2026-09-17 22:26:59 | WARNING  | co2_forecast | Very few sequences (7), LSTM may not train well
2026-09-17 22:26:59 | WARNING  | co2_forecast | Very few sequences (3), LSTM may not train well
2026-09-17 22:26:59 | WARNING  | co2_forecast | Very few sequences (3), LSTM may not train well
2026-09-17 22:26:59 | WARNING  | co2_forecast | Very few sequences (2), LSTM may not train well
2026-09-17 22:26:59 | WARNING  | co2_forecast | Very few sequences (6), LSTM may not train well
2026-09-17 22:26:59 | WARNING  | co2_forecast | Very few sequences (2), LSTM may not train well
2026-09-17 22:26:59 | WARNING  | co2_forecast | Very few sequences (2), LSTM may not train well
2026-09-17 22:26:59 | WARNING  | co2_forecast | Very few sequences (3), LSTM may not train well
2026-09-17 22:26:59 | WARNING  | co2_forecast | Very few sequences (7), LSTM may not train well
2026-09-17 22:26:59 | WARNING  | co2_forecast | Very few sequences (3), LSTM may not train well
2026-09-17 22:27:00 | WARNING  | co2_forecast | Very few sequences (3), LSTM may not train well
2026-09-17 22:27:00 | WARNING  | co2_forecast | Very few sequences (4), LSTM may not train well
2026-09-17 22:27:00 | WARNING  | co2_forecast | Very few sequences (8), LSTM may not train well
2026-09-17 22:27:00 | WARNING  | co2_forecast | Very few sequences (4), LSTM may not train well
2026-09-17 22:27:00 | WARNING  | co2_forecast | Very few sequences (4), LSTM may not train well
2026-09-17 22:27:00 | WARNING  | co2_forecast | Very few sequences (2), LSTM may not train well
2026-09-17 22:27:00 | WARNING  | co2_forecast | Very few sequences (6), LSTM may not train well
2026-09-17 22:27:00 | WARNING  | co2_forecast | Very few sequences (2), LSTM may not train well
2026-09-17 22:27:00 | WARNING  | co2_forecast | Very few sequences (2), LSTM may not train well
2026-09-17 22:27:00 | WARNING  | co2_forecast | Very few sequences (3), LSTM may not train well
2026-09-17 22:27:00 | WARNING  | co2_forecast | Very few sequences (7), LSTM may not train well
2026-09-17 22:27:00 | WARNING  | co2_forecast | Very few sequences (3), LSTM may not train well
2026-09-17 22:27:00 | WARNING  | co2_forecast | Very few sequences (3), LSTM may not train well
2026-09-17 22:27:00 | WARNING  | co2_forecast | Very few sequences (4), LSTM may not train well
2026-09-17 22:27:01 | WARNING  | co2_forecast | Very few sequences (8), LSTM may not train well
2026-09-17 22:27:01 | WARNING  | co2_forecast | Very few sequences (4), LSTM may not train well
2026-09-17 22:27:01 | WARNING  | co2_forecast | Very few sequences (4), LSTM may not train well
2026-09-17 22:27:01 | WARNING  | co2_forecast | Very few sequences (3), LSTM may not train well
2026-09-17 22:27:01 | WARNING  | co2_forecast | Very few sequences (7), LSTM may not train well
2026-09-17 22:27:01 | WARNING  | co2_forecast | Very few sequences (3), LSTM may not train well
2026-09-17 22:27:01 | WARNING  | co2_forecast | Very few sequences (3), LSTM may not train well
2026-09-17 22:27:01 | WARNING  | co2_forecast | Very few sequences (4), LSTM may not train well
2026-09-17 22:27:01 | WARNING  | co2_forecast | Very few sequences (8), LSTM may not train well
2026-09-17 22:27:01 | WARNING  | co2_forecast | Very few sequences (4), LSTM may not train well
2026-09-17 22:27:01 | WARNING  | co2_forecast | Very few sequences (4), LSTM may not train well
2026-09-17 22:27:01 | WARNING  | co2_forecast | Very few sequences (2), LSTM may not train well
2026-09-17 22:27:01 | WARNING  | co2_forecast | Very few sequences (6), LSTM may not train well
2026-09-17 22:27:02 | WARNING  | co2_forecast | Very few sequences (2), LSTM may not train well
2026-09-17 22:27:02 | WARNING  | co2_forecast | Very few sequences (2), LSTM may not train well
2026-09-17 22:27:02 | WARNING  | co2_forecast | Very few sequences (3), LSTM may not train well
2026-09-17 22:27:02 | WARNING  | co2_forecast | Very few sequences (7), LSTM may not train well
2026-09-17 22:27:02 | WARNING  | co2_forecast | Very few sequences (3), LSTM may not train well
2026-09-17 22:27:02 | WARNING  | co2_forecast | Very few sequences (3), LSTM may not train well
2026-09-17 22:27:02 | WARNING  | co2_forecast | Very few sequences (4), LSTM may not train well
2026-09-17 22:27:02 | WARNING  | co2_forecast | Very few sequences (8), LSTM may not train well
2026-09-17 22:27:02 | WARNING  | co2_forecast | Very few sequences (4), LSTM may not train well
2026-09-17 22:27:02 | WARNING  | co2_forecast | Very few sequences (4), LSTM may not train well
2026-09-17 22:27:02 | WARNING  | co2_forecast | Very few sequences (3), LSTM may not train well
2026-09-17 22:27:02 | WARNING  | co2_forecast | Very few sequences (7), LSTM may not train well
2026-09-17 22:27:03 | WARNING  | co2_forecast | Very few sequences (3), LSTM may not train well
2026-09-17 22:27:03 | WARNING  | co2_forecast | Very few sequences (3), LSTM may not train well
2026-09-17 22:27:03 | WARNING  | co2_forecast | Very few sequences (3), LSTM may not train well
2026-09-17 22:27:03 | WARNING  | co2_forecast | Very few sequences (7), LSTM may not train well
2026-09-17 22:27:03 | WARNING  | co2_forecast | Very few sequences (3), LSTM may not train well
2026-09-17 22:27:03 | WARNING  | co2_forecast | Very few sequences (3), LSTM may not train well
2026-09-17 22:27:03 | WARNING  | co2_forecast | Very few sequences (4), LSTM may not train well
2026-09-17 22:27:03 | WARNING  | co2_forecast | Very few sequences (8), LSTM may not train well
2026-09-17 22:27:03 | WARNING  | co2_forecast | Very few sequences (4), LSTM may not train well
2026-09-17 22:27:03 | WARNING  | co2_forecast | Very few sequences (4), LSTM may not train well
2026-09-17 22:27:03 | WARNING  | co2_forecast | Very few sequences (3), LSTM may not train well
2026-09-17 22:27:03 | WARNING  | co2_forecast | Very few sequences (7), LSTM may not train well
2026-09-17 22:27:04 | WARNING  | co2_forecast | Very few sequences (3), LSTM may not train well
2026-09-17 22:27:04 | WARNING  | co2_forecast | Very few sequences (3), LSTM may not train well
2026-09-17 22:27:04 | WARNING  | co2_forecast | Very few sequences (4), LSTM may not train well
2026-09-17 22:27:04 | WARNING  | co2_forecast | Very few sequences (8), LSTM may not train well
2026-09-17 22:27:04 | WARNING  | co2_forecast | Very few sequences (4), LSTM may not train well
2026-09-17 22:27:04 | WARNING  | co2_forecast | Very few sequences (4), LSTM may not train well
2026-09-17 22:27:04 | WARNING  | co2_forecast | Very few sequences (3), LSTM may not train well
2026-09-17 22:27:04 | WARNING  | co2_forecast | Very few sequences (7), LSTM may not train well
2026-09-17 22:27:04 | WARNING  | co2_forecast | Very few sequences (3), LSTM may not train well
2026-09-17 22:27:04 | WARNING  | co2_forecast | Very few sequences (3), LSTM may not train well
2026-09-17 22:27:04 | WARNING  | co2_forecast | Very few sequences (3), LSTM may not train well
2026-09-17 22:27:04 | WARNING  | co2_forecast | Very few sequences (7), LSTM may not train well
2026-09-17 22:27:05 | WARNING  | co2_forecast | Very few sequences (3), LSTM may not train well
2026-09-17 22:27:05 | WARNING  | co2_forecast | Very few sequences (3), LSTM may not train well
2026-09-17 22:27:05 | WARNING  | co2_forecast | Very few sequences (3), LSTM may not train well
2026-09-17 22:27:05 | WARNING  | co2_forecast | Very few sequences (7), LSTM may not train well
2026-09-17 22:27:05 | WARNING  | co2_forecast | Very few sequences (3), LSTM may not train well
2026-09-17 22:27:05 | WARNING  | co2_forecast | Very few sequences (3), LSTM may not train well
2026-09-17 22:27:05 | WARNING  | co2_forecast | Very few sequences (3), LSTM may not train well
2026-09-17 22:27:05 | WARNING  | co2_forecast | Very few sequences (7), LSTM may not train well
2026-09-17 22:27:05 | WARNING  | co2_forecast | Very few sequences (3), LSTM may not train well
2026-09-17 22:27:06 | WARNING  | co2_forecast | Very few sequences (3), LSTM may not train well
2026-09-17 22:27:06 | WARNING  | co2_forecast | Very few sequences (3), LSTM may not train well
2026-09-17 22:27:06 | WARNING  | co2_forecast | Very few sequences (7), LSTM may not train well
2026-09-17 22:27:06 | WARNING  | co2_forecast | Very few sequences (3), LSTM may not train well
2026-09-17 22:27:06 | WARNING  | co2_forecast | Very few sequences (3), LSTM may not train well
2026-09-17 22:27:06 | WARNING  | co2_forecast | Very few sequences (3), LSTM may not train well
2026-09-17 22:27:06 | WARNING  | co2_forecast | Very few sequences (7), LSTM may not train well
2026-09-17 22:27:06 | WARNING  | co2_forecast | Very few sequences (3), LSTM may not train well
2026-09-17 22:27:06 | WARNING  | co2_forecast | Very few sequences (3), LSTM may not train well
2026-09-17 22:27:07 | WARNING  | co2_forecast | Very few sequences (3), LSTM may not train well
2026-09-17 22:27:07 | WARNING  | co2_forecast | Very few sequences (7), LSTM may not train well
2026-09-17 22:27:07 | WARNING  | co2_forecast | Very few sequences (3), LSTM may not train well
2026-09-17 22:27:07 | WARNING  | co2_forecast | Very few sequences (3), LSTM may not train well
2026-09-17 22:27:07 | WARNING  | co2_forecast | Very few sequences (4), LSTM may not train well
2026-09-17 22:27:07 | WARNING  | co2_forecast | Very few sequences (8), LSTM may not train well
2026-09-17 22:27:07 | WARNING  | co2_forecast | Very few sequences (4), LSTM may not train well
2026-09-17 22:27:07 | WARNING  | co2_forecast | Very few sequences (4), LSTM may not train well
2026-09-17 22:27:07 | WARNING  | co2_forecast | Very few sequences (3), LSTM may not train well
2026-09-17 22:27:07 | WARNING  | co2_forecast | Very few sequences (7), LSTM may not train well
2026-09-17 22:27:07 | WARNING  | co2_forecast | Very few sequences (3), LSTM may not train well
2026-09-17 22:27:07 | WARNING  | co2_forecast | Very few sequences (3), LSTM may not train well
2026-09-17 22:27:07 | INFO     | co2_forecast |   Iteration 5: Best fitness = 0.764387
2026-09-17 22:27:07 | WARNING  | co2_forecast | Very few sequences (3), LSTM may not train well
2026-09-17 22:27:07 | WARNING  | co2_forecast | Very few sequences (7), LSTM may not train well
2026-09-17 22:27:08 | WARNING  | co2_forecast | Very few sequences (3), LSTM may not train well
2026-09-17 22:27:08 | WARNING  | co2_forecast | Very few sequences (3), LSTM may not train well
2026-09-17 22:27:08 | WARNING  | co2_forecast | Very few sequences (2), LSTM may not train well
2026-09-17 22:27:08 | WARNING  | co2_forecast | Very few sequences (6), LSTM may not train well
2026-09-17 22:27:08 | WARNING  | co2_forecast | Very few sequences (2), LSTM may not train well
2026-09-17 22:27:08 | WARNING  | co2_forecast | Very few sequences (2), LSTM may not train well
2026-09-17 22:27:09 | WARNING  | co2_forecast | Very few sequences (3), LSTM may not train well
2026-09-17 22:27:09 | WARNING  | co2_forecast | Very few sequences (7), LSTM may not train well
2026-09-17 22:27:09 | WARNING  | co2_forecast | Very few sequences (3), LSTM may not train well
2026-09-17 22:27:09 | WARNING  | co2_forecast | Very few sequences (3), LSTM may not train well
2026-09-17 22:27:09 | WARNING  | co2_forecast | Very few sequences (3), LSTM may not train well
2026-09-17 22:27:09 | WARNING  | co2_forecast | Very few sequences (7), LSTM may not train well
2026-09-17 22:27:09 | WARNING  | co2_forecast | Very few sequences (3), LSTM may not train well
2026-09-17 22:27:09 | WARNING  | co2_forecast | Very few sequences (3), LSTM may not train well
2026-09-17 22:27:09 | WARNING  | co2_forecast | Very few sequences (2), LSTM may not train well
2026-09-17 22:27:09 | WARNING  | co2_forecast | Very few sequences (6), LSTM may not train well
2026-09-17 22:27:10 | WARNING  | co2_forecast | Very few sequences (2), LSTM may not train well
2026-09-17 22:27:10 | WARNING  | co2_forecast | Very few sequences (2), LSTM may not train well
2026-09-17 22:27:10 | WARNING  | co2_forecast | Very few sequences (3), LSTM may not train well
2026-09-17 22:27:10 | WARNING  | co2_forecast | Very few sequences (7), LSTM may not train well
2026-09-17 22:27:10 | WARNING  | co2_forecast | Very few sequences (3), LSTM may not train well
2026-09-17 22:27:10 | WARNING  | co2_forecast | Very few sequences (3), LSTM may not train well
2026-09-17 22:27:10 | WARNING  | co2_forecast | Very few sequences (4), LSTM may not train well
2026-09-17 22:27:10 | WARNING  | co2_forecast | Very few sequences (8), LSTM may not train well
2026-09-17 22:27:11 | WARNING  | co2_forecast | Very few sequences (4), LSTM may not train well
2026-09-17 22:27:11 | WARNING  | co2_forecast | Very few sequences (4), LSTM may not train well
2026-09-17 22:27:11 | WARNING  | co2_forecast | Very few sequences (3), LSTM may not train well
2026-09-17 22:27:11 | WARNING  | co2_forecast | Very few sequences (7), LSTM may not train well
2026-09-17 22:27:11 | WARNING  | co2_forecast | Very few sequences (3), LSTM may not train well
2026-09-17 22:27:11 | WARNING  | co2_forecast | Very few sequences (3), LSTM may not train well
2026-09-17 22:27:11 | WARNING  | co2_forecast | Very few sequences (3), LSTM may not train well
2026-09-17 22:27:11 | WARNING  | co2_forecast | Very few sequences (7), LSTM may not train well
2026-09-17 22:27:11 | WARNING  | co2_forecast | Very few sequences (3), LSTM may not train well
2026-09-17 22:27:11 | WARNING  | co2_forecast | Very few sequences (3), LSTM may not train well
2026-09-17 22:27:11 | WARNING  | co2_forecast | Very few sequences (4), LSTM may not train well
2026-09-17 22:27:11 | WARNING  | co2_forecast | Very few sequences (8), LSTM may not train well
2026-09-17 22:27:12 | WARNING  | co2_forecast | Very few sequences (4), LSTM may not train well
2026-09-17 22:27:12 | WARNING  | co2_forecast | Very few sequences (4), LSTM may not train well
2026-09-17 22:27:12 | WARNING  | co2_forecast | Very few sequences (3), LSTM may not train well
2026-09-17 22:27:12 | WARNING  | co2_forecast | Very few sequences (7), LSTM may not train well
2026-09-17 22:27:12 | WARNING  | co2_forecast | Very few sequences (3), LSTM may not train well
2026-09-17 22:27:12 | WARNING  | co2_forecast | Very few sequences (3), LSTM may not train well
2026-09-17 22:27:12 | WARNING  | co2_forecast | Very few sequences (3), LSTM may not train well
2026-09-17 22:27:12 | WARNING  | co2_forecast | Very few sequences (7), LSTM may not train well
2026-09-17 22:27:12 | WARNING  | co2_forecast | Very few sequences (3), LSTM may not train well
2026-09-17 22:27:13 | WARNING  | co2_forecast | Very few sequences (3), LSTM may not train well
2026-09-17 22:27:13 | WARNING  | co2_forecast | Very few sequences (3), LSTM may not train well
2026-09-17 22:27:13 | WARNING  | co2_forecast | Very few sequences (7), LSTM may not train well
2026-09-17 22:27:13 | WARNING  | co2_forecast | Very few sequences (3), LSTM may not train well
2026-09-17 22:27:13 | WARNING  | co2_forecast | Very few sequences (3), LSTM may not train well
2026-09-17 22:27:13 | WARNING  | co2_forecast | Very few sequences (3), LSTM may not train well
2026-09-17 22:27:13 | WARNING  | co2_forecast | Very few sequences (7), LSTM may not train well
2026-09-17 22:27:13 | WARNING  | co2_forecast | Very few sequences (3), LSTM may not train well
2026-09-17 22:27:13 | WARNING  | co2_forecast | Very few sequences (3), LSTM may not train well
2026-09-17 22:27:14 | WARNING  | co2_forecast | Very few sequences (3), LSTM may not train well
2026-09-17 22:27:14 | WARNING  | co2_forecast | Very few sequences (7), LSTM may not train well
2026-09-17 22:27:14 | WARNING  | co2_forecast | Very few sequences (3), LSTM may not train well
2026-09-17 22:27:14 | WARNING  | co2_forecast | Very few sequences (3), LSTM may not train well
2026-09-17 22:27:14 | WARNING  | co2_forecast | Very few sequences (3), LSTM may not train well
2026-09-17 22:27:14 | WARNING  | co2_forecast | Very few sequences (7), LSTM may not train well
2026-09-17 22:27:14 | WARNING  | co2_forecast | Very few sequences (3), LSTM may not train well
2026-09-17 22:27:14 | WARNING  | co2_forecast | Very few sequences (3), LSTM may not train well
2026-09-17 22:27:14 | WARNING  | co2_forecast | Very few sequences (3), LSTM may not train well
2026-09-17 22:27:14 | WARNING  | co2_forecast | Very few sequences (7), LSTM may not train well
2026-09-17 22:27:14 | WARNING  | co2_forecast | Very few sequences (3), LSTM may not train well
2026-09-17 22:27:14 | WARNING  | co2_forecast | Very few sequences (3), LSTM may not train well
2026-09-17 22:27:15 | WARNING  | co2_forecast | Very few sequences (3), LSTM may not train well
2026-09-17 22:27:15 | WARNING  | co2_forecast | Very few sequences (7), LSTM may not train well
2026-09-17 22:27:15 | WARNING  | co2_forecast | Very few sequences (3), LSTM may not train well
2026-09-17 22:27:15 | WARNING  | co2_forecast | Very few sequences (3), LSTM may not train well
2026-09-17 22:27:15 | WARNING  | co2_forecast | Very few sequences (3), LSTM may not train well
2026-09-17 22:27:15 | WARNING  | co2_forecast | Very few sequences (7), LSTM may not train well
2026-09-17 22:27:15 | WARNING  | co2_forecast | Very few sequences (3), LSTM may not train well
2026-09-17 22:27:15 | WARNING  | co2_forecast | Very few sequences (3), LSTM may not train well
2026-09-17 22:27:15 | WARNING  | co2_forecast | Very few sequences (3), LSTM may not train well
2026-09-17 22:27:15 | WARNING  | co2_forecast | Very few sequences (7), LSTM may not train well
2026-09-17 22:27:16 | WARNING  | co2_forecast | Very few sequences (3), LSTM may not train well
2026-09-17 22:27:16 | WARNING  | co2_forecast | Very few sequences (3), LSTM may not train well
2026-09-17 22:27:16 | WARNING  | co2_forecast | Very few sequences (4), LSTM may not train well
2026-09-17 22:27:16 | WARNING  | co2_forecast | Very few sequences (8), LSTM may not train well
2026-09-17 22:27:16 | WARNING  | co2_forecast | Very few sequences (4), LSTM may not train well
2026-09-17 22:27:16 | WARNING  | co2_forecast | Very few sequences (4), LSTM may not train well
2026-09-17 22:27:16 | WARNING  | co2_forecast | Very few sequences (3), LSTM may not train well
2026-09-17 22:27:16 | WARNING  | co2_forecast | Very few sequences (7), LSTM may not train well
2026-09-17 22:27:16 | WARNING  | co2_forecast | Very few sequences (3), LSTM may not train well
2026-09-17 22:27:17 | WARNING  | co2_forecast | Very few sequences (3), LSTM may not train well
2026-09-17 22:27:17 | WARNING  | co2_forecast | Very few sequences (4), LSTM may not train well
2026-09-17 22:27:17 | WARNING  | co2_forecast | Very few sequences (8), LSTM may not train well
2026-09-17 22:27:17 | WARNING  | co2_forecast | Very few sequences (4), LSTM may not train well
2026-09-17 22:27:17 | WARNING  | co2_forecast | Very few sequences (4), LSTM may not train well
2026-09-17 22:27:17 | WARNING  | co2_forecast | Very few sequences (3), LSTM may not train well
2026-09-17 22:27:17 | WARNING  | co2_forecast | Very few sequences (7), LSTM may not train well
2026-09-17 22:27:17 | WARNING  | co2_forecast | Very few sequences (3), LSTM may not train well
2026-09-17 22:27:17 | WARNING  | co2_forecast | Very few sequences (3), LSTM may not train well
2026-09-17 22:27:17 | WARNING  | co2_forecast | Very few sequences (3), LSTM may not train well
2026-09-17 22:27:17 | WARNING  | co2_forecast | Very few sequences (7), LSTM may not train well
2026-09-17 22:27:17 | WARNING  | co2_forecast | Very few sequences (3), LSTM may not train well
2026-09-17 22:27:18 | WARNING  | co2_forecast | Very few sequences (3), LSTM may not train well
2026-09-17 22:27:18 | WARNING  | co2_forecast | Very few sequences (2), LSTM may not train well
2026-09-17 22:27:18 | WARNING  | co2_forecast | Very few sequences (6), LSTM may not train well
2026-09-17 22:27:18 | WARNING  | co2_forecast | Very few sequences (2), LSTM may not train well
2026-09-17 22:27:18 | WARNING  | co2_forecast | Very few sequences (2), LSTM may not train well
2026-09-17 22:27:18 | WARNING  | co2_forecast | Very few sequences (3), LSTM may not train well
2026-09-17 22:27:18 | WARNING  | co2_forecast | Very few sequences (7), LSTM may not train well
2026-09-17 22:27:18 | WARNING  | co2_forecast | Very few sequences (3), LSTM may not train well
2026-09-17 22:27:19 | WARNING  | co2_forecast | Very few sequences (3), LSTM may not train well
2026-09-17 22:27:19 | WARNING  | co2_forecast | Very few sequences (3), LSTM may not train well
2026-09-17 22:27:19 | WARNING  | co2_forecast | Very few sequences (7), LSTM may not train well
2026-09-17 22:27:19 | WARNING  | co2_forecast | Very few sequences (3), LSTM may not train well
2026-09-17 22:27:19 | WARNING  | co2_forecast | Very few sequences (3), LSTM may not train well
2026-09-17 22:27:19 | WARNING  | co2_forecast | Very few sequences (3), LSTM may not train well
2026-09-17 22:27:19 | WARNING  | co2_forecast | Very few sequences (7), LSTM may not train well
2026-09-17 22:27:19 | WARNING  | co2_forecast | Very few sequences (3), LSTM may not train well
2026-09-17 22:27:20 | WARNING  | co2_forecast | Very few sequences (3), LSTM may not train well
2026-09-17 22:27:20 | WARNING  | co2_forecast | Very few sequences (3), LSTM may not train well
2026-09-17 22:27:20 | WARNING  | co2_forecast | Very few sequences (7), LSTM may not train well
2026-09-17 22:27:20 | WARNING  | co2_forecast | Very few sequences (3), LSTM may not train well
2026-09-17 22:27:20 | WARNING  | co2_forecast | Very few sequences (3), LSTM may not train well
2026-09-17 22:27:20 | WARNING  | co2_forecast | Very few sequences (4), LSTM may not train well
2026-09-17 22:27:20 | WARNING  | co2_forecast | Very few sequences (8), LSTM may not train well
2026-09-17 22:27:20 | WARNING  | co2_forecast | Very few sequences (4), LSTM may not train well
2026-09-17 22:27:20 | WARNING  | co2_forecast | Very few sequences (4), LSTM may not train well
2026-09-17 22:27:20 | WARNING  | co2_forecast | Very few sequences (3), LSTM may not train well
2026-09-17 22:27:20 | WARNING  | co2_forecast | Very few sequences (7), LSTM may not train well
2026-09-17 22:27:20 | WARNING  | co2_forecast | Very few sequences (3), LSTM may not train well
2026-09-17 22:27:21 | WARNING  | co2_forecast | Very few sequences (3), LSTM may not train well
2026-09-17 22:27:21 | INFO     | co2_forecast |   Iteration 9: Best fitness = 0.761498
2026-09-17 22:27:21 | INFO     | co2_forecast | PSO complete. Best fitness: 0.761498
2026-09-17 22:27:21 | INFO     | co2_forecast |   Best params: {'lookback': 5, 'hidden_size': 16, 'num_layers': 2, 'dropout': 0.5, 'learning_rate': 0.0001, 'batch_size': 32}
2026-09-17 22:27:21 | INFO     | co2_forecast |   Best fitness: 0.761498
2026-09-17 22:27:21 | INFO     | co2_forecast | [A3_CI_highshare_only/panel2_common_period/all_features/lstm] sweep tuning: best_params={'lookback': 5, 'hidden_size': 16, 'num_layers': 2, 'dropout': 0.5, 'learning_rate': 0.0001, 'batch_size': 32}
2026-09-17 22:27:22 | INFO     | co2_forecast |   lstm -> weighted_mase=1.0149838953766364
2026-09-17 22:27:22 | INFO     | co2_forecast | Variant A3_CI_highshare_only complete in 46.4s
2026-09-17 22:27:22 | INFO     | co2_forecast | --- Variant A3_CI_lowshare_only: 12 features ---
2026-09-17 22:27:22 | INFO     | co2_forecast | Creating walk-forward splits for 16 valid samples
2026-09-17 22:27:22 | INFO     | co2_forecast | Created 4 CV folds across horizons [1, 2, 4]
2026-09-17 22:27:22 | INFO     | co2_forecast | Built tuning CV plan: 4 folds from 16 rows before 2022-Qq (evaluation cutoff) - isolation OK (max tuning date 2021-Qq)
2026-09-17 22:27:22 | INFO     | co2_forecast | Optimizing ridge...
2026-09-17 22:27:22 | INFO     | co2_forecast | Starting PSO: 8 particles, 10 iterations
2026-09-17 22:27:22 | INFO     | co2_forecast |   Iteration 0: Best fitness = 2.473158
2026-09-17 22:27:22 | INFO     | co2_forecast |   Iteration 5: Best fitness = 2.124322
2026-09-17 22:27:22 | INFO     | co2_forecast |   Iteration 9: Best fitness = 2.124322
2026-09-17 22:27:22 | INFO     | co2_forecast | PSO complete. Best fitness: 2.124322
2026-09-17 22:27:22 | INFO     | co2_forecast |   Best params: {'alpha': 100.0}
2026-09-17 22:27:22 | INFO     | co2_forecast |   Best fitness: 2.124322
2026-09-17 22:27:22 | INFO     | co2_forecast | [A3_CI_lowshare_only/panel2_common_period/all_features/ridge] sweep tuning: best_params={'alpha': 100.0}
2026-09-17 22:27:22 | INFO     | co2_forecast |   ridge -> weighted_mase=0.9012305389668682
2026-09-17 22:27:22 | INFO     | co2_forecast | Creating walk-forward splits for 16 valid samples
2026-09-17 22:27:22 | INFO     | co2_forecast | Created 4 CV folds across horizons [1, 2, 4]
2026-09-17 22:27:22 | INFO     | co2_forecast | Built tuning CV plan: 4 folds from 16 rows before 2022-Qq (evaluation cutoff) - isolation OK (max tuning date 2021-Qq)
2026-09-17 22:27:22 | INFO     | co2_forecast | Optimizing random_forest...
2026-09-17 22:27:22 | INFO     | co2_forecast | Starting PSO: 8 particles, 10 iterations
2026-09-17 22:27:24 | INFO     | co2_forecast |   Iteration 0: Best fitness = 0.671292
2026-09-17 22:27:30 | INFO     | co2_forecast |   Iteration 5: Best fitness = 0.348666
2026-09-17 22:27:36 | INFO     | co2_forecast |   Iteration 9: Best fitness = 0.336596
2026-09-17 22:27:36 | INFO     | co2_forecast | PSO complete. Best fitness: 0.336596
2026-09-17 22:27:36 | INFO     | co2_forecast |   Best params: {'n_estimators': 96, 'max_depth': 3, 'min_samples_split': 2, 'min_samples_leaf': 1}
2026-09-17 22:27:36 | INFO     | co2_forecast |   Best fitness: 0.336596
2026-09-17 22:27:36 | INFO     | co2_forecast | [A3_CI_lowshare_only/panel2_common_period/all_features/random_forest] sweep tuning: best_params={'n_estimators': 96, 'max_depth': 3, 'min_samples_split': 2, 'min_samples_leaf': 1}
2026-09-17 22:27:36 | INFO     | co2_forecast |   random_forest -> weighted_mase=0.7671154799648456
2026-09-17 22:27:36 | INFO     | co2_forecast | Creating walk-forward splits for 16 valid samples
2026-09-17 22:27:36 | INFO     | co2_forecast | Created 4 CV folds across horizons [1, 2, 4]
2026-09-17 22:27:36 | INFO     | co2_forecast | Built tuning CV plan: 4 folds from 16 rows before 2022-Qq (evaluation cutoff) - isolation OK (max tuning date 2021-Qq)
2026-09-17 22:27:36 | INFO     | co2_forecast | Optimizing catboost...
2026-09-17 22:27:36 | INFO     | co2_forecast | Starting PSO: 8 particles, 10 iterations
2026-09-17 22:27:37 | INFO     | co2_forecast |   Iteration 0: Best fitness = 0.394625
2026-09-17 22:27:38 | INFO     | co2_forecast |   Iteration 5: Best fitness = 0.351319
2026-09-17 22:27:39 | INFO     | co2_forecast |   Iteration 9: Best fitness = 0.351319
2026-09-17 22:27:39 | INFO     | co2_forecast | PSO complete. Best fitness: 0.351319
2026-09-17 22:27:39 | INFO     | co2_forecast |   Best params: {'iterations': 122, 'learning_rate': 0.16957991087600352, 'depth': 6, 'l2_leaf_reg': 2.4387807957761938}
2026-09-17 22:27:39 | INFO     | co2_forecast |   Best fitness: 0.351319
2026-09-17 22:27:39 | INFO     | co2_forecast | [A3_CI_lowshare_only/panel2_common_period/all_features/catboost] sweep tuning: best_params={'iterations': 122, 'learning_rate': 0.16957991087600352, 'depth': 6, 'l2_leaf_reg': 2.4387807957761938}
2026-09-17 22:27:39 | INFO     | co2_forecast |   catboost -> weighted_mase=0.613742756251223
2026-09-17 22:27:39 | INFO     | co2_forecast | Creating walk-forward splits for 16 valid samples
2026-09-17 22:27:39 | INFO     | co2_forecast | Created 4 CV folds across horizons [1, 2, 4]
2026-09-17 22:27:39 | INFO     | co2_forecast | Built tuning CV plan: 4 folds from 16 rows before 2022-Qq (evaluation cutoff) - isolation OK (max tuning date 2021-Qq)
2026-09-17 22:27:39 | INFO     | co2_forecast | Optimizing lightgbm...
2026-09-17 22:27:39 | INFO     | co2_forecast | Starting PSO: 8 particles, 10 iterations
2026-09-17 22:27:40 | INFO     | co2_forecast |   Iteration 0: Best fitness = 0.768990
2026-09-17 22:27:41 | INFO     | co2_forecast |   Iteration 5: Best fitness = 0.623704
2026-09-17 22:27:43 | INFO     | co2_forecast |   Iteration 9: Best fitness = 0.623484
2026-09-17 22:27:43 | INFO     | co2_forecast | PSO complete. Best fitness: 0.623484
2026-09-17 22:27:43 | INFO     | co2_forecast |   Best params: {'n_estimators': 130, 'learning_rate': 0.3, 'num_leaves': 127, 'max_depth': 8, 'min_child_samples': 6, 'reg_alpha': 0.001, 'reg_lambda': 0.001}
2026-09-17 22:27:43 | INFO     | co2_forecast |   Best fitness: 0.623484
2026-09-17 22:27:43 | INFO     | co2_forecast | [A3_CI_lowshare_only/panel2_common_period/all_features/lightgbm] sweep tuning: best_params={'n_estimators': 130, 'learning_rate': 0.3, 'num_leaves': 127, 'max_depth': 8, 'min_child_samples': 6, 'reg_alpha': 0.001, 'reg_lambda': 0.001}
2026-09-17 22:27:43 | INFO     | co2_forecast |   lightgbm -> weighted_mase=0.7342984231448364
2026-09-17 22:27:43 | INFO     | co2_forecast | Creating walk-forward splits for 16 valid samples
2026-09-17 22:27:43 | INFO     | co2_forecast | Created 4 CV folds across horizons [1, 2, 4]
2026-09-17 22:27:43 | INFO     | co2_forecast | Built tuning CV plan: 4 folds from 16 rows before 2022-Qq (evaluation cutoff) - isolation OK (max tuning date 2021-Qq)
2026-09-17 22:27:43 | INFO     | co2_forecast | Optimizing lstm...
2026-09-17 22:27:43 | INFO     | co2_forecast | Starting PSO: 8 particles, 10 iterations
2026-09-17 22:27:43 | WARNING  | co2_forecast | Model training failed with params {'lookback': 7, 'hidden_size': 62, 'num_layers': 2, 'dropout': 0.3394633936788147, 'learning_rate': 0.0016445845403801217, 'batch_size': 8}: LSTM.fit: training data has 8 rows, giving only 1 sequence(s) with lookback=7; at least 2 are required (one is always reserved for validation). Reduce lookback or provide more training history.
2026-09-17 22:27:43 | WARNING  | co2_forecast | Model training failed with params {'lookback': 11, 'hidden_size': 26, 'num_layers': 1, 'dropout': 0.17336180394137354, 'learning_rate': 0.0031119982052994237, 'batch_size': 16}: LSTM.fit: training data has 8 rows, giving only 0 sequence(s) with lookback=11; at least 2 are required (one is always reserved for validation). Reduce lookback or provide more training history.
2026-09-17 22:27:43 | WARNING  | co2_forecast | Model training failed with params {'lookback': 8, 'hidden_size': 54, 'num_layers': 1, 'dropout': 0.3056937753654447, 'learning_rate': 0.005964904231734221, 'batch_size': 8}: LSTM.fit: training data has 8 rows, giving only 0 sequence(s) with lookback=8; at least 2 are required (one is always reserved for validation). Reduce lookback or provide more training history.
2026-09-17 22:27:43 | WARNING  | co2_forecast | Very few sequences (2), LSTM may not train well
2026-09-17 22:27:43 | WARNING  | co2_forecast | Very few sequences (6), LSTM may not train well
2026-09-17 22:27:43 | WARNING  | co2_forecast | Very few sequences (2), LSTM may not train well
2026-09-17 22:27:43 | WARNING  | co2_forecast | Very few sequences (2), LSTM may not train well
2026-09-17 22:27:43 | WARNING  | co2_forecast | Model training failed with params {'lookback': 8, 'hidden_size': 25, 'num_layers': 2, 'dropout': 0.4100531293444458, 'learning_rate': 0.009401039521485473, 'batch_size': 32}: LSTM.fit: training data has 8 rows, giving only 0 sequence(s) with lookback=8; at least 2 are required (one is always reserved for validation). Reduce lookback or provide more training history.
2026-09-17 22:27:43 | WARNING  | co2_forecast | Model training failed with params {'lookback': 7, 'hidden_size': 29, 'num_layers': 2, 'dropout': 0.2427013306774357, 'learning_rate': 0.00288125164590507, 'batch_size': 16}: LSTM.fit: training data has 8 rows, giving only 1 sequence(s) with lookback=7; at least 2 are required (one is always reserved for validation). Reduce lookback or provide more training history.
2026-09-17 22:27:43 | WARNING  | co2_forecast | Very few sequences (4), LSTM may not train well
2026-09-17 22:27:43 | WARNING  | co2_forecast | Very few sequences (8), LSTM may not train well
2026-09-17 22:27:43 | WARNING  | co2_forecast | Very few sequences (4), LSTM may not train well
2026-09-17 22:27:43 | WARNING  | co2_forecast | Very few sequences (4), LSTM may not train well
2026-09-17 22:27:43 | WARNING  | co2_forecast | Very few sequences (2), LSTM may not train well
2026-09-17 22:27:44 | WARNING  | co2_forecast | Very few sequences (6), LSTM may not train well
2026-09-17 22:27:44 | WARNING  | co2_forecast | Very few sequences (2), LSTM may not train well
2026-09-17 22:27:44 | WARNING  | co2_forecast | Very few sequences (2), LSTM may not train well
2026-09-17 22:27:44 | INFO     | co2_forecast |   Iteration 0: Best fitness = 1.076058
2026-09-17 22:27:44 | WARNING  | co2_forecast | Very few sequences (3), LSTM may not train well
2026-09-17 22:27:44 | WARNING  | co2_forecast | Very few sequences (7), LSTM may not train well
2026-09-17 22:27:44 | WARNING  | co2_forecast | Very few sequences (3), LSTM may not train well
2026-09-17 22:27:44 | WARNING  | co2_forecast | Very few sequences (3), LSTM may not train well
2026-09-17 22:27:44 | WARNING  | co2_forecast | Very few sequences (2), LSTM may not train well
2026-09-17 22:27:44 | WARNING  | co2_forecast | Very few sequences (6), LSTM may not train well
2026-09-17 22:27:44 | WARNING  | co2_forecast | Very few sequences (2), LSTM may not train well
2026-09-17 22:27:44 | WARNING  | co2_forecast | Very few sequences (2), LSTM may not train well
2026-09-17 22:27:44 | WARNING  | co2_forecast | Model training failed with params {'lookback': 8, 'hidden_size': 44, 'num_layers': 1, 'dropout': 0.32389753899663415, 'learning_rate': 0.005520634690128072, 'batch_size': 8}: LSTM.fit: training data has 8 rows, giving only 0 sequence(s) with lookback=8; at least 2 are required (one is always reserved for validation). Reduce lookback or provide more training history.
2026-09-17 22:27:44 | WARNING  | co2_forecast | Very few sequences (3), LSTM may not train well
2026-09-17 22:27:44 | WARNING  | co2_forecast | Very few sequences (7), LSTM may not train well
2026-09-17 22:27:44 | WARNING  | co2_forecast | Very few sequences (3), LSTM may not train well
2026-09-17 22:27:44 | WARNING  | co2_forecast | Very few sequences (3), LSTM may not train well
2026-09-17 22:27:44 | WARNING  | co2_forecast | Very few sequences (2), LSTM may not train well
2026-09-17 22:27:44 | WARNING  | co2_forecast | Very few sequences (6), LSTM may not train well
2026-09-17 22:27:45 | WARNING  | co2_forecast | Very few sequences (2), LSTM may not train well
2026-09-17 22:27:45 | WARNING  | co2_forecast | Very few sequences (2), LSTM may not train well
2026-09-17 22:27:45 | WARNING  | co2_forecast | Very few sequences (3), LSTM may not train well
2026-09-17 22:27:45 | WARNING  | co2_forecast | Very few sequences (7), LSTM may not train well
2026-09-17 22:27:45 | WARNING  | co2_forecast | Very few sequences (3), LSTM may not train well
2026-09-17 22:27:45 | WARNING  | co2_forecast | Very few sequences (3), LSTM may not train well
2026-09-17 22:27:45 | WARNING  | co2_forecast | Very few sequences (4), LSTM may not train well
2026-09-17 22:27:45 | WARNING  | co2_forecast | Very few sequences (8), LSTM may not train well
2026-09-17 22:27:45 | WARNING  | co2_forecast | Very few sequences (4), LSTM may not train well
2026-09-17 22:27:46 | WARNING  | co2_forecast | Very few sequences (4), LSTM may not train well
2026-09-17 22:27:46 | WARNING  | co2_forecast | Very few sequences (2), LSTM may not train well
2026-09-17 22:27:46 | WARNING  | co2_forecast | Very few sequences (6), LSTM may not train well
2026-09-17 22:27:46 | WARNING  | co2_forecast | Very few sequences (2), LSTM may not train well
2026-09-17 22:27:46 | WARNING  | co2_forecast | Very few sequences (2), LSTM may not train well
2026-09-17 22:27:46 | WARNING  | co2_forecast | Very few sequences (3), LSTM may not train well
2026-09-17 22:27:46 | WARNING  | co2_forecast | Very few sequences (7), LSTM may not train well
2026-09-17 22:27:46 | WARNING  | co2_forecast | Very few sequences (3), LSTM may not train well
2026-09-17 22:27:46 | WARNING  | co2_forecast | Very few sequences (3), LSTM may not train well
2026-09-17 22:27:46 | WARNING  | co2_forecast | Very few sequences (4), LSTM may not train well
2026-09-17 22:27:46 | WARNING  | co2_forecast | Very few sequences (8), LSTM may not train well
2026-09-17 22:27:46 | WARNING  | co2_forecast | Very few sequences (4), LSTM may not train well
2026-09-17 22:27:46 | WARNING  | co2_forecast | Very few sequences (4), LSTM may not train well
2026-09-17 22:27:47 | WARNING  | co2_forecast | Model training failed with params {'lookback': 7, 'hidden_size': 35, 'num_layers': 1, 'dropout': 0.31512819649180424, 'learning_rate': 0.004065945490368326, 'batch_size': 8}: LSTM.fit: training data has 8 rows, giving only 1 sequence(s) with lookback=7; at least 2 are required (one is always reserved for validation). Reduce lookback or provide more training history.
2026-09-17 22:27:47 | WARNING  | co2_forecast | Very few sequences (2), LSTM may not train well
2026-09-17 22:27:47 | WARNING  | co2_forecast | Very few sequences (6), LSTM may not train well
2026-09-17 22:27:47 | WARNING  | co2_forecast | Very few sequences (2), LSTM may not train well
2026-09-17 22:27:47 | WARNING  | co2_forecast | Very few sequences (2), LSTM may not train well
2026-09-17 22:27:47 | WARNING  | co2_forecast | Very few sequences (3), LSTM may not train well
2026-09-17 22:27:47 | WARNING  | co2_forecast | Very few sequences (7), LSTM may not train well
2026-09-17 22:27:48 | WARNING  | co2_forecast | Very few sequences (3), LSTM may not train well
2026-09-17 22:27:48 | WARNING  | co2_forecast | Very few sequences (3), LSTM may not train well
2026-09-17 22:27:48 | WARNING  | co2_forecast | Very few sequences (3), LSTM may not train well
2026-09-17 22:27:48 | WARNING  | co2_forecast | Very few sequences (7), LSTM may not train well
2026-09-17 22:27:48 | WARNING  | co2_forecast | Very few sequences (3), LSTM may not train well
2026-09-17 22:27:48 | WARNING  | co2_forecast | Very few sequences (3), LSTM may not train well
2026-09-17 22:27:48 | WARNING  | co2_forecast | Very few sequences (3), LSTM may not train well
2026-09-17 22:27:48 | WARNING  | co2_forecast | Very few sequences (7), LSTM may not train well
2026-09-17 22:27:48 | WARNING  | co2_forecast | Very few sequences (3), LSTM may not train well
2026-09-17 22:27:48 | WARNING  | co2_forecast | Very few sequences (3), LSTM may not train well
2026-09-17 22:27:49 | WARNING  | co2_forecast | Very few sequences (2), LSTM may not train well
2026-09-17 22:27:49 | WARNING  | co2_forecast | Very few sequences (6), LSTM may not train well
2026-09-17 22:27:49 | WARNING  | co2_forecast | Very few sequences (2), LSTM may not train well
2026-09-17 22:27:49 | WARNING  | co2_forecast | Very few sequences (2), LSTM may not train well
2026-09-17 22:27:49 | WARNING  | co2_forecast | Very few sequences (3), LSTM may not train well
2026-09-17 22:27:49 | WARNING  | co2_forecast | Very few sequences (7), LSTM may not train well
2026-09-17 22:27:49 | WARNING  | co2_forecast | Very few sequences (3), LSTM may not train well
2026-09-17 22:27:49 | WARNING  | co2_forecast | Very few sequences (3), LSTM may not train well
2026-09-17 22:27:49 | WARNING  | co2_forecast | Very few sequences (4), LSTM may not train well
2026-09-17 22:27:49 | WARNING  | co2_forecast | Very few sequences (8), LSTM may not train well
2026-09-17 22:27:49 | WARNING  | co2_forecast | Very few sequences (4), LSTM may not train well
2026-09-17 22:27:50 | WARNING  | co2_forecast | Very few sequences (4), LSTM may not train well
2026-09-17 22:27:50 | WARNING  | co2_forecast | Very few sequences (2), LSTM may not train well
2026-09-17 22:27:50 | WARNING  | co2_forecast | Very few sequences (6), LSTM may not train well
2026-09-17 22:27:50 | WARNING  | co2_forecast | Very few sequences (2), LSTM may not train well
2026-09-17 22:27:50 | WARNING  | co2_forecast | Very few sequences (2), LSTM may not train well
2026-09-17 22:27:50 | WARNING  | co2_forecast | Very few sequences (3), LSTM may not train well
2026-09-17 22:27:50 | WARNING  | co2_forecast | Very few sequences (7), LSTM may not train well
2026-09-17 22:27:50 | WARNING  | co2_forecast | Very few sequences (3), LSTM may not train well
2026-09-17 22:27:50 | WARNING  | co2_forecast | Very few sequences (3), LSTM may not train well
2026-09-17 22:27:50 | WARNING  | co2_forecast | Very few sequences (4), LSTM may not train well
2026-09-17 22:27:50 | WARNING  | co2_forecast | Very few sequences (8), LSTM may not train well
2026-09-17 22:27:50 | WARNING  | co2_forecast | Very few sequences (4), LSTM may not train well
2026-09-17 22:27:50 | WARNING  | co2_forecast | Very few sequences (4), LSTM may not train well
2026-09-17 22:27:51 | WARNING  | co2_forecast | Very few sequences (3), LSTM may not train well
2026-09-17 22:27:51 | WARNING  | co2_forecast | Very few sequences (7), LSTM may not train well
2026-09-17 22:27:51 | WARNING  | co2_forecast | Very few sequences (3), LSTM may not train well
2026-09-17 22:27:51 | WARNING  | co2_forecast | Very few sequences (3), LSTM may not train well
2026-09-17 22:27:51 | WARNING  | co2_forecast | Very few sequences (4), LSTM may not train well
2026-09-17 22:27:51 | WARNING  | co2_forecast | Very few sequences (8), LSTM may not train well
2026-09-17 22:27:51 | WARNING  | co2_forecast | Very few sequences (4), LSTM may not train well
2026-09-17 22:27:51 | WARNING  | co2_forecast | Very few sequences (4), LSTM may not train well
2026-09-17 22:27:51 | WARNING  | co2_forecast | Very few sequences (2), LSTM may not train well
2026-09-17 22:27:51 | WARNING  | co2_forecast | Very few sequences (6), LSTM may not train well
2026-09-17 22:27:51 | WARNING  | co2_forecast | Very few sequences (2), LSTM may not train well
2026-09-17 22:27:51 | WARNING  | co2_forecast | Very few sequences (2), LSTM may not train well
2026-09-17 22:27:51 | WARNING  | co2_forecast | Very few sequences (4), LSTM may not train well
2026-09-17 22:27:51 | WARNING  | co2_forecast | Very few sequences (8), LSTM may not train well
2026-09-17 22:27:52 | WARNING  | co2_forecast | Very few sequences (4), LSTM may not train well
2026-09-17 22:27:52 | WARNING  | co2_forecast | Very few sequences (4), LSTM may not train well
2026-09-17 22:27:52 | WARNING  | co2_forecast | Very few sequences (4), LSTM may not train well
2026-09-17 22:27:52 | WARNING  | co2_forecast | Very few sequences (8), LSTM may not train well
2026-09-17 22:27:52 | WARNING  | co2_forecast | Very few sequences (4), LSTM may not train well
2026-09-17 22:27:52 | WARNING  | co2_forecast | Very few sequences (4), LSTM may not train well
2026-09-17 22:27:52 | WARNING  | co2_forecast | Very few sequences (3), LSTM may not train well
2026-09-17 22:27:52 | WARNING  | co2_forecast | Very few sequences (7), LSTM may not train well
2026-09-17 22:27:52 | WARNING  | co2_forecast | Very few sequences (3), LSTM may not train well
2026-09-17 22:27:52 | WARNING  | co2_forecast | Very few sequences (3), LSTM may not train well
2026-09-17 22:27:52 | WARNING  | co2_forecast | Very few sequences (4), LSTM may not train well
2026-09-17 22:27:52 | WARNING  | co2_forecast | Very few sequences (8), LSTM may not train well
2026-09-17 22:27:52 | WARNING  | co2_forecast | Very few sequences (4), LSTM may not train well
2026-09-17 22:27:53 | WARNING  | co2_forecast | Very few sequences (4), LSTM may not train well
2026-09-17 22:27:53 | WARNING  | co2_forecast | Very few sequences (4), LSTM may not train well
2026-09-17 22:27:53 | WARNING  | co2_forecast | Very few sequences (8), LSTM may not train well
2026-09-17 22:27:53 | WARNING  | co2_forecast | Very few sequences (4), LSTM may not train well
2026-09-17 22:27:53 | WARNING  | co2_forecast | Very few sequences (4), LSTM may not train well
2026-09-17 22:27:53 | WARNING  | co2_forecast | Very few sequences (4), LSTM may not train well
2026-09-17 22:27:53 | WARNING  | co2_forecast | Very few sequences (8), LSTM may not train well
2026-09-17 22:27:53 | WARNING  | co2_forecast | Very few sequences (4), LSTM may not train well
2026-09-17 22:27:53 | WARNING  | co2_forecast | Very few sequences (4), LSTM may not train well
2026-09-17 22:27:53 | WARNING  | co2_forecast | Very few sequences (4), LSTM may not train well
2026-09-17 22:27:53 | WARNING  | co2_forecast | Very few sequences (8), LSTM may not train well
2026-09-17 22:27:53 | WARNING  | co2_forecast | Very few sequences (4), LSTM may not train well
2026-09-17 22:27:54 | WARNING  | co2_forecast | Very few sequences (4), LSTM may not train well
2026-09-17 22:27:54 | WARNING  | co2_forecast | Very few sequences (3), LSTM may not train well
2026-09-17 22:27:54 | WARNING  | co2_forecast | Very few sequences (7), LSTM may not train well
2026-09-17 22:27:54 | WARNING  | co2_forecast | Very few sequences (3), LSTM may not train well
2026-09-17 22:27:54 | WARNING  | co2_forecast | Very few sequences (3), LSTM may not train well
2026-09-17 22:27:54 | WARNING  | co2_forecast | Very few sequences (4), LSTM may not train well
2026-09-17 22:27:54 | WARNING  | co2_forecast | Very few sequences (8), LSTM may not train well
2026-09-17 22:27:54 | WARNING  | co2_forecast | Very few sequences (4), LSTM may not train well
2026-09-17 22:27:54 | WARNING  | co2_forecast | Very few sequences (4), LSTM may not train well
2026-09-17 22:27:54 | WARNING  | co2_forecast | Very few sequences (4), LSTM may not train well
2026-09-17 22:27:54 | WARNING  | co2_forecast | Very few sequences (8), LSTM may not train well
2026-09-17 22:27:55 | WARNING  | co2_forecast | Very few sequences (4), LSTM may not train well
2026-09-17 22:27:55 | WARNING  | co2_forecast | Very few sequences (4), LSTM may not train well
2026-09-17 22:27:55 | WARNING  | co2_forecast | Very few sequences (4), LSTM may not train well
2026-09-17 22:27:55 | WARNING  | co2_forecast | Very few sequences (8), LSTM may not train well
2026-09-17 22:27:55 | WARNING  | co2_forecast | Very few sequences (4), LSTM may not train well
2026-09-17 22:27:55 | WARNING  | co2_forecast | Very few sequences (4), LSTM may not train well
2026-09-17 22:27:55 | WARNING  | co2_forecast | Very few sequences (4), LSTM may not train well
2026-09-17 22:27:55 | WARNING  | co2_forecast | Very few sequences (8), LSTM may not train well
2026-09-17 22:27:55 | WARNING  | co2_forecast | Very few sequences (4), LSTM may not train well
2026-09-17 22:27:56 | WARNING  | co2_forecast | Very few sequences (4), LSTM may not train well
2026-09-17 22:27:56 | WARNING  | co2_forecast | Very few sequences (4), LSTM may not train well
2026-09-17 22:27:56 | WARNING  | co2_forecast | Very few sequences (8), LSTM may not train well
2026-09-17 22:27:56 | WARNING  | co2_forecast | Very few sequences (4), LSTM may not train well
2026-09-17 22:27:56 | WARNING  | co2_forecast | Very few sequences (4), LSTM may not train well
2026-09-17 22:27:56 | WARNING  | co2_forecast | Very few sequences (4), LSTM may not train well
2026-09-17 22:27:56 | WARNING  | co2_forecast | Very few sequences (8), LSTM may not train well
2026-09-17 22:27:56 | WARNING  | co2_forecast | Very few sequences (4), LSTM may not train well
2026-09-17 22:27:56 | WARNING  | co2_forecast | Very few sequences (4), LSTM may not train well
2026-09-17 22:27:56 | WARNING  | co2_forecast | Very few sequences (4), LSTM may not train well
2026-09-17 22:27:56 | WARNING  | co2_forecast | Very few sequences (8), LSTM may not train well
2026-09-17 22:27:56 | WARNING  | co2_forecast | Very few sequences (4), LSTM may not train well
2026-09-17 22:27:56 | WARNING  | co2_forecast | Very few sequences (4), LSTM may not train well
2026-09-17 22:27:56 | WARNING  | co2_forecast | Very few sequences (4), LSTM may not train well
2026-09-17 22:27:56 | WARNING  | co2_forecast | Very few sequences (8), LSTM may not train well
2026-09-17 22:27:57 | WARNING  | co2_forecast | Very few sequences (4), LSTM may not train well
2026-09-17 22:27:57 | WARNING  | co2_forecast | Very few sequences (4), LSTM may not train well
2026-09-17 22:27:57 | INFO     | co2_forecast |   Iteration 5: Best fitness = 0.766110
2026-09-17 22:27:57 | WARNING  | co2_forecast | Very few sequences (4), LSTM may not train well
2026-09-17 22:27:57 | WARNING  | co2_forecast | Very few sequences (8), LSTM may not train well
2026-09-17 22:27:57 | WARNING  | co2_forecast | Very few sequences (4), LSTM may not train well
2026-09-17 22:27:57 | WARNING  | co2_forecast | Very few sequences (4), LSTM may not train well
2026-09-17 22:27:57 | WARNING  | co2_forecast | Very few sequences (4), LSTM may not train well
2026-09-17 22:27:57 | WARNING  | co2_forecast | Very few sequences (8), LSTM may not train well
2026-09-17 22:27:57 | WARNING  | co2_forecast | Very few sequences (4), LSTM may not train well
2026-09-17 22:27:57 | WARNING  | co2_forecast | Very few sequences (4), LSTM may not train well
2026-09-17 22:27:57 | WARNING  | co2_forecast | Very few sequences (4), LSTM may not train well
2026-09-17 22:27:57 | WARNING  | co2_forecast | Very few sequences (8), LSTM may not train well
2026-09-17 22:27:58 | WARNING  | co2_forecast | Very few sequences (4), LSTM may not train well
2026-09-17 22:27:58 | WARNING  | co2_forecast | Very few sequences (4), LSTM may not train well
2026-09-17 22:27:58 | WARNING  | co2_forecast | Very few sequences (4), LSTM may not train well
2026-09-17 22:27:58 | WARNING  | co2_forecast | Very few sequences (8), LSTM may not train well
2026-09-17 22:27:58 | WARNING  | co2_forecast | Very few sequences (4), LSTM may not train well
2026-09-17 22:27:58 | WARNING  | co2_forecast | Very few sequences (4), LSTM may not train well
2026-09-17 22:27:58 | WARNING  | co2_forecast | Very few sequences (4), LSTM may not train well
2026-09-17 22:27:58 | WARNING  | co2_forecast | Very few sequences (8), LSTM may not train well
2026-09-17 22:27:58 | WARNING  | co2_forecast | Very few sequences (4), LSTM may not train well
2026-09-17 22:27:58 | WARNING  | co2_forecast | Very few sequences (4), LSTM may not train well
2026-09-17 22:27:58 | WARNING  | co2_forecast | Very few sequences (4), LSTM may not train well
2026-09-17 22:27:58 | WARNING  | co2_forecast | Very few sequences (8), LSTM may not train well
2026-09-17 22:27:58 | WARNING  | co2_forecast | Very few sequences (4), LSTM may not train well
2026-09-17 22:27:58 | WARNING  | co2_forecast | Very few sequences (4), LSTM may not train well
2026-09-17 22:27:59 | WARNING  | co2_forecast | Very few sequences (4), LSTM may not train well
2026-09-17 22:27:59 | WARNING  | co2_forecast | Very few sequences (8), LSTM may not train well
2026-09-17 22:27:59 | WARNING  | co2_forecast | Very few sequences (4), LSTM may not train well
2026-09-17 22:27:59 | WARNING  | co2_forecast | Very few sequences (4), LSTM may not train well
2026-09-17 22:27:59 | WARNING  | co2_forecast | Very few sequences (4), LSTM may not train well
2026-09-17 22:27:59 | WARNING  | co2_forecast | Very few sequences (8), LSTM may not train well
2026-09-17 22:27:59 | WARNING  | co2_forecast | Very few sequences (4), LSTM may not train well
2026-09-17 22:27:59 | WARNING  | co2_forecast | Very few sequences (4), LSTM may not train well
2026-09-17 22:27:59 | WARNING  | co2_forecast | Very few sequences (4), LSTM may not train well
2026-09-17 22:27:59 | WARNING  | co2_forecast | Very few sequences (8), LSTM may not train well
2026-09-17 22:27:59 | WARNING  | co2_forecast | Very few sequences (4), LSTM may not train well
2026-09-17 22:27:59 | WARNING  | co2_forecast | Very few sequences (4), LSTM may not train well
2026-09-17 22:27:59 | WARNING  | co2_forecast | Very few sequences (4), LSTM may not train well
2026-09-17 22:27:59 | WARNING  | co2_forecast | Very few sequences (8), LSTM may not train well
2026-09-17 22:28:00 | WARNING  | co2_forecast | Very few sequences (4), LSTM may not train well
2026-09-17 22:28:00 | WARNING  | co2_forecast | Very few sequences (4), LSTM may not train well
2026-09-17 22:28:00 | WARNING  | co2_forecast | Very few sequences (4), LSTM may not train well
2026-09-17 22:28:00 | WARNING  | co2_forecast | Very few sequences (8), LSTM may not train well
2026-09-17 22:28:00 | WARNING  | co2_forecast | Very few sequences (4), LSTM may not train well
2026-09-17 22:28:00 | WARNING  | co2_forecast | Very few sequences (4), LSTM may not train well
2026-09-17 22:28:00 | WARNING  | co2_forecast | Very few sequences (4), LSTM may not train well
2026-09-17 22:28:00 | WARNING  | co2_forecast | Very few sequences (8), LSTM may not train well
2026-09-17 22:28:00 | WARNING  | co2_forecast | Very few sequences (4), LSTM may not train well
2026-09-17 22:28:00 | WARNING  | co2_forecast | Very few sequences (4), LSTM may not train well
2026-09-17 22:28:00 | WARNING  | co2_forecast | Very few sequences (4), LSTM may not train well
2026-09-17 22:28:00 | WARNING  | co2_forecast | Very few sequences (8), LSTM may not train well
2026-09-17 22:28:01 | WARNING  | co2_forecast | Very few sequences (4), LSTM may not train well
2026-09-17 22:28:01 | WARNING  | co2_forecast | Very few sequences (4), LSTM may not train well
2026-09-17 22:28:01 | WARNING  | co2_forecast | Very few sequences (4), LSTM may not train well
2026-09-17 22:28:01 | WARNING  | co2_forecast | Very few sequences (8), LSTM may not train well
2026-09-17 22:28:01 | WARNING  | co2_forecast | Very few sequences (4), LSTM may not train well
2026-09-17 22:28:01 | WARNING  | co2_forecast | Very few sequences (4), LSTM may not train well
2026-09-17 22:28:01 | WARNING  | co2_forecast | Very few sequences (4), LSTM may not train well
2026-09-17 22:28:01 | WARNING  | co2_forecast | Very few sequences (8), LSTM may not train well
2026-09-17 22:28:01 | WARNING  | co2_forecast | Very few sequences (4), LSTM may not train well
2026-09-17 22:28:01 | WARNING  | co2_forecast | Very few sequences (4), LSTM may not train well
2026-09-17 22:28:01 | WARNING  | co2_forecast | Very few sequences (4), LSTM may not train well
2026-09-17 22:28:01 | WARNING  | co2_forecast | Very few sequences (8), LSTM may not train well
2026-09-17 22:28:01 | WARNING  | co2_forecast | Very few sequences (4), LSTM may not train well
2026-09-17 22:28:01 | WARNING  | co2_forecast | Very few sequences (4), LSTM may not train well
2026-09-17 22:28:01 | WARNING  | co2_forecast | Very few sequences (4), LSTM may not train well
2026-09-17 22:28:02 | WARNING  | co2_forecast | Very few sequences (8), LSTM may not train well
2026-09-17 22:28:02 | WARNING  | co2_forecast | Very few sequences (4), LSTM may not train well
2026-09-17 22:28:02 | WARNING  | co2_forecast | Very few sequences (4), LSTM may not train well
2026-09-17 22:28:02 | WARNING  | co2_forecast | Very few sequences (4), LSTM may not train well
2026-09-17 22:28:02 | WARNING  | co2_forecast | Very few sequences (8), LSTM may not train well
2026-09-17 22:28:02 | WARNING  | co2_forecast | Very few sequences (4), LSTM may not train well
2026-09-17 22:28:02 | WARNING  | co2_forecast | Very few sequences (4), LSTM may not train well
2026-09-17 22:28:02 | WARNING  | co2_forecast | Very few sequences (4), LSTM may not train well
2026-09-17 22:28:02 | WARNING  | co2_forecast | Very few sequences (8), LSTM may not train well
2026-09-17 22:28:02 | WARNING  | co2_forecast | Very few sequences (4), LSTM may not train well
2026-09-17 22:28:02 | WARNING  | co2_forecast | Very few sequences (4), LSTM may not train well
2026-09-17 22:28:02 | WARNING  | co2_forecast | Very few sequences (4), LSTM may not train well
2026-09-17 22:28:02 | WARNING  | co2_forecast | Very few sequences (8), LSTM may not train well
2026-09-17 22:28:03 | WARNING  | co2_forecast | Very few sequences (4), LSTM may not train well
2026-09-17 22:28:03 | WARNING  | co2_forecast | Very few sequences (4), LSTM may not train well
2026-09-17 22:28:03 | WARNING  | co2_forecast | Very few sequences (4), LSTM may not train well
2026-09-17 22:28:03 | WARNING  | co2_forecast | Very few sequences (8), LSTM may not train well
2026-09-17 22:28:03 | WARNING  | co2_forecast | Very few sequences (4), LSTM may not train well
2026-09-17 22:28:03 | WARNING  | co2_forecast | Very few sequences (4), LSTM may not train well
2026-09-17 22:28:03 | WARNING  | co2_forecast | Very few sequences (4), LSTM may not train well
2026-09-17 22:28:03 | WARNING  | co2_forecast | Very few sequences (8), LSTM may not train well
2026-09-17 22:28:03 | WARNING  | co2_forecast | Very few sequences (4), LSTM may not train well
2026-09-17 22:28:03 | WARNING  | co2_forecast | Very few sequences (4), LSTM may not train well
2026-09-17 22:28:03 | WARNING  | co2_forecast | Very few sequences (4), LSTM may not train well
2026-09-17 22:28:03 | WARNING  | co2_forecast | Very few sequences (8), LSTM may not train well
2026-09-17 22:28:03 | WARNING  | co2_forecast | Very few sequences (4), LSTM may not train well
2026-09-17 22:28:03 | WARNING  | co2_forecast | Very few sequences (4), LSTM may not train well
2026-09-17 22:28:03 | WARNING  | co2_forecast | Very few sequences (4), LSTM may not train well
2026-09-17 22:28:03 | WARNING  | co2_forecast | Very few sequences (8), LSTM may not train well
2026-09-17 22:28:03 | WARNING  | co2_forecast | Very few sequences (4), LSTM may not train well
2026-09-17 22:28:04 | WARNING  | co2_forecast | Very few sequences (4), LSTM may not train well
2026-09-17 22:28:04 | WARNING  | co2_forecast | Very few sequences (4), LSTM may not train well
2026-09-17 22:28:04 | WARNING  | co2_forecast | Very few sequences (8), LSTM may not train well
2026-09-17 22:28:04 | WARNING  | co2_forecast | Very few sequences (4), LSTM may not train well
2026-09-17 22:28:04 | WARNING  | co2_forecast | Very few sequences (4), LSTM may not train well
2026-09-17 22:28:04 | WARNING  | co2_forecast | Very few sequences (4), LSTM may not train well
2026-09-17 22:28:04 | WARNING  | co2_forecast | Very few sequences (8), LSTM may not train well
2026-09-17 22:28:04 | WARNING  | co2_forecast | Very few sequences (4), LSTM may not train well
2026-09-17 22:28:04 | WARNING  | co2_forecast | Very few sequences (4), LSTM may not train well
2026-09-17 22:28:04 | WARNING  | co2_forecast | Very few sequences (4), LSTM may not train well
2026-09-17 22:28:04 | WARNING  | co2_forecast | Very few sequences (8), LSTM may not train well
2026-09-17 22:28:04 | WARNING  | co2_forecast | Very few sequences (4), LSTM may not train well
2026-09-17 22:28:04 | WARNING  | co2_forecast | Very few sequences (4), LSTM may not train well
2026-09-17 22:28:04 | WARNING  | co2_forecast | Very few sequences (4), LSTM may not train well
2026-09-17 22:28:04 | WARNING  | co2_forecast | Very few sequences (8), LSTM may not train well
2026-09-17 22:28:05 | WARNING  | co2_forecast | Very few sequences (4), LSTM may not train well
2026-09-17 22:28:05 | WARNING  | co2_forecast | Very few sequences (4), LSTM may not train well
2026-09-17 22:28:05 | WARNING  | co2_forecast | Very few sequences (4), LSTM may not train well
2026-09-17 22:28:05 | WARNING  | co2_forecast | Very few sequences (8), LSTM may not train well
2026-09-17 22:28:05 | WARNING  | co2_forecast | Very few sequences (4), LSTM may not train well
2026-09-17 22:28:05 | WARNING  | co2_forecast | Very few sequences (4), LSTM may not train well
2026-09-17 22:28:05 | WARNING  | co2_forecast | Very few sequences (4), LSTM may not train well
2026-09-17 22:28:05 | WARNING  | co2_forecast | Very few sequences (8), LSTM may not train well
2026-09-17 22:28:05 | WARNING  | co2_forecast | Very few sequences (4), LSTM may not train well
2026-09-17 22:28:05 | WARNING  | co2_forecast | Very few sequences (4), LSTM may not train well
2026-09-17 22:28:05 | WARNING  | co2_forecast | Very few sequences (4), LSTM may not train well
2026-09-17 22:28:05 | WARNING  | co2_forecast | Very few sequences (8), LSTM may not train well
2026-09-17 22:28:05 | WARNING  | co2_forecast | Very few sequences (4), LSTM may not train well
2026-09-17 22:28:05 | WARNING  | co2_forecast | Very few sequences (4), LSTM may not train well
2026-09-17 22:28:05 | WARNING  | co2_forecast | Very few sequences (4), LSTM may not train well
2026-09-17 22:28:05 | WARNING  | co2_forecast | Very few sequences (8), LSTM may not train well
2026-09-17 22:28:06 | WARNING  | co2_forecast | Very few sequences (4), LSTM may not train well
2026-09-17 22:28:06 | WARNING  | co2_forecast | Very few sequences (4), LSTM may not train well
2026-09-17 22:28:06 | INFO     | co2_forecast |   Iteration 9: Best fitness = 0.765061
2026-09-17 22:28:06 | INFO     | co2_forecast | PSO complete. Best fitness: 0.765061
2026-09-17 22:28:06 | INFO     | co2_forecast |   Best params: {'lookback': 4, 'hidden_size': 16, 'num_layers': 2, 'dropout': 0.5, 'learning_rate': 0.0001, 'batch_size': 32}
2026-09-17 22:28:06 | INFO     | co2_forecast |   Best fitness: 0.765061
2026-09-17 22:28:06 | INFO     | co2_forecast | [A3_CI_lowshare_only/panel2_common_period/all_features/lstm] sweep tuning: best_params={'lookback': 4, 'hidden_size': 16, 'num_layers': 2, 'dropout': 0.5, 'learning_rate': 0.0001, 'batch_size': 32}
2026-09-17 22:28:07 | INFO     | co2_forecast |   lstm -> weighted_mase=1.0162784875105908
2026-09-17 22:28:07 | INFO     | co2_forecast | Variant A3_CI_lowshare_only complete in 45.1s
2026-09-17 22:28:07 | INFO     | co2_forecast | --- Variant A3_CI_all: 16 features ---
2026-09-17 22:28:07 | INFO     | co2_forecast | Creating walk-forward splits for 16 valid samples
2026-09-17 22:28:07 | INFO     | co2_forecast | Created 4 CV folds across horizons [1, 2, 4]
2026-09-17 22:28:07 | INFO     | co2_forecast | Built tuning CV plan: 4 folds from 16 rows before 2022-Qq (evaluation cutoff) - isolation OK (max tuning date 2021-Qq)
2026-09-17 22:28:07 | INFO     | co2_forecast | Optimizing ridge...
2026-09-17 22:28:07 | INFO     | co2_forecast | Starting PSO: 8 particles, 10 iterations
2026-09-17 22:28:07 | INFO     | co2_forecast |   Iteration 0: Best fitness = 2.414640
2026-09-17 22:28:07 | INFO     | co2_forecast |   Iteration 5: Best fitness = 2.084178
2026-09-17 22:28:07 | INFO     | co2_forecast |   Iteration 9: Best fitness = 2.084178
2026-09-17 22:28:07 | INFO     | co2_forecast | PSO complete. Best fitness: 2.084178
2026-09-17 22:28:07 | INFO     | co2_forecast |   Best params: {'alpha': 100.0}
2026-09-17 22:28:07 | INFO     | co2_forecast |   Best fitness: 2.084178
2026-09-17 22:28:07 | INFO     | co2_forecast | [A3_CI_all/panel2_common_period/all_features/ridge] sweep tuning: best_params={'alpha': 100.0}
2026-09-17 22:28:07 | INFO     | co2_forecast |   ridge -> weighted_mase=0.8511949739095892
2026-09-17 22:28:07 | INFO     | co2_forecast | Creating walk-forward splits for 16 valid samples
2026-09-17 22:28:07 | INFO     | co2_forecast | Created 4 CV folds across horizons [1, 2, 4]
2026-09-17 22:28:07 | INFO     | co2_forecast | Built tuning CV plan: 4 folds from 16 rows before 2022-Qq (evaluation cutoff) - isolation OK (max tuning date 2021-Qq)
2026-09-17 22:28:07 | INFO     | co2_forecast | Optimizing random_forest...
2026-09-17 22:28:07 | INFO     | co2_forecast | Starting PSO: 8 particles, 10 iterations
2026-09-17 22:28:09 | INFO     | co2_forecast |   Iteration 0: Best fitness = 0.678501
2026-09-17 22:28:16 | INFO     | co2_forecast |   Iteration 5: Best fitness = 0.317545
2026-09-17 22:28:21 | INFO     | co2_forecast |   Iteration 9: Best fitness = 0.312968
2026-09-17 22:28:21 | INFO     | co2_forecast | PSO complete. Best fitness: 0.312968
2026-09-17 22:28:21 | INFO     | co2_forecast |   Best params: {'n_estimators': 51, 'max_depth': 3, 'min_samples_split': 2, 'min_samples_leaf': 1}
2026-09-17 22:28:21 | INFO     | co2_forecast |   Best fitness: 0.312968
2026-09-17 22:28:21 | INFO     | co2_forecast | [A3_CI_all/panel2_common_period/all_features/random_forest] sweep tuning: best_params={'n_estimators': 51, 'max_depth': 3, 'min_samples_split': 2, 'min_samples_leaf': 1}
2026-09-17 22:28:22 | INFO     | co2_forecast |   random_forest -> weighted_mase=0.6803297957603816
2026-09-17 22:28:22 | INFO     | co2_forecast | Creating walk-forward splits for 16 valid samples
2026-09-17 22:28:22 | INFO     | co2_forecast | Created 4 CV folds across horizons [1, 2, 4]
2026-09-17 22:28:22 | INFO     | co2_forecast | Built tuning CV plan: 4 folds from 16 rows before 2022-Qq (evaluation cutoff) - isolation OK (max tuning date 2021-Qq)
2026-09-17 22:28:22 | INFO     | co2_forecast | Optimizing catboost...
2026-09-17 22:28:22 | INFO     | co2_forecast | Starting PSO: 8 particles, 10 iterations
2026-09-17 22:28:22 | INFO     | co2_forecast |   Iteration 0: Best fitness = 0.388145
2026-09-17 22:28:23 | INFO     | co2_forecast |   Iteration 5: Best fitness = 0.349103
2026-09-17 22:28:23 | INFO     | co2_forecast |   Iteration 9: Best fitness = 0.324730
2026-09-17 22:28:23 | INFO     | co2_forecast | PSO complete. Best fitness: 0.324730
2026-09-17 22:28:23 | INFO     | co2_forecast |   Best params: {'iterations': 66, 'learning_rate': 0.16379010232914662, 'depth': 3, 'l2_leaf_reg': 3.194260476885049}
2026-09-17 22:28:23 | INFO     | co2_forecast |   Best fitness: 0.324730
2026-09-17 22:28:23 | INFO     | co2_forecast | [A3_CI_all/panel2_common_period/all_features/catboost] sweep tuning: best_params={'iterations': 66, 'learning_rate': 0.16379010232914662, 'depth': 3, 'l2_leaf_reg': 3.194260476885049}
2026-09-17 22:28:23 | INFO     | co2_forecast |   catboost -> weighted_mase=0.6315534455777275
2026-09-17 22:28:23 | INFO     | co2_forecast | Creating walk-forward splits for 16 valid samples
2026-09-17 22:28:23 | INFO     | co2_forecast | Created 4 CV folds across horizons [1, 2, 4]
2026-09-17 22:28:23 | INFO     | co2_forecast | Built tuning CV plan: 4 folds from 16 rows before 2022-Qq (evaluation cutoff) - isolation OK (max tuning date 2021-Qq)
2026-09-17 22:28:23 | INFO     | co2_forecast | Optimizing lightgbm...
2026-09-17 22:28:23 | INFO     | co2_forecast | Starting PSO: 8 particles, 10 iterations
2026-09-17 22:28:24 | INFO     | co2_forecast |   Iteration 0: Best fitness = 0.768990
2026-09-17 22:28:25 | INFO     | co2_forecast |   Iteration 5: Best fitness = 0.655253
2026-09-17 22:28:26 | INFO     | co2_forecast |   Iteration 9: Best fitness = 0.655253
2026-09-17 22:28:26 | INFO     | co2_forecast | PSO complete. Best fitness: 0.655253
2026-09-17 22:28:26 | INFO     | co2_forecast |   Best params: {'n_estimators': 50, 'learning_rate': 0.298896419948602, 'num_leaves': 127, 'max_depth': 3, 'min_child_samples': 5, 'reg_alpha': 0.001, 'reg_lambda': 0.001}
2026-09-17 22:28:26 | INFO     | co2_forecast |   Best fitness: 0.655253
2026-09-17 22:28:26 | INFO     | co2_forecast | [A3_CI_all/panel2_common_period/all_features/lightgbm] sweep tuning: best_params={'n_estimators': 50, 'learning_rate': 0.298896419948602, 'num_leaves': 127, 'max_depth': 3, 'min_child_samples': 5, 'reg_alpha': 0.001, 'reg_lambda': 0.001}
2026-09-17 22:28:26 | INFO     | co2_forecast |   lightgbm -> weighted_mase=0.6628107013701422
2026-09-17 22:28:26 | INFO     | co2_forecast | Creating walk-forward splits for 16 valid samples
2026-09-17 22:28:26 | INFO     | co2_forecast | Created 4 CV folds across horizons [1, 2, 4]
2026-09-17 22:28:26 | INFO     | co2_forecast | Built tuning CV plan: 4 folds from 16 rows before 2022-Qq (evaluation cutoff) - isolation OK (max tuning date 2021-Qq)
2026-09-17 22:28:26 | INFO     | co2_forecast | Optimizing lstm...
2026-09-17 22:28:26 | INFO     | co2_forecast | Starting PSO: 8 particles, 10 iterations
2026-09-17 22:28:26 | WARNING  | co2_forecast | Model training failed with params {'lookback': 7, 'hidden_size': 62, 'num_layers': 2, 'dropout': 0.3394633936788147, 'learning_rate': 0.0016445845403801217, 'batch_size': 8}: LSTM.fit: training data has 8 rows, giving only 1 sequence(s) with lookback=7; at least 2 are required (one is always reserved for validation). Reduce lookback or provide more training history.
2026-09-17 22:28:26 | WARNING  | co2_forecast | Model training failed with params {'lookback': 11, 'hidden_size': 26, 'num_layers': 1, 'dropout': 0.17336180394137354, 'learning_rate': 0.0031119982052994237, 'batch_size': 16}: LSTM.fit: training data has 8 rows, giving only 0 sequence(s) with lookback=11; at least 2 are required (one is always reserved for validation). Reduce lookback or provide more training history.
2026-09-17 22:28:26 | WARNING  | co2_forecast | Model training failed with params {'lookback': 8, 'hidden_size': 54, 'num_layers': 1, 'dropout': 0.3056937753654447, 'learning_rate': 0.005964904231734221, 'batch_size': 8}: LSTM.fit: training data has 8 rows, giving only 0 sequence(s) with lookback=8; at least 2 are required (one is always reserved for validation). Reduce lookback or provide more training history.
2026-09-17 22:28:26 | WARNING  | co2_forecast | Very few sequences (2), LSTM may not train well
2026-09-17 22:28:26 | WARNING  | co2_forecast | Very few sequences (6), LSTM may not train well
2026-09-17 22:28:26 | WARNING  | co2_forecast | Very few sequences (2), LSTM may not train well
2026-09-17 22:28:26 | WARNING  | co2_forecast | Very few sequences (2), LSTM may not train well
2026-09-17 22:28:26 | WARNING  | co2_forecast | Model training failed with params {'lookback': 8, 'hidden_size': 25, 'num_layers': 2, 'dropout': 0.4100531293444458, 'learning_rate': 0.009401039521485473, 'batch_size': 32}: LSTM.fit: training data has 8 rows, giving only 0 sequence(s) with lookback=8; at least 2 are required (one is always reserved for validation). Reduce lookback or provide more training history.
2026-09-17 22:28:26 | WARNING  | co2_forecast | Model training failed with params {'lookback': 7, 'hidden_size': 29, 'num_layers': 2, 'dropout': 0.2427013306774357, 'learning_rate': 0.00288125164590507, 'batch_size': 16}: LSTM.fit: training data has 8 rows, giving only 1 sequence(s) with lookback=7; at least 2 are required (one is always reserved for validation). Reduce lookback or provide more training history.
2026-09-17 22:28:26 | WARNING  | co2_forecast | Very few sequences (4), LSTM may not train well
2026-09-17 22:28:26 | WARNING  | co2_forecast | Very few sequences (8), LSTM may not train well
2026-09-17 22:28:26 | WARNING  | co2_forecast | Very few sequences (4), LSTM may not train well
2026-09-17 22:28:26 | WARNING  | co2_forecast | Very few sequences (4), LSTM may not train well
2026-09-17 22:28:26 | WARNING  | co2_forecast | Very few sequences (2), LSTM may not train well
2026-09-17 22:28:26 | WARNING  | co2_forecast | Very few sequences (6), LSTM may not train well
2026-09-17 22:28:26 | WARNING  | co2_forecast | Very few sequences (2), LSTM may not train well
2026-09-17 22:28:26 | WARNING  | co2_forecast | Very few sequences (2), LSTM may not train well
2026-09-17 22:28:26 | INFO     | co2_forecast |   Iteration 0: Best fitness = 1.107442
2026-09-17 22:28:26 | WARNING  | co2_forecast | Very few sequences (3), LSTM may not train well
2026-09-17 22:28:26 | WARNING  | co2_forecast | Very few sequences (7), LSTM may not train well
2026-09-17 22:28:26 | WARNING  | co2_forecast | Very few sequences (3), LSTM may not train well
2026-09-17 22:28:27 | WARNING  | co2_forecast | Very few sequences (3), LSTM may not train well
2026-09-17 22:28:27 | WARNING  | co2_forecast | Very few sequences (2), LSTM may not train well
2026-09-17 22:28:27 | WARNING  | co2_forecast | Very few sequences (6), LSTM may not train well
2026-09-17 22:28:27 | WARNING  | co2_forecast | Very few sequences (2), LSTM may not train well
2026-09-17 22:28:27 | WARNING  | co2_forecast | Very few sequences (2), LSTM may not train well
2026-09-17 22:28:27 | WARNING  | co2_forecast | Model training failed with params {'lookback': 8, 'hidden_size': 44, 'num_layers': 1, 'dropout': 0.32389753899663415, 'learning_rate': 0.005520634690128072, 'batch_size': 8}: LSTM.fit: training data has 8 rows, giving only 0 sequence(s) with lookback=8; at least 2 are required (one is always reserved for validation). Reduce lookback or provide more training history.
2026-09-17 22:28:27 | WARNING  | co2_forecast | Very few sequences (3), LSTM may not train well
2026-09-17 22:28:27 | WARNING  | co2_forecast | Very few sequences (7), LSTM may not train well
2026-09-17 22:28:27 | WARNING  | co2_forecast | Very few sequences (3), LSTM may not train well
2026-09-17 22:28:27 | WARNING  | co2_forecast | Very few sequences (3), LSTM may not train well
2026-09-17 22:28:27 | WARNING  | co2_forecast | Very few sequences (2), LSTM may not train well
2026-09-17 22:28:27 | WARNING  | co2_forecast | Very few sequences (6), LSTM may not train well
2026-09-17 22:28:27 | WARNING  | co2_forecast | Very few sequences (2), LSTM may not train well
2026-09-17 22:28:28 | WARNING  | co2_forecast | Very few sequences (2), LSTM may not train well
2026-09-17 22:28:28 | WARNING  | co2_forecast | Very few sequences (3), LSTM may not train well
2026-09-17 22:28:28 | WARNING  | co2_forecast | Very few sequences (7), LSTM may not train well
2026-09-17 22:28:28 | WARNING  | co2_forecast | Very few sequences (3), LSTM may not train well
2026-09-17 22:28:28 | WARNING  | co2_forecast | Very few sequences (3), LSTM may not train well
2026-09-17 22:28:28 | WARNING  | co2_forecast | Very few sequences (4), LSTM may not train well
2026-09-17 22:28:28 | WARNING  | co2_forecast | Very few sequences (8), LSTM may not train well
2026-09-17 22:28:28 | WARNING  | co2_forecast | Very few sequences (4), LSTM may not train well
2026-09-17 22:28:28 | WARNING  | co2_forecast | Very few sequences (4), LSTM may not train well
2026-09-17 22:28:28 | WARNING  | co2_forecast | Very few sequences (2), LSTM may not train well
2026-09-17 22:28:28 | WARNING  | co2_forecast | Very few sequences (6), LSTM may not train well
2026-09-17 22:28:28 | WARNING  | co2_forecast | Very few sequences (2), LSTM may not train well
2026-09-17 22:28:28 | WARNING  | co2_forecast | Very few sequences (2), LSTM may not train well
2026-09-17 22:28:28 | WARNING  | co2_forecast | Very few sequences (4), LSTM may not train well
2026-09-17 22:28:28 | WARNING  | co2_forecast | Very few sequences (8), LSTM may not train well
2026-09-17 22:28:28 | WARNING  | co2_forecast | Very few sequences (4), LSTM may not train well
2026-09-17 22:28:28 | WARNING  | co2_forecast | Very few sequences (4), LSTM may not train well
2026-09-17 22:28:28 | WARNING  | co2_forecast | Very few sequences (4), LSTM may not train well
2026-09-17 22:28:28 | WARNING  | co2_forecast | Very few sequences (8), LSTM may not train well
2026-09-17 22:28:28 | WARNING  | co2_forecast | Very few sequences (4), LSTM may not train well
2026-09-17 22:28:28 | WARNING  | co2_forecast | Very few sequences (4), LSTM may not train well
2026-09-17 22:28:28 | WARNING  | co2_forecast | Model training failed with params {'lookback': 7, 'hidden_size': 33, 'num_layers': 1, 'dropout': 0.3174646446740698, 'learning_rate': 0.004142028037008456, 'batch_size': 16}: LSTM.fit: training data has 8 rows, giving only 1 sequence(s) with lookback=7; at least 2 are required (one is always reserved for validation). Reduce lookback or provide more training history.
2026-09-17 22:28:28 | WARNING  | co2_forecast | Very few sequences (3), LSTM may not train well
2026-09-17 22:28:28 | WARNING  | co2_forecast | Very few sequences (7), LSTM may not train well
2026-09-17 22:28:28 | WARNING  | co2_forecast | Very few sequences (3), LSTM may not train well
2026-09-17 22:28:29 | WARNING  | co2_forecast | Very few sequences (3), LSTM may not train well
2026-09-17 22:28:29 | WARNING  | co2_forecast | Very few sequences (4), LSTM may not train well
2026-09-17 22:28:29 | WARNING  | co2_forecast | Very few sequences (8), LSTM may not train well
2026-09-17 22:28:29 | WARNING  | co2_forecast | Very few sequences (4), LSTM may not train well
2026-09-17 22:28:29 | WARNING  | co2_forecast | Very few sequences (4), LSTM may not train well
2026-09-17 22:28:29 | WARNING  | co2_forecast | Very few sequences (4), LSTM may not train well
2026-09-17 22:28:29 | WARNING  | co2_forecast | Very few sequences (8), LSTM may not train well
2026-09-17 22:28:29 | WARNING  | co2_forecast | Very few sequences (4), LSTM may not train well
2026-09-17 22:28:29 | WARNING  | co2_forecast | Very few sequences (4), LSTM may not train well
2026-09-17 22:28:29 | WARNING  | co2_forecast | Very few sequences (3), LSTM may not train well
2026-09-17 22:28:29 | WARNING  | co2_forecast | Very few sequences (7), LSTM may not train well
2026-09-17 22:28:29 | WARNING  | co2_forecast | Very few sequences (3), LSTM may not train well
2026-09-17 22:28:29 | WARNING  | co2_forecast | Very few sequences (3), LSTM may not train well
2026-09-17 22:28:29 | WARNING  | co2_forecast | Very few sequences (3), LSTM may not train well
2026-09-17 22:28:29 | WARNING  | co2_forecast | Very few sequences (7), LSTM may not train well
2026-09-17 22:28:29 | WARNING  | co2_forecast | Very few sequences (3), LSTM may not train well
2026-09-17 22:28:29 | WARNING  | co2_forecast | Very few sequences (3), LSTM may not train well
2026-09-17 22:28:29 | WARNING  | co2_forecast | Very few sequences (4), LSTM may not train well
2026-09-17 22:28:29 | WARNING  | co2_forecast | Very few sequences (8), LSTM may not train well
2026-09-17 22:28:29 | WARNING  | co2_forecast | Very few sequences (4), LSTM may not train well
2026-09-17 22:28:29 | WARNING  | co2_forecast | Very few sequences (4), LSTM may not train well
2026-09-17 22:28:29 | WARNING  | co2_forecast | Very few sequences (4), LSTM may not train well
2026-09-17 22:28:29 | WARNING  | co2_forecast | Very few sequences (8), LSTM may not train well
2026-09-17 22:28:29 | WARNING  | co2_forecast | Very few sequences (4), LSTM may not train well
2026-09-17 22:28:29 | WARNING  | co2_forecast | Very few sequences (4), LSTM may not train well
2026-09-17 22:28:29 | WARNING  | co2_forecast | Very few sequences (2), LSTM may not train well
2026-09-17 22:28:29 | WARNING  | co2_forecast | Very few sequences (6), LSTM may not train well
2026-09-17 22:28:29 | WARNING  | co2_forecast | Very few sequences (2), LSTM may not train well
2026-09-17 22:28:29 | WARNING  | co2_forecast | Very few sequences (2), LSTM may not train well
2026-09-17 22:28:30 | WARNING  | co2_forecast | Very few sequences (4), LSTM may not train well
2026-09-17 22:28:30 | WARNING  | co2_forecast | Very few sequences (8), LSTM may not train well
2026-09-17 22:28:30 | WARNING  | co2_forecast | Very few sequences (4), LSTM may not train well
2026-09-17 22:28:30 | WARNING  | co2_forecast | Very few sequences (4), LSTM may not train well
2026-09-17 22:28:30 | WARNING  | co2_forecast | Very few sequences (4), LSTM may not train well
2026-09-17 22:28:30 | WARNING  | co2_forecast | Very few sequences (8), LSTM may not train well
2026-09-17 22:28:30 | WARNING  | co2_forecast | Very few sequences (4), LSTM may not train well
2026-09-17 22:28:30 | WARNING  | co2_forecast | Very few sequences (4), LSTM may not train well
2026-09-17 22:28:30 | WARNING  | co2_forecast | Very few sequences (4), LSTM may not train well
2026-09-17 22:28:30 | WARNING  | co2_forecast | Very few sequences (8), LSTM may not train well
2026-09-17 22:28:30 | WARNING  | co2_forecast | Very few sequences (4), LSTM may not train well
2026-09-17 22:28:30 | WARNING  | co2_forecast | Very few sequences (4), LSTM may not train well
2026-09-17 22:28:30 | WARNING  | co2_forecast | Very few sequences (4), LSTM may not train well
2026-09-17 22:28:30 | WARNING  | co2_forecast | Very few sequences (8), LSTM may not train well
2026-09-17 22:28:30 | WARNING  | co2_forecast | Very few sequences (4), LSTM may not train well
2026-09-17 22:28:30 | WARNING  | co2_forecast | Very few sequences (4), LSTM may not train well
2026-09-17 22:28:30 | WARNING  | co2_forecast | Very few sequences (3), LSTM may not train well
2026-09-17 22:28:30 | WARNING  | co2_forecast | Very few sequences (7), LSTM may not train well
2026-09-17 22:28:30 | WARNING  | co2_forecast | Very few sequences (3), LSTM may not train well
2026-09-17 22:28:30 | WARNING  | co2_forecast | Very few sequences (3), LSTM may not train well
2026-09-17 22:28:30 | WARNING  | co2_forecast | Very few sequences (4), LSTM may not train well
2026-09-17 22:28:30 | WARNING  | co2_forecast | Very few sequences (8), LSTM may not train well
2026-09-17 22:28:30 | WARNING  | co2_forecast | Very few sequences (4), LSTM may not train well
2026-09-17 22:28:30 | WARNING  | co2_forecast | Very few sequences (4), LSTM may not train well
2026-09-17 22:28:30 | WARNING  | co2_forecast | Very few sequences (4), LSTM may not train well
2026-09-17 22:28:30 | WARNING  | co2_forecast | Very few sequences (8), LSTM may not train well
2026-09-17 22:28:30 | WARNING  | co2_forecast | Very few sequences (4), LSTM may not train well
2026-09-17 22:28:30 | WARNING  | co2_forecast | Very few sequences (4), LSTM may not train well
2026-09-17 22:28:30 | WARNING  | co2_forecast | Very few sequences (3), LSTM may not train well
2026-09-17 22:28:30 | WARNING  | co2_forecast | Very few sequences (7), LSTM may not train well
2026-09-17 22:28:30 | WARNING  | co2_forecast | Very few sequences (3), LSTM may not train well
2026-09-17 22:28:30 | WARNING  | co2_forecast | Very few sequences (3), LSTM may not train well
2026-09-17 22:28:30 | WARNING  | co2_forecast | Very few sequences (4), LSTM may not train well
2026-09-17 22:28:30 | WARNING  | co2_forecast | Very few sequences (8), LSTM may not train well
2026-09-17 22:28:30 | WARNING  | co2_forecast | Very few sequences (4), LSTM may not train well
2026-09-17 22:28:31 | WARNING  | co2_forecast | Very few sequences (4), LSTM may not train well
2026-09-17 22:28:31 | WARNING  | co2_forecast | Very few sequences (4), LSTM may not train well
2026-09-17 22:28:31 | WARNING  | co2_forecast | Very few sequences (8), LSTM may not train well
2026-09-17 22:28:31 | WARNING  | co2_forecast | Very few sequences (4), LSTM may not train well
2026-09-17 22:28:31 | WARNING  | co2_forecast | Very few sequences (4), LSTM may not train well
2026-09-17 22:28:31 | WARNING  | co2_forecast | Very few sequences (4), LSTM may not train well
2026-09-17 22:28:31 | WARNING  | co2_forecast | Very few sequences (8), LSTM may not train well
2026-09-17 22:28:31 | WARNING  | co2_forecast | Very few sequences (4), LSTM may not train well
2026-09-17 22:28:31 | WARNING  | co2_forecast | Very few sequences (4), LSTM may not train well
2026-09-17 22:28:31 | WARNING  | co2_forecast | Very few sequences (4), LSTM may not train well
2026-09-17 22:28:31 | WARNING  | co2_forecast | Very few sequences (8), LSTM may not train well
2026-09-17 22:28:31 | WARNING  | co2_forecast | Very few sequences (4), LSTM may not train well
2026-09-17 22:28:31 | WARNING  | co2_forecast | Very few sequences (4), LSTM may not train well
2026-09-17 22:28:31 | WARNING  | co2_forecast | Very few sequences (4), LSTM may not train well
2026-09-17 22:28:31 | WARNING  | co2_forecast | Very few sequences (8), LSTM may not train well
2026-09-17 22:28:31 | WARNING  | co2_forecast | Very few sequences (4), LSTM may not train well
2026-09-17 22:28:31 | WARNING  | co2_forecast | Very few sequences (4), LSTM may not train well
2026-09-17 22:28:31 | WARNING  | co2_forecast | Very few sequences (4), LSTM may not train well
2026-09-17 22:28:31 | WARNING  | co2_forecast | Very few sequences (8), LSTM may not train well
2026-09-17 22:28:31 | WARNING  | co2_forecast | Very few sequences (4), LSTM may not train well
2026-09-17 22:28:31 | WARNING  | co2_forecast | Very few sequences (4), LSTM may not train well
2026-09-17 22:28:31 | WARNING  | co2_forecast | Very few sequences (4), LSTM may not train well
2026-09-17 22:28:31 | WARNING  | co2_forecast | Very few sequences (8), LSTM may not train well
2026-09-17 22:28:31 | WARNING  | co2_forecast | Very few sequences (4), LSTM may not train well
2026-09-17 22:28:31 | WARNING  | co2_forecast | Very few sequences (4), LSTM may not train well
2026-09-17 22:28:31 | WARNING  | co2_forecast | Very few sequences (4), LSTM may not train well
2026-09-17 22:28:31 | WARNING  | co2_forecast | Very few sequences (8), LSTM may not train well
2026-09-17 22:28:31 | WARNING  | co2_forecast | Very few sequences (4), LSTM may not train well
2026-09-17 22:28:31 | WARNING  | co2_forecast | Very few sequences (4), LSTM may not train well
2026-09-17 22:28:31 | WARNING  | co2_forecast | Very few sequences (4), LSTM may not train well
2026-09-17 22:28:31 | WARNING  | co2_forecast | Very few sequences (8), LSTM may not train well
2026-09-17 22:28:31 | WARNING  | co2_forecast | Very few sequences (4), LSTM may not train well
2026-09-17 22:28:31 | WARNING  | co2_forecast | Very few sequences (4), LSTM may not train well
2026-09-17 22:28:31 | WARNING  | co2_forecast | Very few sequences (4), LSTM may not train well
2026-09-17 22:28:31 | WARNING  | co2_forecast | Very few sequences (8), LSTM may not train well
2026-09-17 22:28:31 | WARNING  | co2_forecast | Very few sequences (4), LSTM may not train well
2026-09-17 22:28:31 | WARNING  | co2_forecast | Very few sequences (4), LSTM may not train well
2026-09-17 22:28:31 | WARNING  | co2_forecast | Very few sequences (4), LSTM may not train well
2026-09-17 22:28:31 | WARNING  | co2_forecast | Very few sequences (8), LSTM may not train well
2026-09-17 22:28:31 | WARNING  | co2_forecast | Very few sequences (4), LSTM may not train well
2026-09-17 22:28:31 | WARNING  | co2_forecast | Very few sequences (4), LSTM may not train well
2026-09-17 22:28:31 | WARNING  | co2_forecast | Very few sequences (4), LSTM may not train well
2026-09-17 22:28:31 | WARNING  | co2_forecast | Very few sequences (8), LSTM may not train well
2026-09-17 22:28:32 | WARNING  | co2_forecast | Very few sequences (4), LSTM may not train well
2026-09-17 22:28:32 | WARNING  | co2_forecast | Very few sequences (4), LSTM may not train well
2026-09-17 22:28:32 | WARNING  | co2_forecast | Very few sequences (4), LSTM may not train well
2026-09-17 22:28:32 | WARNING  | co2_forecast | Very few sequences (8), LSTM may not train well
2026-09-17 22:28:32 | WARNING  | co2_forecast | Very few sequences (4), LSTM may not train well
2026-09-17 22:28:32 | WARNING  | co2_forecast | Very few sequences (4), LSTM may not train well
2026-09-17 22:28:32 | INFO     | co2_forecast |   Iteration 5: Best fitness = 0.763014
2026-09-17 22:28:32 | WARNING  | co2_forecast | Very few sequences (4), LSTM may not train well
2026-09-17 22:28:32 | WARNING  | co2_forecast | Very few sequences (8), LSTM may not train well
2026-09-17 22:28:32 | WARNING  | co2_forecast | Very few sequences (4), LSTM may not train well
2026-09-17 22:28:32 | WARNING  | co2_forecast | Very few sequences (4), LSTM may not train well
2026-09-17 22:28:32 | WARNING  | co2_forecast | Very few sequences (4), LSTM may not train well
2026-09-17 22:28:32 | WARNING  | co2_forecast | Very few sequences (8), LSTM may not train well
2026-09-17 22:28:32 | WARNING  | co2_forecast | Very few sequences (4), LSTM may not train well
2026-09-17 22:28:32 | WARNING  | co2_forecast | Very few sequences (4), LSTM may not train well
2026-09-17 22:28:32 | WARNING  | co2_forecast | Very few sequences (4), LSTM may not train well
2026-09-17 22:28:32 | WARNING  | co2_forecast | Very few sequences (8), LSTM may not train well
2026-09-17 22:28:32 | WARNING  | co2_forecast | Very few sequences (4), LSTM may not train well
2026-09-17 22:28:32 | WARNING  | co2_forecast | Very few sequences (4), LSTM may not train well
2026-09-17 22:28:32 | WARNING  | co2_forecast | Very few sequences (4), LSTM may not train well
2026-09-17 22:28:32 | WARNING  | co2_forecast | Very few sequences (8), LSTM may not train well
2026-09-17 22:28:32 | WARNING  | co2_forecast | Very few sequences (4), LSTM may not train well
2026-09-17 22:28:32 | WARNING  | co2_forecast | Very few sequences (4), LSTM may not train well
2026-09-17 22:28:32 | WARNING  | co2_forecast | Very few sequences (4), LSTM may not train well
2026-09-17 22:28:32 | WARNING  | co2_forecast | Very few sequences (8), LSTM may not train well
2026-09-17 22:28:32 | WARNING  | co2_forecast | Very few sequences (4), LSTM may not train well
2026-09-17 22:28:32 | WARNING  | co2_forecast | Very few sequences (4), LSTM may not train well
2026-09-17 22:28:32 | WARNING  | co2_forecast | Very few sequences (4), LSTM may not train well
2026-09-17 22:28:32 | WARNING  | co2_forecast | Very few sequences (8), LSTM may not train well
2026-09-17 22:28:32 | WARNING  | co2_forecast | Very few sequences (4), LSTM may not train well
2026-09-17 22:28:32 | WARNING  | co2_forecast | Very few sequences (4), LSTM may not train well
2026-09-17 22:28:32 | WARNING  | co2_forecast | Very few sequences (4), LSTM may not train well
2026-09-17 22:28:32 | WARNING  | co2_forecast | Very few sequences (8), LSTM may not train well
2026-09-17 22:28:32 | WARNING  | co2_forecast | Very few sequences (4), LSTM may not train well
2026-09-17 22:28:32 | WARNING  | co2_forecast | Very few sequences (4), LSTM may not train well
2026-09-17 22:28:32 | WARNING  | co2_forecast | Very few sequences (4), LSTM may not train well
2026-09-17 22:28:32 | WARNING  | co2_forecast | Very few sequences (8), LSTM may not train well
2026-09-17 22:28:32 | WARNING  | co2_forecast | Very few sequences (4), LSTM may not train well
2026-09-17 22:28:32 | WARNING  | co2_forecast | Very few sequences (4), LSTM may not train well
2026-09-17 22:28:32 | WARNING  | co2_forecast | Very few sequences (4), LSTM may not train well
2026-09-17 22:28:32 | WARNING  | co2_forecast | Very few sequences (8), LSTM may not train well
2026-09-17 22:28:32 | WARNING  | co2_forecast | Very few sequences (4), LSTM may not train well
2026-09-17 22:28:33 | WARNING  | co2_forecast | Very few sequences (4), LSTM may not train well
2026-09-17 22:28:33 | WARNING  | co2_forecast | Very few sequences (4), LSTM may not train well
2026-09-17 22:28:33 | WARNING  | co2_forecast | Very few sequences (8), LSTM may not train well
2026-09-17 22:28:33 | WARNING  | co2_forecast | Very few sequences (4), LSTM may not train well
2026-09-17 22:28:33 | WARNING  | co2_forecast | Very few sequences (4), LSTM may not train well
2026-09-17 22:28:33 | WARNING  | co2_forecast | Very few sequences (4), LSTM may not train well
2026-09-17 22:28:33 | WARNING  | co2_forecast | Very few sequences (8), LSTM may not train well
2026-09-17 22:28:33 | WARNING  | co2_forecast | Very few sequences (4), LSTM may not train well
2026-09-17 22:28:33 | WARNING  | co2_forecast | Very few sequences (4), LSTM may not train well
2026-09-17 22:28:33 | WARNING  | co2_forecast | Very few sequences (4), LSTM may not train well
2026-09-17 22:28:33 | WARNING  | co2_forecast | Very few sequences (8), LSTM may not train well
2026-09-17 22:28:33 | WARNING  | co2_forecast | Very few sequences (4), LSTM may not train well
2026-09-17 22:28:33 | WARNING  | co2_forecast | Very few sequences (4), LSTM may not train well
2026-09-17 22:28:33 | WARNING  | co2_forecast | Very few sequences (4), LSTM may not train well
2026-09-17 22:28:33 | WARNING  | co2_forecast | Very few sequences (8), LSTM may not train well
2026-09-17 22:28:33 | WARNING  | co2_forecast | Very few sequences (4), LSTM may not train well
2026-09-17 22:28:33 | WARNING  | co2_forecast | Very few sequences (4), LSTM may not train well
2026-09-17 22:28:33 | WARNING  | co2_forecast | Very few sequences (4), LSTM may not train well
2026-09-17 22:28:33 | WARNING  | co2_forecast | Very few sequences (8), LSTM may not train well
2026-09-17 22:28:33 | WARNING  | co2_forecast | Very few sequences (4), LSTM may not train well
2026-09-17 22:28:33 | WARNING  | co2_forecast | Very few sequences (4), LSTM may not train well
2026-09-17 22:28:33 | WARNING  | co2_forecast | Very few sequences (4), LSTM may not train well
2026-09-17 22:28:33 | WARNING  | co2_forecast | Very few sequences (8), LSTM may not train well
2026-09-17 22:28:33 | WARNING  | co2_forecast | Very few sequences (4), LSTM may not train well
2026-09-17 22:28:33 | WARNING  | co2_forecast | Very few sequences (4), LSTM may not train well
2026-09-17 22:28:33 | WARNING  | co2_forecast | Very few sequences (4), LSTM may not train well
2026-09-17 22:28:33 | WARNING  | co2_forecast | Very few sequences (8), LSTM may not train well
2026-09-17 22:28:33 | WARNING  | co2_forecast | Very few sequences (4), LSTM may not train well
2026-09-17 22:28:33 | WARNING  | co2_forecast | Very few sequences (4), LSTM may not train well
2026-09-17 22:28:33 | WARNING  | co2_forecast | Very few sequences (4), LSTM may not train well
2026-09-17 22:28:33 | WARNING  | co2_forecast | Very few sequences (8), LSTM may not train well
2026-09-17 22:28:33 | WARNING  | co2_forecast | Very few sequences (4), LSTM may not train well
2026-09-17 22:28:33 | WARNING  | co2_forecast | Very few sequences (4), LSTM may not train well
2026-09-17 22:28:33 | WARNING  | co2_forecast | Very few sequences (4), LSTM may not train well
2026-09-17 22:28:33 | WARNING  | co2_forecast | Very few sequences (8), LSTM may not train well
2026-09-17 22:28:33 | WARNING  | co2_forecast | Very few sequences (4), LSTM may not train well
2026-09-17 22:28:33 | WARNING  | co2_forecast | Very few sequences (4), LSTM may not train well
2026-09-17 22:28:33 | WARNING  | co2_forecast | Very few sequences (4), LSTM may not train well
2026-09-17 22:28:33 | WARNING  | co2_forecast | Very few sequences (8), LSTM may not train well
2026-09-17 22:28:33 | WARNING  | co2_forecast | Very few sequences (4), LSTM may not train well
2026-09-17 22:28:33 | WARNING  | co2_forecast | Very few sequences (4), LSTM may not train well
2026-09-17 22:28:33 | WARNING  | co2_forecast | Very few sequences (4), LSTM may not train well
2026-09-17 22:28:33 | WARNING  | co2_forecast | Very few sequences (8), LSTM may not train well
2026-09-17 22:28:33 | WARNING  | co2_forecast | Very few sequences (4), LSTM may not train well
2026-09-17 22:28:33 | WARNING  | co2_forecast | Very few sequences (4), LSTM may not train well
2026-09-17 22:28:33 | WARNING  | co2_forecast | Very few sequences (4), LSTM may not train well
2026-09-17 22:28:33 | WARNING  | co2_forecast | Very few sequences (8), LSTM may not train well
2026-09-17 22:28:33 | WARNING  | co2_forecast | Very few sequences (4), LSTM may not train well
2026-09-17 22:28:33 | WARNING  | co2_forecast | Very few sequences (4), LSTM may not train well
2026-09-17 22:28:33 | WARNING  | co2_forecast | Very few sequences (4), LSTM may not train well
2026-09-17 22:28:34 | WARNING  | co2_forecast | Very few sequences (8), LSTM may not train well
2026-09-17 22:28:34 | WARNING  | co2_forecast | Very few sequences (4), LSTM may not train well
2026-09-17 22:28:34 | WARNING  | co2_forecast | Very few sequences (4), LSTM may not train well
2026-09-17 22:28:34 | WARNING  | co2_forecast | Very few sequences (4), LSTM may not train well
2026-09-17 22:28:34 | WARNING  | co2_forecast | Very few sequences (8), LSTM may not train well
2026-09-17 22:28:34 | WARNING  | co2_forecast | Very few sequences (4), LSTM may not train well
2026-09-17 22:28:34 | WARNING  | co2_forecast | Very few sequences (4), LSTM may not train well
2026-09-17 22:28:34 | WARNING  | co2_forecast | Very few sequences (4), LSTM may not train well
2026-09-17 22:28:34 | WARNING  | co2_forecast | Very few sequences (8), LSTM may not train well
2026-09-17 22:28:34 | WARNING  | co2_forecast | Very few sequences (4), LSTM may not train well
2026-09-17 22:28:34 | WARNING  | co2_forecast | Very few sequences (4), LSTM may not train well
2026-09-17 22:28:34 | WARNING  | co2_forecast | Very few sequences (4), LSTM may not train well
2026-09-17 22:28:34 | WARNING  | co2_forecast | Very few sequences (8), LSTM may not train well
2026-09-17 22:28:34 | WARNING  | co2_forecast | Very few sequences (4), LSTM may not train well
2026-09-17 22:28:34 | WARNING  | co2_forecast | Very few sequences (4), LSTM may not train well
2026-09-17 22:28:34 | WARNING  | co2_forecast | Very few sequences (4), LSTM may not train well
2026-09-17 22:28:34 | WARNING  | co2_forecast | Very few sequences (8), LSTM may not train well
2026-09-17 22:28:34 | WARNING  | co2_forecast | Very few sequences (4), LSTM may not train well
2026-09-17 22:28:34 | WARNING  | co2_forecast | Very few sequences (4), LSTM may not train well
2026-09-17 22:28:34 | WARNING  | co2_forecast | Very few sequences (4), LSTM may not train well
2026-09-17 22:28:34 | WARNING  | co2_forecast | Very few sequences (8), LSTM may not train well
2026-09-17 22:28:34 | WARNING  | co2_forecast | Very few sequences (4), LSTM may not train well
2026-09-17 22:28:34 | WARNING  | co2_forecast | Very few sequences (4), LSTM may not train well
2026-09-17 22:28:34 | WARNING  | co2_forecast | Very few sequences (4), LSTM may not train well
2026-09-17 22:28:34 | WARNING  | co2_forecast | Very few sequences (8), LSTM may not train well
2026-09-17 22:28:34 | WARNING  | co2_forecast | Very few sequences (4), LSTM may not train well
2026-09-17 22:28:34 | WARNING  | co2_forecast | Very few sequences (4), LSTM may not train well
2026-09-17 22:28:34 | WARNING  | co2_forecast | Very few sequences (4), LSTM may not train well
2026-09-17 22:28:34 | WARNING  | co2_forecast | Very few sequences (8), LSTM may not train well
2026-09-17 22:28:34 | WARNING  | co2_forecast | Very few sequences (4), LSTM may not train well
2026-09-17 22:28:34 | WARNING  | co2_forecast | Very few sequences (4), LSTM may not train well
2026-09-17 22:28:34 | WARNING  | co2_forecast | Very few sequences (4), LSTM may not train well
2026-09-17 22:28:34 | WARNING  | co2_forecast | Very few sequences (8), LSTM may not train well
2026-09-17 22:28:34 | WARNING  | co2_forecast | Very few sequences (4), LSTM may not train well
2026-09-17 22:28:34 | WARNING  | co2_forecast | Very few sequences (4), LSTM may not train well
2026-09-17 22:28:34 | WARNING  | co2_forecast | Very few sequences (4), LSTM may not train well
2026-09-17 22:28:34 | WARNING  | co2_forecast | Very few sequences (8), LSTM may not train well
2026-09-17 22:28:34 | WARNING  | co2_forecast | Very few sequences (4), LSTM may not train well
2026-09-17 22:28:34 | WARNING  | co2_forecast | Very few sequences (4), LSTM may not train well
2026-09-17 22:28:34 | WARNING  | co2_forecast | Very few sequences (4), LSTM may not train well
2026-09-17 22:28:34 | WARNING  | co2_forecast | Very few sequences (8), LSTM may not train well
2026-09-17 22:28:34 | WARNING  | co2_forecast | Very few sequences (4), LSTM may not train well
2026-09-17 22:28:34 | WARNING  | co2_forecast | Very few sequences (4), LSTM may not train well
2026-09-17 22:28:34 | INFO     | co2_forecast |   Iteration 9: Best fitness = 0.762999
2026-09-17 22:28:34 | INFO     | co2_forecast | PSO complete. Best fitness: 0.762999
2026-09-17 22:28:34 | INFO     | co2_forecast |   Best params: {'lookback': 4, 'hidden_size': 16, 'num_layers': 2, 'dropout': 0.49516309116023643, 'learning_rate': 0.0001, 'batch_size': 32}
2026-09-17 22:28:34 | INFO     | co2_forecast |   Best fitness: 0.762999
2026-09-17 22:28:34 | INFO     | co2_forecast | [A3_CI_all/panel2_common_period/all_features/lstm] sweep tuning: best_params={'lookback': 4, 'hidden_size': 16, 'num_layers': 2, 'dropout': 0.49516309116023643, 'learning_rate': 0.0001, 'batch_size': 32}
2026-09-17 22:28:34 | INFO     | co2_forecast |   lstm -> weighted_mase=1.0249985002842135
2026-09-17 22:28:34 | INFO     | co2_forecast | Variant A3_CI_all complete in 27.7s
2026-09-17 22:28:34 | INFO     | co2_forecast | Wrote outputs/robustness/ci_decomposition_results.csv (35 rows)
2026-09-17 22:28:35 | INFO     | co2_forecast | Saved outputs/figures/pdf/sensitivity/fig_ci_decomposition.pdf
2026-09-17 22:28:35 | INFO     | co2_forecast | ============================================================
2026-09-17 22:28:35 | INFO     | co2_forecast | Script 22 complete!
2026-09-17 22:28:35 | INFO     | co2_forecast | ============================================================
2026-09-17 22:33:15 | INFO     | co2_forecast | Logging to: outputs/runs/final_rerun_2026_ci_decomposition/logs/final_rerun_2026_ci_decomposition.log
2026-09-17 22:33:15 | INFO     | co2_forecast | ============================================================
2026-09-17 22:33:15 | INFO     | co2_forecast | Script 22: carbon-intensity statistic decomposition
2026-09-17 22:33:15 | INFO     | co2_forecast | ============================================================
2026-09-17 22:33:15 | INFO     | co2_forecast | Slicing all configurations to the primary common period [2018-04-01 00:00:00 - 2025-01-01 00:00:00] (reference: A3)
2026-09-17 22:33:15 | INFO     | co2_forecast | Baseline (raw+mobility) columns (11): ['GDP', 'Population', 'Air_Temp', 'Rainfall', 'COVID_Deaths', 'Mobility_Retail_Recreation', 'Mobility_Grocery_Pharmacy', 'Mobility_Parks', 'Mobility_Transit_Stations', 'Mobility_Workplaces', 'Mobility_Residential']
2026-09-17 22:33:15 | INFO     | co2_forecast | Models: ['ridge', 'random_forest', 'catboost', 'lightgbm', 'lstm']
2026-09-17 22:33:15 | INFO     | co2_forecast | --- Variant A3_no_grid: 11 features ---
2026-09-17 22:33:15 | INFO     | co2_forecast | Creating walk-forward splits for 16 valid samples
2026-09-17 22:33:15 | INFO     | co2_forecast | Created 4 CV folds across horizons [1, 2, 4]
2026-09-17 22:33:15 | INFO     | co2_forecast | Built tuning CV plan: 4 folds from 16 rows before 2022-Qq (evaluation cutoff) - isolation OK (max tuning date 2021-Qq)
2026-09-17 22:33:15 | INFO     | co2_forecast | Optimizing ridge...
2026-09-17 22:33:15 | INFO     | co2_forecast | Starting PSO: 8 particles, 10 iterations
2026-09-17 22:33:15 | INFO     | co2_forecast |   Iteration 0: Best fitness = 2.490781
2026-09-17 22:33:15 | INFO     | co2_forecast |   Iteration 5: Best fitness = 2.134233
2026-09-17 22:33:15 | INFO     | co2_forecast |   Iteration 9: Best fitness = 2.134233
2026-09-17 22:33:15 | INFO     | co2_forecast | PSO complete. Best fitness: 2.134233
2026-09-17 22:33:15 | INFO     | co2_forecast |   Best params: {'alpha': 100.0}
2026-09-17 22:33:15 | INFO     | co2_forecast |   Best fitness: 2.134233
2026-09-17 22:33:15 | INFO     | co2_forecast | [A3_no_grid/panel2_common_period/all_features/ridge] sweep tuning: best_params={'alpha': 100.0}
2026-09-17 22:33:15 | INFO     | co2_forecast |   ridge -> weighted_mase=0.9051731374752952
2026-09-17 22:33:15 | INFO     | co2_forecast | Creating walk-forward splits for 16 valid samples
2026-09-17 22:33:15 | INFO     | co2_forecast | Created 4 CV folds across horizons [1, 2, 4]
2026-09-17 22:33:15 | INFO     | co2_forecast | Built tuning CV plan: 4 folds from 16 rows before 2022-Qq (evaluation cutoff) - isolation OK (max tuning date 2021-Qq)
2026-09-17 22:33:15 | INFO     | co2_forecast | Optimizing random_forest...
2026-09-17 22:33:15 | INFO     | co2_forecast | Starting PSO: 8 particles, 10 iterations
2026-09-17 22:33:17 | INFO     | co2_forecast |   Iteration 0: Best fitness = 0.671553
2026-09-17 22:33:23 | INFO     | co2_forecast |   Iteration 5: Best fitness = 0.317604
2026-09-17 22:33:29 | INFO     | co2_forecast |   Iteration 9: Best fitness = 0.317604
2026-09-17 22:33:29 | INFO     | co2_forecast | PSO complete. Best fitness: 0.317604
2026-09-17 22:33:29 | INFO     | co2_forecast |   Best params: {'n_estimators': 63, 'max_depth': 3, 'min_samples_split': 2, 'min_samples_leaf': 1}
2026-09-17 22:33:29 | INFO     | co2_forecast |   Best fitness: 0.317604
2026-09-17 22:33:29 | INFO     | co2_forecast | [A3_no_grid/panel2_common_period/all_features/random_forest] sweep tuning: best_params={'n_estimators': 63, 'max_depth': 3, 'min_samples_split': 2, 'min_samples_leaf': 1}
2026-09-17 22:33:29 | INFO     | co2_forecast |   random_forest -> weighted_mase=0.7348028715442536
2026-09-17 22:33:29 | INFO     | co2_forecast | Creating walk-forward splits for 16 valid samples
2026-09-17 22:33:29 | INFO     | co2_forecast | Created 4 CV folds across horizons [1, 2, 4]
2026-09-17 22:33:29 | INFO     | co2_forecast | Built tuning CV plan: 4 folds from 16 rows before 2022-Qq (evaluation cutoff) - isolation OK (max tuning date 2021-Qq)
2026-09-17 22:33:29 | INFO     | co2_forecast | Optimizing catboost...
2026-09-17 22:33:29 | INFO     | co2_forecast | Starting PSO: 8 particles, 10 iterations
2026-09-17 22:33:29 | WARNING  | co2_forecast | CatBoost GPU probe failed (catboost/libs/train_lib/trainer_env.cpp:9: Environment for task type [GPU] not found); using CPU.
2026-09-17 22:33:30 | INFO     | co2_forecast |   Iteration 0: Best fitness = 0.367101
2026-09-17 22:33:30 | INFO     | co2_forecast |   Iteration 5: Best fitness = 0.305775
2026-09-17 22:33:31 | INFO     | co2_forecast |   Iteration 9: Best fitness = 0.274717
2026-09-17 22:33:31 | INFO     | co2_forecast | PSO complete. Best fitness: 0.274717
2026-09-17 22:33:31 | INFO     | co2_forecast |   Best params: {'iterations': 140, 'learning_rate': 0.2814436862509895, 'depth': 3, 'l2_leaf_reg': 3.0617381753651927}
2026-09-17 22:33:31 | INFO     | co2_forecast |   Best fitness: 0.274717
2026-09-17 22:33:31 | INFO     | co2_forecast | [A3_no_grid/panel2_common_period/all_features/catboost] sweep tuning: best_params={'iterations': 140, 'learning_rate': 0.2814436862509895, 'depth': 3, 'l2_leaf_reg': 3.0617381753651927}
2026-09-17 22:33:31 | INFO     | co2_forecast |   catboost -> weighted_mase=0.7485271248445817
2026-09-17 22:33:31 | INFO     | co2_forecast | Creating walk-forward splits for 16 valid samples
2026-09-17 22:33:31 | INFO     | co2_forecast | Created 4 CV folds across horizons [1, 2, 4]
2026-09-17 22:33:31 | INFO     | co2_forecast | Built tuning CV plan: 4 folds from 16 rows before 2022-Qq (evaluation cutoff) - isolation OK (max tuning date 2021-Qq)
2026-09-17 22:33:31 | INFO     | co2_forecast | Optimizing lightgbm...
2026-09-17 22:33:31 | INFO     | co2_forecast | Starting PSO: 8 particles, 10 iterations
2026-09-17 22:33:31 | WARNING  | co2_forecast | LightGBM has no GPU-enabled build installed; using CPU. The pip wheel ships CPU-only - install a CUDA/OpenCL build (e.g. build from source with -DUSE_CUDA=1, or a conda-forge lightgbm=*=cuda* package) to enable GPU training.
2026-09-17 22:33:31 | INFO     | co2_forecast |   Iteration 0: Best fitness = 0.768990
2026-09-17 22:33:33 | INFO     | co2_forecast |   Iteration 5: Best fitness = 0.655353
2026-09-17 22:33:33 | INFO     | co2_forecast |   Iteration 9: Best fitness = 0.644572
2026-09-17 22:33:33 | INFO     | co2_forecast | PSO complete. Best fitness: 0.644572
2026-09-17 22:33:33 | INFO     | co2_forecast |   Best params: {'n_estimators': 50, 'learning_rate': 0.24875557248327107, 'num_leaves': 127, 'max_depth': 3, 'min_child_samples': 5, 'reg_alpha': 0.09419715994303053, 'reg_lambda': 1.6116769810147058}
2026-09-17 22:33:33 | INFO     | co2_forecast |   Best fitness: 0.644572
2026-09-17 22:33:33 | INFO     | co2_forecast | [A3_no_grid/panel2_common_period/all_features/lightgbm] sweep tuning: best_params={'n_estimators': 50, 'learning_rate': 0.24875557248327107, 'num_leaves': 127, 'max_depth': 3, 'min_child_samples': 5, 'reg_alpha': 0.09419715994303053, 'reg_lambda': 1.6116769810147058}
2026-09-17 22:33:34 | INFO     | co2_forecast |   lightgbm -> weighted_mase=0.6370806403789556
2026-09-17 22:33:34 | INFO     | co2_forecast | Creating walk-forward splits for 16 valid samples
2026-09-17 22:33:34 | INFO     | co2_forecast | Created 4 CV folds across horizons [1, 2, 4]
2026-09-17 22:33:34 | INFO     | co2_forecast | Built tuning CV plan: 4 folds from 16 rows before 2022-Qq (evaluation cutoff) - isolation OK (max tuning date 2021-Qq)
2026-09-17 22:33:34 | INFO     | co2_forecast | Optimizing lstm...
2026-09-17 22:33:34 | INFO     | co2_forecast | Starting PSO: 8 particles, 10 iterations
2026-09-17 22:33:34 | WARNING  | co2_forecast | Model training failed with params {'lookback': 7, 'hidden_size': 62, 'num_layers': 2, 'dropout': 0.3394633936788147, 'learning_rate': 0.0016445845403801217, 'batch_size': 8}: LSTM.fit: training data has 8 rows, giving only 1 sequence(s) with lookback=7; at least 2 are required (one is always reserved for validation). Reduce lookback or provide more training history.
2026-09-17 22:33:34 | WARNING  | co2_forecast | Model training failed with params {'lookback': 11, 'hidden_size': 26, 'num_layers': 1, 'dropout': 0.17336180394137354, 'learning_rate': 0.0031119982052994237, 'batch_size': 16}: LSTM.fit: training data has 8 rows, giving only 0 sequence(s) with lookback=11; at least 2 are required (one is always reserved for validation). Reduce lookback or provide more training history.
2026-09-17 22:33:34 | WARNING  | co2_forecast | Model training failed with params {'lookback': 8, 'hidden_size': 54, 'num_layers': 1, 'dropout': 0.3056937753654447, 'learning_rate': 0.005964904231734221, 'batch_size': 8}: LSTM.fit: training data has 8 rows, giving only 0 sequence(s) with lookback=8; at least 2 are required (one is always reserved for validation). Reduce lookback or provide more training history.
2026-09-17 22:33:34 | WARNING  | co2_forecast | Very few sequences (2), LSTM may not train well
2026-09-17 22:33:34 | WARNING  | co2_forecast | Very few sequences (6), LSTM may not train well
2026-09-17 22:33:34 | WARNING  | co2_forecast | Very few sequences (2), LSTM may not train well
2026-09-17 22:33:34 | WARNING  | co2_forecast | Very few sequences (2), LSTM may not train well
2026-09-17 22:33:34 | WARNING  | co2_forecast | Model training failed with params {'lookback': 8, 'hidden_size': 25, 'num_layers': 2, 'dropout': 0.4100531293444458, 'learning_rate': 0.009401039521485473, 'batch_size': 32}: LSTM.fit: training data has 8 rows, giving only 0 sequence(s) with lookback=8; at least 2 are required (one is always reserved for validation). Reduce lookback or provide more training history.
2026-09-17 22:33:34 | WARNING  | co2_forecast | Model training failed with params {'lookback': 7, 'hidden_size': 29, 'num_layers': 2, 'dropout': 0.2427013306774357, 'learning_rate': 0.00288125164590507, 'batch_size': 16}: LSTM.fit: training data has 8 rows, giving only 1 sequence(s) with lookback=7; at least 2 are required (one is always reserved for validation). Reduce lookback or provide more training history.
2026-09-17 22:33:34 | WARNING  | co2_forecast | Very few sequences (4), LSTM may not train well
2026-09-17 22:33:34 | WARNING  | co2_forecast | Very few sequences (8), LSTM may not train well
2026-09-17 22:33:34 | WARNING  | co2_forecast | Very few sequences (4), LSTM may not train well
2026-09-17 22:33:34 | WARNING  | co2_forecast | Very few sequences (4), LSTM may not train well
2026-09-17 22:33:35 | WARNING  | co2_forecast | Very few sequences (2), LSTM may not train well
2026-09-17 22:33:35 | WARNING  | co2_forecast | Very few sequences (6), LSTM may not train well
2026-09-17 22:33:35 | WARNING  | co2_forecast | Very few sequences (2), LSTM may not train well
2026-09-17 22:33:35 | WARNING  | co2_forecast | Very few sequences (2), LSTM may not train well
2026-09-17 22:33:35 | INFO     | co2_forecast |   Iteration 0: Best fitness = 1.014697
2026-09-17 22:33:35 | WARNING  | co2_forecast | Very few sequences (3), LSTM may not train well
2026-09-17 22:33:35 | WARNING  | co2_forecast | Very few sequences (7), LSTM may not train well
2026-09-17 22:33:35 | WARNING  | co2_forecast | Very few sequences (3), LSTM may not train well
2026-09-17 22:33:35 | WARNING  | co2_forecast | Very few sequences (3), LSTM may not train well
2026-09-17 22:33:35 | WARNING  | co2_forecast | Very few sequences (2), LSTM may not train well
2026-09-17 22:33:35 | WARNING  | co2_forecast | Very few sequences (6), LSTM may not train well
2026-09-17 22:33:35 | WARNING  | co2_forecast | Very few sequences (2), LSTM may not train well
2026-09-17 22:33:35 | WARNING  | co2_forecast | Very few sequences (2), LSTM may not train well
2026-09-17 22:33:35 | WARNING  | co2_forecast | Model training failed with params {'lookback': 8, 'hidden_size': 44, 'num_layers': 1, 'dropout': 0.32389753899663415, 'learning_rate': 0.005520634690128072, 'batch_size': 8}: LSTM.fit: training data has 8 rows, giving only 0 sequence(s) with lookback=8; at least 2 are required (one is always reserved for validation). Reduce lookback or provide more training history.
2026-09-17 22:33:35 | WARNING  | co2_forecast | Very few sequences (3), LSTM may not train well
2026-09-17 22:33:35 | WARNING  | co2_forecast | Very few sequences (7), LSTM may not train well
2026-09-17 22:33:35 | WARNING  | co2_forecast | Very few sequences (3), LSTM may not train well
2026-09-17 22:33:36 | WARNING  | co2_forecast | Very few sequences (3), LSTM may not train well
2026-09-17 22:33:36 | WARNING  | co2_forecast | Very few sequences (2), LSTM may not train well
2026-09-17 22:33:36 | WARNING  | co2_forecast | Very few sequences (6), LSTM may not train well
2026-09-17 22:33:36 | WARNING  | co2_forecast | Very few sequences (2), LSTM may not train well
2026-09-17 22:33:36 | WARNING  | co2_forecast | Very few sequences (2), LSTM may not train well
2026-09-17 22:33:36 | WARNING  | co2_forecast | Very few sequences (3), LSTM may not train well
2026-09-17 22:33:36 | WARNING  | co2_forecast | Very few sequences (7), LSTM may not train well
2026-09-17 22:33:36 | WARNING  | co2_forecast | Very few sequences (3), LSTM may not train well
2026-09-17 22:33:36 | WARNING  | co2_forecast | Very few sequences (3), LSTM may not train well
2026-09-17 22:33:36 | WARNING  | co2_forecast | Very few sequences (4), LSTM may not train well
2026-09-17 22:33:36 | WARNING  | co2_forecast | Very few sequences (8), LSTM may not train well
2026-09-17 22:33:37 | WARNING  | co2_forecast | Very few sequences (4), LSTM may not train well
2026-09-17 22:33:37 | WARNING  | co2_forecast | Very few sequences (4), LSTM may not train well
2026-09-17 22:33:37 | WARNING  | co2_forecast | Very few sequences (2), LSTM may not train well
2026-09-17 22:33:37 | WARNING  | co2_forecast | Very few sequences (6), LSTM may not train well
2026-09-17 22:33:37 | WARNING  | co2_forecast | Very few sequences (2), LSTM may not train well
2026-09-17 22:33:37 | WARNING  | co2_forecast | Very few sequences (2), LSTM may not train well
2026-09-17 22:33:37 | WARNING  | co2_forecast | Very few sequences (4), LSTM may not train well
2026-09-17 22:33:37 | WARNING  | co2_forecast | Very few sequences (8), LSTM may not train well
2026-09-17 22:33:37 | WARNING  | co2_forecast | Very few sequences (4), LSTM may not train well
2026-09-17 22:33:37 | WARNING  | co2_forecast | Very few sequences (4), LSTM may not train well
2026-09-17 22:33:37 | WARNING  | co2_forecast | Very few sequences (4), LSTM may not train well
2026-09-17 22:33:37 | WARNING  | co2_forecast | Very few sequences (8), LSTM may not train well
2026-09-17 22:33:37 | WARNING  | co2_forecast | Very few sequences (4), LSTM may not train well
2026-09-17 22:33:37 | WARNING  | co2_forecast | Very few sequences (4), LSTM may not train well
2026-09-17 22:33:37 | WARNING  | co2_forecast | Model training failed with params {'lookback': 7, 'hidden_size': 33, 'num_layers': 1, 'dropout': 0.3174646446740698, 'learning_rate': 0.004142028037008456, 'batch_size': 16}: LSTM.fit: training data has 8 rows, giving only 1 sequence(s) with lookback=7; at least 2 are required (one is always reserved for validation). Reduce lookback or provide more training history.
2026-09-17 22:33:37 | WARNING  | co2_forecast | Very few sequences (3), LSTM may not train well
2026-09-17 22:33:37 | WARNING  | co2_forecast | Very few sequences (7), LSTM may not train well
2026-09-17 22:33:37 | WARNING  | co2_forecast | Very few sequences (3), LSTM may not train well
2026-09-17 22:33:38 | WARNING  | co2_forecast | Very few sequences (3), LSTM may not train well
2026-09-17 22:33:38 | WARNING  | co2_forecast | Very few sequences (4), LSTM may not train well
2026-09-17 22:33:38 | WARNING  | co2_forecast | Very few sequences (8), LSTM may not train well
2026-09-17 22:33:38 | WARNING  | co2_forecast | Very few sequences (4), LSTM may not train well
2026-09-17 22:33:38 | WARNING  | co2_forecast | Very few sequences (4), LSTM may not train well
2026-09-17 22:33:38 | WARNING  | co2_forecast | Very few sequences (4), LSTM may not train well
2026-09-17 22:33:38 | WARNING  | co2_forecast | Very few sequences (8), LSTM may not train well
2026-09-17 22:33:38 | WARNING  | co2_forecast | Very few sequences (4), LSTM may not train well
2026-09-17 22:33:38 | WARNING  | co2_forecast | Very few sequences (4), LSTM may not train well
2026-09-17 22:33:38 | WARNING  | co2_forecast | Very few sequences (3), LSTM may not train well
2026-09-17 22:33:38 | WARNING  | co2_forecast | Very few sequences (7), LSTM may not train well
2026-09-17 22:33:38 | WARNING  | co2_forecast | Very few sequences (3), LSTM may not train well
2026-09-17 22:33:38 | WARNING  | co2_forecast | Very few sequences (3), LSTM may not train well
2026-09-17 22:33:38 | WARNING  | co2_forecast | Very few sequences (3), LSTM may not train well
2026-09-17 22:33:38 | WARNING  | co2_forecast | Very few sequences (7), LSTM may not train well
2026-09-17 22:33:38 | WARNING  | co2_forecast | Very few sequences (3), LSTM may not train well
2026-09-17 22:33:39 | WARNING  | co2_forecast | Very few sequences (3), LSTM may not train well
2026-09-17 22:33:39 | WARNING  | co2_forecast | Very few sequences (4), LSTM may not train well
2026-09-17 22:33:39 | WARNING  | co2_forecast | Very few sequences (8), LSTM may not train well
2026-09-17 22:33:39 | WARNING  | co2_forecast | Very few sequences (4), LSTM may not train well
2026-09-17 22:33:39 | WARNING  | co2_forecast | Very few sequences (4), LSTM may not train well
2026-09-17 22:33:39 | WARNING  | co2_forecast | Very few sequences (4), LSTM may not train well
2026-09-17 22:33:39 | WARNING  | co2_forecast | Very few sequences (8), LSTM may not train well
2026-09-17 22:33:39 | WARNING  | co2_forecast | Very few sequences (4), LSTM may not train well
2026-09-17 22:33:39 | WARNING  | co2_forecast | Very few sequences (4), LSTM may not train well
2026-09-17 22:33:39 | WARNING  | co2_forecast | Very few sequences (2), LSTM may not train well
2026-09-17 22:33:39 | WARNING  | co2_forecast | Very few sequences (6), LSTM may not train well
2026-09-17 22:33:39 | WARNING  | co2_forecast | Very few sequences (2), LSTM may not train well
2026-09-17 22:33:39 | WARNING  | co2_forecast | Very few sequences (2), LSTM may not train well
2026-09-17 22:33:39 | WARNING  | co2_forecast | Very few sequences (4), LSTM may not train well
2026-09-17 22:33:39 | WARNING  | co2_forecast | Very few sequences (8), LSTM may not train well
2026-09-17 22:33:39 | WARNING  | co2_forecast | Very few sequences (4), LSTM may not train well
2026-09-17 22:33:39 | WARNING  | co2_forecast | Very few sequences (4), LSTM may not train well
2026-09-17 22:33:39 | WARNING  | co2_forecast | Very few sequences (4), LSTM may not train well
2026-09-17 22:33:39 | WARNING  | co2_forecast | Very few sequences (8), LSTM may not train well
2026-09-17 22:33:40 | WARNING  | co2_forecast | Very few sequences (4), LSTM may not train well
2026-09-17 22:33:40 | WARNING  | co2_forecast | Very few sequences (4), LSTM may not train well
2026-09-17 22:33:40 | WARNING  | co2_forecast | Very few sequences (4), LSTM may not train well
2026-09-17 22:33:40 | WARNING  | co2_forecast | Very few sequences (8), LSTM may not train well
2026-09-17 22:33:40 | WARNING  | co2_forecast | Very few sequences (4), LSTM may not train well
2026-09-17 22:33:40 | WARNING  | co2_forecast | Very few sequences (4), LSTM may not train well
2026-09-17 22:33:40 | WARNING  | co2_forecast | Very few sequences (4), LSTM may not train well
2026-09-17 22:33:40 | WARNING  | co2_forecast | Very few sequences (8), LSTM may not train well
2026-09-17 22:33:40 | WARNING  | co2_forecast | Very few sequences (4), LSTM may not train well
2026-09-17 22:33:40 | WARNING  | co2_forecast | Very few sequences (4), LSTM may not train well
2026-09-17 22:33:40 | WARNING  | co2_forecast | Very few sequences (3), LSTM may not train well
2026-09-17 22:33:40 | WARNING  | co2_forecast | Very few sequences (7), LSTM may not train well
2026-09-17 22:33:40 | WARNING  | co2_forecast | Very few sequences (3), LSTM may not train well
2026-09-17 22:33:40 | WARNING  | co2_forecast | Very few sequences (3), LSTM may not train well
2026-09-17 22:33:40 | WARNING  | co2_forecast | Very few sequences (4), LSTM may not train well
2026-09-17 22:33:40 | WARNING  | co2_forecast | Very few sequences (8), LSTM may not train well
2026-09-17 22:33:40 | WARNING  | co2_forecast | Very few sequences (4), LSTM may not train well
2026-09-17 22:33:41 | WARNING  | co2_forecast | Very few sequences (4), LSTM may not train well
2026-09-17 22:33:41 | WARNING  | co2_forecast | Very few sequences (4), LSTM may not train well
2026-09-17 22:33:41 | WARNING  | co2_forecast | Very few sequences (8), LSTM may not train well
2026-09-17 22:33:41 | WARNING  | co2_forecast | Very few sequences (4), LSTM may not train well
2026-09-17 22:33:41 | WARNING  | co2_forecast | Very few sequences (4), LSTM may not train well
2026-09-17 22:33:41 | WARNING  | co2_forecast | Very few sequences (3), LSTM may not train well
2026-09-17 22:33:41 | WARNING  | co2_forecast | Very few sequences (7), LSTM may not train well
2026-09-17 22:33:41 | WARNING  | co2_forecast | Very few sequences (3), LSTM may not train well
2026-09-17 22:33:41 | WARNING  | co2_forecast | Very few sequences (3), LSTM may not train well
2026-09-17 22:33:41 | WARNING  | co2_forecast | Very few sequences (4), LSTM may not train well
2026-09-17 22:33:41 | WARNING  | co2_forecast | Very few sequences (8), LSTM may not train well
2026-09-17 22:33:41 | WARNING  | co2_forecast | Very few sequences (4), LSTM may not train well
2026-09-17 22:33:41 | WARNING  | co2_forecast | Very few sequences (4), LSTM may not train well
2026-09-17 22:33:41 | WARNING  | co2_forecast | Very few sequences (4), LSTM may not train well
2026-09-17 22:33:41 | WARNING  | co2_forecast | Very few sequences (8), LSTM may not train well
2026-09-17 22:33:42 | WARNING  | co2_forecast | Very few sequences (4), LSTM may not train well
2026-09-17 22:33:42 | WARNING  | co2_forecast | Very few sequences (4), LSTM may not train well
2026-09-17 22:33:42 | WARNING  | co2_forecast | Very few sequences (4), LSTM may not train well
2026-09-17 22:33:42 | WARNING  | co2_forecast | Very few sequences (8), LSTM may not train well
2026-09-17 22:33:42 | WARNING  | co2_forecast | Very few sequences (4), LSTM may not train well
2026-09-17 22:33:42 | WARNING  | co2_forecast | Very few sequences (4), LSTM may not train well
2026-09-17 22:33:42 | WARNING  | co2_forecast | Very few sequences (4), LSTM may not train well
2026-09-17 22:33:42 | WARNING  | co2_forecast | Very few sequences (8), LSTM may not train well
2026-09-17 22:33:42 | WARNING  | co2_forecast | Very few sequences (4), LSTM may not train well
2026-09-17 22:33:42 | WARNING  | co2_forecast | Very few sequences (4), LSTM may not train well
2026-09-17 22:33:42 | WARNING  | co2_forecast | Very few sequences (3), LSTM may not train well
2026-09-17 22:33:42 | WARNING  | co2_forecast | Very few sequences (7), LSTM may not train well
2026-09-17 22:33:42 | WARNING  | co2_forecast | Very few sequences (3), LSTM may not train well
2026-09-17 22:33:42 | WARNING  | co2_forecast | Very few sequences (3), LSTM may not train well
2026-09-17 22:33:42 | WARNING  | co2_forecast | Very few sequences (4), LSTM may not train well
2026-09-17 22:33:42 | WARNING  | co2_forecast | Very few sequences (8), LSTM may not train well
2026-09-17 22:33:42 | WARNING  | co2_forecast | Very few sequences (4), LSTM may not train well
2026-09-17 22:33:42 | WARNING  | co2_forecast | Very few sequences (4), LSTM may not train well
2026-09-17 22:33:42 | WARNING  | co2_forecast | Very few sequences (4), LSTM may not train well
2026-09-17 22:33:42 | WARNING  | co2_forecast | Very few sequences (8), LSTM may not train well
2026-09-17 22:33:43 | WARNING  | co2_forecast | Very few sequences (4), LSTM may not train well
2026-09-17 22:33:43 | WARNING  | co2_forecast | Very few sequences (4), LSTM may not train well
2026-09-17 22:33:43 | WARNING  | co2_forecast | Very few sequences (4), LSTM may not train well
2026-09-17 22:33:43 | WARNING  | co2_forecast | Very few sequences (8), LSTM may not train well
2026-09-17 22:33:43 | WARNING  | co2_forecast | Very few sequences (4), LSTM may not train well
2026-09-17 22:33:43 | WARNING  | co2_forecast | Very few sequences (4), LSTM may not train well
2026-09-17 22:33:43 | WARNING  | co2_forecast | Very few sequences (4), LSTM may not train well
2026-09-17 22:33:43 | WARNING  | co2_forecast | Very few sequences (8), LSTM may not train well
2026-09-17 22:33:43 | WARNING  | co2_forecast | Very few sequences (4), LSTM may not train well
2026-09-17 22:33:43 | WARNING  | co2_forecast | Very few sequences (4), LSTM may not train well
2026-09-17 22:33:43 | WARNING  | co2_forecast | Very few sequences (4), LSTM may not train well
2026-09-17 22:33:43 | WARNING  | co2_forecast | Very few sequences (8), LSTM may not train well
2026-09-17 22:33:43 | WARNING  | co2_forecast | Very few sequences (4), LSTM may not train well
2026-09-17 22:33:44 | WARNING  | co2_forecast | Very few sequences (4), LSTM may not train well
2026-09-17 22:33:44 | WARNING  | co2_forecast | Very few sequences (4), LSTM may not train well
2026-09-17 22:33:44 | WARNING  | co2_forecast | Very few sequences (8), LSTM may not train well
2026-09-17 22:33:44 | WARNING  | co2_forecast | Very few sequences (4), LSTM may not train well
2026-09-17 22:33:44 | WARNING  | co2_forecast | Very few sequences (4), LSTM may not train well
2026-09-17 22:33:44 | WARNING  | co2_forecast | Very few sequences (4), LSTM may not train well
2026-09-17 22:33:44 | WARNING  | co2_forecast | Very few sequences (8), LSTM may not train well
2026-09-17 22:33:44 | WARNING  | co2_forecast | Very few sequences (4), LSTM may not train well
2026-09-17 22:33:44 | WARNING  | co2_forecast | Very few sequences (4), LSTM may not train well
2026-09-17 22:33:44 | WARNING  | co2_forecast | Very few sequences (3), LSTM may not train well
2026-09-17 22:33:44 | WARNING  | co2_forecast | Very few sequences (7), LSTM may not train well
2026-09-17 22:33:44 | WARNING  | co2_forecast | Very few sequences (3), LSTM may not train well
2026-09-17 22:33:44 | WARNING  | co2_forecast | Very few sequences (3), LSTM may not train well
2026-09-17 22:33:44 | INFO     | co2_forecast |   Iteration 5: Best fitness = 0.762308
2026-09-17 22:33:44 | WARNING  | co2_forecast | Very few sequences (4), LSTM may not train well
2026-09-17 22:33:44 | WARNING  | co2_forecast | Very few sequences (8), LSTM may not train well
2026-09-17 22:33:44 | WARNING  | co2_forecast | Very few sequences (4), LSTM may not train well
2026-09-17 22:33:44 | WARNING  | co2_forecast | Very few sequences (4), LSTM may not train well
2026-09-17 22:33:44 | WARNING  | co2_forecast | Very few sequences (4), LSTM may not train well
2026-09-17 22:33:44 | WARNING  | co2_forecast | Very few sequences (8), LSTM may not train well
2026-09-17 22:33:45 | WARNING  | co2_forecast | Very few sequences (4), LSTM may not train well
2026-09-17 22:33:45 | WARNING  | co2_forecast | Very few sequences (4), LSTM may not train well
2026-09-17 22:33:45 | WARNING  | co2_forecast | Very few sequences (4), LSTM may not train well
2026-09-17 22:33:45 | WARNING  | co2_forecast | Very few sequences (8), LSTM may not train well
2026-09-17 22:33:45 | WARNING  | co2_forecast | Very few sequences (4), LSTM may not train well
2026-09-17 22:33:45 | WARNING  | co2_forecast | Very few sequences (4), LSTM may not train well
2026-09-17 22:33:45 | WARNING  | co2_forecast | Very few sequences (4), LSTM may not train well
2026-09-17 22:33:45 | WARNING  | co2_forecast | Very few sequences (8), LSTM may not train well
2026-09-17 22:33:45 | WARNING  | co2_forecast | Very few sequences (4), LSTM may not train well
2026-09-17 22:33:45 | WARNING  | co2_forecast | Very few sequences (4), LSTM may not train well
2026-09-17 22:33:45 | WARNING  | co2_forecast | Very few sequences (4), LSTM may not train well
2026-09-17 22:33:45 | WARNING  | co2_forecast | Very few sequences (8), LSTM may not train well
2026-09-17 22:33:45 | WARNING  | co2_forecast | Very few sequences (4), LSTM may not train well
2026-09-17 22:33:46 | WARNING  | co2_forecast | Very few sequences (4), LSTM may not train well
2026-09-17 22:33:46 | WARNING  | co2_forecast | Very few sequences (4), LSTM may not train well
2026-09-17 22:33:46 | WARNING  | co2_forecast | Very few sequences (8), LSTM may not train well
2026-09-17 22:33:46 | WARNING  | co2_forecast | Very few sequences (4), LSTM may not train well
2026-09-17 22:33:46 | WARNING  | co2_forecast | Very few sequences (4), LSTM may not train well
2026-09-17 22:33:46 | WARNING  | co2_forecast | Very few sequences (4), LSTM may not train well
2026-09-17 22:33:46 | WARNING  | co2_forecast | Very few sequences (8), LSTM may not train well
2026-09-17 22:33:46 | WARNING  | co2_forecast | Very few sequences (4), LSTM may not train well
2026-09-17 22:33:46 | WARNING  | co2_forecast | Very few sequences (4), LSTM may not train well
2026-09-17 22:33:46 | WARNING  | co2_forecast | Very few sequences (3), LSTM may not train well
2026-09-17 22:33:46 | WARNING  | co2_forecast | Very few sequences (7), LSTM may not train well
2026-09-17 22:33:46 | WARNING  | co2_forecast | Very few sequences (3), LSTM may not train well
2026-09-17 22:33:46 | WARNING  | co2_forecast | Very few sequences (3), LSTM may not train well
2026-09-17 22:33:46 | WARNING  | co2_forecast | Very few sequences (4), LSTM may not train well
2026-09-17 22:33:46 | WARNING  | co2_forecast | Very few sequences (8), LSTM may not train well
2026-09-17 22:33:46 | WARNING  | co2_forecast | Very few sequences (4), LSTM may not train well
2026-09-17 22:33:46 | WARNING  | co2_forecast | Very few sequences (4), LSTM may not train well
2026-09-17 22:33:46 | WARNING  | co2_forecast | Very few sequences (4), LSTM may not train well
2026-09-17 22:33:46 | WARNING  | co2_forecast | Very few sequences (8), LSTM may not train well
2026-09-17 22:33:47 | WARNING  | co2_forecast | Very few sequences (4), LSTM may not train well
2026-09-17 22:33:47 | WARNING  | co2_forecast | Very few sequences (4), LSTM may not train well
2026-09-17 22:33:47 | WARNING  | co2_forecast | Very few sequences (4), LSTM may not train well
2026-09-17 22:33:47 | WARNING  | co2_forecast | Very few sequences (8), LSTM may not train well
2026-09-17 22:33:47 | WARNING  | co2_forecast | Very few sequences (4), LSTM may not train well
2026-09-17 22:33:47 | WARNING  | co2_forecast | Very few sequences (4), LSTM may not train well
2026-09-17 22:33:47 | WARNING  | co2_forecast | Very few sequences (4), LSTM may not train well
2026-09-17 22:33:47 | WARNING  | co2_forecast | Very few sequences (8), LSTM may not train well
2026-09-17 22:33:47 | WARNING  | co2_forecast | Very few sequences (4), LSTM may not train well
2026-09-17 22:33:47 | WARNING  | co2_forecast | Very few sequences (4), LSTM may not train well
2026-09-17 22:33:47 | WARNING  | co2_forecast | Very few sequences (4), LSTM may not train well
2026-09-17 22:33:47 | WARNING  | co2_forecast | Very few sequences (8), LSTM may not train well
2026-09-17 22:33:47 | WARNING  | co2_forecast | Very few sequences (4), LSTM may not train well
2026-09-17 22:33:47 | WARNING  | co2_forecast | Very few sequences (4), LSTM may not train well
2026-09-17 22:33:48 | WARNING  | co2_forecast | Very few sequences (4), LSTM may not train well
2026-09-17 22:33:48 | WARNING  | co2_forecast | Very few sequences (8), LSTM may not train well
2026-09-17 22:33:48 | WARNING  | co2_forecast | Very few sequences (4), LSTM may not train well
2026-09-17 22:33:48 | WARNING  | co2_forecast | Very few sequences (4), LSTM may not train well
2026-09-17 22:33:48 | WARNING  | co2_forecast | Very few sequences (4), LSTM may not train well
2026-09-17 22:33:48 | WARNING  | co2_forecast | Very few sequences (8), LSTM may not train well
2026-09-17 22:33:48 | WARNING  | co2_forecast | Very few sequences (4), LSTM may not train well
2026-09-17 22:33:48 | WARNING  | co2_forecast | Very few sequences (4), LSTM may not train well
2026-09-17 22:33:48 | WARNING  | co2_forecast | Very few sequences (3), LSTM may not train well
2026-09-17 22:33:48 | WARNING  | co2_forecast | Very few sequences (7), LSTM may not train well
2026-09-17 22:33:48 | WARNING  | co2_forecast | Very few sequences (3), LSTM may not train well
2026-09-17 22:33:48 | WARNING  | co2_forecast | Very few sequences (3), LSTM may not train well
2026-09-17 22:33:48 | WARNING  | co2_forecast | Very few sequences (4), LSTM may not train well
2026-09-17 22:33:48 | WARNING  | co2_forecast | Very few sequences (8), LSTM may not train well
2026-09-17 22:33:48 | WARNING  | co2_forecast | Very few sequences (4), LSTM may not train well
2026-09-17 22:33:48 | WARNING  | co2_forecast | Very few sequences (4), LSTM may not train well
2026-09-17 22:33:48 | WARNING  | co2_forecast | Very few sequences (4), LSTM may not train well
2026-09-17 22:33:48 | WARNING  | co2_forecast | Very few sequences (8), LSTM may not train well
2026-09-17 22:33:49 | WARNING  | co2_forecast | Very few sequences (4), LSTM may not train well
2026-09-17 22:33:49 | WARNING  | co2_forecast | Very few sequences (4), LSTM may not train well
2026-09-17 22:33:49 | WARNING  | co2_forecast | Very few sequences (4), LSTM may not train well
2026-09-17 22:33:49 | WARNING  | co2_forecast | Very few sequences (8), LSTM may not train well
2026-09-17 22:33:49 | WARNING  | co2_forecast | Very few sequences (4), LSTM may not train well
2026-09-17 22:33:49 | WARNING  | co2_forecast | Very few sequences (4), LSTM may not train well
2026-09-17 22:33:49 | WARNING  | co2_forecast | Very few sequences (4), LSTM may not train well
2026-09-17 22:33:49 | WARNING  | co2_forecast | Very few sequences (8), LSTM may not train well
2026-09-17 22:33:49 | WARNING  | co2_forecast | Very few sequences (4), LSTM may not train well
2026-09-17 22:33:49 | WARNING  | co2_forecast | Very few sequences (4), LSTM may not train well
2026-09-17 22:33:49 | WARNING  | co2_forecast | Very few sequences (4), LSTM may not train well
2026-09-17 22:33:49 | WARNING  | co2_forecast | Very few sequences (8), LSTM may not train well
2026-09-17 22:33:49 | WARNING  | co2_forecast | Very few sequences (4), LSTM may not train well
2026-09-17 22:33:50 | WARNING  | co2_forecast | Very few sequences (4), LSTM may not train well
2026-09-17 22:33:50 | WARNING  | co2_forecast | Very few sequences (4), LSTM may not train well
2026-09-17 22:33:50 | WARNING  | co2_forecast | Very few sequences (8), LSTM may not train well
2026-09-17 22:33:50 | WARNING  | co2_forecast | Very few sequences (4), LSTM may not train well
2026-09-17 22:33:50 | WARNING  | co2_forecast | Very few sequences (4), LSTM may not train well
2026-09-17 22:33:50 | WARNING  | co2_forecast | Very few sequences (4), LSTM may not train well
2026-09-17 22:33:50 | WARNING  | co2_forecast | Very few sequences (8), LSTM may not train well
2026-09-17 22:33:50 | WARNING  | co2_forecast | Very few sequences (4), LSTM may not train well
2026-09-17 22:33:50 | WARNING  | co2_forecast | Very few sequences (4), LSTM may not train well
2026-09-17 22:33:50 | WARNING  | co2_forecast | Very few sequences (3), LSTM may not train well
2026-09-17 22:33:50 | WARNING  | co2_forecast | Very few sequences (7), LSTM may not train well
2026-09-17 22:33:50 | WARNING  | co2_forecast | Very few sequences (3), LSTM may not train well
2026-09-17 22:33:50 | WARNING  | co2_forecast | Very few sequences (3), LSTM may not train well
2026-09-17 22:33:50 | WARNING  | co2_forecast | Very few sequences (4), LSTM may not train well
2026-09-17 22:33:50 | WARNING  | co2_forecast | Very few sequences (8), LSTM may not train well
2026-09-17 22:33:50 | WARNING  | co2_forecast | Very few sequences (4), LSTM may not train well
2026-09-17 22:33:50 | WARNING  | co2_forecast | Very few sequences (4), LSTM may not train well
2026-09-17 22:33:50 | WARNING  | co2_forecast | Very few sequences (4), LSTM may not train well
2026-09-17 22:33:50 | WARNING  | co2_forecast | Very few sequences (8), LSTM may not train well
2026-09-17 22:33:51 | WARNING  | co2_forecast | Very few sequences (4), LSTM may not train well
2026-09-17 22:33:51 | WARNING  | co2_forecast | Very few sequences (4), LSTM may not train well
2026-09-17 22:33:51 | WARNING  | co2_forecast | Very few sequences (4), LSTM may not train well
2026-09-17 22:33:51 | WARNING  | co2_forecast | Very few sequences (8), LSTM may not train well
2026-09-17 22:33:51 | WARNING  | co2_forecast | Very few sequences (4), LSTM may not train well
2026-09-17 22:33:51 | WARNING  | co2_forecast | Very few sequences (4), LSTM may not train well
2026-09-17 22:33:51 | WARNING  | co2_forecast | Very few sequences (4), LSTM may not train well
2026-09-17 22:33:51 | WARNING  | co2_forecast | Very few sequences (8), LSTM may not train well
2026-09-17 22:33:51 | WARNING  | co2_forecast | Very few sequences (4), LSTM may not train well
2026-09-17 22:33:51 | WARNING  | co2_forecast | Very few sequences (4), LSTM may not train well
2026-09-17 22:33:51 | WARNING  | co2_forecast | Very few sequences (4), LSTM may not train well
2026-09-17 22:33:51 | WARNING  | co2_forecast | Very few sequences (8), LSTM may not train well
2026-09-17 22:33:52 | WARNING  | co2_forecast | Very few sequences (4), LSTM may not train well
2026-09-17 22:33:52 | WARNING  | co2_forecast | Very few sequences (4), LSTM may not train well
2026-09-17 22:33:52 | WARNING  | co2_forecast | Very few sequences (4), LSTM may not train well
2026-09-17 22:33:52 | WARNING  | co2_forecast | Very few sequences (8), LSTM may not train well
2026-09-17 22:33:52 | WARNING  | co2_forecast | Very few sequences (4), LSTM may not train well
2026-09-17 22:33:52 | WARNING  | co2_forecast | Very few sequences (4), LSTM may not train well
2026-09-17 22:33:52 | WARNING  | co2_forecast | Very few sequences (4), LSTM may not train well
2026-09-17 22:33:52 | WARNING  | co2_forecast | Very few sequences (8), LSTM may not train well
2026-09-17 22:33:52 | WARNING  | co2_forecast | Very few sequences (4), LSTM may not train well
2026-09-17 22:33:52 | WARNING  | co2_forecast | Very few sequences (4), LSTM may not train well
2026-09-17 22:33:52 | WARNING  | co2_forecast | Very few sequences (3), LSTM may not train well
2026-09-17 22:33:52 | WARNING  | co2_forecast | Very few sequences (7), LSTM may not train well
2026-09-17 22:33:52 | WARNING  | co2_forecast | Very few sequences (3), LSTM may not train well
2026-09-17 22:33:52 | WARNING  | co2_forecast | Very few sequences (3), LSTM may not train well
2026-09-17 22:33:52 | INFO     | co2_forecast |   Iteration 9: Best fitness = 0.762308
2026-09-17 22:33:52 | INFO     | co2_forecast | PSO complete. Best fitness: 0.762308
2026-09-17 22:33:52 | INFO     | co2_forecast |   Best params: {'lookback': 4, 'hidden_size': 16, 'num_layers': 2, 'dropout': 0.5, 'learning_rate': 0.0001, 'batch_size': 32}
2026-09-17 22:33:52 | INFO     | co2_forecast |   Best fitness: 0.762308
2026-09-17 22:33:52 | INFO     | co2_forecast | [A3_no_grid/panel2_common_period/all_features/lstm] sweep tuning: best_params={'lookback': 4, 'hidden_size': 16, 'num_layers': 2, 'dropout': 0.5, 'learning_rate': 0.0001, 'batch_size': 32}
2026-09-17 22:33:53 | INFO     | co2_forecast |   lstm -> weighted_mase=1.020212975816219
2026-09-17 22:33:53 | INFO     | co2_forecast | Variant A3_no_grid complete in 38.5s
2026-09-17 22:33:53 | INFO     | co2_forecast | --- Variant A3_CI_mean_only: 12 features ---
2026-09-17 22:33:53 | INFO     | co2_forecast | Creating walk-forward splits for 16 valid samples
2026-09-17 22:33:53 | INFO     | co2_forecast | Created 4 CV folds across horizons [1, 2, 4]
2026-09-17 22:33:53 | INFO     | co2_forecast | Built tuning CV plan: 4 folds from 16 rows before 2022-Qq (evaluation cutoff) - isolation OK (max tuning date 2021-Qq)
2026-09-17 22:33:53 | INFO     | co2_forecast | Optimizing ridge...
2026-09-17 22:33:53 | INFO     | co2_forecast | Starting PSO: 8 particles, 10 iterations
2026-09-17 22:33:53 | INFO     | co2_forecast |   Iteration 0: Best fitness = 2.483070
2026-09-17 22:33:53 | INFO     | co2_forecast |   Iteration 5: Best fitness = 2.132950
2026-09-17 22:33:53 | INFO     | co2_forecast |   Iteration 9: Best fitness = 2.132950
2026-09-17 22:33:53 | INFO     | co2_forecast | PSO complete. Best fitness: 2.132950
2026-09-17 22:33:53 | INFO     | co2_forecast |   Best params: {'alpha': 100.0}
2026-09-17 22:33:53 | INFO     | co2_forecast |   Best fitness: 2.132950
2026-09-17 22:33:53 | INFO     | co2_forecast | [A3_CI_mean_only/panel2_common_period/all_features/ridge] sweep tuning: best_params={'alpha': 100.0}
2026-09-17 22:33:53 | INFO     | co2_forecast |   ridge -> weighted_mase=0.893930025451327
2026-09-17 22:33:53 | INFO     | co2_forecast | Creating walk-forward splits for 16 valid samples
2026-09-17 22:33:53 | INFO     | co2_forecast | Created 4 CV folds across horizons [1, 2, 4]
2026-09-17 22:33:53 | INFO     | co2_forecast | Built tuning CV plan: 4 folds from 16 rows before 2022-Qq (evaluation cutoff) - isolation OK (max tuning date 2021-Qq)
2026-09-17 22:33:53 | INFO     | co2_forecast | Optimizing random_forest...
2026-09-17 22:33:53 | INFO     | co2_forecast | Starting PSO: 8 particles, 10 iterations
2026-09-17 22:33:55 | INFO     | co2_forecast |   Iteration 0: Best fitness = 0.664738
2026-09-17 22:34:02 | INFO     | co2_forecast |   Iteration 5: Best fitness = 0.317239
2026-09-17 22:34:07 | INFO     | co2_forecast |   Iteration 9: Best fitness = 0.317239
2026-09-17 22:34:07 | INFO     | co2_forecast | PSO complete. Best fitness: 0.317239
2026-09-17 22:34:07 | INFO     | co2_forecast |   Best params: {'n_estimators': 50, 'max_depth': 3, 'min_samples_split': 2, 'min_samples_leaf': 1}
2026-09-17 22:34:07 | INFO     | co2_forecast |   Best fitness: 0.317239
2026-09-17 22:34:07 | INFO     | co2_forecast | [A3_CI_mean_only/panel2_common_period/all_features/random_forest] sweep tuning: best_params={'n_estimators': 50, 'max_depth': 3, 'min_samples_split': 2, 'min_samples_leaf': 1}
2026-09-17 22:34:07 | INFO     | co2_forecast |   random_forest -> weighted_mase=0.7128498363399915
2026-09-17 22:34:07 | INFO     | co2_forecast | Creating walk-forward splits for 16 valid samples
2026-09-17 22:34:07 | INFO     | co2_forecast | Created 4 CV folds across horizons [1, 2, 4]
2026-09-17 22:34:07 | INFO     | co2_forecast | Built tuning CV plan: 4 folds from 16 rows before 2022-Qq (evaluation cutoff) - isolation OK (max tuning date 2021-Qq)
2026-09-17 22:34:07 | INFO     | co2_forecast | Optimizing catboost...
2026-09-17 22:34:07 | INFO     | co2_forecast | Starting PSO: 8 particles, 10 iterations
2026-09-17 22:34:07 | INFO     | co2_forecast |   Iteration 0: Best fitness = 0.337395
2026-09-17 22:34:08 | INFO     | co2_forecast |   Iteration 5: Best fitness = 0.324936
2026-09-17 22:34:09 | INFO     | co2_forecast |   Iteration 9: Best fitness = 0.319356
2026-09-17 22:34:09 | INFO     | co2_forecast | PSO complete. Best fitness: 0.319356
2026-09-17 22:34:09 | INFO     | co2_forecast |   Best params: {'iterations': 100, 'learning_rate': 0.17194726281485379, 'depth': 3, 'l2_leaf_reg': 8.96216543618773}
2026-09-17 22:34:09 | INFO     | co2_forecast |   Best fitness: 0.319356
2026-09-17 22:34:09 | INFO     | co2_forecast | [A3_CI_mean_only/panel2_common_period/all_features/catboost] sweep tuning: best_params={'iterations': 100, 'learning_rate': 0.17194726281485379, 'depth': 3, 'l2_leaf_reg': 8.96216543618773}
2026-09-17 22:34:09 | INFO     | co2_forecast |   catboost -> weighted_mase=0.7316383150974125
2026-09-17 22:34:09 | INFO     | co2_forecast | Creating walk-forward splits for 16 valid samples
2026-09-17 22:34:09 | INFO     | co2_forecast | Created 4 CV folds across horizons [1, 2, 4]
2026-09-17 22:34:09 | INFO     | co2_forecast | Built tuning CV plan: 4 folds from 16 rows before 2022-Qq (evaluation cutoff) - isolation OK (max tuning date 2021-Qq)
2026-09-17 22:34:09 | INFO     | co2_forecast | Optimizing lightgbm...
2026-09-17 22:34:09 | INFO     | co2_forecast | Starting PSO: 8 particles, 10 iterations
2026-09-17 22:34:09 | INFO     | co2_forecast |   Iteration 0: Best fitness = 0.768990
2026-09-17 22:34:10 | INFO     | co2_forecast |   Iteration 5: Best fitness = 0.655521
2026-09-17 22:34:11 | INFO     | co2_forecast |   Iteration 9: Best fitness = 0.644572
2026-09-17 22:34:11 | INFO     | co2_forecast | PSO complete. Best fitness: 0.644572
2026-09-17 22:34:11 | INFO     | co2_forecast |   Best params: {'n_estimators': 50, 'learning_rate': 0.24875557248327107, 'num_leaves': 127, 'max_depth': 3, 'min_child_samples': 5, 'reg_alpha': 0.09419715994303053, 'reg_lambda': 1.6116769810147058}
2026-09-17 22:34:11 | INFO     | co2_forecast |   Best fitness: 0.644572
2026-09-17 22:34:11 | INFO     | co2_forecast | [A3_CI_mean_only/panel2_common_period/all_features/lightgbm] sweep tuning: best_params={'n_estimators': 50, 'learning_rate': 0.24875557248327107, 'num_leaves': 127, 'max_depth': 3, 'min_child_samples': 5, 'reg_alpha': 0.09419715994303053, 'reg_lambda': 1.6116769810147058}
2026-09-17 22:34:11 | INFO     | co2_forecast |   lightgbm -> weighted_mase=0.5979271362673391
2026-09-17 22:34:11 | INFO     | co2_forecast | Creating walk-forward splits for 16 valid samples
2026-09-17 22:34:11 | INFO     | co2_forecast | Created 4 CV folds across horizons [1, 2, 4]
2026-09-17 22:34:11 | INFO     | co2_forecast | Built tuning CV plan: 4 folds from 16 rows before 2022-Qq (evaluation cutoff) - isolation OK (max tuning date 2021-Qq)
2026-09-17 22:34:11 | INFO     | co2_forecast | Optimizing lstm...
2026-09-17 22:34:11 | INFO     | co2_forecast | Starting PSO: 8 particles, 10 iterations
2026-09-17 22:34:11 | WARNING  | co2_forecast | Model training failed with params {'lookback': 7, 'hidden_size': 62, 'num_layers': 2, 'dropout': 0.3394633936788147, 'learning_rate': 0.0016445845403801217, 'batch_size': 8}: LSTM.fit: training data has 8 rows, giving only 1 sequence(s) with lookback=7; at least 2 are required (one is always reserved for validation). Reduce lookback or provide more training history.
2026-09-17 22:34:11 | WARNING  | co2_forecast | Model training failed with params {'lookback': 11, 'hidden_size': 26, 'num_layers': 1, 'dropout': 0.17336180394137354, 'learning_rate': 0.0031119982052994237, 'batch_size': 16}: LSTM.fit: training data has 8 rows, giving only 0 sequence(s) with lookback=11; at least 2 are required (one is always reserved for validation). Reduce lookback or provide more training history.
2026-09-17 22:34:11 | WARNING  | co2_forecast | Model training failed with params {'lookback': 8, 'hidden_size': 54, 'num_layers': 1, 'dropout': 0.3056937753654447, 'learning_rate': 0.005964904231734221, 'batch_size': 8}: LSTM.fit: training data has 8 rows, giving only 0 sequence(s) with lookback=8; at least 2 are required (one is always reserved for validation). Reduce lookback or provide more training history.
2026-09-17 22:34:11 | WARNING  | co2_forecast | Very few sequences (2), LSTM may not train well
2026-09-17 22:34:11 | WARNING  | co2_forecast | Very few sequences (6), LSTM may not train well
2026-09-17 22:34:11 | WARNING  | co2_forecast | Very few sequences (2), LSTM may not train well
2026-09-17 22:34:11 | WARNING  | co2_forecast | Very few sequences (2), LSTM may not train well
2026-09-17 22:34:11 | WARNING  | co2_forecast | Model training failed with params {'lookback': 8, 'hidden_size': 25, 'num_layers': 2, 'dropout': 0.4100531293444458, 'learning_rate': 0.009401039521485473, 'batch_size': 32}: LSTM.fit: training data has 8 rows, giving only 0 sequence(s) with lookback=8; at least 2 are required (one is always reserved for validation). Reduce lookback or provide more training history.
2026-09-17 22:34:11 | WARNING  | co2_forecast | Model training failed with params {'lookback': 7, 'hidden_size': 29, 'num_layers': 2, 'dropout': 0.2427013306774357, 'learning_rate': 0.00288125164590507, 'batch_size': 16}: LSTM.fit: training data has 8 rows, giving only 1 sequence(s) with lookback=7; at least 2 are required (one is always reserved for validation). Reduce lookback or provide more training history.
2026-09-17 22:34:11 | WARNING  | co2_forecast | Very few sequences (4), LSTM may not train well
2026-09-17 22:34:11 | WARNING  | co2_forecast | Very few sequences (8), LSTM may not train well
2026-09-17 22:34:11 | WARNING  | co2_forecast | Very few sequences (4), LSTM may not train well
2026-09-17 22:34:11 | WARNING  | co2_forecast | Very few sequences (4), LSTM may not train well
2026-09-17 22:34:11 | WARNING  | co2_forecast | Very few sequences (2), LSTM may not train well
2026-09-17 22:34:11 | WARNING  | co2_forecast | Very few sequences (6), LSTM may not train well
2026-09-17 22:34:12 | WARNING  | co2_forecast | Very few sequences (2), LSTM may not train well
2026-09-17 22:34:12 | WARNING  | co2_forecast | Very few sequences (2), LSTM may not train well
2026-09-17 22:34:12 | INFO     | co2_forecast |   Iteration 0: Best fitness = 1.059708
2026-09-17 22:34:12 | WARNING  | co2_forecast | Very few sequences (3), LSTM may not train well
2026-09-17 22:34:12 | WARNING  | co2_forecast | Very few sequences (7), LSTM may not train well
2026-09-17 22:34:12 | WARNING  | co2_forecast | Very few sequences (3), LSTM may not train well
2026-09-17 22:34:12 | WARNING  | co2_forecast | Very few sequences (3), LSTM may not train well
2026-09-17 22:34:12 | WARNING  | co2_forecast | Very few sequences (2), LSTM may not train well
2026-09-17 22:34:12 | WARNING  | co2_forecast | Very few sequences (6), LSTM may not train well
2026-09-17 22:34:12 | WARNING  | co2_forecast | Very few sequences (2), LSTM may not train well
2026-09-17 22:34:12 | WARNING  | co2_forecast | Very few sequences (2), LSTM may not train well
2026-09-17 22:34:12 | WARNING  | co2_forecast | Model training failed with params {'lookback': 8, 'hidden_size': 44, 'num_layers': 1, 'dropout': 0.32389753899663415, 'learning_rate': 0.005520634690128072, 'batch_size': 8}: LSTM.fit: training data has 8 rows, giving only 0 sequence(s) with lookback=8; at least 2 are required (one is always reserved for validation). Reduce lookback or provide more training history.
2026-09-17 22:34:12 | WARNING  | co2_forecast | Very few sequences (3), LSTM may not train well
2026-09-17 22:34:12 | WARNING  | co2_forecast | Very few sequences (7), LSTM may not train well
2026-09-17 22:34:12 | WARNING  | co2_forecast | Very few sequences (3), LSTM may not train well
2026-09-17 22:34:12 | WARNING  | co2_forecast | Very few sequences (3), LSTM may not train well
2026-09-17 22:34:12 | WARNING  | co2_forecast | Very few sequences (2), LSTM may not train well
2026-09-17 22:34:12 | WARNING  | co2_forecast | Very few sequences (6), LSTM may not train well
2026-09-17 22:34:13 | WARNING  | co2_forecast | Very few sequences (2), LSTM may not train well
2026-09-17 22:34:13 | WARNING  | co2_forecast | Very few sequences (2), LSTM may not train well
2026-09-17 22:34:13 | WARNING  | co2_forecast | Very few sequences (3), LSTM may not train well
2026-09-17 22:34:13 | WARNING  | co2_forecast | Very few sequences (7), LSTM may not train well
2026-09-17 22:34:13 | WARNING  | co2_forecast | Very few sequences (3), LSTM may not train well
2026-09-17 22:34:13 | WARNING  | co2_forecast | Very few sequences (3), LSTM may not train well
2026-09-17 22:34:13 | WARNING  | co2_forecast | Very few sequences (4), LSTM may not train well
2026-09-17 22:34:13 | WARNING  | co2_forecast | Very few sequences (8), LSTM may not train well
2026-09-17 22:34:13 | WARNING  | co2_forecast | Very few sequences (4), LSTM may not train well
2026-09-17 22:34:13 | WARNING  | co2_forecast | Very few sequences (4), LSTM may not train well
2026-09-17 22:34:14 | WARNING  | co2_forecast | Very few sequences (2), LSTM may not train well
2026-09-17 22:34:14 | WARNING  | co2_forecast | Very few sequences (6), LSTM may not train well
2026-09-17 22:34:14 | WARNING  | co2_forecast | Very few sequences (2), LSTM may not train well
2026-09-17 22:34:14 | WARNING  | co2_forecast | Very few sequences (2), LSTM may not train well
2026-09-17 22:34:14 | WARNING  | co2_forecast | Very few sequences (3), LSTM may not train well
2026-09-17 22:34:14 | WARNING  | co2_forecast | Very few sequences (7), LSTM may not train well
2026-09-17 22:34:14 | WARNING  | co2_forecast | Very few sequences (3), LSTM may not train well
2026-09-17 22:34:14 | WARNING  | co2_forecast | Very few sequences (3), LSTM may not train well
2026-09-17 22:34:14 | WARNING  | co2_forecast | Very few sequences (4), LSTM may not train well
2026-09-17 22:34:14 | WARNING  | co2_forecast | Very few sequences (8), LSTM may not train well
2026-09-17 22:34:14 | WARNING  | co2_forecast | Very few sequences (4), LSTM may not train well
2026-09-17 22:34:14 | WARNING  | co2_forecast | Very few sequences (4), LSTM may not train well
2026-09-17 22:34:15 | WARNING  | co2_forecast | Model training failed with params {'lookback': 7, 'hidden_size': 35, 'num_layers': 1, 'dropout': 0.31512819649180424, 'learning_rate': 0.004065945490368326, 'batch_size': 8}: LSTM.fit: training data has 8 rows, giving only 1 sequence(s) with lookback=7; at least 2 are required (one is always reserved for validation). Reduce lookback or provide more training history.
2026-09-17 22:34:15 | WARNING  | co2_forecast | Very few sequences (2), LSTM may not train well
2026-09-17 22:34:15 | WARNING  | co2_forecast | Very few sequences (6), LSTM may not train well
2026-09-17 22:34:15 | WARNING  | co2_forecast | Very few sequences (2), LSTM may not train well
2026-09-17 22:34:15 | WARNING  | co2_forecast | Very few sequences (2), LSTM may not train well
2026-09-17 22:34:15 | WARNING  | co2_forecast | Very few sequences (3), LSTM may not train well
2026-09-17 22:34:15 | WARNING  | co2_forecast | Very few sequences (7), LSTM may not train well
2026-09-17 22:34:16 | WARNING  | co2_forecast | Very few sequences (3), LSTM may not train well
2026-09-17 22:34:16 | WARNING  | co2_forecast | Very few sequences (3), LSTM may not train well
2026-09-17 22:34:16 | WARNING  | co2_forecast | Very few sequences (3), LSTM may not train well
2026-09-17 22:34:16 | WARNING  | co2_forecast | Very few sequences (7), LSTM may not train well
2026-09-17 22:34:16 | WARNING  | co2_forecast | Very few sequences (3), LSTM may not train well
2026-09-17 22:34:16 | WARNING  | co2_forecast | Very few sequences (3), LSTM may not train well
2026-09-17 22:34:16 | WARNING  | co2_forecast | Very few sequences (3), LSTM may not train well
2026-09-17 22:34:16 | WARNING  | co2_forecast | Very few sequences (7), LSTM may not train well
2026-09-17 22:34:16 | WARNING  | co2_forecast | Very few sequences (3), LSTM may not train well
2026-09-17 22:34:16 | WARNING  | co2_forecast | Very few sequences (3), LSTM may not train well
2026-09-17 22:34:16 | WARNING  | co2_forecast | Very few sequences (2), LSTM may not train well
2026-09-17 22:34:16 | WARNING  | co2_forecast | Very few sequences (6), LSTM may not train well
2026-09-17 22:34:17 | WARNING  | co2_forecast | Very few sequences (2), LSTM may not train well
2026-09-17 22:34:17 | WARNING  | co2_forecast | Very few sequences (2), LSTM may not train well
2026-09-17 22:34:17 | WARNING  | co2_forecast | Very few sequences (3), LSTM may not train well
2026-09-17 22:34:17 | WARNING  | co2_forecast | Very few sequences (7), LSTM may not train well
2026-09-17 22:34:17 | WARNING  | co2_forecast | Very few sequences (3), LSTM may not train well
2026-09-17 22:34:17 | WARNING  | co2_forecast | Very few sequences (3), LSTM may not train well
2026-09-17 22:34:17 | WARNING  | co2_forecast | Very few sequences (4), LSTM may not train well
2026-09-17 22:34:17 | WARNING  | co2_forecast | Very few sequences (8), LSTM may not train well
2026-09-17 22:34:17 | WARNING  | co2_forecast | Very few sequences (4), LSTM may not train well
2026-09-17 22:34:17 | WARNING  | co2_forecast | Very few sequences (4), LSTM may not train well
2026-09-17 22:34:17 | WARNING  | co2_forecast | Very few sequences (2), LSTM may not train well
2026-09-17 22:34:17 | WARNING  | co2_forecast | Very few sequences (6), LSTM may not train well
2026-09-17 22:34:17 | WARNING  | co2_forecast | Very few sequences (2), LSTM may not train well
2026-09-17 22:34:17 | WARNING  | co2_forecast | Very few sequences (2), LSTM may not train well
2026-09-17 22:34:18 | WARNING  | co2_forecast | Very few sequences (3), LSTM may not train well
2026-09-17 22:34:18 | WARNING  | co2_forecast | Very few sequences (7), LSTM may not train well
2026-09-17 22:34:18 | WARNING  | co2_forecast | Very few sequences (3), LSTM may not train well
2026-09-17 22:34:18 | WARNING  | co2_forecast | Very few sequences (3), LSTM may not train well
2026-09-17 22:34:18 | WARNING  | co2_forecast | Very few sequences (4), LSTM may not train well
2026-09-17 22:34:18 | WARNING  | co2_forecast | Very few sequences (8), LSTM may not train well
2026-09-17 22:34:18 | WARNING  | co2_forecast | Very few sequences (4), LSTM may not train well
2026-09-17 22:34:18 | WARNING  | co2_forecast | Very few sequences (4), LSTM may not train well
2026-09-17 22:34:18 | WARNING  | co2_forecast | Very few sequences (3), LSTM may not train well
2026-09-17 22:34:18 | WARNING  | co2_forecast | Very few sequences (7), LSTM may not train well
2026-09-17 22:34:19 | WARNING  | co2_forecast | Very few sequences (3), LSTM may not train well
2026-09-17 22:34:19 | WARNING  | co2_forecast | Very few sequences (3), LSTM may not train well
2026-09-17 22:34:19 | WARNING  | co2_forecast | Very few sequences (4), LSTM may not train well
2026-09-17 22:34:19 | WARNING  | co2_forecast | Very few sequences (8), LSTM may not train well
2026-09-17 22:34:19 | WARNING  | co2_forecast | Very few sequences (4), LSTM may not train well
2026-09-17 22:34:19 | WARNING  | co2_forecast | Very few sequences (4), LSTM may not train well
2026-09-17 22:34:19 | WARNING  | co2_forecast | Very few sequences (2), LSTM may not train well
2026-09-17 22:34:19 | WARNING  | co2_forecast | Very few sequences (6), LSTM may not train well
2026-09-17 22:34:19 | WARNING  | co2_forecast | Very few sequences (2), LSTM may not train well
2026-09-17 22:34:19 | WARNING  | co2_forecast | Very few sequences (2), LSTM may not train well
2026-09-17 22:34:19 | WARNING  | co2_forecast | Very few sequences (3), LSTM may not train well
2026-09-17 22:34:19 | WARNING  | co2_forecast | Very few sequences (7), LSTM may not train well
2026-09-17 22:34:19 | WARNING  | co2_forecast | Very few sequences (3), LSTM may not train well
2026-09-17 22:34:20 | WARNING  | co2_forecast | Very few sequences (3), LSTM may not train well
2026-09-17 22:34:20 | WARNING  | co2_forecast | Very few sequences (4), LSTM may not train well
2026-09-17 22:34:20 | WARNING  | co2_forecast | Very few sequences (8), LSTM may not train well
2026-09-17 22:34:20 | WARNING  | co2_forecast | Very few sequences (4), LSTM may not train well
2026-09-17 22:34:20 | WARNING  | co2_forecast | Very few sequences (4), LSTM may not train well
2026-09-17 22:34:20 | WARNING  | co2_forecast | Very few sequences (3), LSTM may not train well
2026-09-17 22:34:20 | WARNING  | co2_forecast | Very few sequences (7), LSTM may not train well
2026-09-17 22:34:20 | WARNING  | co2_forecast | Very few sequences (3), LSTM may not train well
2026-09-17 22:34:20 | WARNING  | co2_forecast | Very few sequences (3), LSTM may not train well
2026-09-17 22:34:20 | WARNING  | co2_forecast | Very few sequences (3), LSTM may not train well
2026-09-17 22:34:20 | WARNING  | co2_forecast | Very few sequences (7), LSTM may not train well
2026-09-17 22:34:20 | WARNING  | co2_forecast | Very few sequences (3), LSTM may not train well
2026-09-17 22:34:21 | WARNING  | co2_forecast | Very few sequences (3), LSTM may not train well
2026-09-17 22:34:21 | WARNING  | co2_forecast | Very few sequences (4), LSTM may not train well
2026-09-17 22:34:21 | WARNING  | co2_forecast | Very few sequences (8), LSTM may not train well
2026-09-17 22:34:21 | WARNING  | co2_forecast | Very few sequences (4), LSTM may not train well
2026-09-17 22:34:21 | WARNING  | co2_forecast | Very few sequences (4), LSTM may not train well
2026-09-17 22:34:21 | WARNING  | co2_forecast | Very few sequences (3), LSTM may not train well
2026-09-17 22:34:21 | WARNING  | co2_forecast | Very few sequences (7), LSTM may not train well
2026-09-17 22:34:21 | WARNING  | co2_forecast | Very few sequences (3), LSTM may not train well
2026-09-17 22:34:21 | WARNING  | co2_forecast | Very few sequences (3), LSTM may not train well
2026-09-17 22:34:21 | WARNING  | co2_forecast | Very few sequences (4), LSTM may not train well
2026-09-17 22:34:21 | WARNING  | co2_forecast | Very few sequences (8), LSTM may not train well
2026-09-17 22:34:21 | WARNING  | co2_forecast | Very few sequences (4), LSTM may not train well
2026-09-17 22:34:22 | WARNING  | co2_forecast | Very few sequences (4), LSTM may not train well
2026-09-17 22:34:22 | WARNING  | co2_forecast | Very few sequences (3), LSTM may not train well
2026-09-17 22:34:22 | WARNING  | co2_forecast | Very few sequences (7), LSTM may not train well
2026-09-17 22:34:22 | WARNING  | co2_forecast | Very few sequences (3), LSTM may not train well
2026-09-17 22:34:22 | WARNING  | co2_forecast | Very few sequences (3), LSTM may not train well
2026-09-17 22:34:22 | WARNING  | co2_forecast | Very few sequences (3), LSTM may not train well
2026-09-17 22:34:22 | WARNING  | co2_forecast | Very few sequences (7), LSTM may not train well
2026-09-17 22:34:22 | WARNING  | co2_forecast | Very few sequences (3), LSTM may not train well
2026-09-17 22:34:22 | WARNING  | co2_forecast | Very few sequences (3), LSTM may not train well
2026-09-17 22:34:22 | WARNING  | co2_forecast | Very few sequences (3), LSTM may not train well
2026-09-17 22:34:22 | WARNING  | co2_forecast | Very few sequences (7), LSTM may not train well
2026-09-17 22:34:23 | WARNING  | co2_forecast | Very few sequences (3), LSTM may not train well
2026-09-17 22:34:23 | WARNING  | co2_forecast | Very few sequences (3), LSTM may not train well
2026-09-17 22:34:23 | WARNING  | co2_forecast | Very few sequences (3), LSTM may not train well
2026-09-17 22:34:23 | WARNING  | co2_forecast | Very few sequences (7), LSTM may not train well
2026-09-17 22:34:23 | WARNING  | co2_forecast | Very few sequences (3), LSTM may not train well
2026-09-17 22:34:23 | WARNING  | co2_forecast | Very few sequences (3), LSTM may not train well
2026-09-17 22:34:23 | WARNING  | co2_forecast | Very few sequences (3), LSTM may not train well
2026-09-17 22:34:23 | WARNING  | co2_forecast | Very few sequences (7), LSTM may not train well
2026-09-17 22:34:24 | WARNING  | co2_forecast | Very few sequences (3), LSTM may not train well
2026-09-17 22:34:24 | WARNING  | co2_forecast | Very few sequences (3), LSTM may not train well
2026-09-17 22:34:24 | WARNING  | co2_forecast | Very few sequences (3), LSTM may not train well
2026-09-17 22:34:24 | WARNING  | co2_forecast | Very few sequences (7), LSTM may not train well
2026-09-17 22:34:24 | WARNING  | co2_forecast | Very few sequences (3), LSTM may not train well
2026-09-17 22:34:24 | WARNING  | co2_forecast | Very few sequences (3), LSTM may not train well
2026-09-17 22:34:24 | WARNING  | co2_forecast | Very few sequences (3), LSTM may not train well
2026-09-17 22:34:24 | WARNING  | co2_forecast | Very few sequences (7), LSTM may not train well
2026-09-17 22:34:24 | WARNING  | co2_forecast | Very few sequences (3), LSTM may not train well
2026-09-17 22:34:25 | WARNING  | co2_forecast | Very few sequences (3), LSTM may not train well
2026-09-17 22:34:25 | WARNING  | co2_forecast | Very few sequences (4), LSTM may not train well
2026-09-17 22:34:25 | WARNING  | co2_forecast | Very few sequences (8), LSTM may not train well
2026-09-17 22:34:25 | WARNING  | co2_forecast | Very few sequences (4), LSTM may not train well
2026-09-17 22:34:25 | WARNING  | co2_forecast | Very few sequences (4), LSTM may not train well
2026-09-17 22:34:25 | WARNING  | co2_forecast | Very few sequences (3), LSTM may not train well
2026-09-17 22:34:25 | WARNING  | co2_forecast | Very few sequences (7), LSTM may not train well
2026-09-17 22:34:25 | WARNING  | co2_forecast | Very few sequences (3), LSTM may not train well
2026-09-17 22:34:25 | WARNING  | co2_forecast | Very few sequences (3), LSTM may not train well
2026-09-17 22:34:25 | INFO     | co2_forecast |   Iteration 5: Best fitness = 0.766243
2026-09-17 22:34:25 | WARNING  | co2_forecast | Very few sequences (3), LSTM may not train well
2026-09-17 22:34:25 | WARNING  | co2_forecast | Very few sequences (7), LSTM may not train well
2026-09-17 22:34:25 | WARNING  | co2_forecast | Very few sequences (3), LSTM may not train well
2026-09-17 22:34:26 | WARNING  | co2_forecast | Very few sequences (3), LSTM may not train well
2026-09-17 22:34:26 | WARNING  | co2_forecast | Very few sequences (2), LSTM may not train well
2026-09-17 22:34:26 | WARNING  | co2_forecast | Very few sequences (6), LSTM may not train well
2026-09-17 22:34:26 | WARNING  | co2_forecast | Very few sequences (2), LSTM may not train well
2026-09-17 22:34:26 | WARNING  | co2_forecast | Very few sequences (2), LSTM may not train well
2026-09-17 22:34:26 | WARNING  | co2_forecast | Very few sequences (3), LSTM may not train well
2026-09-17 22:34:26 | WARNING  | co2_forecast | Very few sequences (7), LSTM may not train well
2026-09-17 22:34:26 | WARNING  | co2_forecast | Very few sequences (3), LSTM may not train well
2026-09-17 22:34:27 | WARNING  | co2_forecast | Very few sequences (3), LSTM may not train well
2026-09-17 22:34:27 | WARNING  | co2_forecast | Very few sequences (3), LSTM may not train well
2026-09-17 22:34:27 | WARNING  | co2_forecast | Very few sequences (7), LSTM may not train well
2026-09-17 22:34:27 | WARNING  | co2_forecast | Very few sequences (3), LSTM may not train well
2026-09-17 22:34:27 | WARNING  | co2_forecast | Very few sequences (3), LSTM may not train well
2026-09-17 22:34:27 | WARNING  | co2_forecast | Very few sequences (2), LSTM may not train well
2026-09-17 22:34:27 | WARNING  | co2_forecast | Very few sequences (6), LSTM may not train well
2026-09-17 22:34:27 | WARNING  | co2_forecast | Very few sequences (2), LSTM may not train well
2026-09-17 22:34:28 | WARNING  | co2_forecast | Very few sequences (2), LSTM may not train well
2026-09-17 22:34:28 | WARNING  | co2_forecast | Very few sequences (3), LSTM may not train well
2026-09-17 22:34:28 | WARNING  | co2_forecast | Very few sequences (7), LSTM may not train well
2026-09-17 22:34:28 | WARNING  | co2_forecast | Very few sequences (3), LSTM may not train well
2026-09-17 22:34:28 | WARNING  | co2_forecast | Very few sequences (3), LSTM may not train well
2026-09-17 22:34:28 | WARNING  | co2_forecast | Very few sequences (4), LSTM may not train well
2026-09-17 22:34:28 | WARNING  | co2_forecast | Very few sequences (8), LSTM may not train well
2026-09-17 22:34:28 | WARNING  | co2_forecast | Very few sequences (4), LSTM may not train well
2026-09-17 22:34:28 | WARNING  | co2_forecast | Very few sequences (4), LSTM may not train well
2026-09-17 22:34:28 | WARNING  | co2_forecast | Very few sequences (3), LSTM may not train well
2026-09-17 22:34:28 | WARNING  | co2_forecast | Very few sequences (7), LSTM may not train well
2026-09-17 22:34:29 | WARNING  | co2_forecast | Very few sequences (3), LSTM may not train well
2026-09-17 22:34:29 | WARNING  | co2_forecast | Very few sequences (3), LSTM may not train well
2026-09-17 22:34:29 | WARNING  | co2_forecast | Very few sequences (3), LSTM may not train well
2026-09-17 22:34:29 | WARNING  | co2_forecast | Very few sequences (7), LSTM may not train well
2026-09-17 22:34:29 | WARNING  | co2_forecast | Very few sequences (3), LSTM may not train well
2026-09-17 22:34:29 | WARNING  | co2_forecast | Very few sequences (3), LSTM may not train well
2026-09-17 22:34:29 | WARNING  | co2_forecast | Very few sequences (4), LSTM may not train well
2026-09-17 22:34:29 | WARNING  | co2_forecast | Very few sequences (8), LSTM may not train well
2026-09-17 22:34:29 | WARNING  | co2_forecast | Very few sequences (4), LSTM may not train well
2026-09-17 22:34:30 | WARNING  | co2_forecast | Very few sequences (4), LSTM may not train well
2026-09-17 22:34:30 | WARNING  | co2_forecast | Very few sequences (3), LSTM may not train well
2026-09-17 22:34:30 | WARNING  | co2_forecast | Very few sequences (7), LSTM may not train well
2026-09-17 22:34:30 | WARNING  | co2_forecast | Very few sequences (3), LSTM may not train well
2026-09-17 22:34:30 | WARNING  | co2_forecast | Very few sequences (3), LSTM may not train well
2026-09-17 22:34:30 | WARNING  | co2_forecast | Very few sequences (3), LSTM may not train well
2026-09-17 22:34:30 | WARNING  | co2_forecast | Very few sequences (7), LSTM may not train well
2026-09-17 22:34:30 | WARNING  | co2_forecast | Very few sequences (3), LSTM may not train well
2026-09-17 22:34:31 | WARNING  | co2_forecast | Very few sequences (3), LSTM may not train well
2026-09-17 22:34:31 | WARNING  | co2_forecast | Very few sequences (3), LSTM may not train well
2026-09-17 22:34:31 | WARNING  | co2_forecast | Very few sequences (7), LSTM may not train well
2026-09-17 22:34:31 | WARNING  | co2_forecast | Very few sequences (3), LSTM may not train well
2026-09-17 22:34:31 | WARNING  | co2_forecast | Very few sequences (3), LSTM may not train well
2026-09-17 22:34:31 | WARNING  | co2_forecast | Very few sequences (3), LSTM may not train well
2026-09-17 22:34:31 | WARNING  | co2_forecast | Very few sequences (7), LSTM may not train well
2026-09-17 22:34:31 | WARNING  | co2_forecast | Very few sequences (3), LSTM may not train well
2026-09-17 22:34:31 | WARNING  | co2_forecast | Very few sequences (3), LSTM may not train well
2026-09-17 22:34:31 | WARNING  | co2_forecast | Very few sequences (3), LSTM may not train well
2026-09-17 22:34:31 | WARNING  | co2_forecast | Very few sequences (7), LSTM may not train well
2026-09-17 22:34:32 | WARNING  | co2_forecast | Very few sequences (3), LSTM may not train well
2026-09-17 22:34:32 | WARNING  | co2_forecast | Very few sequences (3), LSTM may not train well
2026-09-17 22:34:32 | WARNING  | co2_forecast | Very few sequences (3), LSTM may not train well
2026-09-17 22:34:32 | WARNING  | co2_forecast | Very few sequences (7), LSTM may not train well
2026-09-17 22:34:32 | WARNING  | co2_forecast | Very few sequences (3), LSTM may not train well
2026-09-17 22:34:32 | WARNING  | co2_forecast | Very few sequences (3), LSTM may not train well
2026-09-17 22:34:32 | WARNING  | co2_forecast | Very few sequences (3), LSTM may not train well
2026-09-17 22:34:32 | WARNING  | co2_forecast | Very few sequences (7), LSTM may not train well
2026-09-17 22:34:32 | WARNING  | co2_forecast | Very few sequences (3), LSTM may not train well
2026-09-17 22:34:33 | WARNING  | co2_forecast | Very few sequences (3), LSTM may not train well
2026-09-17 22:34:33 | WARNING  | co2_forecast | Very few sequences (3), LSTM may not train well
2026-09-17 22:34:33 | WARNING  | co2_forecast | Very few sequences (7), LSTM may not train well
2026-09-17 22:34:33 | WARNING  | co2_forecast | Very few sequences (3), LSTM may not train well
2026-09-17 22:34:33 | WARNING  | co2_forecast | Very few sequences (3), LSTM may not train well
2026-09-17 22:34:33 | WARNING  | co2_forecast | Very few sequences (3), LSTM may not train well
2026-09-17 22:34:33 | WARNING  | co2_forecast | Very few sequences (7), LSTM may not train well
2026-09-17 22:34:33 | WARNING  | co2_forecast | Very few sequences (3), LSTM may not train well
2026-09-17 22:34:33 | WARNING  | co2_forecast | Very few sequences (3), LSTM may not train well
2026-09-17 22:34:33 | WARNING  | co2_forecast | Very few sequences (3), LSTM may not train well
2026-09-17 22:34:33 | WARNING  | co2_forecast | Very few sequences (7), LSTM may not train well
2026-09-17 22:34:34 | WARNING  | co2_forecast | Very few sequences (3), LSTM may not train well
2026-09-17 22:34:34 | WARNING  | co2_forecast | Very few sequences (3), LSTM may not train well
2026-09-17 22:34:34 | WARNING  | co2_forecast | Very few sequences (4), LSTM may not train well
2026-09-17 22:34:34 | WARNING  | co2_forecast | Very few sequences (8), LSTM may not train well
2026-09-17 22:34:34 | WARNING  | co2_forecast | Very few sequences (4), LSTM may not train well
2026-09-17 22:34:34 | WARNING  | co2_forecast | Very few sequences (4), LSTM may not train well
2026-09-17 22:34:34 | WARNING  | co2_forecast | Very few sequences (3), LSTM may not train well
2026-09-17 22:34:34 | WARNING  | co2_forecast | Very few sequences (7), LSTM may not train well
2026-09-17 22:34:35 | WARNING  | co2_forecast | Very few sequences (3), LSTM may not train well
2026-09-17 22:34:35 | WARNING  | co2_forecast | Very few sequences (3), LSTM may not train well
2026-09-17 22:34:35 | WARNING  | co2_forecast | Very few sequences (4), LSTM may not train well
2026-09-17 22:34:35 | WARNING  | co2_forecast | Very few sequences (8), LSTM may not train well
2026-09-17 22:34:35 | WARNING  | co2_forecast | Very few sequences (4), LSTM may not train well
2026-09-17 22:34:35 | WARNING  | co2_forecast | Very few sequences (4), LSTM may not train well
2026-09-17 22:34:35 | WARNING  | co2_forecast | Very few sequences (3), LSTM may not train well
2026-09-17 22:34:35 | WARNING  | co2_forecast | Very few sequences (7), LSTM may not train well
2026-09-17 22:34:35 | WARNING  | co2_forecast | Very few sequences (3), LSTM may not train well
2026-09-17 22:34:35 | WARNING  | co2_forecast | Very few sequences (3), LSTM may not train well
2026-09-17 22:34:35 | WARNING  | co2_forecast | Very few sequences (3), LSTM may not train well
2026-09-17 22:34:35 | WARNING  | co2_forecast | Very few sequences (7), LSTM may not train well
2026-09-17 22:34:36 | WARNING  | co2_forecast | Very few sequences (3), LSTM may not train well
2026-09-17 22:34:36 | WARNING  | co2_forecast | Very few sequences (3), LSTM may not train well
2026-09-17 22:34:36 | WARNING  | co2_forecast | Very few sequences (2), LSTM may not train well
2026-09-17 22:34:36 | WARNING  | co2_forecast | Very few sequences (6), LSTM may not train well
2026-09-17 22:34:36 | WARNING  | co2_forecast | Very few sequences (2), LSTM may not train well
2026-09-17 22:34:36 | WARNING  | co2_forecast | Very few sequences (2), LSTM may not train well
2026-09-17 22:34:36 | WARNING  | co2_forecast | Very few sequences (3), LSTM may not train well
2026-09-17 22:34:36 | WARNING  | co2_forecast | Very few sequences (7), LSTM may not train well
2026-09-17 22:34:37 | WARNING  | co2_forecast | Very few sequences (3), LSTM may not train well
2026-09-17 22:34:37 | WARNING  | co2_forecast | Very few sequences (3), LSTM may not train well
2026-09-17 22:34:37 | WARNING  | co2_forecast | Very few sequences (3), LSTM may not train well
2026-09-17 22:34:37 | WARNING  | co2_forecast | Very few sequences (7), LSTM may not train well
2026-09-17 22:34:37 | WARNING  | co2_forecast | Very few sequences (3), LSTM may not train well
2026-09-17 22:34:37 | WARNING  | co2_forecast | Very few sequences (3), LSTM may not train well
2026-09-17 22:34:37 | WARNING  | co2_forecast | Very few sequences (3), LSTM may not train well
2026-09-17 22:34:37 | WARNING  | co2_forecast | Very few sequences (7), LSTM may not train well
2026-09-17 22:34:38 | WARNING  | co2_forecast | Very few sequences (3), LSTM may not train well
2026-09-17 22:34:38 | WARNING  | co2_forecast | Very few sequences (3), LSTM may not train well
2026-09-17 22:34:38 | WARNING  | co2_forecast | Very few sequences (3), LSTM may not train well
2026-09-17 22:34:38 | WARNING  | co2_forecast | Very few sequences (7), LSTM may not train well
2026-09-17 22:34:38 | WARNING  | co2_forecast | Very few sequences (3), LSTM may not train well
2026-09-17 22:34:38 | WARNING  | co2_forecast | Very few sequences (3), LSTM may not train well
2026-09-17 22:34:38 | WARNING  | co2_forecast | Very few sequences (4), LSTM may not train well
2026-09-17 22:34:38 | WARNING  | co2_forecast | Very few sequences (8), LSTM may not train well
2026-09-17 22:34:38 | WARNING  | co2_forecast | Very few sequences (4), LSTM may not train well
2026-09-17 22:34:38 | WARNING  | co2_forecast | Very few sequences (4), LSTM may not train well
2026-09-17 22:34:38 | WARNING  | co2_forecast | Very few sequences (3), LSTM may not train well
2026-09-17 22:34:38 | WARNING  | co2_forecast | Very few sequences (7), LSTM may not train well
2026-09-17 22:34:39 | WARNING  | co2_forecast | Very few sequences (3), LSTM may not train well
2026-09-17 22:34:39 | WARNING  | co2_forecast | Very few sequences (3), LSTM may not train well
2026-09-17 22:34:39 | INFO     | co2_forecast |   Iteration 9: Best fitness = 0.762996
2026-09-17 22:34:39 | INFO     | co2_forecast | PSO complete. Best fitness: 0.762996
2026-09-17 22:34:39 | INFO     | co2_forecast |   Best params: {'lookback': 5, 'hidden_size': 16, 'num_layers': 2, 'dropout': 0.5, 'learning_rate': 0.0001, 'batch_size': 32}
2026-09-17 22:34:39 | INFO     | co2_forecast |   Best fitness: 0.762996
2026-09-17 22:34:39 | INFO     | co2_forecast | [A3_CI_mean_only/panel2_common_period/all_features/lstm] sweep tuning: best_params={'lookback': 5, 'hidden_size': 16, 'num_layers': 2, 'dropout': 0.5, 'learning_rate': 0.0001, 'batch_size': 32}
2026-09-17 22:34:40 | INFO     | co2_forecast |   lstm -> weighted_mase=1.0129373622984756
2026-09-17 22:34:40 | INFO     | co2_forecast | Variant A3_CI_mean_only complete in 46.7s
2026-09-17 22:34:40 | INFO     | co2_forecast | --- Variant A3_CI_p90_only: 12 features ---
2026-09-17 22:34:40 | INFO     | co2_forecast | Creating walk-forward splits for 16 valid samples
2026-09-17 22:34:40 | INFO     | co2_forecast | Created 4 CV folds across horizons [1, 2, 4]
2026-09-17 22:34:40 | INFO     | co2_forecast | Built tuning CV plan: 4 folds from 16 rows before 2022-Qq (evaluation cutoff) - isolation OK (max tuning date 2021-Qq)
2026-09-17 22:34:40 | INFO     | co2_forecast | Optimizing ridge...
2026-09-17 22:34:40 | INFO     | co2_forecast | Starting PSO: 8 particles, 10 iterations
2026-09-17 22:34:40 | INFO     | co2_forecast |   Iteration 0: Best fitness = 2.481352
2026-09-17 22:34:40 | INFO     | co2_forecast |   Iteration 5: Best fitness = 2.126003
2026-09-17 22:34:40 | INFO     | co2_forecast |   Iteration 9: Best fitness = 2.126003
2026-09-17 22:34:40 | INFO     | co2_forecast | PSO complete. Best fitness: 2.126003
2026-09-17 22:34:40 | INFO     | co2_forecast |   Best params: {'alpha': 100.0}
2026-09-17 22:34:40 | INFO     | co2_forecast |   Best fitness: 2.126003
2026-09-17 22:34:40 | INFO     | co2_forecast | [A3_CI_p90_only/panel2_common_period/all_features/ridge] sweep tuning: best_params={'alpha': 100.0}
2026-09-17 22:34:40 | INFO     | co2_forecast |   ridge -> weighted_mase=0.8912495979233568
2026-09-17 22:34:40 | INFO     | co2_forecast | Creating walk-forward splits for 16 valid samples
2026-09-17 22:34:40 | INFO     | co2_forecast | Created 4 CV folds across horizons [1, 2, 4]
2026-09-17 22:34:40 | INFO     | co2_forecast | Built tuning CV plan: 4 folds from 16 rows before 2022-Qq (evaluation cutoff) - isolation OK (max tuning date 2021-Qq)
2026-09-17 22:34:40 | INFO     | co2_forecast | Optimizing random_forest...
2026-09-17 22:34:40 | INFO     | co2_forecast | Starting PSO: 8 particles, 10 iterations
2026-09-17 22:34:42 | INFO     | co2_forecast |   Iteration 0: Best fitness = 0.671547
2026-09-17 22:34:48 | INFO     | co2_forecast |   Iteration 5: Best fitness = 0.314799
2026-09-17 22:34:53 | INFO     | co2_forecast |   Iteration 9: Best fitness = 0.314799
2026-09-17 22:34:53 | INFO     | co2_forecast | PSO complete. Best fitness: 0.314799
2026-09-17 22:34:53 | INFO     | co2_forecast |   Best params: {'n_estimators': 50, 'max_depth': 3, 'min_samples_split': 2, 'min_samples_leaf': 1}
2026-09-17 22:34:53 | INFO     | co2_forecast |   Best fitness: 0.314799
2026-09-17 22:34:53 | INFO     | co2_forecast | [A3_CI_p90_only/panel2_common_period/all_features/random_forest] sweep tuning: best_params={'n_estimators': 50, 'max_depth': 3, 'min_samples_split': 2, 'min_samples_leaf': 1}
2026-09-17 22:34:53 | INFO     | co2_forecast |   random_forest -> weighted_mase=0.7595011040365742
2026-09-17 22:34:53 | INFO     | co2_forecast | Creating walk-forward splits for 16 valid samples
2026-09-17 22:34:53 | INFO     | co2_forecast | Created 4 CV folds across horizons [1, 2, 4]
2026-09-17 22:34:53 | INFO     | co2_forecast | Built tuning CV plan: 4 folds from 16 rows before 2022-Qq (evaluation cutoff) - isolation OK (max tuning date 2021-Qq)
2026-09-17 22:34:53 | INFO     | co2_forecast | Optimizing catboost...
2026-09-17 22:34:53 | INFO     | co2_forecast | Starting PSO: 8 particles, 10 iterations
2026-09-17 22:34:54 | INFO     | co2_forecast |   Iteration 0: Best fitness = 0.376681
2026-09-17 22:34:54 | INFO     | co2_forecast |   Iteration 5: Best fitness = 0.312069
2026-09-17 22:34:55 | INFO     | co2_forecast |   Iteration 9: Best fitness = 0.310644
2026-09-17 22:34:55 | INFO     | co2_forecast | PSO complete. Best fitness: 0.310644
2026-09-17 22:34:55 | INFO     | co2_forecast |   Best params: {'iterations': 99, 'learning_rate': 0.10347071931806512, 'depth': 3, 'l2_leaf_reg': 3.8961048495448236}
2026-09-17 22:34:55 | INFO     | co2_forecast |   Best fitness: 0.310644
2026-09-17 22:34:55 | INFO     | co2_forecast | [A3_CI_p90_only/panel2_common_period/all_features/catboost] sweep tuning: best_params={'iterations': 99, 'learning_rate': 0.10347071931806512, 'depth': 3, 'l2_leaf_reg': 3.8961048495448236}
2026-09-17 22:34:55 | INFO     | co2_forecast |   catboost -> weighted_mase=0.7253966123589056
2026-09-17 22:34:55 | INFO     | co2_forecast | Creating walk-forward splits for 16 valid samples
2026-09-17 22:34:55 | INFO     | co2_forecast | Created 4 CV folds across horizons [1, 2, 4]
2026-09-17 22:34:55 | INFO     | co2_forecast | Built tuning CV plan: 4 folds from 16 rows before 2022-Qq (evaluation cutoff) - isolation OK (max tuning date 2021-Qq)
2026-09-17 22:34:55 | INFO     | co2_forecast | Optimizing lightgbm...
2026-09-17 22:34:55 | INFO     | co2_forecast | Starting PSO: 8 particles, 10 iterations
2026-09-17 22:34:55 | INFO     | co2_forecast |   Iteration 0: Best fitness = 0.768990
2026-09-17 22:34:57 | INFO     | co2_forecast |   Iteration 5: Best fitness = 0.654015
2026-09-17 22:34:57 | INFO     | co2_forecast |   Iteration 9: Best fitness = 0.653300
2026-09-17 22:34:57 | INFO     | co2_forecast | PSO complete. Best fitness: 0.653300
2026-09-17 22:34:57 | INFO     | co2_forecast |   Best params: {'n_estimators': 50, 'learning_rate': 0.29437886682949077, 'num_leaves': 127, 'max_depth': 3, 'min_child_samples': 5, 'reg_alpha': 0.001, 'reg_lambda': 0.43654681067331}
2026-09-17 22:34:57 | INFO     | co2_forecast |   Best fitness: 0.653300
2026-09-17 22:34:57 | INFO     | co2_forecast | [A3_CI_p90_only/panel2_common_period/all_features/lightgbm] sweep tuning: best_params={'n_estimators': 50, 'learning_rate': 0.29437886682949077, 'num_leaves': 127, 'max_depth': 3, 'min_child_samples': 5, 'reg_alpha': 0.001, 'reg_lambda': 0.43654681067331}
2026-09-17 22:34:58 | INFO     | co2_forecast |   lightgbm -> weighted_mase=0.6213794625473268
2026-09-17 22:34:58 | INFO     | co2_forecast | Creating walk-forward splits for 16 valid samples
2026-09-17 22:34:58 | INFO     | co2_forecast | Created 4 CV folds across horizons [1, 2, 4]
2026-09-17 22:34:58 | INFO     | co2_forecast | Built tuning CV plan: 4 folds from 16 rows before 2022-Qq (evaluation cutoff) - isolation OK (max tuning date 2021-Qq)
2026-09-17 22:34:58 | INFO     | co2_forecast | Optimizing lstm...
2026-09-17 22:34:58 | INFO     | co2_forecast | Starting PSO: 8 particles, 10 iterations
2026-09-17 22:34:58 | WARNING  | co2_forecast | Model training failed with params {'lookback': 7, 'hidden_size': 62, 'num_layers': 2, 'dropout': 0.3394633936788147, 'learning_rate': 0.0016445845403801217, 'batch_size': 8}: LSTM.fit: training data has 8 rows, giving only 1 sequence(s) with lookback=7; at least 2 are required (one is always reserved for validation). Reduce lookback or provide more training history.
2026-09-17 22:34:58 | WARNING  | co2_forecast | Model training failed with params {'lookback': 11, 'hidden_size': 26, 'num_layers': 1, 'dropout': 0.17336180394137354, 'learning_rate': 0.0031119982052994237, 'batch_size': 16}: LSTM.fit: training data has 8 rows, giving only 0 sequence(s) with lookback=11; at least 2 are required (one is always reserved for validation). Reduce lookback or provide more training history.
2026-09-17 22:34:58 | WARNING  | co2_forecast | Model training failed with params {'lookback': 8, 'hidden_size': 54, 'num_layers': 1, 'dropout': 0.3056937753654447, 'learning_rate': 0.005964904231734221, 'batch_size': 8}: LSTM.fit: training data has 8 rows, giving only 0 sequence(s) with lookback=8; at least 2 are required (one is always reserved for validation). Reduce lookback or provide more training history.
2026-09-17 22:34:58 | WARNING  | co2_forecast | Very few sequences (2), LSTM may not train well
2026-09-17 22:34:58 | WARNING  | co2_forecast | Very few sequences (6), LSTM may not train well
2026-09-17 22:34:58 | WARNING  | co2_forecast | Very few sequences (2), LSTM may not train well
2026-09-17 22:34:58 | WARNING  | co2_forecast | Very few sequences (2), LSTM may not train well
2026-09-17 22:34:58 | WARNING  | co2_forecast | Model training failed with params {'lookback': 8, 'hidden_size': 25, 'num_layers': 2, 'dropout': 0.4100531293444458, 'learning_rate': 0.009401039521485473, 'batch_size': 32}: LSTM.fit: training data has 8 rows, giving only 0 sequence(s) with lookback=8; at least 2 are required (one is always reserved for validation). Reduce lookback or provide more training history.
2026-09-17 22:34:58 | WARNING  | co2_forecast | Model training failed with params {'lookback': 7, 'hidden_size': 29, 'num_layers': 2, 'dropout': 0.2427013306774357, 'learning_rate': 0.00288125164590507, 'batch_size': 16}: LSTM.fit: training data has 8 rows, giving only 1 sequence(s) with lookback=7; at least 2 are required (one is always reserved for validation). Reduce lookback or provide more training history.
2026-09-17 22:34:58 | WARNING  | co2_forecast | Very few sequences (4), LSTM may not train well
2026-09-17 22:34:58 | WARNING  | co2_forecast | Very few sequences (8), LSTM may not train well
2026-09-17 22:34:58 | WARNING  | co2_forecast | Very few sequences (4), LSTM may not train well
2026-09-17 22:34:58 | WARNING  | co2_forecast | Very few sequences (4), LSTM may not train well
2026-09-17 22:34:58 | WARNING  | co2_forecast | Very few sequences (2), LSTM may not train well
2026-09-17 22:34:58 | WARNING  | co2_forecast | Very few sequences (6), LSTM may not train well
2026-09-17 22:34:58 | WARNING  | co2_forecast | Very few sequences (2), LSTM may not train well
2026-09-17 22:34:58 | WARNING  | co2_forecast | Very few sequences (2), LSTM may not train well
2026-09-17 22:34:58 | INFO     | co2_forecast |   Iteration 0: Best fitness = 1.063508
2026-09-17 22:34:58 | WARNING  | co2_forecast | Very few sequences (3), LSTM may not train well
2026-09-17 22:34:58 | WARNING  | co2_forecast | Very few sequences (7), LSTM may not train well
2026-09-17 22:34:58 | WARNING  | co2_forecast | Very few sequences (3), LSTM may not train well
2026-09-17 22:34:58 | WARNING  | co2_forecast | Very few sequences (3), LSTM may not train well
2026-09-17 22:34:58 | WARNING  | co2_forecast | Very few sequences (2), LSTM may not train well
2026-09-17 22:34:58 | WARNING  | co2_forecast | Very few sequences (6), LSTM may not train well
2026-09-17 22:34:59 | WARNING  | co2_forecast | Very few sequences (2), LSTM may not train well
2026-09-17 22:34:59 | WARNING  | co2_forecast | Very few sequences (2), LSTM may not train well
2026-09-17 22:34:59 | WARNING  | co2_forecast | Model training failed with params {'lookback': 8, 'hidden_size': 44, 'num_layers': 1, 'dropout': 0.32389753899663415, 'learning_rate': 0.005520634690128072, 'batch_size': 8}: LSTM.fit: training data has 8 rows, giving only 0 sequence(s) with lookback=8; at least 2 are required (one is always reserved for validation). Reduce lookback or provide more training history.
2026-09-17 22:34:59 | WARNING  | co2_forecast | Very few sequences (3), LSTM may not train well
2026-09-17 22:34:59 | WARNING  | co2_forecast | Very few sequences (7), LSTM may not train well
2026-09-17 22:34:59 | WARNING  | co2_forecast | Very few sequences (3), LSTM may not train well
2026-09-17 22:34:59 | WARNING  | co2_forecast | Very few sequences (3), LSTM may not train well
2026-09-17 22:34:59 | WARNING  | co2_forecast | Very few sequences (2), LSTM may not train well
2026-09-17 22:34:59 | WARNING  | co2_forecast | Very few sequences (6), LSTM may not train well
2026-09-17 22:34:59 | WARNING  | co2_forecast | Very few sequences (2), LSTM may not train well
2026-09-17 22:34:59 | WARNING  | co2_forecast | Very few sequences (2), LSTM may not train well
2026-09-17 22:35:00 | WARNING  | co2_forecast | Very few sequences (3), LSTM may not train well
2026-09-17 22:35:00 | WARNING  | co2_forecast | Very few sequences (7), LSTM may not train well
2026-09-17 22:35:00 | WARNING  | co2_forecast | Very few sequences (3), LSTM may not train well
2026-09-17 22:35:00 | WARNING  | co2_forecast | Very few sequences (3), LSTM may not train well
2026-09-17 22:35:00 | WARNING  | co2_forecast | Very few sequences (4), LSTM may not train well
2026-09-17 22:35:00 | WARNING  | co2_forecast | Very few sequences (8), LSTM may not train well
2026-09-17 22:35:00 | WARNING  | co2_forecast | Very few sequences (4), LSTM may not train well
2026-09-17 22:35:00 | WARNING  | co2_forecast | Very few sequences (4), LSTM may not train well
2026-09-17 22:35:00 | WARNING  | co2_forecast | Very few sequences (2), LSTM may not train well
2026-09-17 22:35:00 | WARNING  | co2_forecast | Very few sequences (6), LSTM may not train well
2026-09-17 22:35:00 | WARNING  | co2_forecast | Very few sequences (2), LSTM may not train well
2026-09-17 22:35:00 | WARNING  | co2_forecast | Very few sequences (2), LSTM may not train well
2026-09-17 22:35:00 | WARNING  | co2_forecast | Very few sequences (3), LSTM may not train well
2026-09-17 22:35:00 | WARNING  | co2_forecast | Very few sequences (7), LSTM may not train well
2026-09-17 22:35:00 | WARNING  | co2_forecast | Very few sequences (3), LSTM may not train well
2026-09-17 22:35:01 | WARNING  | co2_forecast | Very few sequences (3), LSTM may not train well
2026-09-17 22:35:01 | WARNING  | co2_forecast | Very few sequences (4), LSTM may not train well
2026-09-17 22:35:01 | WARNING  | co2_forecast | Very few sequences (8), LSTM may not train well
2026-09-17 22:35:01 | WARNING  | co2_forecast | Very few sequences (4), LSTM may not train well
2026-09-17 22:35:01 | WARNING  | co2_forecast | Very few sequences (4), LSTM may not train well
2026-09-17 22:35:01 | WARNING  | co2_forecast | Model training failed with params {'lookback': 7, 'hidden_size': 35, 'num_layers': 1, 'dropout': 0.31512819649180424, 'learning_rate': 0.004065945490368326, 'batch_size': 8}: LSTM.fit: training data has 8 rows, giving only 1 sequence(s) with lookback=7; at least 2 are required (one is always reserved for validation). Reduce lookback or provide more training history.
2026-09-17 22:35:01 | WARNING  | co2_forecast | Very few sequences (2), LSTM may not train well
2026-09-17 22:35:01 | WARNING  | co2_forecast | Very few sequences (6), LSTM may not train well
2026-09-17 22:35:01 | WARNING  | co2_forecast | Very few sequences (2), LSTM may not train well
2026-09-17 22:35:02 | WARNING  | co2_forecast | Very few sequences (2), LSTM may not train well
2026-09-17 22:35:02 | WARNING  | co2_forecast | Very few sequences (3), LSTM may not train well
2026-09-17 22:35:02 | WARNING  | co2_forecast | Very few sequences (7), LSTM may not train well
2026-09-17 22:35:02 | WARNING  | co2_forecast | Very few sequences (3), LSTM may not train well
2026-09-17 22:35:02 | WARNING  | co2_forecast | Very few sequences (3), LSTM may not train well
2026-09-17 22:35:02 | WARNING  | co2_forecast | Very few sequences (3), LSTM may not train well
2026-09-17 22:35:02 | WARNING  | co2_forecast | Very few sequences (7), LSTM may not train well
2026-09-17 22:35:03 | WARNING  | co2_forecast | Very few sequences (3), LSTM may not train well
2026-09-17 22:35:03 | WARNING  | co2_forecast | Very few sequences (3), LSTM may not train well
2026-09-17 22:35:03 | WARNING  | co2_forecast | Very few sequences (3), LSTM may not train well
2026-09-17 22:35:03 | WARNING  | co2_forecast | Very few sequences (7), LSTM may not train well
2026-09-17 22:35:03 | WARNING  | co2_forecast | Very few sequences (3), LSTM may not train well
2026-09-17 22:35:03 | WARNING  | co2_forecast | Very few sequences (3), LSTM may not train well
2026-09-17 22:35:03 | WARNING  | co2_forecast | Very few sequences (2), LSTM may not train well
2026-09-17 22:35:03 | WARNING  | co2_forecast | Very few sequences (6), LSTM may not train well
2026-09-17 22:35:03 | WARNING  | co2_forecast | Very few sequences (2), LSTM may not train well
2026-09-17 22:35:03 | WARNING  | co2_forecast | Very few sequences (2), LSTM may not train well
2026-09-17 22:35:03 | WARNING  | co2_forecast | Very few sequences (3), LSTM may not train well
2026-09-17 22:35:03 | WARNING  | co2_forecast | Very few sequences (7), LSTM may not train well
2026-09-17 22:35:03 | WARNING  | co2_forecast | Very few sequences (3), LSTM may not train well
2026-09-17 22:35:04 | WARNING  | co2_forecast | Very few sequences (3), LSTM may not train well
2026-09-17 22:35:04 | WARNING  | co2_forecast | Very few sequences (4), LSTM may not train well
2026-09-17 22:35:04 | WARNING  | co2_forecast | Very few sequences (8), LSTM may not train well
2026-09-17 22:35:04 | WARNING  | co2_forecast | Very few sequences (4), LSTM may not train well
2026-09-17 22:35:04 | WARNING  | co2_forecast | Very few sequences (4), LSTM may not train well
2026-09-17 22:35:04 | WARNING  | co2_forecast | Very few sequences (2), LSTM may not train well
2026-09-17 22:35:04 | WARNING  | co2_forecast | Very few sequences (6), LSTM may not train well
2026-09-17 22:35:04 | WARNING  | co2_forecast | Very few sequences (2), LSTM may not train well
2026-09-17 22:35:04 | WARNING  | co2_forecast | Very few sequences (2), LSTM may not train well
2026-09-17 22:35:04 | WARNING  | co2_forecast | Very few sequences (3), LSTM may not train well
2026-09-17 22:35:04 | WARNING  | co2_forecast | Very few sequences (7), LSTM may not train well
2026-09-17 22:35:04 | WARNING  | co2_forecast | Very few sequences (3), LSTM may not train well
2026-09-17 22:35:04 | WARNING  | co2_forecast | Very few sequences (3), LSTM may not train well
2026-09-17 22:35:04 | WARNING  | co2_forecast | Very few sequences (4), LSTM may not train well
2026-09-17 22:35:04 | WARNING  | co2_forecast | Very few sequences (8), LSTM may not train well
2026-09-17 22:35:05 | WARNING  | co2_forecast | Very few sequences (4), LSTM may not train well
2026-09-17 22:35:05 | WARNING  | co2_forecast | Very few sequences (4), LSTM may not train well
2026-09-17 22:35:05 | WARNING  | co2_forecast | Very few sequences (3), LSTM may not train well
2026-09-17 22:35:05 | WARNING  | co2_forecast | Very few sequences (7), LSTM may not train well
2026-09-17 22:35:05 | WARNING  | co2_forecast | Very few sequences (3), LSTM may not train well
2026-09-17 22:35:05 | WARNING  | co2_forecast | Very few sequences (3), LSTM may not train well
2026-09-17 22:35:05 | WARNING  | co2_forecast | Very few sequences (4), LSTM may not train well
2026-09-17 22:35:05 | WARNING  | co2_forecast | Very few sequences (8), LSTM may not train well
2026-09-17 22:35:05 | WARNING  | co2_forecast | Very few sequences (4), LSTM may not train well
2026-09-17 22:35:05 | WARNING  | co2_forecast | Very few sequences (4), LSTM may not train well
2026-09-17 22:35:05 | WARNING  | co2_forecast | Very few sequences (2), LSTM may not train well
2026-09-17 22:35:05 | WARNING  | co2_forecast | Very few sequences (6), LSTM may not train well
2026-09-17 22:35:06 | WARNING  | co2_forecast | Very few sequences (2), LSTM may not train well
2026-09-17 22:35:06 | WARNING  | co2_forecast | Very few sequences (2), LSTM may not train well
2026-09-17 22:35:06 | WARNING  | co2_forecast | Very few sequences (3), LSTM may not train well
2026-09-17 22:35:06 | WARNING  | co2_forecast | Very few sequences (7), LSTM may not train well
2026-09-17 22:35:06 | WARNING  | co2_forecast | Very few sequences (3), LSTM may not train well
2026-09-17 22:35:06 | WARNING  | co2_forecast | Very few sequences (3), LSTM may not train well
2026-09-17 22:35:06 | WARNING  | co2_forecast | Very few sequences (4), LSTM may not train well
2026-09-17 22:35:06 | WARNING  | co2_forecast | Very few sequences (8), LSTM may not train well
2026-09-17 22:35:06 | WARNING  | co2_forecast | Very few sequences (4), LSTM may not train well
2026-09-17 22:35:06 | WARNING  | co2_forecast | Very few sequences (4), LSTM may not train well
2026-09-17 22:35:06 | WARNING  | co2_forecast | Very few sequences (3), LSTM may not train well
2026-09-17 22:35:06 | WARNING  | co2_forecast | Very few sequences (7), LSTM may not train well
2026-09-17 22:35:07 | WARNING  | co2_forecast | Very few sequences (3), LSTM may not train well
2026-09-17 22:35:07 | WARNING  | co2_forecast | Very few sequences (3), LSTM may not train well
2026-09-17 22:35:07 | WARNING  | co2_forecast | Very few sequences (3), LSTM may not train well
2026-09-17 22:35:07 | WARNING  | co2_forecast | Very few sequences (7), LSTM may not train well
2026-09-17 22:35:07 | WARNING  | co2_forecast | Very few sequences (3), LSTM may not train well
2026-09-17 22:35:07 | WARNING  | co2_forecast | Very few sequences (3), LSTM may not train well
2026-09-17 22:35:07 | WARNING  | co2_forecast | Very few sequences (4), LSTM may not train well
2026-09-17 22:35:07 | WARNING  | co2_forecast | Very few sequences (8), LSTM may not train well
2026-09-17 22:35:07 | WARNING  | co2_forecast | Very few sequences (4), LSTM may not train well
2026-09-17 22:35:07 | WARNING  | co2_forecast | Very few sequences (4), LSTM may not train well
2026-09-17 22:35:07 | WARNING  | co2_forecast | Very few sequences (3), LSTM may not train well
2026-09-17 22:35:07 | WARNING  | co2_forecast | Very few sequences (7), LSTM may not train well
2026-09-17 22:35:08 | WARNING  | co2_forecast | Very few sequences (3), LSTM may not train well
2026-09-17 22:35:08 | WARNING  | co2_forecast | Very few sequences (3), LSTM may not train well
2026-09-17 22:35:08 | WARNING  | co2_forecast | Very few sequences (4), LSTM may not train well
2026-09-17 22:35:08 | WARNING  | co2_forecast | Very few sequences (8), LSTM may not train well
2026-09-17 22:35:08 | WARNING  | co2_forecast | Very few sequences (4), LSTM may not train well
2026-09-17 22:35:08 | WARNING  | co2_forecast | Very few sequences (4), LSTM may not train well
2026-09-17 22:35:08 | WARNING  | co2_forecast | Very few sequences (3), LSTM may not train well
2026-09-17 22:35:08 | WARNING  | co2_forecast | Very few sequences (7), LSTM may not train well
2026-09-17 22:35:08 | WARNING  | co2_forecast | Very few sequences (3), LSTM may not train well
2026-09-17 22:35:08 | WARNING  | co2_forecast | Very few sequences (3), LSTM may not train well
2026-09-17 22:35:08 | WARNING  | co2_forecast | Very few sequences (3), LSTM may not train well
2026-09-17 22:35:08 | WARNING  | co2_forecast | Very few sequences (7), LSTM may not train well
2026-09-17 22:35:09 | WARNING  | co2_forecast | Very few sequences (3), LSTM may not train well
2026-09-17 22:35:09 | WARNING  | co2_forecast | Very few sequences (3), LSTM may not train well
2026-09-17 22:35:09 | WARNING  | co2_forecast | Very few sequences (3), LSTM may not train well
2026-09-17 22:35:09 | WARNING  | co2_forecast | Very few sequences (7), LSTM may not train well
2026-09-17 22:35:09 | WARNING  | co2_forecast | Very few sequences (3), LSTM may not train well
2026-09-17 22:35:09 | WARNING  | co2_forecast | Very few sequences (3), LSTM may not train well
2026-09-17 22:35:09 | WARNING  | co2_forecast | Very few sequences (3), LSTM may not train well
2026-09-17 22:35:09 | WARNING  | co2_forecast | Very few sequences (7), LSTM may not train well
2026-09-17 22:35:10 | WARNING  | co2_forecast | Very few sequences (3), LSTM may not train well
2026-09-17 22:35:10 | WARNING  | co2_forecast | Very few sequences (3), LSTM may not train well
2026-09-17 22:35:10 | WARNING  | co2_forecast | Very few sequences (3), LSTM may not train well
2026-09-17 22:35:10 | WARNING  | co2_forecast | Very few sequences (7), LSTM may not train well
2026-09-17 22:35:10 | WARNING  | co2_forecast | Very few sequences (3), LSTM may not train well
2026-09-17 22:35:10 | WARNING  | co2_forecast | Very few sequences (3), LSTM may not train well
2026-09-17 22:35:10 | WARNING  | co2_forecast | Very few sequences (3), LSTM may not train well
2026-09-17 22:35:10 | WARNING  | co2_forecast | Very few sequences (7), LSTM may not train well
2026-09-17 22:35:10 | WARNING  | co2_forecast | Very few sequences (3), LSTM may not train well
2026-09-17 22:35:11 | WARNING  | co2_forecast | Very few sequences (3), LSTM may not train well
2026-09-17 22:35:11 | WARNING  | co2_forecast | Very few sequences (3), LSTM may not train well
2026-09-17 22:35:11 | WARNING  | co2_forecast | Very few sequences (7), LSTM may not train well
2026-09-17 22:35:11 | WARNING  | co2_forecast | Very few sequences (3), LSTM may not train well
2026-09-17 22:35:11 | WARNING  | co2_forecast | Very few sequences (3), LSTM may not train well
2026-09-17 22:35:11 | WARNING  | co2_forecast | Very few sequences (4), LSTM may not train well
2026-09-17 22:35:11 | WARNING  | co2_forecast | Very few sequences (8), LSTM may not train well
2026-09-17 22:35:11 | WARNING  | co2_forecast | Very few sequences (4), LSTM may not train well
2026-09-17 22:35:11 | WARNING  | co2_forecast | Very few sequences (4), LSTM may not train well
2026-09-17 22:35:11 | WARNING  | co2_forecast | Very few sequences (3), LSTM may not train well
2026-09-17 22:35:11 | WARNING  | co2_forecast | Very few sequences (7), LSTM may not train well
2026-09-17 22:35:11 | WARNING  | co2_forecast | Very few sequences (3), LSTM may not train well
2026-09-17 22:35:12 | WARNING  | co2_forecast | Very few sequences (3), LSTM may not train well
2026-09-17 22:35:12 | INFO     | co2_forecast |   Iteration 5: Best fitness = 0.767119
2026-09-17 22:35:12 | WARNING  | co2_forecast | Very few sequences (3), LSTM may not train well
2026-09-17 22:35:12 | WARNING  | co2_forecast | Very few sequences (7), LSTM may not train well
2026-09-17 22:35:12 | WARNING  | co2_forecast | Very few sequences (3), LSTM may not train well
2026-09-17 22:35:12 | WARNING  | co2_forecast | Very few sequences (3), LSTM may not train well
2026-09-17 22:35:12 | WARNING  | co2_forecast | Very few sequences (2), LSTM may not train well
2026-09-17 22:35:12 | WARNING  | co2_forecast | Very few sequences (6), LSTM may not train well
2026-09-17 22:35:12 | WARNING  | co2_forecast | Very few sequences (2), LSTM may not train well
2026-09-17 22:35:12 | WARNING  | co2_forecast | Very few sequences (2), LSTM may not train well
2026-09-17 22:35:13 | WARNING  | co2_forecast | Very few sequences (3), LSTM may not train well
2026-09-17 22:35:13 | WARNING  | co2_forecast | Very few sequences (7), LSTM may not train well
2026-09-17 22:35:13 | WARNING  | co2_forecast | Very few sequences (3), LSTM may not train well
2026-09-17 22:35:13 | WARNING  | co2_forecast | Very few sequences (3), LSTM may not train well
2026-09-17 22:35:13 | WARNING  | co2_forecast | Very few sequences (3), LSTM may not train well
2026-09-17 22:35:13 | WARNING  | co2_forecast | Very few sequences (7), LSTM may not train well
2026-09-17 22:35:13 | WARNING  | co2_forecast | Very few sequences (3), LSTM may not train well
2026-09-17 22:35:13 | WARNING  | co2_forecast | Very few sequences (3), LSTM may not train well
2026-09-17 22:35:13 | WARNING  | co2_forecast | Very few sequences (2), LSTM may not train well
2026-09-17 22:35:14 | WARNING  | co2_forecast | Very few sequences (6), LSTM may not train well
2026-09-17 22:35:14 | WARNING  | co2_forecast | Very few sequences (2), LSTM may not train well
2026-09-17 22:35:14 | WARNING  | co2_forecast | Very few sequences (2), LSTM may not train well
2026-09-17 22:35:14 | WARNING  | co2_forecast | Very few sequences (3), LSTM may not train well
2026-09-17 22:35:14 | WARNING  | co2_forecast | Very few sequences (7), LSTM may not train well
2026-09-17 22:35:14 | WARNING  | co2_forecast | Very few sequences (3), LSTM may not train well
2026-09-17 22:35:15 | WARNING  | co2_forecast | Very few sequences (3), LSTM may not train well
2026-09-17 22:35:15 | WARNING  | co2_forecast | Very few sequences (4), LSTM may not train well
2026-09-17 22:35:15 | WARNING  | co2_forecast | Very few sequences (8), LSTM may not train well
2026-09-17 22:35:15 | WARNING  | co2_forecast | Very few sequences (4), LSTM may not train well
2026-09-17 22:35:15 | WARNING  | co2_forecast | Very few sequences (4), LSTM may not train well
2026-09-17 22:35:15 | WARNING  | co2_forecast | Very few sequences (3), LSTM may not train well
2026-09-17 22:35:15 | WARNING  | co2_forecast | Very few sequences (7), LSTM may not train well
2026-09-17 22:35:15 | WARNING  | co2_forecast | Very few sequences (3), LSTM may not train well
2026-09-17 22:35:15 | WARNING  | co2_forecast | Very few sequences (3), LSTM may not train well
2026-09-17 22:35:15 | WARNING  | co2_forecast | Very few sequences (3), LSTM may not train well
2026-09-17 22:35:15 | WARNING  | co2_forecast | Very few sequences (7), LSTM may not train well
2026-09-17 22:35:15 | WARNING  | co2_forecast | Very few sequences (3), LSTM may not train well
2026-09-17 22:35:16 | WARNING  | co2_forecast | Very few sequences (3), LSTM may not train well
2026-09-17 22:35:16 | WARNING  | co2_forecast | Very few sequences (4), LSTM may not train well
2026-09-17 22:35:16 | WARNING  | co2_forecast | Very few sequences (8), LSTM may not train well
2026-09-17 22:35:16 | WARNING  | co2_forecast | Very few sequences (4), LSTM may not train well
2026-09-17 22:35:16 | WARNING  | co2_forecast | Very few sequences (4), LSTM may not train well
2026-09-17 22:35:16 | WARNING  | co2_forecast | Very few sequences (3), LSTM may not train well
2026-09-17 22:35:16 | WARNING  | co2_forecast | Very few sequences (7), LSTM may not train well
2026-09-17 22:35:16 | WARNING  | co2_forecast | Very few sequences (3), LSTM may not train well
2026-09-17 22:35:16 | WARNING  | co2_forecast | Very few sequences (3), LSTM may not train well
2026-09-17 22:35:16 | WARNING  | co2_forecast | Very few sequences (3), LSTM may not train well
2026-09-17 22:35:16 | WARNING  | co2_forecast | Very few sequences (7), LSTM may not train well
2026-09-17 22:35:17 | WARNING  | co2_forecast | Very few sequences (3), LSTM may not train well
2026-09-17 22:35:17 | WARNING  | co2_forecast | Very few sequences (3), LSTM may not train well
2026-09-17 22:35:17 | WARNING  | co2_forecast | Very few sequences (3), LSTM may not train well
2026-09-17 22:35:17 | WARNING  | co2_forecast | Very few sequences (7), LSTM may not train well
2026-09-17 22:35:17 | WARNING  | co2_forecast | Very few sequences (3), LSTM may not train well
2026-09-17 22:35:17 | WARNING  | co2_forecast | Very few sequences (3), LSTM may not train well
2026-09-17 22:35:17 | WARNING  | co2_forecast | Very few sequences (3), LSTM may not train well
2026-09-17 22:35:17 | WARNING  | co2_forecast | Very few sequences (7), LSTM may not train well
2026-09-17 22:35:18 | WARNING  | co2_forecast | Very few sequences (3), LSTM may not train well
2026-09-17 22:35:18 | WARNING  | co2_forecast | Very few sequences (3), LSTM may not train well
2026-09-17 22:35:18 | WARNING  | co2_forecast | Very few sequences (3), LSTM may not train well
2026-09-17 22:35:18 | WARNING  | co2_forecast | Very few sequences (7), LSTM may not train well
2026-09-17 22:35:18 | WARNING  | co2_forecast | Very few sequences (3), LSTM may not train well
2026-09-17 22:35:18 | WARNING  | co2_forecast | Very few sequences (3), LSTM may not train well
2026-09-17 22:35:18 | WARNING  | co2_forecast | Very few sequences (3), LSTM may not train well
2026-09-17 22:35:18 | WARNING  | co2_forecast | Very few sequences (7), LSTM may not train well
2026-09-17 22:35:18 | WARNING  | co2_forecast | Very few sequences (3), LSTM may not train well
2026-09-17 22:35:18 | WARNING  | co2_forecast | Very few sequences (3), LSTM may not train well
2026-09-17 22:35:18 | WARNING  | co2_forecast | Very few sequences (3), LSTM may not train well
2026-09-17 22:35:18 | WARNING  | co2_forecast | Very few sequences (7), LSTM may not train well
2026-09-17 22:35:19 | WARNING  | co2_forecast | Very few sequences (3), LSTM may not train well
2026-09-17 22:35:19 | WARNING  | co2_forecast | Very few sequences (3), LSTM may not train well
2026-09-17 22:35:19 | WARNING  | co2_forecast | Very few sequences (3), LSTM may not train well
2026-09-17 22:35:19 | WARNING  | co2_forecast | Very few sequences (7), LSTM may not train well
2026-09-17 22:35:19 | WARNING  | co2_forecast | Very few sequences (3), LSTM may not train well
2026-09-17 22:35:19 | WARNING  | co2_forecast | Very few sequences (3), LSTM may not train well
2026-09-17 22:35:19 | WARNING  | co2_forecast | Very few sequences (3), LSTM may not train well
2026-09-17 22:35:19 | WARNING  | co2_forecast | Very few sequences (7), LSTM may not train well
2026-09-17 22:35:19 | WARNING  | co2_forecast | Very few sequences (3), LSTM may not train well
2026-09-17 22:35:20 | WARNING  | co2_forecast | Very few sequences (3), LSTM may not train well
2026-09-17 22:35:20 | WARNING  | co2_forecast | Very few sequences (3), LSTM may not train well
2026-09-17 22:35:20 | WARNING  | co2_forecast | Very few sequences (7), LSTM may not train well
2026-09-17 22:35:20 | WARNING  | co2_forecast | Very few sequences (3), LSTM may not train well
2026-09-17 22:35:20 | WARNING  | co2_forecast | Very few sequences (3), LSTM may not train well
2026-09-17 22:35:20 | WARNING  | co2_forecast | Very few sequences (4), LSTM may not train well
2026-09-17 22:35:20 | WARNING  | co2_forecast | Very few sequences (8), LSTM may not train well
2026-09-17 22:35:20 | WARNING  | co2_forecast | Very few sequences (4), LSTM may not train well
2026-09-17 22:35:21 | WARNING  | co2_forecast | Very few sequences (4), LSTM may not train well
2026-09-17 22:35:21 | WARNING  | co2_forecast | Very few sequences (3), LSTM may not train well
2026-09-17 22:35:21 | WARNING  | co2_forecast | Very few sequences (7), LSTM may not train well
2026-09-17 22:35:21 | WARNING  | co2_forecast | Very few sequences (3), LSTM may not train well
2026-09-17 22:35:21 | WARNING  | co2_forecast | Very few sequences (3), LSTM may not train well
2026-09-17 22:35:21 | WARNING  | co2_forecast | Very few sequences (4), LSTM may not train well
2026-09-17 22:35:21 | WARNING  | co2_forecast | Very few sequences (8), LSTM may not train well
2026-09-17 22:35:21 | WARNING  | co2_forecast | Very few sequences (4), LSTM may not train well
2026-09-17 22:35:21 | WARNING  | co2_forecast | Very few sequences (4), LSTM may not train well
2026-09-17 22:35:21 | WARNING  | co2_forecast | Very few sequences (3), LSTM may not train well
2026-09-17 22:35:21 | WARNING  | co2_forecast | Very few sequences (7), LSTM may not train well
2026-09-17 22:35:21 | WARNING  | co2_forecast | Very few sequences (3), LSTM may not train well
2026-09-17 22:35:22 | WARNING  | co2_forecast | Very few sequences (3), LSTM may not train well
2026-09-17 22:35:22 | WARNING  | co2_forecast | Very few sequences (3), LSTM may not train well
2026-09-17 22:35:22 | WARNING  | co2_forecast | Very few sequences (7), LSTM may not train well
2026-09-17 22:35:22 | WARNING  | co2_forecast | Very few sequences (3), LSTM may not train well
2026-09-17 22:35:22 | WARNING  | co2_forecast | Very few sequences (3), LSTM may not train well
2026-09-17 22:35:22 | WARNING  | co2_forecast | Very few sequences (2), LSTM may not train well
2026-09-17 22:35:22 | WARNING  | co2_forecast | Very few sequences (6), LSTM may not train well
2026-09-17 22:35:22 | WARNING  | co2_forecast | Very few sequences (2), LSTM may not train well
2026-09-17 22:35:22 | WARNING  | co2_forecast | Very few sequences (2), LSTM may not train well
2026-09-17 22:35:23 | WARNING  | co2_forecast | Very few sequences (3), LSTM may not train well
2026-09-17 22:35:23 | WARNING  | co2_forecast | Very few sequences (7), LSTM may not train well
2026-09-17 22:35:23 | WARNING  | co2_forecast | Very few sequences (3), LSTM may not train well
2026-09-17 22:35:23 | WARNING  | co2_forecast | Very few sequences (3), LSTM may not train well
2026-09-17 22:35:23 | WARNING  | co2_forecast | Very few sequences (3), LSTM may not train well
2026-09-17 22:35:23 | WARNING  | co2_forecast | Very few sequences (7), LSTM may not train well
2026-09-17 22:35:23 | WARNING  | co2_forecast | Very few sequences (3), LSTM may not train well
2026-09-17 22:35:24 | WARNING  | co2_forecast | Very few sequences (3), LSTM may not train well
2026-09-17 22:35:24 | WARNING  | co2_forecast | Very few sequences (3), LSTM may not train well
2026-09-17 22:35:24 | WARNING  | co2_forecast | Very few sequences (7), LSTM may not train well
2026-09-17 22:35:24 | WARNING  | co2_forecast | Very few sequences (3), LSTM may not train well
2026-09-17 22:35:24 | WARNING  | co2_forecast | Very few sequences (3), LSTM may not train well
2026-09-17 22:35:24 | WARNING  | co2_forecast | Very few sequences (3), LSTM may not train well
2026-09-17 22:35:24 | WARNING  | co2_forecast | Very few sequences (7), LSTM may not train well
2026-09-17 22:35:24 | WARNING  | co2_forecast | Very few sequences (3), LSTM may not train well
2026-09-17 22:35:24 | WARNING  | co2_forecast | Very few sequences (3), LSTM may not train well
2026-09-17 22:35:24 | WARNING  | co2_forecast | Very few sequences (4), LSTM may not train well
2026-09-17 22:35:24 | WARNING  | co2_forecast | Very few sequences (8), LSTM may not train well
2026-09-17 22:35:24 | WARNING  | co2_forecast | Very few sequences (4), LSTM may not train well
2026-09-17 22:35:25 | WARNING  | co2_forecast | Very few sequences (4), LSTM may not train well
2026-09-17 22:35:25 | WARNING  | co2_forecast | Very few sequences (3), LSTM may not train well
2026-09-17 22:35:25 | WARNING  | co2_forecast | Very few sequences (7), LSTM may not train well
2026-09-17 22:35:25 | WARNING  | co2_forecast | Very few sequences (3), LSTM may not train well
2026-09-17 22:35:25 | WARNING  | co2_forecast | Very few sequences (3), LSTM may not train well
2026-09-17 22:35:25 | INFO     | co2_forecast |   Iteration 9: Best fitness = 0.763762
2026-09-17 22:35:25 | INFO     | co2_forecast | PSO complete. Best fitness: 0.763762
2026-09-17 22:35:25 | INFO     | co2_forecast |   Best params: {'lookback': 5, 'hidden_size': 16, 'num_layers': 2, 'dropout': 0.5, 'learning_rate': 0.0001, 'batch_size': 32}
2026-09-17 22:35:25 | INFO     | co2_forecast |   Best fitness: 0.763762
2026-09-17 22:35:25 | INFO     | co2_forecast | [A3_CI_p90_only/panel2_common_period/all_features/lstm] sweep tuning: best_params={'lookback': 5, 'hidden_size': 16, 'num_layers': 2, 'dropout': 0.5, 'learning_rate': 0.0001, 'batch_size': 32}
2026-09-17 22:35:26 | INFO     | co2_forecast |   lstm -> weighted_mase=1.0116797400495967
2026-09-17 22:35:26 | INFO     | co2_forecast | Variant A3_CI_p90_only complete in 46.1s
2026-09-17 22:35:26 | INFO     | co2_forecast | --- Variant A3_CI_std_only: 12 features ---
2026-09-17 22:35:26 | INFO     | co2_forecast | Creating walk-forward splits for 16 valid samples
2026-09-17 22:35:26 | INFO     | co2_forecast | Created 4 CV folds across horizons [1, 2, 4]
2026-09-17 22:35:26 | INFO     | co2_forecast | Built tuning CV plan: 4 folds from 16 rows before 2022-Qq (evaluation cutoff) - isolation OK (max tuning date 2021-Qq)
2026-09-17 22:35:26 | INFO     | co2_forecast | Optimizing ridge...
2026-09-17 22:35:26 | INFO     | co2_forecast | Starting PSO: 8 particles, 10 iterations
2026-09-17 22:35:26 | INFO     | co2_forecast |   Iteration 0: Best fitness = 2.458189
2026-09-17 22:35:26 | INFO     | co2_forecast |   Iteration 5: Best fitness = 2.109244
2026-09-17 22:35:26 | INFO     | co2_forecast |   Iteration 9: Best fitness = 2.109244
2026-09-17 22:35:26 | INFO     | co2_forecast | PSO complete. Best fitness: 2.109244
2026-09-17 22:35:26 | INFO     | co2_forecast |   Best params: {'alpha': 100.0}
2026-09-17 22:35:26 | INFO     | co2_forecast |   Best fitness: 2.109244
2026-09-17 22:35:26 | INFO     | co2_forecast | [A3_CI_std_only/panel2_common_period/all_features/ridge] sweep tuning: best_params={'alpha': 100.0}
2026-09-17 22:35:26 | INFO     | co2_forecast |   ridge -> weighted_mase=0.8748639990200316
2026-09-17 22:35:26 | INFO     | co2_forecast | Creating walk-forward splits for 16 valid samples
2026-09-17 22:35:26 | INFO     | co2_forecast | Created 4 CV folds across horizons [1, 2, 4]
2026-09-17 22:35:26 | INFO     | co2_forecast | Built tuning CV plan: 4 folds from 16 rows before 2022-Qq (evaluation cutoff) - isolation OK (max tuning date 2021-Qq)
2026-09-17 22:35:26 | INFO     | co2_forecast | Optimizing random_forest...
2026-09-17 22:35:26 | INFO     | co2_forecast | Starting PSO: 8 particles, 10 iterations
2026-09-17 22:35:28 | INFO     | co2_forecast |   Iteration 0: Best fitness = 0.671553
2026-09-17 22:35:35 | INFO     | co2_forecast |   Iteration 5: Best fitness = 0.301389
2026-09-17 22:35:40 | INFO     | co2_forecast |   Iteration 9: Best fitness = 0.298513
2026-09-17 22:35:40 | INFO     | co2_forecast | PSO complete. Best fitness: 0.298513
2026-09-17 22:35:40 | INFO     | co2_forecast |   Best params: {'n_estimators': 63, 'max_depth': 3, 'min_samples_split': 2, 'min_samples_leaf': 1}
2026-09-17 22:35:40 | INFO     | co2_forecast |   Best fitness: 0.298513
2026-09-17 22:35:40 | INFO     | co2_forecast | [A3_CI_std_only/panel2_common_period/all_features/random_forest] sweep tuning: best_params={'n_estimators': 63, 'max_depth': 3, 'min_samples_split': 2, 'min_samples_leaf': 1}
2026-09-17 22:35:41 | INFO     | co2_forecast |   random_forest -> weighted_mase=0.7917505085386755
2026-09-17 22:35:41 | INFO     | co2_forecast | Creating walk-forward splits for 16 valid samples
2026-09-17 22:35:41 | INFO     | co2_forecast | Created 4 CV folds across horizons [1, 2, 4]
2026-09-17 22:35:41 | INFO     | co2_forecast | Built tuning CV plan: 4 folds from 16 rows before 2022-Qq (evaluation cutoff) - isolation OK (max tuning date 2021-Qq)
2026-09-17 22:35:41 | INFO     | co2_forecast | Optimizing catboost...
2026-09-17 22:35:41 | INFO     | co2_forecast | Starting PSO: 8 particles, 10 iterations
2026-09-17 22:35:41 | INFO     | co2_forecast |   Iteration 0: Best fitness = 0.340066
2026-09-17 22:35:42 | INFO     | co2_forecast |   Iteration 5: Best fitness = 0.322901
2026-09-17 22:35:42 | INFO     | co2_forecast |   Iteration 9: Best fitness = 0.322901
2026-09-17 22:35:42 | INFO     | co2_forecast | PSO complete. Best fitness: 0.322901
2026-09-17 22:35:42 | INFO     | co2_forecast |   Best params: {'iterations': 74, 'learning_rate': 0.06975296763366054, 'depth': 3, 'l2_leaf_reg': 2.846863525601265}
2026-09-17 22:35:42 | INFO     | co2_forecast |   Best fitness: 0.322901
2026-09-17 22:35:42 | INFO     | co2_forecast | [A3_CI_std_only/panel2_common_period/all_features/catboost] sweep tuning: best_params={'iterations': 74, 'learning_rate': 0.06975296763366054, 'depth': 3, 'l2_leaf_reg': 2.846863525601265}
2026-09-17 22:35:42 | INFO     | co2_forecast |   catboost -> weighted_mase=0.7672863540163338
2026-09-17 22:35:42 | INFO     | co2_forecast | Creating walk-forward splits for 16 valid samples
2026-09-17 22:35:42 | INFO     | co2_forecast | Created 4 CV folds across horizons [1, 2, 4]
2026-09-17 22:35:42 | INFO     | co2_forecast | Built tuning CV plan: 4 folds from 16 rows before 2022-Qq (evaluation cutoff) - isolation OK (max tuning date 2021-Qq)
2026-09-17 22:35:42 | INFO     | co2_forecast | Optimizing lightgbm...
2026-09-17 22:35:42 | INFO     | co2_forecast | Starting PSO: 8 particles, 10 iterations
2026-09-17 22:35:42 | INFO     | co2_forecast |   Iteration 0: Best fitness = 0.768990
2026-09-17 22:35:43 | INFO     | co2_forecast |   Iteration 5: Best fitness = 0.655353
2026-09-17 22:35:44 | INFO     | co2_forecast |   Iteration 9: Best fitness = 0.644572
2026-09-17 22:35:44 | INFO     | co2_forecast | PSO complete. Best fitness: 0.644572
2026-09-17 22:35:44 | INFO     | co2_forecast |   Best params: {'n_estimators': 50, 'learning_rate': 0.24875557248327107, 'num_leaves': 127, 'max_depth': 3, 'min_child_samples': 5, 'reg_alpha': 0.09419715994303053, 'reg_lambda': 1.6116769810147058}
2026-09-17 22:35:44 | INFO     | co2_forecast |   Best fitness: 0.644572
2026-09-17 22:35:44 | INFO     | co2_forecast | [A3_CI_std_only/panel2_common_period/all_features/lightgbm] sweep tuning: best_params={'n_estimators': 50, 'learning_rate': 0.24875557248327107, 'num_leaves': 127, 'max_depth': 3, 'min_child_samples': 5, 'reg_alpha': 0.09419715994303053, 'reg_lambda': 1.6116769810147058}
2026-09-17 22:35:44 | INFO     | co2_forecast |   lightgbm -> weighted_mase=0.6618980048033246
2026-09-17 22:35:44 | INFO     | co2_forecast | Creating walk-forward splits for 16 valid samples
2026-09-17 22:35:44 | INFO     | co2_forecast | Created 4 CV folds across horizons [1, 2, 4]
2026-09-17 22:35:44 | INFO     | co2_forecast | Built tuning CV plan: 4 folds from 16 rows before 2022-Qq (evaluation cutoff) - isolation OK (max tuning date 2021-Qq)
2026-09-17 22:35:44 | INFO     | co2_forecast | Optimizing lstm...
2026-09-17 22:35:44 | INFO     | co2_forecast | Starting PSO: 8 particles, 10 iterations
2026-09-17 22:35:44 | WARNING  | co2_forecast | Model training failed with params {'lookback': 7, 'hidden_size': 62, 'num_layers': 2, 'dropout': 0.3394633936788147, 'learning_rate': 0.0016445845403801217, 'batch_size': 8}: LSTM.fit: training data has 8 rows, giving only 1 sequence(s) with lookback=7; at least 2 are required (one is always reserved for validation). Reduce lookback or provide more training history.
2026-09-17 22:35:44 | WARNING  | co2_forecast | Model training failed with params {'lookback': 11, 'hidden_size': 26, 'num_layers': 1, 'dropout': 0.17336180394137354, 'learning_rate': 0.0031119982052994237, 'batch_size': 16}: LSTM.fit: training data has 8 rows, giving only 0 sequence(s) with lookback=11; at least 2 are required (one is always reserved for validation). Reduce lookback or provide more training history.
2026-09-17 22:35:44 | WARNING  | co2_forecast | Model training failed with params {'lookback': 8, 'hidden_size': 54, 'num_layers': 1, 'dropout': 0.3056937753654447, 'learning_rate': 0.005964904231734221, 'batch_size': 8}: LSTM.fit: training data has 8 rows, giving only 0 sequence(s) with lookback=8; at least 2 are required (one is always reserved for validation). Reduce lookback or provide more training history.
2026-09-17 22:35:44 | WARNING  | co2_forecast | Very few sequences (2), LSTM may not train well
2026-09-17 22:35:45 | WARNING  | co2_forecast | Very few sequences (6), LSTM may not train well
2026-09-17 22:35:45 | WARNING  | co2_forecast | Very few sequences (2), LSTM may not train well
2026-09-17 22:35:45 | WARNING  | co2_forecast | Very few sequences (2), LSTM may not train well
2026-09-17 22:35:45 | WARNING  | co2_forecast | Model training failed with params {'lookback': 8, 'hidden_size': 25, 'num_layers': 2, 'dropout': 0.4100531293444458, 'learning_rate': 0.009401039521485473, 'batch_size': 32}: LSTM.fit: training data has 8 rows, giving only 0 sequence(s) with lookback=8; at least 2 are required (one is always reserved for validation). Reduce lookback or provide more training history.
2026-09-17 22:35:45 | WARNING  | co2_forecast | Model training failed with params {'lookback': 7, 'hidden_size': 29, 'num_layers': 2, 'dropout': 0.2427013306774357, 'learning_rate': 0.00288125164590507, 'batch_size': 16}: LSTM.fit: training data has 8 rows, giving only 1 sequence(s) with lookback=7; at least 2 are required (one is always reserved for validation). Reduce lookback or provide more training history.
2026-09-17 22:35:45 | WARNING  | co2_forecast | Very few sequences (4), LSTM may not train well
2026-09-17 22:35:45 | WARNING  | co2_forecast | Very few sequences (8), LSTM may not train well
2026-09-17 22:35:45 | WARNING  | co2_forecast | Very few sequences (4), LSTM may not train well
2026-09-17 22:35:45 | WARNING  | co2_forecast | Very few sequences (4), LSTM may not train well
2026-09-17 22:35:45 | WARNING  | co2_forecast | Very few sequences (2), LSTM may not train well
2026-09-17 22:35:45 | WARNING  | co2_forecast | Very few sequences (6), LSTM may not train well
2026-09-17 22:35:45 | WARNING  | co2_forecast | Very few sequences (2), LSTM may not train well
2026-09-17 22:35:45 | WARNING  | co2_forecast | Very few sequences (2), LSTM may not train well
2026-09-17 22:35:45 | INFO     | co2_forecast |   Iteration 0: Best fitness = 1.064349
2026-09-17 22:35:45 | WARNING  | co2_forecast | Very few sequences (3), LSTM may not train well
2026-09-17 22:35:45 | WARNING  | co2_forecast | Very few sequences (7), LSTM may not train well
2026-09-17 22:35:45 | WARNING  | co2_forecast | Very few sequences (3), LSTM may not train well
2026-09-17 22:35:45 | WARNING  | co2_forecast | Very few sequences (3), LSTM may not train well
2026-09-17 22:35:45 | WARNING  | co2_forecast | Very few sequences (2), LSTM may not train well
2026-09-17 22:35:45 | WARNING  | co2_forecast | Very few sequences (6), LSTM may not train well
2026-09-17 22:35:45 | WARNING  | co2_forecast | Very few sequences (2), LSTM may not train well
2026-09-17 22:35:45 | WARNING  | co2_forecast | Very few sequences (2), LSTM may not train well
2026-09-17 22:35:46 | WARNING  | co2_forecast | Model training failed with params {'lookback': 8, 'hidden_size': 44, 'num_layers': 1, 'dropout': 0.32389753899663415, 'learning_rate': 0.005520634690128072, 'batch_size': 8}: LSTM.fit: training data has 8 rows, giving only 0 sequence(s) with lookback=8; at least 2 are required (one is always reserved for validation). Reduce lookback or provide more training history.
2026-09-17 22:35:46 | WARNING  | co2_forecast | Very few sequences (3), LSTM may not train well
2026-09-17 22:35:46 | WARNING  | co2_forecast | Very few sequences (7), LSTM may not train well
2026-09-17 22:35:46 | WARNING  | co2_forecast | Very few sequences (3), LSTM may not train well
2026-09-17 22:35:46 | WARNING  | co2_forecast | Very few sequences (3), LSTM may not train well
2026-09-17 22:35:46 | WARNING  | co2_forecast | Very few sequences (2), LSTM may not train well
2026-09-17 22:35:46 | WARNING  | co2_forecast | Very few sequences (6), LSTM may not train well
2026-09-17 22:35:46 | WARNING  | co2_forecast | Very few sequences (2), LSTM may not train well
2026-09-17 22:35:46 | WARNING  | co2_forecast | Very few sequences (2), LSTM may not train well
2026-09-17 22:35:47 | WARNING  | co2_forecast | Very few sequences (3), LSTM may not train well
2026-09-17 22:35:47 | WARNING  | co2_forecast | Very few sequences (7), LSTM may not train well
2026-09-17 22:35:47 | WARNING  | co2_forecast | Very few sequences (3), LSTM may not train well
2026-09-17 22:35:47 | WARNING  | co2_forecast | Very few sequences (3), LSTM may not train well
2026-09-17 22:35:47 | WARNING  | co2_forecast | Very few sequences (4), LSTM may not train well
2026-09-17 22:35:47 | WARNING  | co2_forecast | Very few sequences (8), LSTM may not train well
2026-09-17 22:35:47 | WARNING  | co2_forecast | Very few sequences (4), LSTM may not train well
2026-09-17 22:35:47 | WARNING  | co2_forecast | Very few sequences (4), LSTM may not train well
2026-09-17 22:35:47 | WARNING  | co2_forecast | Very few sequences (2), LSTM may not train well
2026-09-17 22:35:47 | WARNING  | co2_forecast | Very few sequences (6), LSTM may not train well
2026-09-17 22:35:47 | WARNING  | co2_forecast | Very few sequences (2), LSTM may not train well
2026-09-17 22:35:47 | WARNING  | co2_forecast | Very few sequences (2), LSTM may not train well
2026-09-17 22:35:47 | WARNING  | co2_forecast | Very few sequences (3), LSTM may not train well
2026-09-17 22:35:47 | WARNING  | co2_forecast | Very few sequences (7), LSTM may not train well
2026-09-17 22:35:47 | WARNING  | co2_forecast | Very few sequences (3), LSTM may not train well
2026-09-17 22:35:48 | WARNING  | co2_forecast | Very few sequences (3), LSTM may not train well
2026-09-17 22:35:48 | WARNING  | co2_forecast | Very few sequences (4), LSTM may not train well
2026-09-17 22:35:48 | WARNING  | co2_forecast | Very few sequences (8), LSTM may not train well
2026-09-17 22:35:48 | WARNING  | co2_forecast | Very few sequences (4), LSTM may not train well
2026-09-17 22:35:48 | WARNING  | co2_forecast | Very few sequences (4), LSTM may not train well
2026-09-17 22:35:48 | WARNING  | co2_forecast | Model training failed with params {'lookback': 7, 'hidden_size': 35, 'num_layers': 1, 'dropout': 0.31512819649180424, 'learning_rate': 0.004065945490368326, 'batch_size': 8}: LSTM.fit: training data has 8 rows, giving only 1 sequence(s) with lookback=7; at least 2 are required (one is always reserved for validation). Reduce lookback or provide more training history.
2026-09-17 22:35:48 | WARNING  | co2_forecast | Very few sequences (2), LSTM may not train well
2026-09-17 22:35:48 | WARNING  | co2_forecast | Very few sequences (6), LSTM may not train well
2026-09-17 22:35:48 | WARNING  | co2_forecast | Very few sequences (2), LSTM may not train well
2026-09-17 22:35:49 | WARNING  | co2_forecast | Very few sequences (2), LSTM may not train well
2026-09-17 22:35:49 | WARNING  | co2_forecast | Very few sequences (3), LSTM may not train well
2026-09-17 22:35:49 | WARNING  | co2_forecast | Very few sequences (7), LSTM may not train well
2026-09-17 22:35:49 | WARNING  | co2_forecast | Very few sequences (3), LSTM may not train well
2026-09-17 22:35:49 | WARNING  | co2_forecast | Very few sequences (3), LSTM may not train well
2026-09-17 22:35:49 | WARNING  | co2_forecast | Very few sequences (3), LSTM may not train well
2026-09-17 22:35:49 | WARNING  | co2_forecast | Very few sequences (7), LSTM may not train well
2026-09-17 22:35:50 | WARNING  | co2_forecast | Very few sequences (3), LSTM may not train well
2026-09-17 22:35:50 | WARNING  | co2_forecast | Very few sequences (3), LSTM may not train well
2026-09-17 22:35:50 | WARNING  | co2_forecast | Very few sequences (3), LSTM may not train well
2026-09-17 22:35:50 | WARNING  | co2_forecast | Very few sequences (7), LSTM may not train well
2026-09-17 22:35:50 | WARNING  | co2_forecast | Very few sequences (3), LSTM may not train well
2026-09-17 22:35:50 | WARNING  | co2_forecast | Very few sequences (3), LSTM may not train well
2026-09-17 22:35:50 | WARNING  | co2_forecast | Very few sequences (2), LSTM may not train well
2026-09-17 22:35:50 | WARNING  | co2_forecast | Very few sequences (6), LSTM may not train well
2026-09-17 22:35:50 | WARNING  | co2_forecast | Very few sequences (2), LSTM may not train well
2026-09-17 22:35:50 | WARNING  | co2_forecast | Very few sequences (2), LSTM may not train well
2026-09-17 22:35:50 | WARNING  | co2_forecast | Very few sequences (3), LSTM may not train well
2026-09-17 22:35:50 | WARNING  | co2_forecast | Very few sequences (7), LSTM may not train well
2026-09-17 22:35:50 | WARNING  | co2_forecast | Very few sequences (3), LSTM may not train well
2026-09-17 22:35:51 | WARNING  | co2_forecast | Very few sequences (3), LSTM may not train well
2026-09-17 22:35:51 | WARNING  | co2_forecast | Very few sequences (4), LSTM may not train well
2026-09-17 22:35:51 | WARNING  | co2_forecast | Very few sequences (8), LSTM may not train well
2026-09-17 22:35:51 | WARNING  | co2_forecast | Very few sequences (4), LSTM may not train well
2026-09-17 22:35:51 | WARNING  | co2_forecast | Very few sequences (4), LSTM may not train well
2026-09-17 22:35:51 | WARNING  | co2_forecast | Very few sequences (2), LSTM may not train well
2026-09-17 22:35:51 | WARNING  | co2_forecast | Very few sequences (6), LSTM may not train well
2026-09-17 22:35:51 | WARNING  | co2_forecast | Very few sequences (2), LSTM may not train well
2026-09-17 22:35:51 | WARNING  | co2_forecast | Very few sequences (2), LSTM may not train well
2026-09-17 22:35:51 | WARNING  | co2_forecast | Very few sequences (3), LSTM may not train well
2026-09-17 22:35:51 | WARNING  | co2_forecast | Very few sequences (7), LSTM may not train well
2026-09-17 22:35:51 | WARNING  | co2_forecast | Very few sequences (3), LSTM may not train well
2026-09-17 22:35:51 | WARNING  | co2_forecast | Very few sequences (3), LSTM may not train well
2026-09-17 22:35:51 | WARNING  | co2_forecast | Very few sequences (4), LSTM may not train well
2026-09-17 22:35:51 | WARNING  | co2_forecast | Very few sequences (8), LSTM may not train well
2026-09-17 22:35:52 | WARNING  | co2_forecast | Very few sequences (4), LSTM may not train well
2026-09-17 22:35:52 | WARNING  | co2_forecast | Very few sequences (4), LSTM may not train well
2026-09-17 22:35:52 | WARNING  | co2_forecast | Very few sequences (3), LSTM may not train well
2026-09-17 22:35:52 | WARNING  | co2_forecast | Very few sequences (7), LSTM may not train well
2026-09-17 22:35:52 | WARNING  | co2_forecast | Very few sequences (3), LSTM may not train well
2026-09-17 22:35:52 | WARNING  | co2_forecast | Very few sequences (3), LSTM may not train well
2026-09-17 22:35:52 | WARNING  | co2_forecast | Very few sequences (4), LSTM may not train well
2026-09-17 22:35:52 | WARNING  | co2_forecast | Very few sequences (8), LSTM may not train well
2026-09-17 22:35:52 | WARNING  | co2_forecast | Very few sequences (4), LSTM may not train well
2026-09-17 22:35:52 | WARNING  | co2_forecast | Very few sequences (4), LSTM may not train well
2026-09-17 22:35:52 | WARNING  | co2_forecast | Very few sequences (2), LSTM may not train well
2026-09-17 22:35:52 | WARNING  | co2_forecast | Very few sequences (6), LSTM may not train well
2026-09-17 22:35:53 | WARNING  | co2_forecast | Very few sequences (2), LSTM may not train well
2026-09-17 22:35:53 | WARNING  | co2_forecast | Very few sequences (2), LSTM may not train well
2026-09-17 22:35:53 | WARNING  | co2_forecast | Very few sequences (3), LSTM may not train well
2026-09-17 22:35:53 | WARNING  | co2_forecast | Very few sequences (7), LSTM may not train well
2026-09-17 22:35:53 | WARNING  | co2_forecast | Very few sequences (3), LSTM may not train well
2026-09-17 22:35:53 | WARNING  | co2_forecast | Very few sequences (3), LSTM may not train well
2026-09-17 22:35:53 | WARNING  | co2_forecast | Very few sequences (4), LSTM may not train well
2026-09-17 22:35:53 | WARNING  | co2_forecast | Very few sequences (8), LSTM may not train well
2026-09-17 22:35:53 | WARNING  | co2_forecast | Very few sequences (4), LSTM may not train well
2026-09-17 22:35:53 | WARNING  | co2_forecast | Very few sequences (4), LSTM may not train well
2026-09-17 22:35:53 | WARNING  | co2_forecast | Very few sequences (3), LSTM may not train well
2026-09-17 22:35:53 | WARNING  | co2_forecast | Very few sequences (7), LSTM may not train well
2026-09-17 22:35:54 | WARNING  | co2_forecast | Very few sequences (3), LSTM may not train well
2026-09-17 22:35:54 | WARNING  | co2_forecast | Very few sequences (3), LSTM may not train well
2026-09-17 22:35:54 | WARNING  | co2_forecast | Very few sequences (3), LSTM may not train well
2026-09-17 22:35:54 | WARNING  | co2_forecast | Very few sequences (7), LSTM may not train well
2026-09-17 22:35:54 | WARNING  | co2_forecast | Very few sequences (3), LSTM may not train well
2026-09-17 22:35:54 | WARNING  | co2_forecast | Very few sequences (3), LSTM may not train well
2026-09-17 22:35:54 | WARNING  | co2_forecast | Very few sequences (4), LSTM may not train well
2026-09-17 22:35:54 | WARNING  | co2_forecast | Very few sequences (8), LSTM may not train well
2026-09-17 22:35:54 | WARNING  | co2_forecast | Very few sequences (4), LSTM may not train well
2026-09-17 22:35:54 | WARNING  | co2_forecast | Very few sequences (4), LSTM may not train well
2026-09-17 22:35:54 | WARNING  | co2_forecast | Very few sequences (3), LSTM may not train well
2026-09-17 22:35:55 | WARNING  | co2_forecast | Very few sequences (7), LSTM may not train well
2026-09-17 22:35:55 | WARNING  | co2_forecast | Very few sequences (3), LSTM may not train well
2026-09-17 22:35:55 | WARNING  | co2_forecast | Very few sequences (3), LSTM may not train well
2026-09-17 22:35:55 | WARNING  | co2_forecast | Very few sequences (4), LSTM may not train well
2026-09-17 22:35:55 | WARNING  | co2_forecast | Very few sequences (8), LSTM may not train well
2026-09-17 22:35:55 | WARNING  | co2_forecast | Very few sequences (4), LSTM may not train well
2026-09-17 22:35:55 | WARNING  | co2_forecast | Very few sequences (4), LSTM may not train well
2026-09-17 22:35:55 | WARNING  | co2_forecast | Very few sequences (3), LSTM may not train well
2026-09-17 22:35:55 | WARNING  | co2_forecast | Very few sequences (7), LSTM may not train well
2026-09-17 22:35:55 | WARNING  | co2_forecast | Very few sequences (3), LSTM may not train well
2026-09-17 22:35:55 | WARNING  | co2_forecast | Very few sequences (3), LSTM may not train well
2026-09-17 22:35:56 | WARNING  | co2_forecast | Very few sequences (3), LSTM may not train well
2026-09-17 22:35:56 | WARNING  | co2_forecast | Very few sequences (7), LSTM may not train well
2026-09-17 22:35:56 | WARNING  | co2_forecast | Very few sequences (3), LSTM may not train well
2026-09-17 22:35:56 | WARNING  | co2_forecast | Very few sequences (3), LSTM may not train well
2026-09-17 22:35:56 | WARNING  | co2_forecast | Very few sequences (3), LSTM may not train well
2026-09-17 22:35:56 | WARNING  | co2_forecast | Very few sequences (7), LSTM may not train well
2026-09-17 22:35:56 | WARNING  | co2_forecast | Very few sequences (3), LSTM may not train well
2026-09-17 22:35:56 | WARNING  | co2_forecast | Very few sequences (3), LSTM may not train well
2026-09-17 22:35:56 | WARNING  | co2_forecast | Very few sequences (3), LSTM may not train well
2026-09-17 22:35:56 | WARNING  | co2_forecast | Very few sequences (7), LSTM may not train well
2026-09-17 22:35:57 | WARNING  | co2_forecast | Very few sequences (3), LSTM may not train well
2026-09-17 22:35:57 | WARNING  | co2_forecast | Very few sequences (3), LSTM may not train well
2026-09-17 22:35:57 | WARNING  | co2_forecast | Very few sequences (3), LSTM may not train well
2026-09-17 22:35:57 | WARNING  | co2_forecast | Very few sequences (7), LSTM may not train well
2026-09-17 22:35:57 | WARNING  | co2_forecast | Very few sequences (3), LSTM may not train well
2026-09-17 22:35:57 | WARNING  | co2_forecast | Very few sequences (3), LSTM may not train well
2026-09-17 22:35:57 | WARNING  | co2_forecast | Very few sequences (3), LSTM may not train well
2026-09-17 22:35:57 | WARNING  | co2_forecast | Very few sequences (7), LSTM may not train well
2026-09-17 22:35:57 | WARNING  | co2_forecast | Very few sequences (3), LSTM may not train well
2026-09-17 22:35:58 | WARNING  | co2_forecast | Very few sequences (3), LSTM may not train well
2026-09-17 22:35:58 | WARNING  | co2_forecast | Very few sequences (3), LSTM may not train well
2026-09-17 22:35:58 | WARNING  | co2_forecast | Very few sequences (7), LSTM may not train well
2026-09-17 22:35:58 | WARNING  | co2_forecast | Very few sequences (3), LSTM may not train well
2026-09-17 22:35:58 | WARNING  | co2_forecast | Very few sequences (3), LSTM may not train well
2026-09-17 22:35:58 | WARNING  | co2_forecast | Very few sequences (4), LSTM may not train well
2026-09-17 22:35:58 | WARNING  | co2_forecast | Very few sequences (8), LSTM may not train well
2026-09-17 22:35:58 | WARNING  | co2_forecast | Very few sequences (4), LSTM may not train well
2026-09-17 22:35:58 | WARNING  | co2_forecast | Very few sequences (4), LSTM may not train well
2026-09-17 22:35:58 | WARNING  | co2_forecast | Very few sequences (3), LSTM may not train well
2026-09-17 22:35:58 | WARNING  | co2_forecast | Very few sequences (7), LSTM may not train well
2026-09-17 22:35:58 | WARNING  | co2_forecast | Very few sequences (3), LSTM may not train well
2026-09-17 22:35:59 | WARNING  | co2_forecast | Very few sequences (3), LSTM may not train well
2026-09-17 22:35:59 | INFO     | co2_forecast |   Iteration 5: Best fitness = 0.767790
2026-09-17 22:35:59 | WARNING  | co2_forecast | Very few sequences (3), LSTM may not train well
2026-09-17 22:35:59 | WARNING  | co2_forecast | Very few sequences (7), LSTM may not train well
2026-09-17 22:35:59 | WARNING  | co2_forecast | Very few sequences (3), LSTM may not train well
2026-09-17 22:35:59 | WARNING  | co2_forecast | Very few sequences (3), LSTM may not train well
2026-09-17 22:35:59 | WARNING  | co2_forecast | Very few sequences (2), LSTM may not train well
2026-09-17 22:35:59 | WARNING  | co2_forecast | Very few sequences (6), LSTM may not train well
2026-09-17 22:35:59 | WARNING  | co2_forecast | Very few sequences (2), LSTM may not train well
2026-09-17 22:35:59 | WARNING  | co2_forecast | Very few sequences (2), LSTM may not train well
2026-09-17 22:36:00 | WARNING  | co2_forecast | Very few sequences (3), LSTM may not train well
2026-09-17 22:36:00 | WARNING  | co2_forecast | Very few sequences (7), LSTM may not train well
2026-09-17 22:36:00 | WARNING  | co2_forecast | Very few sequences (3), LSTM may not train well
2026-09-17 22:36:00 | WARNING  | co2_forecast | Very few sequences (3), LSTM may not train well
2026-09-17 22:36:00 | WARNING  | co2_forecast | Very few sequences (3), LSTM may not train well
2026-09-17 22:36:00 | WARNING  | co2_forecast | Very few sequences (7), LSTM may not train well
2026-09-17 22:36:00 | WARNING  | co2_forecast | Very few sequences (3), LSTM may not train well
2026-09-17 22:36:01 | WARNING  | co2_forecast | Very few sequences (3), LSTM may not train well
2026-09-17 22:36:01 | WARNING  | co2_forecast | Very few sequences (2), LSTM may not train well
2026-09-17 22:36:01 | WARNING  | co2_forecast | Very few sequences (6), LSTM may not train well
2026-09-17 22:36:01 | WARNING  | co2_forecast | Very few sequences (2), LSTM may not train well
2026-09-17 22:36:01 | WARNING  | co2_forecast | Very few sequences (2), LSTM may not train well
2026-09-17 22:36:01 | WARNING  | co2_forecast | Very few sequences (3), LSTM may not train well
2026-09-17 22:36:01 | WARNING  | co2_forecast | Very few sequences (7), LSTM may not train well
2026-09-17 22:36:01 | WARNING  | co2_forecast | Very few sequences (3), LSTM may not train well
2026-09-17 22:36:02 | WARNING  | co2_forecast | Very few sequences (3), LSTM may not train well
2026-09-17 22:36:02 | WARNING  | co2_forecast | Very few sequences (4), LSTM may not train well
2026-09-17 22:36:02 | WARNING  | co2_forecast | Very few sequences (8), LSTM may not train well
2026-09-17 22:36:02 | WARNING  | co2_forecast | Very few sequences (4), LSTM may not train well
2026-09-17 22:36:02 | WARNING  | co2_forecast | Very few sequences (4), LSTM may not train well
2026-09-17 22:36:02 | WARNING  | co2_forecast | Very few sequences (3), LSTM may not train well
2026-09-17 22:36:02 | WARNING  | co2_forecast | Very few sequences (7), LSTM may not train well
2026-09-17 22:36:02 | WARNING  | co2_forecast | Very few sequences (3), LSTM may not train well
2026-09-17 22:36:02 | WARNING  | co2_forecast | Very few sequences (3), LSTM may not train well
2026-09-17 22:36:02 | WARNING  | co2_forecast | Very few sequences (3), LSTM may not train well
2026-09-17 22:36:02 | WARNING  | co2_forecast | Very few sequences (7), LSTM may not train well
2026-09-17 22:36:02 | WARNING  | co2_forecast | Very few sequences (3), LSTM may not train well
2026-09-17 22:36:03 | WARNING  | co2_forecast | Very few sequences (3), LSTM may not train well
2026-09-17 22:36:03 | WARNING  | co2_forecast | Very few sequences (4), LSTM may not train well
2026-09-17 22:36:03 | WARNING  | co2_forecast | Very few sequences (8), LSTM may not train well
2026-09-17 22:36:03 | WARNING  | co2_forecast | Very few sequences (4), LSTM may not train well
2026-09-17 22:36:03 | WARNING  | co2_forecast | Very few sequences (4), LSTM may not train well
2026-09-17 22:36:03 | WARNING  | co2_forecast | Very few sequences (3), LSTM may not train well
2026-09-17 22:36:03 | WARNING  | co2_forecast | Very few sequences (7), LSTM may not train well
2026-09-17 22:36:03 | WARNING  | co2_forecast | Very few sequences (3), LSTM may not train well
2026-09-17 22:36:03 | WARNING  | co2_forecast | Very few sequences (3), LSTM may not train well
2026-09-17 22:36:03 | WARNING  | co2_forecast | Very few sequences (3), LSTM may not train well
2026-09-17 22:36:04 | WARNING  | co2_forecast | Very few sequences (7), LSTM may not train well
2026-09-17 22:36:04 | WARNING  | co2_forecast | Very few sequences (3), LSTM may not train well
2026-09-17 22:36:04 | WARNING  | co2_forecast | Very few sequences (3), LSTM may not train well
2026-09-17 22:36:04 | WARNING  | co2_forecast | Very few sequences (3), LSTM may not train well
2026-09-17 22:36:04 | WARNING  | co2_forecast | Very few sequences (7), LSTM may not train well
2026-09-17 22:36:04 | WARNING  | co2_forecast | Very few sequences (3), LSTM may not train well
2026-09-17 22:36:04 | WARNING  | co2_forecast | Very few sequences (3), LSTM may not train well
2026-09-17 22:36:04 | WARNING  | co2_forecast | Very few sequences (3), LSTM may not train well
2026-09-17 22:36:04 | WARNING  | co2_forecast | Very few sequences (7), LSTM may not train well
2026-09-17 22:36:05 | WARNING  | co2_forecast | Very few sequences (3), LSTM may not train well
2026-09-17 22:36:05 | WARNING  | co2_forecast | Very few sequences (3), LSTM may not train well
2026-09-17 22:36:05 | WARNING  | co2_forecast | Very few sequences (3), LSTM may not train well
2026-09-17 22:36:05 | WARNING  | co2_forecast | Very few sequences (7), LSTM may not train well
2026-09-17 22:36:05 | WARNING  | co2_forecast | Very few sequences (3), LSTM may not train well
2026-09-17 22:36:05 | WARNING  | co2_forecast | Very few sequences (3), LSTM may not train well
2026-09-17 22:36:05 | WARNING  | co2_forecast | Very few sequences (3), LSTM may not train well
2026-09-17 22:36:05 | WARNING  | co2_forecast | Very few sequences (7), LSTM may not train well
2026-09-17 22:36:05 | WARNING  | co2_forecast | Very few sequences (3), LSTM may not train well
2026-09-17 22:36:05 | WARNING  | co2_forecast | Very few sequences (3), LSTM may not train well
2026-09-17 22:36:05 | WARNING  | co2_forecast | Very few sequences (3), LSTM may not train well
2026-09-17 22:36:05 | WARNING  | co2_forecast | Very few sequences (7), LSTM may not train well
2026-09-17 22:36:06 | WARNING  | co2_forecast | Very few sequences (3), LSTM may not train well
2026-09-17 22:36:06 | WARNING  | co2_forecast | Very few sequences (3), LSTM may not train well
2026-09-17 22:36:06 | WARNING  | co2_forecast | Very few sequences (3), LSTM may not train well
2026-09-17 22:36:06 | WARNING  | co2_forecast | Very few sequences (7), LSTM may not train well
2026-09-17 22:36:06 | WARNING  | co2_forecast | Very few sequences (3), LSTM may not train well
2026-09-17 22:36:06 | WARNING  | co2_forecast | Very few sequences (3), LSTM may not train well
2026-09-17 22:36:06 | WARNING  | co2_forecast | Very few sequences (3), LSTM may not train well
2026-09-17 22:36:06 | WARNING  | co2_forecast | Very few sequences (7), LSTM may not train well
2026-09-17 22:36:07 | WARNING  | co2_forecast | Very few sequences (3), LSTM may not train well
2026-09-17 22:36:07 | WARNING  | co2_forecast | Very few sequences (3), LSTM may not train well
2026-09-17 22:36:07 | WARNING  | co2_forecast | Very few sequences (3), LSTM may not train well
2026-09-17 22:36:07 | WARNING  | co2_forecast | Very few sequences (7), LSTM may not train well
2026-09-17 22:36:07 | WARNING  | co2_forecast | Very few sequences (3), LSTM may not train well
2026-09-17 22:36:07 | WARNING  | co2_forecast | Very few sequences (3), LSTM may not train well
2026-09-17 22:36:07 | WARNING  | co2_forecast | Very few sequences (4), LSTM may not train well
2026-09-17 22:36:07 | WARNING  | co2_forecast | Very few sequences (8), LSTM may not train well
2026-09-17 22:36:07 | WARNING  | co2_forecast | Very few sequences (4), LSTM may not train well
2026-09-17 22:36:08 | WARNING  | co2_forecast | Very few sequences (4), LSTM may not train well
2026-09-17 22:36:08 | WARNING  | co2_forecast | Very few sequences (3), LSTM may not train well
2026-09-17 22:36:08 | WARNING  | co2_forecast | Very few sequences (7), LSTM may not train well
2026-09-17 22:36:08 | WARNING  | co2_forecast | Very few sequences (3), LSTM may not train well
2026-09-17 22:36:08 | WARNING  | co2_forecast | Very few sequences (3), LSTM may not train well
2026-09-17 22:36:08 | WARNING  | co2_forecast | Very few sequences (4), LSTM may not train well
2026-09-17 22:36:08 | WARNING  | co2_forecast | Very few sequences (8), LSTM may not train well
2026-09-17 22:36:08 | WARNING  | co2_forecast | Very few sequences (4), LSTM may not train well
2026-09-17 22:36:08 | WARNING  | co2_forecast | Very few sequences (4), LSTM may not train well
2026-09-17 22:36:08 | WARNING  | co2_forecast | Very few sequences (3), LSTM may not train well
2026-09-17 22:36:08 | WARNING  | co2_forecast | Very few sequences (7), LSTM may not train well
2026-09-17 22:36:08 | WARNING  | co2_forecast | Very few sequences (3), LSTM may not train well
2026-09-17 22:36:09 | WARNING  | co2_forecast | Very few sequences (3), LSTM may not train well
2026-09-17 22:36:09 | WARNING  | co2_forecast | Very few sequences (3), LSTM may not train well
2026-09-17 22:36:09 | WARNING  | co2_forecast | Very few sequences (7), LSTM may not train well
2026-09-17 22:36:09 | WARNING  | co2_forecast | Very few sequences (3), LSTM may not train well
2026-09-17 22:36:09 | WARNING  | co2_forecast | Very few sequences (3), LSTM may not train well
2026-09-17 22:36:09 | WARNING  | co2_forecast | Very few sequences (2), LSTM may not train well
2026-09-17 22:36:09 | WARNING  | co2_forecast | Very few sequences (6), LSTM may not train well
2026-09-17 22:36:09 | WARNING  | co2_forecast | Very few sequences (2), LSTM may not train well
2026-09-17 22:36:09 | WARNING  | co2_forecast | Very few sequences (2), LSTM may not train well
2026-09-17 22:36:10 | WARNING  | co2_forecast | Very few sequences (3), LSTM may not train well
2026-09-17 22:36:10 | WARNING  | co2_forecast | Very few sequences (7), LSTM may not train well
2026-09-17 22:36:10 | WARNING  | co2_forecast | Very few sequences (3), LSTM may not train well
2026-09-17 22:36:10 | WARNING  | co2_forecast | Very few sequences (3), LSTM may not train well
2026-09-17 22:36:10 | WARNING  | co2_forecast | Very few sequences (3), LSTM may not train well
2026-09-17 22:36:10 | WARNING  | co2_forecast | Very few sequences (7), LSTM may not train well
2026-09-17 22:36:10 | WARNING  | co2_forecast | Very few sequences (3), LSTM may not train well
2026-09-17 22:36:11 | WARNING  | co2_forecast | Very few sequences (3), LSTM may not train well
2026-09-17 22:36:11 | WARNING  | co2_forecast | Very few sequences (3), LSTM may not train well
2026-09-17 22:36:11 | WARNING  | co2_forecast | Very few sequences (7), LSTM may not train well
2026-09-17 22:36:11 | WARNING  | co2_forecast | Very few sequences (3), LSTM may not train well
2026-09-17 22:36:11 | WARNING  | co2_forecast | Very few sequences (3), LSTM may not train well
2026-09-17 22:36:11 | WARNING  | co2_forecast | Very few sequences (3), LSTM may not train well
2026-09-17 22:36:11 | WARNING  | co2_forecast | Very few sequences (7), LSTM may not train well
2026-09-17 22:36:11 | WARNING  | co2_forecast | Very few sequences (3), LSTM may not train well
2026-09-17 22:36:12 | WARNING  | co2_forecast | Very few sequences (3), LSTM may not train well
2026-09-17 22:36:12 | WARNING  | co2_forecast | Very few sequences (4), LSTM may not train well
2026-09-17 22:36:12 | WARNING  | co2_forecast | Very few sequences (8), LSTM may not train well
2026-09-17 22:36:12 | WARNING  | co2_forecast | Very few sequences (4), LSTM may not train well
2026-09-17 22:36:12 | WARNING  | co2_forecast | Very few sequences (4), LSTM may not train well
2026-09-17 22:36:12 | WARNING  | co2_forecast | Very few sequences (3), LSTM may not train well
2026-09-17 22:36:12 | WARNING  | co2_forecast | Very few sequences (7), LSTM may not train well
2026-09-17 22:36:12 | WARNING  | co2_forecast | Very few sequences (3), LSTM may not train well
2026-09-17 22:36:12 | WARNING  | co2_forecast | Very few sequences (3), LSTM may not train well
2026-09-17 22:36:12 | INFO     | co2_forecast |   Iteration 9: Best fitness = 0.764282
2026-09-17 22:36:12 | INFO     | co2_forecast | PSO complete. Best fitness: 0.764282
2026-09-17 22:36:12 | INFO     | co2_forecast |   Best params: {'lookback': 5, 'hidden_size': 16, 'num_layers': 2, 'dropout': 0.5, 'learning_rate': 0.0001, 'batch_size': 32}
2026-09-17 22:36:12 | INFO     | co2_forecast |   Best fitness: 0.764282
2026-09-17 22:36:12 | INFO     | co2_forecast | [A3_CI_std_only/panel2_common_period/all_features/lstm] sweep tuning: best_params={'lookback': 5, 'hidden_size': 16, 'num_layers': 2, 'dropout': 0.5, 'learning_rate': 0.0001, 'batch_size': 32}
2026-09-17 22:36:13 | INFO     | co2_forecast |   lstm -> weighted_mase=1.0123346012401881
2026-09-17 22:36:13 | INFO     | co2_forecast | Variant A3_CI_std_only complete in 47.3s
2026-09-17 22:36:13 | INFO     | co2_forecast | --- Variant A3_CI_highshare_only: 12 features ---
2026-09-17 22:36:13 | INFO     | co2_forecast | Creating walk-forward splits for 16 valid samples
2026-09-17 22:36:13 | INFO     | co2_forecast | Created 4 CV folds across horizons [1, 2, 4]
2026-09-17 22:36:13 | INFO     | co2_forecast | Built tuning CV plan: 4 folds from 16 rows before 2022-Qq (evaluation cutoff) - isolation OK (max tuning date 2021-Qq)
2026-09-17 22:36:13 | INFO     | co2_forecast | Optimizing ridge...
2026-09-17 22:36:13 | INFO     | co2_forecast | Starting PSO: 8 particles, 10 iterations
2026-09-17 22:36:13 | INFO     | co2_forecast |   Iteration 0: Best fitness = 2.475822
2026-09-17 22:36:13 | INFO     | co2_forecast |   Iteration 5: Best fitness = 2.124148
2026-09-17 22:36:13 | INFO     | co2_forecast |   Iteration 9: Best fitness = 2.124148
2026-09-17 22:36:13 | INFO     | co2_forecast | PSO complete. Best fitness: 2.124148
2026-09-17 22:36:13 | INFO     | co2_forecast |   Best params: {'alpha': 100.0}
2026-09-17 22:36:13 | INFO     | co2_forecast |   Best fitness: 2.124148
2026-09-17 22:36:13 | INFO     | co2_forecast | [A3_CI_highshare_only/panel2_common_period/all_features/ridge] sweep tuning: best_params={'alpha': 100.0}
2026-09-17 22:36:13 | INFO     | co2_forecast |   ridge -> weighted_mase=0.9291782003055544
2026-09-17 22:36:13 | INFO     | co2_forecast | Creating walk-forward splits for 16 valid samples
2026-09-17 22:36:13 | INFO     | co2_forecast | Created 4 CV folds across horizons [1, 2, 4]
2026-09-17 22:36:13 | INFO     | co2_forecast | Built tuning CV plan: 4 folds from 16 rows before 2022-Qq (evaluation cutoff) - isolation OK (max tuning date 2021-Qq)
2026-09-17 22:36:13 | INFO     | co2_forecast | Optimizing random_forest...
2026-09-17 22:36:13 | INFO     | co2_forecast | Starting PSO: 8 particles, 10 iterations
2026-09-17 22:36:15 | INFO     | co2_forecast |   Iteration 0: Best fitness = 0.672011
2026-09-17 22:36:23 | INFO     | co2_forecast |   Iteration 5: Best fitness = 0.400809
2026-09-17 22:36:28 | INFO     | co2_forecast |   Iteration 9: Best fitness = 0.397173
2026-09-17 22:36:28 | INFO     | co2_forecast | PSO complete. Best fitness: 0.397173
2026-09-17 22:36:28 | INFO     | co2_forecast |   Best params: {'n_estimators': 62, 'max_depth': 3, 'min_samples_split': 2, 'min_samples_leaf': 1}
2026-09-17 22:36:28 | INFO     | co2_forecast |   Best fitness: 0.397173
2026-09-17 22:36:28 | INFO     | co2_forecast | [A3_CI_highshare_only/panel2_common_period/all_features/random_forest] sweep tuning: best_params={'n_estimators': 62, 'max_depth': 3, 'min_samples_split': 2, 'min_samples_leaf': 1}
2026-09-17 22:36:29 | INFO     | co2_forecast |   random_forest -> weighted_mase=0.7557524846020975
2026-09-17 22:36:29 | INFO     | co2_forecast | Creating walk-forward splits for 16 valid samples
2026-09-17 22:36:29 | INFO     | co2_forecast | Created 4 CV folds across horizons [1, 2, 4]
2026-09-17 22:36:29 | INFO     | co2_forecast | Built tuning CV plan: 4 folds from 16 rows before 2022-Qq (evaluation cutoff) - isolation OK (max tuning date 2021-Qq)
2026-09-17 22:36:29 | INFO     | co2_forecast | Optimizing catboost...
2026-09-17 22:36:29 | INFO     | co2_forecast | Starting PSO: 8 particles, 10 iterations
2026-09-17 22:36:29 | INFO     | co2_forecast |   Iteration 0: Best fitness = 0.414030
2026-09-17 22:36:30 | INFO     | co2_forecast |   Iteration 5: Best fitness = 0.370693
2026-09-17 22:36:30 | INFO     | co2_forecast |   Iteration 9: Best fitness = 0.370693
2026-09-17 22:36:30 | INFO     | co2_forecast | PSO complete. Best fitness: 0.370693
2026-09-17 22:36:30 | INFO     | co2_forecast |   Best params: {'iterations': 86, 'learning_rate': 0.10634162545771539, 'depth': 3, 'l2_leaf_reg': 3.2587036142106345}
2026-09-17 22:36:30 | INFO     | co2_forecast |   Best fitness: 0.370693
2026-09-17 22:36:30 | INFO     | co2_forecast | [A3_CI_highshare_only/panel2_common_period/all_features/catboost] sweep tuning: best_params={'iterations': 86, 'learning_rate': 0.10634162545771539, 'depth': 3, 'l2_leaf_reg': 3.2587036142106345}
2026-09-17 22:36:30 | INFO     | co2_forecast |   catboost -> weighted_mase=0.7089569107480813
2026-09-17 22:36:30 | INFO     | co2_forecast | Creating walk-forward splits for 16 valid samples
2026-09-17 22:36:30 | INFO     | co2_forecast | Created 4 CV folds across horizons [1, 2, 4]
2026-09-17 22:36:30 | INFO     | co2_forecast | Built tuning CV plan: 4 folds from 16 rows before 2022-Qq (evaluation cutoff) - isolation OK (max tuning date 2021-Qq)
2026-09-17 22:36:30 | INFO     | co2_forecast | Optimizing lightgbm...
2026-09-17 22:36:30 | INFO     | co2_forecast | Starting PSO: 8 particles, 10 iterations
2026-09-17 22:36:30 | INFO     | co2_forecast |   Iteration 0: Best fitness = 0.768990
2026-09-17 22:36:32 | INFO     | co2_forecast |   Iteration 5: Best fitness = 0.655353
2026-09-17 22:36:33 | INFO     | co2_forecast |   Iteration 9: Best fitness = 0.644572
2026-09-17 22:36:33 | INFO     | co2_forecast | PSO complete. Best fitness: 0.644572
2026-09-17 22:36:33 | INFO     | co2_forecast |   Best params: {'n_estimators': 50, 'learning_rate': 0.24875557248327107, 'num_leaves': 127, 'max_depth': 3, 'min_child_samples': 5, 'reg_alpha': 0.09419715994303053, 'reg_lambda': 1.6116769810147058}
2026-09-17 22:36:33 | INFO     | co2_forecast |   Best fitness: 0.644572
2026-09-17 22:36:33 | INFO     | co2_forecast | [A3_CI_highshare_only/panel2_common_period/all_features/lightgbm] sweep tuning: best_params={'n_estimators': 50, 'learning_rate': 0.24875557248327107, 'num_leaves': 127, 'max_depth': 3, 'min_child_samples': 5, 'reg_alpha': 0.09419715994303053, 'reg_lambda': 1.6116769810147058}
2026-09-17 22:36:33 | INFO     | co2_forecast |   lightgbm -> weighted_mase=0.7315712475949394
2026-09-17 22:36:33 | INFO     | co2_forecast | Creating walk-forward splits for 16 valid samples
2026-09-17 22:36:33 | INFO     | co2_forecast | Created 4 CV folds across horizons [1, 2, 4]
2026-09-17 22:36:33 | INFO     | co2_forecast | Built tuning CV plan: 4 folds from 16 rows before 2022-Qq (evaluation cutoff) - isolation OK (max tuning date 2021-Qq)
2026-09-17 22:36:33 | INFO     | co2_forecast | Optimizing lstm...
2026-09-17 22:36:33 | INFO     | co2_forecast | Starting PSO: 8 particles, 10 iterations
2026-09-17 22:36:33 | WARNING  | co2_forecast | Model training failed with params {'lookback': 7, 'hidden_size': 62, 'num_layers': 2, 'dropout': 0.3394633936788147, 'learning_rate': 0.0016445845403801217, 'batch_size': 8}: LSTM.fit: training data has 8 rows, giving only 1 sequence(s) with lookback=7; at least 2 are required (one is always reserved for validation). Reduce lookback or provide more training history.
2026-09-17 22:36:33 | WARNING  | co2_forecast | Model training failed with params {'lookback': 11, 'hidden_size': 26, 'num_layers': 1, 'dropout': 0.17336180394137354, 'learning_rate': 0.0031119982052994237, 'batch_size': 16}: LSTM.fit: training data has 8 rows, giving only 0 sequence(s) with lookback=11; at least 2 are required (one is always reserved for validation). Reduce lookback or provide more training history.
2026-09-17 22:36:33 | WARNING  | co2_forecast | Model training failed with params {'lookback': 8, 'hidden_size': 54, 'num_layers': 1, 'dropout': 0.3056937753654447, 'learning_rate': 0.005964904231734221, 'batch_size': 8}: LSTM.fit: training data has 8 rows, giving only 0 sequence(s) with lookback=8; at least 2 are required (one is always reserved for validation). Reduce lookback or provide more training history.
2026-09-17 22:36:33 | WARNING  | co2_forecast | Very few sequences (2), LSTM may not train well
2026-09-17 22:36:33 | WARNING  | co2_forecast | Very few sequences (6), LSTM may not train well
2026-09-17 22:36:33 | WARNING  | co2_forecast | Very few sequences (2), LSTM may not train well
2026-09-17 22:36:33 | WARNING  | co2_forecast | Very few sequences (2), LSTM may not train well
2026-09-17 22:36:33 | WARNING  | co2_forecast | Model training failed with params {'lookback': 8, 'hidden_size': 25, 'num_layers': 2, 'dropout': 0.4100531293444458, 'learning_rate': 0.009401039521485473, 'batch_size': 32}: LSTM.fit: training data has 8 rows, giving only 0 sequence(s) with lookback=8; at least 2 are required (one is always reserved for validation). Reduce lookback or provide more training history.
2026-09-17 22:36:33 | WARNING  | co2_forecast | Model training failed with params {'lookback': 7, 'hidden_size': 29, 'num_layers': 2, 'dropout': 0.2427013306774357, 'learning_rate': 0.00288125164590507, 'batch_size': 16}: LSTM.fit: training data has 8 rows, giving only 1 sequence(s) with lookback=7; at least 2 are required (one is always reserved for validation). Reduce lookback or provide more training history.
2026-09-17 22:36:33 | WARNING  | co2_forecast | Very few sequences (4), LSTM may not train well
2026-09-17 22:36:33 | WARNING  | co2_forecast | Very few sequences (8), LSTM may not train well
2026-09-17 22:36:33 | WARNING  | co2_forecast | Very few sequences (4), LSTM may not train well
2026-09-17 22:36:33 | WARNING  | co2_forecast | Very few sequences (4), LSTM may not train well
2026-09-17 22:36:33 | WARNING  | co2_forecast | Very few sequences (2), LSTM may not train well
2026-09-17 22:36:33 | WARNING  | co2_forecast | Very few sequences (6), LSTM may not train well
2026-09-17 22:36:33 | WARNING  | co2_forecast | Very few sequences (2), LSTM may not train well
2026-09-17 22:36:33 | WARNING  | co2_forecast | Very few sequences (2), LSTM may not train well
2026-09-17 22:36:33 | INFO     | co2_forecast |   Iteration 0: Best fitness = 1.062391
2026-09-17 22:36:33 | WARNING  | co2_forecast | Very few sequences (3), LSTM may not train well
2026-09-17 22:36:33 | WARNING  | co2_forecast | Very few sequences (7), LSTM may not train well
2026-09-17 22:36:33 | WARNING  | co2_forecast | Very few sequences (3), LSTM may not train well
2026-09-17 22:36:34 | WARNING  | co2_forecast | Very few sequences (3), LSTM may not train well
2026-09-17 22:36:34 | WARNING  | co2_forecast | Very few sequences (2), LSTM may not train well
2026-09-17 22:36:34 | WARNING  | co2_forecast | Very few sequences (6), LSTM may not train well
2026-09-17 22:36:34 | WARNING  | co2_forecast | Very few sequences (2), LSTM may not train well
2026-09-17 22:36:34 | WARNING  | co2_forecast | Very few sequences (2), LSTM may not train well
2026-09-17 22:36:34 | WARNING  | co2_forecast | Model training failed with params {'lookback': 8, 'hidden_size': 44, 'num_layers': 1, 'dropout': 0.32389753899663415, 'learning_rate': 0.005520634690128072, 'batch_size': 8}: LSTM.fit: training data has 8 rows, giving only 0 sequence(s) with lookback=8; at least 2 are required (one is always reserved for validation). Reduce lookback or provide more training history.
2026-09-17 22:36:34 | WARNING  | co2_forecast | Very few sequences (3), LSTM may not train well
2026-09-17 22:36:34 | WARNING  | co2_forecast | Very few sequences (7), LSTM may not train well
2026-09-17 22:36:34 | WARNING  | co2_forecast | Very few sequences (3), LSTM may not train well
2026-09-17 22:36:34 | WARNING  | co2_forecast | Very few sequences (3), LSTM may not train well
2026-09-17 22:36:34 | WARNING  | co2_forecast | Very few sequences (2), LSTM may not train well
2026-09-17 22:36:34 | WARNING  | co2_forecast | Very few sequences (6), LSTM may not train well
2026-09-17 22:36:34 | WARNING  | co2_forecast | Very few sequences (2), LSTM may not train well
2026-09-17 22:36:35 | WARNING  | co2_forecast | Very few sequences (2), LSTM may not train well
2026-09-17 22:36:35 | WARNING  | co2_forecast | Very few sequences (3), LSTM may not train well
2026-09-17 22:36:35 | WARNING  | co2_forecast | Very few sequences (7), LSTM may not train well
2026-09-17 22:36:35 | WARNING  | co2_forecast | Very few sequences (3), LSTM may not train well
2026-09-17 22:36:35 | WARNING  | co2_forecast | Very few sequences (3), LSTM may not train well
2026-09-17 22:36:35 | WARNING  | co2_forecast | Very few sequences (4), LSTM may not train well
2026-09-17 22:36:35 | WARNING  | co2_forecast | Very few sequences (8), LSTM may not train well
2026-09-17 22:36:35 | WARNING  | co2_forecast | Very few sequences (4), LSTM may not train well
2026-09-17 22:36:35 | WARNING  | co2_forecast | Very few sequences (4), LSTM may not train well
2026-09-17 22:36:35 | WARNING  | co2_forecast | Very few sequences (2), LSTM may not train well
2026-09-17 22:36:35 | WARNING  | co2_forecast | Very few sequences (6), LSTM may not train well
2026-09-17 22:36:35 | WARNING  | co2_forecast | Very few sequences (2), LSTM may not train well
2026-09-17 22:36:35 | WARNING  | co2_forecast | Very few sequences (2), LSTM may not train well
2026-09-17 22:36:35 | WARNING  | co2_forecast | Very few sequences (3), LSTM may not train well
2026-09-17 22:36:35 | WARNING  | co2_forecast | Very few sequences (7), LSTM may not train well
2026-09-17 22:36:36 | WARNING  | co2_forecast | Very few sequences (3), LSTM may not train well
2026-09-17 22:36:36 | WARNING  | co2_forecast | Very few sequences (3), LSTM may not train well
2026-09-17 22:36:36 | WARNING  | co2_forecast | Very few sequences (4), LSTM may not train well
2026-09-17 22:36:36 | WARNING  | co2_forecast | Very few sequences (8), LSTM may not train well
2026-09-17 22:36:36 | WARNING  | co2_forecast | Very few sequences (4), LSTM may not train well
2026-09-17 22:36:36 | WARNING  | co2_forecast | Very few sequences (4), LSTM may not train well
2026-09-17 22:36:36 | WARNING  | co2_forecast | Model training failed with params {'lookback': 7, 'hidden_size': 35, 'num_layers': 1, 'dropout': 0.31512819649180424, 'learning_rate': 0.004065945490368326, 'batch_size': 8}: LSTM.fit: training data has 8 rows, giving only 1 sequence(s) with lookback=7; at least 2 are required (one is always reserved for validation). Reduce lookback or provide more training history.
2026-09-17 22:36:36 | WARNING  | co2_forecast | Very few sequences (2), LSTM may not train well
2026-09-17 22:36:36 | WARNING  | co2_forecast | Very few sequences (6), LSTM may not train well
2026-09-17 22:36:37 | WARNING  | co2_forecast | Very few sequences (2), LSTM may not train well
2026-09-17 22:36:37 | WARNING  | co2_forecast | Very few sequences (2), LSTM may not train well
2026-09-17 22:36:37 | WARNING  | co2_forecast | Very few sequences (3), LSTM may not train well
2026-09-17 22:36:37 | WARNING  | co2_forecast | Very few sequences (7), LSTM may not train well
2026-09-17 22:36:37 | WARNING  | co2_forecast | Very few sequences (3), LSTM may not train well
2026-09-17 22:36:38 | WARNING  | co2_forecast | Very few sequences (3), LSTM may not train well
2026-09-17 22:36:38 | WARNING  | co2_forecast | Very few sequences (3), LSTM may not train well
2026-09-17 22:36:38 | WARNING  | co2_forecast | Very few sequences (7), LSTM may not train well
2026-09-17 22:36:38 | WARNING  | co2_forecast | Very few sequences (3), LSTM may not train well
2026-09-17 22:36:38 | WARNING  | co2_forecast | Very few sequences (3), LSTM may not train well
2026-09-17 22:36:38 | WARNING  | co2_forecast | Very few sequences (3), LSTM may not train well
2026-09-17 22:36:38 | WARNING  | co2_forecast | Very few sequences (7), LSTM may not train well
2026-09-17 22:36:38 | WARNING  | co2_forecast | Very few sequences (3), LSTM may not train well
2026-09-17 22:36:38 | WARNING  | co2_forecast | Very few sequences (3), LSTM may not train well
2026-09-17 22:36:38 | WARNING  | co2_forecast | Very few sequences (2), LSTM may not train well
2026-09-17 22:36:38 | WARNING  | co2_forecast | Very few sequences (6), LSTM may not train well
2026-09-17 22:36:38 | WARNING  | co2_forecast | Very few sequences (2), LSTM may not train well
2026-09-17 22:36:38 | WARNING  | co2_forecast | Very few sequences (2), LSTM may not train well
2026-09-17 22:36:38 | WARNING  | co2_forecast | Very few sequences (3), LSTM may not train well
2026-09-17 22:36:38 | WARNING  | co2_forecast | Very few sequences (7), LSTM may not train well
2026-09-17 22:36:39 | WARNING  | co2_forecast | Very few sequences (3), LSTM may not train well
2026-09-17 22:36:39 | WARNING  | co2_forecast | Very few sequences (3), LSTM may not train well
2026-09-17 22:36:39 | WARNING  | co2_forecast | Very few sequences (4), LSTM may not train well
2026-09-17 22:36:39 | WARNING  | co2_forecast | Very few sequences (8), LSTM may not train well
2026-09-17 22:36:39 | WARNING  | co2_forecast | Very few sequences (4), LSTM may not train well
2026-09-17 22:36:39 | WARNING  | co2_forecast | Very few sequences (4), LSTM may not train well
2026-09-17 22:36:39 | WARNING  | co2_forecast | Very few sequences (2), LSTM may not train well
2026-09-17 22:36:39 | WARNING  | co2_forecast | Very few sequences (6), LSTM may not train well
2026-09-17 22:36:39 | WARNING  | co2_forecast | Very few sequences (2), LSTM may not train well
2026-09-17 22:36:39 | WARNING  | co2_forecast | Very few sequences (2), LSTM may not train well
2026-09-17 22:36:39 | WARNING  | co2_forecast | Very few sequences (3), LSTM may not train well
2026-09-17 22:36:39 | WARNING  | co2_forecast | Very few sequences (7), LSTM may not train well
2026-09-17 22:36:40 | WARNING  | co2_forecast | Very few sequences (3), LSTM may not train well
2026-09-17 22:36:40 | WARNING  | co2_forecast | Very few sequences (3), LSTM may not train well
2026-09-17 22:36:40 | WARNING  | co2_forecast | Very few sequences (4), LSTM may not train well
2026-09-17 22:36:40 | WARNING  | co2_forecast | Very few sequences (8), LSTM may not train well
2026-09-17 22:36:40 | WARNING  | co2_forecast | Very few sequences (4), LSTM may not train well
2026-09-17 22:36:40 | WARNING  | co2_forecast | Very few sequences (4), LSTM may not train well
2026-09-17 22:36:40 | WARNING  | co2_forecast | Very few sequences (3), LSTM may not train well
2026-09-17 22:36:40 | WARNING  | co2_forecast | Very few sequences (7), LSTM may not train well
2026-09-17 22:36:40 | WARNING  | co2_forecast | Very few sequences (3), LSTM may not train well
2026-09-17 22:36:41 | WARNING  | co2_forecast | Very few sequences (3), LSTM may not train well
2026-09-17 22:36:41 | WARNING  | co2_forecast | Very few sequences (4), LSTM may not train well
2026-09-17 22:36:41 | WARNING  | co2_forecast | Very few sequences (8), LSTM may not train well
2026-09-17 22:36:41 | WARNING  | co2_forecast | Very few sequences (4), LSTM may not train well
2026-09-17 22:36:41 | WARNING  | co2_forecast | Very few sequences (4), LSTM may not train well
2026-09-17 22:36:41 | WARNING  | co2_forecast | Very few sequences (2), LSTM may not train well
2026-09-17 22:36:41 | WARNING  | co2_forecast | Very few sequences (6), LSTM may not train well
2026-09-17 22:36:41 | WARNING  | co2_forecast | Very few sequences (2), LSTM may not train well
2026-09-17 22:36:41 | WARNING  | co2_forecast | Very few sequences (2), LSTM may not train well
2026-09-17 22:36:41 | WARNING  | co2_forecast | Very few sequences (3), LSTM may not train well
2026-09-17 22:36:41 | WARNING  | co2_forecast | Very few sequences (7), LSTM may not train well
2026-09-17 22:36:41 | WARNING  | co2_forecast | Very few sequences (3), LSTM may not train well
2026-09-17 22:36:41 | WARNING  | co2_forecast | Very few sequences (3), LSTM may not train well
2026-09-17 22:36:41 | WARNING  | co2_forecast | Very few sequences (4), LSTM may not train well
2026-09-17 22:36:41 | WARNING  | co2_forecast | Very few sequences (8), LSTM may not train well
2026-09-17 22:36:42 | WARNING  | co2_forecast | Very few sequences (4), LSTM may not train well
2026-09-17 22:36:42 | WARNING  | co2_forecast | Very few sequences (4), LSTM may not train well
2026-09-17 22:36:42 | WARNING  | co2_forecast | Very few sequences (3), LSTM may not train well
2026-09-17 22:36:42 | WARNING  | co2_forecast | Very few sequences (7), LSTM may not train well
2026-09-17 22:36:42 | WARNING  | co2_forecast | Very few sequences (3), LSTM may not train well
2026-09-17 22:36:42 | WARNING  | co2_forecast | Very few sequences (3), LSTM may not train well
2026-09-17 22:36:42 | WARNING  | co2_forecast | Very few sequences (3), LSTM may not train well
2026-09-17 22:36:42 | WARNING  | co2_forecast | Very few sequences (7), LSTM may not train well
2026-09-17 22:36:42 | WARNING  | co2_forecast | Very few sequences (3), LSTM may not train well
2026-09-17 22:36:42 | WARNING  | co2_forecast | Very few sequences (3), LSTM may not train well
2026-09-17 22:36:42 | WARNING  | co2_forecast | Very few sequences (4), LSTM may not train well
2026-09-17 22:36:42 | WARNING  | co2_forecast | Very few sequences (8), LSTM may not train well
2026-09-17 22:36:43 | WARNING  | co2_forecast | Very few sequences (4), LSTM may not train well
2026-09-17 22:36:43 | WARNING  | co2_forecast | Very few sequences (4), LSTM may not train well
2026-09-17 22:36:43 | WARNING  | co2_forecast | Very few sequences (3), LSTM may not train well
2026-09-17 22:36:43 | WARNING  | co2_forecast | Very few sequences (7), LSTM may not train well
2026-09-17 22:36:43 | WARNING  | co2_forecast | Very few sequences (3), LSTM may not train well
2026-09-17 22:36:43 | WARNING  | co2_forecast | Very few sequences (3), LSTM may not train well
2026-09-17 22:36:43 | WARNING  | co2_forecast | Very few sequences (4), LSTM may not train well
2026-09-17 22:36:43 | WARNING  | co2_forecast | Very few sequences (8), LSTM may not train well
2026-09-17 22:36:43 | WARNING  | co2_forecast | Very few sequences (4), LSTM may not train well
2026-09-17 22:36:43 | WARNING  | co2_forecast | Very few sequences (4), LSTM may not train well
2026-09-17 22:36:43 | WARNING  | co2_forecast | Very few sequences (3), LSTM may not train well
2026-09-17 22:36:43 | WARNING  | co2_forecast | Very few sequences (7), LSTM may not train well
2026-09-17 22:36:44 | WARNING  | co2_forecast | Very few sequences (3), LSTM may not train well
2026-09-17 22:36:44 | WARNING  | co2_forecast | Very few sequences (3), LSTM may not train well
2026-09-17 22:36:44 | WARNING  | co2_forecast | Very few sequences (3), LSTM may not train well
2026-09-17 22:36:44 | WARNING  | co2_forecast | Very few sequences (7), LSTM may not train well
2026-09-17 22:36:44 | WARNING  | co2_forecast | Very few sequences (3), LSTM may not train well
2026-09-17 22:36:44 | WARNING  | co2_forecast | Very few sequences (3), LSTM may not train well
2026-09-17 22:36:44 | WARNING  | co2_forecast | Very few sequences (3), LSTM may not train well
2026-09-17 22:36:44 | WARNING  | co2_forecast | Very few sequences (7), LSTM may not train well
2026-09-17 22:36:45 | WARNING  | co2_forecast | Very few sequences (3), LSTM may not train well
2026-09-17 22:36:45 | WARNING  | co2_forecast | Very few sequences (3), LSTM may not train well
2026-09-17 22:36:45 | WARNING  | co2_forecast | Very few sequences (3), LSTM may not train well
2026-09-17 22:36:45 | WARNING  | co2_forecast | Very few sequences (7), LSTM may not train well
2026-09-17 22:36:45 | WARNING  | co2_forecast | Very few sequences (3), LSTM may not train well
2026-09-17 22:36:45 | WARNING  | co2_forecast | Very few sequences (3), LSTM may not train well
2026-09-17 22:36:45 | WARNING  | co2_forecast | Very few sequences (3), LSTM may not train well
2026-09-17 22:36:45 | WARNING  | co2_forecast | Very few sequences (7), LSTM may not train well
2026-09-17 22:36:45 | WARNING  | co2_forecast | Very few sequences (3), LSTM may not train well
2026-09-17 22:36:46 | WARNING  | co2_forecast | Very few sequences (3), LSTM may not train well
2026-09-17 22:36:46 | WARNING  | co2_forecast | Very few sequences (3), LSTM may not train well
2026-09-17 22:36:46 | WARNING  | co2_forecast | Very few sequences (7), LSTM may not train well
2026-09-17 22:36:46 | WARNING  | co2_forecast | Very few sequences (3), LSTM may not train well
2026-09-17 22:36:46 | WARNING  | co2_forecast | Very few sequences (3), LSTM may not train well
2026-09-17 22:36:46 | WARNING  | co2_forecast | Very few sequences (3), LSTM may not train well
2026-09-17 22:36:46 | WARNING  | co2_forecast | Very few sequences (7), LSTM may not train well
2026-09-17 22:36:46 | WARNING  | co2_forecast | Very few sequences (3), LSTM may not train well
2026-09-17 22:36:46 | WARNING  | co2_forecast | Very few sequences (3), LSTM may not train well
2026-09-17 22:36:46 | WARNING  | co2_forecast | Very few sequences (4), LSTM may not train well
2026-09-17 22:36:47 | WARNING  | co2_forecast | Very few sequences (8), LSTM may not train well
2026-09-17 22:36:47 | WARNING  | co2_forecast | Very few sequences (4), LSTM may not train well
2026-09-17 22:36:47 | WARNING  | co2_forecast | Very few sequences (4), LSTM may not train well
2026-09-17 22:36:47 | WARNING  | co2_forecast | Very few sequences (3), LSTM may not train well
2026-09-17 22:36:47 | WARNING  | co2_forecast | Very few sequences (7), LSTM may not train well
2026-09-17 22:36:47 | WARNING  | co2_forecast | Very few sequences (3), LSTM may not train well
2026-09-17 22:36:47 | WARNING  | co2_forecast | Very few sequences (3), LSTM may not train well
2026-09-17 22:36:47 | INFO     | co2_forecast |   Iteration 5: Best fitness = 0.764387
2026-09-17 22:36:47 | WARNING  | co2_forecast | Very few sequences (3), LSTM may not train well
2026-09-17 22:36:47 | WARNING  | co2_forecast | Very few sequences (7), LSTM may not train well
2026-09-17 22:36:47 | WARNING  | co2_forecast | Very few sequences (3), LSTM may not train well
2026-09-17 22:36:47 | WARNING  | co2_forecast | Very few sequences (3), LSTM may not train well
2026-09-17 22:36:48 | WARNING  | co2_forecast | Very few sequences (2), LSTM may not train well
2026-09-17 22:36:48 | WARNING  | co2_forecast | Very few sequences (6), LSTM may not train well
2026-09-17 22:36:48 | WARNING  | co2_forecast | Very few sequences (2), LSTM may not train well
2026-09-17 22:36:48 | WARNING  | co2_forecast | Very few sequences (2), LSTM may not train well
2026-09-17 22:36:48 | WARNING  | co2_forecast | Very few sequences (3), LSTM may not train well
2026-09-17 22:36:48 | WARNING  | co2_forecast | Very few sequences (7), LSTM may not train well
2026-09-17 22:36:48 | WARNING  | co2_forecast | Very few sequences (3), LSTM may not train well
2026-09-17 22:36:49 | WARNING  | co2_forecast | Very few sequences (3), LSTM may not train well
2026-09-17 22:36:49 | WARNING  | co2_forecast | Very few sequences (3), LSTM may not train well
2026-09-17 22:36:49 | WARNING  | co2_forecast | Very few sequences (7), LSTM may not train well
2026-09-17 22:36:49 | WARNING  | co2_forecast | Very few sequences (3), LSTM may not train well
2026-09-17 22:36:49 | WARNING  | co2_forecast | Very few sequences (3), LSTM may not train well
2026-09-17 22:36:49 | WARNING  | co2_forecast | Very few sequences (2), LSTM may not train well
2026-09-17 22:36:49 | WARNING  | co2_forecast | Very few sequences (6), LSTM may not train well
2026-09-17 22:36:49 | WARNING  | co2_forecast | Very few sequences (2), LSTM may not train well
2026-09-17 22:36:50 | WARNING  | co2_forecast | Very few sequences (2), LSTM may not train well
2026-09-17 22:36:50 | WARNING  | co2_forecast | Very few sequences (3), LSTM may not train well
2026-09-17 22:36:50 | WARNING  | co2_forecast | Very few sequences (7), LSTM may not train well
2026-09-17 22:36:50 | WARNING  | co2_forecast | Very few sequences (3), LSTM may not train well
2026-09-17 22:36:50 | WARNING  | co2_forecast | Very few sequences (3), LSTM may not train well
2026-09-17 22:36:50 | WARNING  | co2_forecast | Very few sequences (4), LSTM may not train well
2026-09-17 22:36:50 | WARNING  | co2_forecast | Very few sequences (8), LSTM may not train well
2026-09-17 22:36:50 | WARNING  | co2_forecast | Very few sequences (4), LSTM may not train well
2026-09-17 22:36:50 | WARNING  | co2_forecast | Very few sequences (4), LSTM may not train well
2026-09-17 22:36:50 | WARNING  | co2_forecast | Very few sequences (3), LSTM may not train well
2026-09-17 22:36:50 | WARNING  | co2_forecast | Very few sequences (7), LSTM may not train well
2026-09-17 22:36:51 | WARNING  | co2_forecast | Very few sequences (3), LSTM may not train well
2026-09-17 22:36:51 | WARNING  | co2_forecast | Very few sequences (3), LSTM may not train well
2026-09-17 22:36:51 | WARNING  | co2_forecast | Very few sequences (3), LSTM may not train well
2026-09-17 22:36:51 | WARNING  | co2_forecast | Very few sequences (7), LSTM may not train well
2026-09-17 22:36:51 | WARNING  | co2_forecast | Very few sequences (3), LSTM may not train well
2026-09-17 22:36:51 | WARNING  | co2_forecast | Very few sequences (3), LSTM may not train well
2026-09-17 22:36:51 | WARNING  | co2_forecast | Very few sequences (4), LSTM may not train well
2026-09-17 22:36:51 | WARNING  | co2_forecast | Very few sequences (8), LSTM may not train well
2026-09-17 22:36:51 | WARNING  | co2_forecast | Very few sequences (4), LSTM may not train well
2026-09-17 22:36:52 | WARNING  | co2_forecast | Very few sequences (4), LSTM may not train well
2026-09-17 22:36:52 | WARNING  | co2_forecast | Very few sequences (3), LSTM may not train well
2026-09-17 22:36:52 | WARNING  | co2_forecast | Very few sequences (7), LSTM may not train well
2026-09-17 22:36:52 | WARNING  | co2_forecast | Very few sequences (3), LSTM may not train well
2026-09-17 22:36:52 | WARNING  | co2_forecast | Very few sequences (3), LSTM may not train well
2026-09-17 22:36:52 | WARNING  | co2_forecast | Very few sequences (3), LSTM may not train well
2026-09-17 22:36:52 | WARNING  | co2_forecast | Very few sequences (7), LSTM may not train well
2026-09-17 22:36:52 | WARNING  | co2_forecast | Very few sequences (3), LSTM may not train well
2026-09-17 22:36:52 | WARNING  | co2_forecast | Very few sequences (3), LSTM may not train well
2026-09-17 22:36:52 | WARNING  | co2_forecast | Very few sequences (3), LSTM may not train well
2026-09-17 22:36:52 | WARNING  | co2_forecast | Very few sequences (7), LSTM may not train well
2026-09-17 22:36:53 | WARNING  | co2_forecast | Very few sequences (3), LSTM may not train well
2026-09-17 22:36:53 | WARNING  | co2_forecast | Very few sequences (3), LSTM may not train well
2026-09-17 22:36:53 | WARNING  | co2_forecast | Very few sequences (3), LSTM may not train well
2026-09-17 22:36:53 | WARNING  | co2_forecast | Very few sequences (7), LSTM may not train well
2026-09-17 22:36:53 | WARNING  | co2_forecast | Very few sequences (3), LSTM may not train well
2026-09-17 22:36:53 | WARNING  | co2_forecast | Very few sequences (3), LSTM may not train well
2026-09-17 22:36:53 | WARNING  | co2_forecast | Very few sequences (3), LSTM may not train well
2026-09-17 22:36:53 | WARNING  | co2_forecast | Very few sequences (7), LSTM may not train well
2026-09-17 22:36:53 | WARNING  | co2_forecast | Very few sequences (3), LSTM may not train well
2026-09-17 22:36:53 | WARNING  | co2_forecast | Very few sequences (3), LSTM may not train well
2026-09-17 22:36:54 | WARNING  | co2_forecast | Very few sequences (3), LSTM may not train well
2026-09-17 22:36:54 | WARNING  | co2_forecast | Very few sequences (7), LSTM may not train well
2026-09-17 22:36:54 | WARNING  | co2_forecast | Very few sequences (3), LSTM may not train well
2026-09-17 22:36:54 | WARNING  | co2_forecast | Very few sequences (3), LSTM may not train well
2026-09-17 22:36:54 | WARNING  | co2_forecast | Very few sequences (3), LSTM may not train well
2026-09-17 22:36:54 | WARNING  | co2_forecast | Very few sequences (7), LSTM may not train well
2026-09-17 22:36:54 | WARNING  | co2_forecast | Very few sequences (3), LSTM may not train well
2026-09-17 22:36:54 | WARNING  | co2_forecast | Very few sequences (3), LSTM may not train well
2026-09-17 22:36:54 | WARNING  | co2_forecast | Very few sequences (3), LSTM may not train well
2026-09-17 22:36:54 | WARNING  | co2_forecast | Very few sequences (7), LSTM may not train well
2026-09-17 22:36:55 | WARNING  | co2_forecast | Very few sequences (3), LSTM may not train well
2026-09-17 22:36:55 | WARNING  | co2_forecast | Very few sequences (3), LSTM may not train well
2026-09-17 22:36:55 | WARNING  | co2_forecast | Very few sequences (3), LSTM may not train well
2026-09-17 22:36:55 | WARNING  | co2_forecast | Very few sequences (7), LSTM may not train well
2026-09-17 22:36:55 | WARNING  | co2_forecast | Very few sequences (3), LSTM may not train well
2026-09-17 22:36:55 | WARNING  | co2_forecast | Very few sequences (3), LSTM may not train well
2026-09-17 22:36:55 | WARNING  | co2_forecast | Very few sequences (3), LSTM may not train well
2026-09-17 22:36:55 | WARNING  | co2_forecast | Very few sequences (7), LSTM may not train well
2026-09-17 22:36:56 | WARNING  | co2_forecast | Very few sequences (3), LSTM may not train well
2026-09-17 22:36:56 | WARNING  | co2_forecast | Very few sequences (3), LSTM may not train well
2026-09-17 22:36:56 | WARNING  | co2_forecast | Very few sequences (4), LSTM may not train well
2026-09-17 22:36:56 | WARNING  | co2_forecast | Very few sequences (8), LSTM may not train well
2026-09-17 22:36:56 | WARNING  | co2_forecast | Very few sequences (4), LSTM may not train well
2026-09-17 22:36:56 | WARNING  | co2_forecast | Very few sequences (4), LSTM may not train well
2026-09-17 22:36:56 | WARNING  | co2_forecast | Very few sequences (3), LSTM may not train well
2026-09-17 22:36:56 | WARNING  | co2_forecast | Very few sequences (7), LSTM may not train well
2026-09-17 22:36:56 | WARNING  | co2_forecast | Very few sequences (3), LSTM may not train well
2026-09-17 22:36:57 | WARNING  | co2_forecast | Very few sequences (3), LSTM may not train well
2026-09-17 22:36:57 | WARNING  | co2_forecast | Very few sequences (4), LSTM may not train well
2026-09-17 22:36:57 | WARNING  | co2_forecast | Very few sequences (8), LSTM may not train well
2026-09-17 22:36:57 | WARNING  | co2_forecast | Very few sequences (4), LSTM may not train well
2026-09-17 22:36:57 | WARNING  | co2_forecast | Very few sequences (4), LSTM may not train well
2026-09-17 22:36:57 | WARNING  | co2_forecast | Very few sequences (3), LSTM may not train well
2026-09-17 22:36:57 | WARNING  | co2_forecast | Very few sequences (7), LSTM may not train well
2026-09-17 22:36:57 | WARNING  | co2_forecast | Very few sequences (3), LSTM may not train well
2026-09-17 22:36:57 | WARNING  | co2_forecast | Very few sequences (3), LSTM may not train well
2026-09-17 22:36:57 | WARNING  | co2_forecast | Very few sequences (3), LSTM may not train well
2026-09-17 22:36:57 | WARNING  | co2_forecast | Very few sequences (7), LSTM may not train well
2026-09-17 22:36:57 | WARNING  | co2_forecast | Very few sequences (3), LSTM may not train well
2026-09-17 22:36:58 | WARNING  | co2_forecast | Very few sequences (3), LSTM may not train well
2026-09-17 22:36:58 | WARNING  | co2_forecast | Very few sequences (2), LSTM may not train well
2026-09-17 22:36:58 | WARNING  | co2_forecast | Very few sequences (6), LSTM may not train well
2026-09-17 22:36:58 | WARNING  | co2_forecast | Very few sequences (2), LSTM may not train well
2026-09-17 22:36:58 | WARNING  | co2_forecast | Very few sequences (2), LSTM may not train well
2026-09-17 22:36:58 | WARNING  | co2_forecast | Very few sequences (3), LSTM may not train well
2026-09-17 22:36:58 | WARNING  | co2_forecast | Very few sequences (7), LSTM may not train well
2026-09-17 22:36:59 | WARNING  | co2_forecast | Very few sequences (3), LSTM may not train well
2026-09-17 22:36:59 | WARNING  | co2_forecast | Very few sequences (3), LSTM may not train well
2026-09-17 22:36:59 | WARNING  | co2_forecast | Very few sequences (3), LSTM may not train well
2026-09-17 22:36:59 | WARNING  | co2_forecast | Very few sequences (7), LSTM may not train well
2026-09-17 22:36:59 | WARNING  | co2_forecast | Very few sequences (3), LSTM may not train well
2026-09-17 22:36:59 | WARNING  | co2_forecast | Very few sequences (3), LSTM may not train well
2026-09-17 22:36:59 | WARNING  | co2_forecast | Very few sequences (3), LSTM may not train well
2026-09-17 22:36:59 | WARNING  | co2_forecast | Very few sequences (7), LSTM may not train well
2026-09-17 22:36:59 | WARNING  | co2_forecast | Very few sequences (3), LSTM may not train well
2026-09-17 22:37:00 | WARNING  | co2_forecast | Very few sequences (3), LSTM may not train well
2026-09-17 22:37:00 | WARNING  | co2_forecast | Very few sequences (3), LSTM may not train well
2026-09-17 22:37:00 | WARNING  | co2_forecast | Very few sequences (7), LSTM may not train well
2026-09-17 22:37:00 | WARNING  | co2_forecast | Very few sequences (3), LSTM may not train well
2026-09-17 22:37:00 | WARNING  | co2_forecast | Very few sequences (3), LSTM may not train well
2026-09-17 22:37:00 | WARNING  | co2_forecast | Very few sequences (4), LSTM may not train well
2026-09-17 22:37:00 | WARNING  | co2_forecast | Very few sequences (8), LSTM may not train well
2026-09-17 22:37:00 | WARNING  | co2_forecast | Very few sequences (4), LSTM may not train well
2026-09-17 22:37:00 | WARNING  | co2_forecast | Very few sequences (4), LSTM may not train well
2026-09-17 22:37:00 | WARNING  | co2_forecast | Very few sequences (3), LSTM may not train well
2026-09-17 22:37:00 | WARNING  | co2_forecast | Very few sequences (7), LSTM may not train well
2026-09-17 22:37:01 | WARNING  | co2_forecast | Very few sequences (3), LSTM may not train well
2026-09-17 22:37:01 | WARNING  | co2_forecast | Very few sequences (3), LSTM may not train well
2026-09-17 22:37:01 | INFO     | co2_forecast |   Iteration 9: Best fitness = 0.761498
2026-09-17 22:37:01 | INFO     | co2_forecast | PSO complete. Best fitness: 0.761498
2026-09-17 22:37:01 | INFO     | co2_forecast |   Best params: {'lookback': 5, 'hidden_size': 16, 'num_layers': 2, 'dropout': 0.5, 'learning_rate': 0.0001, 'batch_size': 32}
2026-09-17 22:37:01 | INFO     | co2_forecast |   Best fitness: 0.761498
2026-09-17 22:37:01 | INFO     | co2_forecast | [A3_CI_highshare_only/panel2_common_period/all_features/lstm] sweep tuning: best_params={'lookback': 5, 'hidden_size': 16, 'num_layers': 2, 'dropout': 0.5, 'learning_rate': 0.0001, 'batch_size': 32}
2026-09-17 22:37:02 | INFO     | co2_forecast |   lstm -> weighted_mase=1.0149838953766364
2026-09-17 22:37:02 | INFO     | co2_forecast | Variant A3_CI_highshare_only complete in 48.6s
2026-09-17 22:37:02 | INFO     | co2_forecast | --- Variant A3_CI_lowshare_only: 12 features ---
2026-09-17 22:37:02 | INFO     | co2_forecast | Creating walk-forward splits for 16 valid samples
2026-09-17 22:37:02 | INFO     | co2_forecast | Created 4 CV folds across horizons [1, 2, 4]
2026-09-17 22:37:02 | INFO     | co2_forecast | Built tuning CV plan: 4 folds from 16 rows before 2022-Qq (evaluation cutoff) - isolation OK (max tuning date 2021-Qq)
2026-09-17 22:37:02 | INFO     | co2_forecast | Optimizing ridge...
2026-09-17 22:37:02 | INFO     | co2_forecast | Starting PSO: 8 particles, 10 iterations
2026-09-17 22:37:02 | INFO     | co2_forecast |   Iteration 0: Best fitness = 2.473158
2026-09-17 22:37:02 | INFO     | co2_forecast |   Iteration 5: Best fitness = 2.124322
2026-09-17 22:37:02 | INFO     | co2_forecast |   Iteration 9: Best fitness = 2.124322
2026-09-17 22:37:02 | INFO     | co2_forecast | PSO complete. Best fitness: 2.124322
2026-09-17 22:37:02 | INFO     | co2_forecast |   Best params: {'alpha': 100.0}
2026-09-17 22:37:02 | INFO     | co2_forecast |   Best fitness: 2.124322
2026-09-17 22:37:02 | INFO     | co2_forecast | [A3_CI_lowshare_only/panel2_common_period/all_features/ridge] sweep tuning: best_params={'alpha': 100.0}
2026-09-17 22:37:02 | INFO     | co2_forecast |   ridge -> weighted_mase=0.9012305389668682
2026-09-17 22:37:02 | INFO     | co2_forecast | Creating walk-forward splits for 16 valid samples
2026-09-17 22:37:02 | INFO     | co2_forecast | Created 4 CV folds across horizons [1, 2, 4]
2026-09-17 22:37:02 | INFO     | co2_forecast | Built tuning CV plan: 4 folds from 16 rows before 2022-Qq (evaluation cutoff) - isolation OK (max tuning date 2021-Qq)
2026-09-17 22:37:02 | INFO     | co2_forecast | Optimizing random_forest...
2026-09-17 22:37:02 | INFO     | co2_forecast | Starting PSO: 8 particles, 10 iterations
2026-09-17 22:37:04 | INFO     | co2_forecast |   Iteration 0: Best fitness = 0.671292
2026-09-17 22:37:11 | INFO     | co2_forecast |   Iteration 5: Best fitness = 0.348666
2026-09-17 22:37:17 | INFO     | co2_forecast |   Iteration 9: Best fitness = 0.336596
2026-09-17 22:37:17 | INFO     | co2_forecast | PSO complete. Best fitness: 0.336596
2026-09-17 22:37:17 | INFO     | co2_forecast |   Best params: {'n_estimators': 96, 'max_depth': 3, 'min_samples_split': 2, 'min_samples_leaf': 1}
2026-09-17 22:37:17 | INFO     | co2_forecast |   Best fitness: 0.336596
2026-09-17 22:37:17 | INFO     | co2_forecast | [A3_CI_lowshare_only/panel2_common_period/all_features/random_forest] sweep tuning: best_params={'n_estimators': 96, 'max_depth': 3, 'min_samples_split': 2, 'min_samples_leaf': 1}
2026-09-17 22:37:17 | INFO     | co2_forecast |   random_forest -> weighted_mase=0.7671154799648389
2026-09-17 22:37:17 | INFO     | co2_forecast | Creating walk-forward splits for 16 valid samples
2026-09-17 22:37:17 | INFO     | co2_forecast | Created 4 CV folds across horizons [1, 2, 4]
2026-09-17 22:37:17 | INFO     | co2_forecast | Built tuning CV plan: 4 folds from 16 rows before 2022-Qq (evaluation cutoff) - isolation OK (max tuning date 2021-Qq)
2026-09-17 22:37:17 | INFO     | co2_forecast | Optimizing catboost...
2026-09-17 22:37:17 | INFO     | co2_forecast | Starting PSO: 8 particles, 10 iterations
2026-09-17 22:37:18 | INFO     | co2_forecast |   Iteration 0: Best fitness = 0.394625
2026-09-17 22:37:19 | INFO     | co2_forecast |   Iteration 5: Best fitness = 0.351319
2026-09-17 22:37:20 | INFO     | co2_forecast |   Iteration 9: Best fitness = 0.351319
2026-09-17 22:37:20 | INFO     | co2_forecast | PSO complete. Best fitness: 0.351319
2026-09-17 22:37:20 | INFO     | co2_forecast |   Best params: {'iterations': 122, 'learning_rate': 0.16957991087600352, 'depth': 6, 'l2_leaf_reg': 2.4387807957761938}
2026-09-17 22:37:20 | INFO     | co2_forecast |   Best fitness: 0.351319
2026-09-17 22:37:20 | INFO     | co2_forecast | [A3_CI_lowshare_only/panel2_common_period/all_features/catboost] sweep tuning: best_params={'iterations': 122, 'learning_rate': 0.16957991087600352, 'depth': 6, 'l2_leaf_reg': 2.4387807957761938}
2026-09-17 22:37:20 | INFO     | co2_forecast |   catboost -> weighted_mase=0.613742756251223
2026-09-17 22:37:20 | INFO     | co2_forecast | Creating walk-forward splits for 16 valid samples
2026-09-17 22:37:20 | INFO     | co2_forecast | Created 4 CV folds across horizons [1, 2, 4]
2026-09-17 22:37:20 | INFO     | co2_forecast | Built tuning CV plan: 4 folds from 16 rows before 2022-Qq (evaluation cutoff) - isolation OK (max tuning date 2021-Qq)
2026-09-17 22:37:20 | INFO     | co2_forecast | Optimizing lightgbm...
2026-09-17 22:37:20 | INFO     | co2_forecast | Starting PSO: 8 particles, 10 iterations
2026-09-17 22:37:21 | INFO     | co2_forecast |   Iteration 0: Best fitness = 0.768990
2026-09-17 22:37:22 | INFO     | co2_forecast |   Iteration 5: Best fitness = 0.623704
2026-09-17 22:37:24 | INFO     | co2_forecast |   Iteration 9: Best fitness = 0.623484
2026-09-17 22:37:24 | INFO     | co2_forecast | PSO complete. Best fitness: 0.623484
2026-09-17 22:37:24 | INFO     | co2_forecast |   Best params: {'n_estimators': 130, 'learning_rate': 0.3, 'num_leaves': 127, 'max_depth': 8, 'min_child_samples': 6, 'reg_alpha': 0.001, 'reg_lambda': 0.001}
2026-09-17 22:37:24 | INFO     | co2_forecast |   Best fitness: 0.623484
2026-09-17 22:37:24 | INFO     | co2_forecast | [A3_CI_lowshare_only/panel2_common_period/all_features/lightgbm] sweep tuning: best_params={'n_estimators': 130, 'learning_rate': 0.3, 'num_leaves': 127, 'max_depth': 8, 'min_child_samples': 6, 'reg_alpha': 0.001, 'reg_lambda': 0.001}
2026-09-17 22:37:24 | INFO     | co2_forecast |   lightgbm -> weighted_mase=0.7342984231448364
2026-09-17 22:37:24 | INFO     | co2_forecast | Creating walk-forward splits for 16 valid samples
2026-09-17 22:37:24 | INFO     | co2_forecast | Created 4 CV folds across horizons [1, 2, 4]
2026-09-17 22:37:24 | INFO     | co2_forecast | Built tuning CV plan: 4 folds from 16 rows before 2022-Qq (evaluation cutoff) - isolation OK (max tuning date 2021-Qq)
2026-09-17 22:37:24 | INFO     | co2_forecast | Optimizing lstm...
2026-09-17 22:37:24 | INFO     | co2_forecast | Starting PSO: 8 particles, 10 iterations
2026-09-17 22:37:24 | WARNING  | co2_forecast | Model training failed with params {'lookback': 7, 'hidden_size': 62, 'num_layers': 2, 'dropout': 0.3394633936788147, 'learning_rate': 0.0016445845403801217, 'batch_size': 8}: LSTM.fit: training data has 8 rows, giving only 1 sequence(s) with lookback=7; at least 2 are required (one is always reserved for validation). Reduce lookback or provide more training history.
2026-09-17 22:37:24 | WARNING  | co2_forecast | Model training failed with params {'lookback': 11, 'hidden_size': 26, 'num_layers': 1, 'dropout': 0.17336180394137354, 'learning_rate': 0.0031119982052994237, 'batch_size': 16}: LSTM.fit: training data has 8 rows, giving only 0 sequence(s) with lookback=11; at least 2 are required (one is always reserved for validation). Reduce lookback or provide more training history.
2026-09-17 22:37:24 | WARNING  | co2_forecast | Model training failed with params {'lookback': 8, 'hidden_size': 54, 'num_layers': 1, 'dropout': 0.3056937753654447, 'learning_rate': 0.005964904231734221, 'batch_size': 8}: LSTM.fit: training data has 8 rows, giving only 0 sequence(s) with lookback=8; at least 2 are required (one is always reserved for validation). Reduce lookback or provide more training history.
2026-09-17 22:37:24 | WARNING  | co2_forecast | Very few sequences (2), LSTM may not train well
2026-09-17 22:37:24 | WARNING  | co2_forecast | Very few sequences (6), LSTM may not train well
2026-09-17 22:37:24 | WARNING  | co2_forecast | Very few sequences (2), LSTM may not train well
2026-09-17 22:37:24 | WARNING  | co2_forecast | Very few sequences (2), LSTM may not train well
2026-09-17 22:37:24 | WARNING  | co2_forecast | Model training failed with params {'lookback': 8, 'hidden_size': 25, 'num_layers': 2, 'dropout': 0.4100531293444458, 'learning_rate': 0.009401039521485473, 'batch_size': 32}: LSTM.fit: training data has 8 rows, giving only 0 sequence(s) with lookback=8; at least 2 are required (one is always reserved for validation). Reduce lookback or provide more training history.
2026-09-17 22:37:24 | WARNING  | co2_forecast | Model training failed with params {'lookback': 7, 'hidden_size': 29, 'num_layers': 2, 'dropout': 0.2427013306774357, 'learning_rate': 0.00288125164590507, 'batch_size': 16}: LSTM.fit: training data has 8 rows, giving only 1 sequence(s) with lookback=7; at least 2 are required (one is always reserved for validation). Reduce lookback or provide more training history.
2026-09-17 22:37:24 | WARNING  | co2_forecast | Very few sequences (4), LSTM may not train well
2026-09-17 22:37:24 | WARNING  | co2_forecast | Very few sequences (8), LSTM may not train well
2026-09-17 22:37:24 | WARNING  | co2_forecast | Very few sequences (4), LSTM may not train well
2026-09-17 22:37:25 | WARNING  | co2_forecast | Very few sequences (4), LSTM may not train well
2026-09-17 22:37:25 | WARNING  | co2_forecast | Very few sequences (2), LSTM may not train well
2026-09-17 22:37:25 | WARNING  | co2_forecast | Very few sequences (6), LSTM may not train well
2026-09-17 22:37:25 | WARNING  | co2_forecast | Very few sequences (2), LSTM may not train well
2026-09-17 22:37:25 | WARNING  | co2_forecast | Very few sequences (2), LSTM may not train well
2026-09-17 22:37:25 | INFO     | co2_forecast |   Iteration 0: Best fitness = 1.076058
2026-09-17 22:37:25 | WARNING  | co2_forecast | Very few sequences (3), LSTM may not train well
2026-09-17 22:37:25 | WARNING  | co2_forecast | Very few sequences (7), LSTM may not train well
2026-09-17 22:37:25 | WARNING  | co2_forecast | Very few sequences (3), LSTM may not train well
2026-09-17 22:37:25 | WARNING  | co2_forecast | Very few sequences (3), LSTM may not train well
2026-09-17 22:37:25 | WARNING  | co2_forecast | Very few sequences (2), LSTM may not train well
2026-09-17 22:37:25 | WARNING  | co2_forecast | Very few sequences (6), LSTM may not train well
2026-09-17 22:37:25 | WARNING  | co2_forecast | Very few sequences (2), LSTM may not train well
2026-09-17 22:37:25 | WARNING  | co2_forecast | Very few sequences (2), LSTM may not train well
2026-09-17 22:37:25 | WARNING  | co2_forecast | Model training failed with params {'lookback': 8, 'hidden_size': 44, 'num_layers': 1, 'dropout': 0.32389753899663415, 'learning_rate': 0.005520634690128072, 'batch_size': 8}: LSTM.fit: training data has 8 rows, giving only 0 sequence(s) with lookback=8; at least 2 are required (one is always reserved for validation). Reduce lookback or provide more training history.
2026-09-17 22:37:25 | WARNING  | co2_forecast | Very few sequences (3), LSTM may not train well
2026-09-17 22:37:25 | WARNING  | co2_forecast | Very few sequences (7), LSTM may not train well
2026-09-17 22:37:25 | WARNING  | co2_forecast | Very few sequences (3), LSTM may not train well
2026-09-17 22:37:26 | WARNING  | co2_forecast | Very few sequences (3), LSTM may not train well
2026-09-17 22:37:26 | WARNING  | co2_forecast | Very few sequences (2), LSTM may not train well
2026-09-17 22:37:26 | WARNING  | co2_forecast | Very few sequences (6), LSTM may not train well
2026-09-17 22:37:26 | WARNING  | co2_forecast | Very few sequences (2), LSTM may not train well
2026-09-17 22:37:26 | WARNING  | co2_forecast | Very few sequences (2), LSTM may not train well
2026-09-17 22:37:26 | WARNING  | co2_forecast | Very few sequences (3), LSTM may not train well
2026-09-17 22:37:26 | WARNING  | co2_forecast | Very few sequences (7), LSTM may not train well
2026-09-17 22:37:26 | WARNING  | co2_forecast | Very few sequences (3), LSTM may not train well
2026-09-17 22:37:27 | WARNING  | co2_forecast | Very few sequences (3), LSTM may not train well
2026-09-17 22:37:27 | WARNING  | co2_forecast | Very few sequences (4), LSTM may not train well
2026-09-17 22:37:27 | WARNING  | co2_forecast | Very few sequences (8), LSTM may not train well
2026-09-17 22:37:27 | WARNING  | co2_forecast | Very few sequences (4), LSTM may not train well
2026-09-17 22:37:27 | WARNING  | co2_forecast | Very few sequences (4), LSTM may not train well
2026-09-17 22:37:27 | WARNING  | co2_forecast | Very few sequences (2), LSTM may not train well
2026-09-17 22:37:27 | WARNING  | co2_forecast | Very few sequences (6), LSTM may not train well
2026-09-17 22:37:27 | WARNING  | co2_forecast | Very few sequences (2), LSTM may not train well
2026-09-17 22:37:27 | WARNING  | co2_forecast | Very few sequences (2), LSTM may not train well
2026-09-17 22:37:27 | WARNING  | co2_forecast | Very few sequences (3), LSTM may not train well
2026-09-17 22:37:27 | WARNING  | co2_forecast | Very few sequences (7), LSTM may not train well
2026-09-17 22:37:27 | WARNING  | co2_forecast | Very few sequences (3), LSTM may not train well
2026-09-17 22:37:27 | WARNING  | co2_forecast | Very few sequences (3), LSTM may not train well
2026-09-17 22:37:27 | WARNING  | co2_forecast | Very few sequences (4), LSTM may not train well
2026-09-17 22:37:27 | WARNING  | co2_forecast | Very few sequences (8), LSTM may not train well
2026-09-17 22:37:28 | WARNING  | co2_forecast | Very few sequences (4), LSTM may not train well
2026-09-17 22:37:28 | WARNING  | co2_forecast | Very few sequences (4), LSTM may not train well
2026-09-17 22:37:28 | WARNING  | co2_forecast | Model training failed with params {'lookback': 7, 'hidden_size': 35, 'num_layers': 1, 'dropout': 0.31512819649180424, 'learning_rate': 0.004065945490368326, 'batch_size': 8}: LSTM.fit: training data has 8 rows, giving only 1 sequence(s) with lookback=7; at least 2 are required (one is always reserved for validation). Reduce lookback or provide more training history.
2026-09-17 22:37:28 | WARNING  | co2_forecast | Very few sequences (2), LSTM may not train well
2026-09-17 22:37:28 | WARNING  | co2_forecast | Very few sequences (6), LSTM may not train well
2026-09-17 22:37:28 | WARNING  | co2_forecast | Very few sequences (2), LSTM may not train well
2026-09-17 22:37:28 | WARNING  | co2_forecast | Very few sequences (2), LSTM may not train well
2026-09-17 22:37:29 | WARNING  | co2_forecast | Very few sequences (3), LSTM may not train well
2026-09-17 22:37:29 | WARNING  | co2_forecast | Very few sequences (7), LSTM may not train well
2026-09-17 22:37:29 | WARNING  | co2_forecast | Very few sequences (3), LSTM may not train well
2026-09-17 22:37:29 | WARNING  | co2_forecast | Very few sequences (3), LSTM may not train well
2026-09-17 22:37:29 | WARNING  | co2_forecast | Very few sequences (3), LSTM may not train well
2026-09-17 22:37:29 | WARNING  | co2_forecast | Very few sequences (7), LSTM may not train well
2026-09-17 22:37:29 | WARNING  | co2_forecast | Very few sequences (3), LSTM may not train well
2026-09-17 22:37:29 | WARNING  | co2_forecast | Very few sequences (3), LSTM may not train well
2026-09-17 22:37:29 | WARNING  | co2_forecast | Very few sequences (3), LSTM may not train well
2026-09-17 22:37:29 | WARNING  | co2_forecast | Very few sequences (7), LSTM may not train well
2026-09-17 22:37:30 | WARNING  | co2_forecast | Very few sequences (3), LSTM may not train well
2026-09-17 22:37:30 | WARNING  | co2_forecast | Very few sequences (3), LSTM may not train well
2026-09-17 22:37:30 | WARNING  | co2_forecast | Very few sequences (2), LSTM may not train well
2026-09-17 22:37:30 | WARNING  | co2_forecast | Very few sequences (6), LSTM may not train well
2026-09-17 22:37:30 | WARNING  | co2_forecast | Very few sequences (2), LSTM may not train well
2026-09-17 22:37:30 | WARNING  | co2_forecast | Very few sequences (2), LSTM may not train well
2026-09-17 22:37:30 | WARNING  | co2_forecast | Very few sequences (3), LSTM may not train well
2026-09-17 22:37:30 | WARNING  | co2_forecast | Very few sequences (7), LSTM may not train well
2026-09-17 22:37:30 | WARNING  | co2_forecast | Very few sequences (3), LSTM may not train well
2026-09-17 22:37:30 | WARNING  | co2_forecast | Very few sequences (3), LSTM may not train well
2026-09-17 22:37:30 | WARNING  | co2_forecast | Very few sequences (4), LSTM may not train well
2026-09-17 22:37:30 | WARNING  | co2_forecast | Very few sequences (8), LSTM may not train well
2026-09-17 22:37:30 | WARNING  | co2_forecast | Very few sequences (4), LSTM may not train well
2026-09-17 22:37:31 | WARNING  | co2_forecast | Very few sequences (4), LSTM may not train well
2026-09-17 22:37:31 | WARNING  | co2_forecast | Very few sequences (2), LSTM may not train well
2026-09-17 22:37:31 | WARNING  | co2_forecast | Very few sequences (6), LSTM may not train well
2026-09-17 22:37:31 | WARNING  | co2_forecast | Very few sequences (2), LSTM may not train well
2026-09-17 22:37:31 | WARNING  | co2_forecast | Very few sequences (2), LSTM may not train well
2026-09-17 22:37:31 | WARNING  | co2_forecast | Very few sequences (3), LSTM may not train well
2026-09-17 22:37:31 | WARNING  | co2_forecast | Very few sequences (7), LSTM may not train well
2026-09-17 22:37:31 | WARNING  | co2_forecast | Very few sequences (3), LSTM may not train well
2026-09-17 22:37:31 | WARNING  | co2_forecast | Very few sequences (3), LSTM may not train well
2026-09-17 22:37:31 | WARNING  | co2_forecast | Very few sequences (4), LSTM may not train well
2026-09-17 22:37:31 | WARNING  | co2_forecast | Very few sequences (8), LSTM may not train well
2026-09-17 22:37:31 | WARNING  | co2_forecast | Very few sequences (4), LSTM may not train well
2026-09-17 22:37:31 | WARNING  | co2_forecast | Very few sequences (4), LSTM may not train well
2026-09-17 22:37:31 | WARNING  | co2_forecast | Very few sequences (3), LSTM may not train well
2026-09-17 22:37:32 | WARNING  | co2_forecast | Very few sequences (7), LSTM may not train well
2026-09-17 22:37:32 | WARNING  | co2_forecast | Very few sequences (3), LSTM may not train well
2026-09-17 22:37:32 | WARNING  | co2_forecast | Very few sequences (3), LSTM may not train well
2026-09-17 22:37:32 | WARNING  | co2_forecast | Very few sequences (4), LSTM may not train well
2026-09-17 22:37:32 | WARNING  | co2_forecast | Very few sequences (8), LSTM may not train well
2026-09-17 22:37:32 | WARNING  | co2_forecast | Very few sequences (4), LSTM may not train well
2026-09-17 22:37:32 | WARNING  | co2_forecast | Very few sequences (4), LSTM may not train well
2026-09-17 22:37:32 | WARNING  | co2_forecast | Very few sequences (2), LSTM may not train well
2026-09-17 22:37:32 | WARNING  | co2_forecast | Very few sequences (6), LSTM may not train well
2026-09-17 22:37:32 | WARNING  | co2_forecast | Very few sequences (2), LSTM may not train well
2026-09-17 22:37:32 | WARNING  | co2_forecast | Very few sequences (2), LSTM may not train well
2026-09-17 22:37:32 | WARNING  | co2_forecast | Very few sequences (4), LSTM may not train well
2026-09-17 22:37:32 | WARNING  | co2_forecast | Very few sequences (8), LSTM may not train well
2026-09-17 22:37:32 | WARNING  | co2_forecast | Very few sequences (4), LSTM may not train well
2026-09-17 22:37:33 | WARNING  | co2_forecast | Very few sequences (4), LSTM may not train well
2026-09-17 22:37:33 | WARNING  | co2_forecast | Very few sequences (4), LSTM may not train well
2026-09-17 22:37:33 | WARNING  | co2_forecast | Very few sequences (8), LSTM may not train well
2026-09-17 22:37:33 | WARNING  | co2_forecast | Very few sequences (4), LSTM may not train well
2026-09-17 22:37:33 | WARNING  | co2_forecast | Very few sequences (4), LSTM may not train well
2026-09-17 22:37:33 | WARNING  | co2_forecast | Very few sequences (3), LSTM may not train well
2026-09-17 22:37:33 | WARNING  | co2_forecast | Very few sequences (7), LSTM may not train well
2026-09-17 22:37:33 | WARNING  | co2_forecast | Very few sequences (3), LSTM may not train well
2026-09-17 22:37:33 | WARNING  | co2_forecast | Very few sequences (3), LSTM may not train well
2026-09-17 22:37:33 | WARNING  | co2_forecast | Very few sequences (4), LSTM may not train well
2026-09-17 22:37:33 | WARNING  | co2_forecast | Very few sequences (8), LSTM may not train well
2026-09-17 22:37:33 | WARNING  | co2_forecast | Very few sequences (4), LSTM may not train well
2026-09-17 22:37:34 | WARNING  | co2_forecast | Very few sequences (4), LSTM may not train well
2026-09-17 22:37:34 | WARNING  | co2_forecast | Very few sequences (4), LSTM may not train well
2026-09-17 22:37:34 | WARNING  | co2_forecast | Very few sequences (8), LSTM may not train well
2026-09-17 22:37:34 | WARNING  | co2_forecast | Very few sequences (4), LSTM may not train well
2026-09-17 22:37:34 | WARNING  | co2_forecast | Very few sequences (4), LSTM may not train well
2026-09-17 22:37:34 | WARNING  | co2_forecast | Very few sequences (4), LSTM may not train well
2026-09-17 22:37:34 | WARNING  | co2_forecast | Very few sequences (8), LSTM may not train well
2026-09-17 22:37:34 | WARNING  | co2_forecast | Very few sequences (4), LSTM may not train well
2026-09-17 22:37:34 | WARNING  | co2_forecast | Very few sequences (4), LSTM may not train well
2026-09-17 22:37:34 | WARNING  | co2_forecast | Very few sequences (4), LSTM may not train well
2026-09-17 22:37:34 | WARNING  | co2_forecast | Very few sequences (8), LSTM may not train well
2026-09-17 22:37:34 | WARNING  | co2_forecast | Very few sequences (4), LSTM may not train well
2026-09-17 22:37:35 | WARNING  | co2_forecast | Very few sequences (4), LSTM may not train well
2026-09-17 22:37:35 | WARNING  | co2_forecast | Very few sequences (3), LSTM may not train well
2026-09-17 22:37:35 | WARNING  | co2_forecast | Very few sequences (7), LSTM may not train well
2026-09-17 22:37:35 | WARNING  | co2_forecast | Very few sequences (3), LSTM may not train well
2026-09-17 22:37:35 | WARNING  | co2_forecast | Very few sequences (3), LSTM may not train well
2026-09-17 22:37:35 | WARNING  | co2_forecast | Very few sequences (4), LSTM may not train well
2026-09-17 22:37:35 | WARNING  | co2_forecast | Very few sequences (8), LSTM may not train well
2026-09-17 22:37:35 | WARNING  | co2_forecast | Very few sequences (4), LSTM may not train well
2026-09-17 22:37:35 | WARNING  | co2_forecast | Very few sequences (4), LSTM may not train well
2026-09-17 22:37:35 | WARNING  | co2_forecast | Very few sequences (4), LSTM may not train well
2026-09-17 22:37:35 | WARNING  | co2_forecast | Very few sequences (8), LSTM may not train well
2026-09-17 22:37:36 | WARNING  | co2_forecast | Very few sequences (4), LSTM may not train well
2026-09-17 22:37:36 | WARNING  | co2_forecast | Very few sequences (4), LSTM may not train well
2026-09-17 22:37:36 | WARNING  | co2_forecast | Very few sequences (4), LSTM may not train well
2026-09-17 22:37:36 | WARNING  | co2_forecast | Very few sequences (8), LSTM may not train well
2026-09-17 22:37:36 | WARNING  | co2_forecast | Very few sequences (4), LSTM may not train well
2026-09-17 22:37:36 | WARNING  | co2_forecast | Very few sequences (4), LSTM may not train well
2026-09-17 22:37:36 | WARNING  | co2_forecast | Very few sequences (4), LSTM may not train well
2026-09-17 22:37:36 | WARNING  | co2_forecast | Very few sequences (8), LSTM may not train well
2026-09-17 22:37:36 | WARNING  | co2_forecast | Very few sequences (4), LSTM may not train well
2026-09-17 22:37:37 | WARNING  | co2_forecast | Very few sequences (4), LSTM may not train well
2026-09-17 22:37:37 | WARNING  | co2_forecast | Very few sequences (4), LSTM may not train well
2026-09-17 22:37:37 | WARNING  | co2_forecast | Very few sequences (8), LSTM may not train well
2026-09-17 22:37:37 | WARNING  | co2_forecast | Very few sequences (4), LSTM may not train well
2026-09-17 22:37:37 | WARNING  | co2_forecast | Very few sequences (4), LSTM may not train well
2026-09-17 22:37:37 | WARNING  | co2_forecast | Very few sequences (4), LSTM may not train well
2026-09-17 22:37:37 | WARNING  | co2_forecast | Very few sequences (8), LSTM may not train well
2026-09-17 22:37:37 | WARNING  | co2_forecast | Very few sequences (4), LSTM may not train well
2026-09-17 22:37:37 | WARNING  | co2_forecast | Very few sequences (4), LSTM may not train well
2026-09-17 22:37:37 | WARNING  | co2_forecast | Very few sequences (4), LSTM may not train well
2026-09-17 22:37:37 | WARNING  | co2_forecast | Very few sequences (8), LSTM may not train well
2026-09-17 22:37:37 | WARNING  | co2_forecast | Very few sequences (4), LSTM may not train well
2026-09-17 22:37:37 | WARNING  | co2_forecast | Very few sequences (4), LSTM may not train well
2026-09-17 22:37:37 | WARNING  | co2_forecast | Very few sequences (4), LSTM may not train well
2026-09-17 22:37:37 | WARNING  | co2_forecast | Very few sequences (8), LSTM may not train well
2026-09-17 22:37:38 | WARNING  | co2_forecast | Very few sequences (4), LSTM may not train well
2026-09-17 22:37:38 | WARNING  | co2_forecast | Very few sequences (4), LSTM may not train well
2026-09-17 22:37:38 | INFO     | co2_forecast |   Iteration 5: Best fitness = 0.766110
2026-09-17 22:37:38 | WARNING  | co2_forecast | Very few sequences (4), LSTM may not train well
2026-09-17 22:37:38 | WARNING  | co2_forecast | Very few sequences (8), LSTM may not train well
2026-09-17 22:37:38 | WARNING  | co2_forecast | Very few sequences (4), LSTM may not train well
2026-09-17 22:37:38 | WARNING  | co2_forecast | Very few sequences (4), LSTM may not train well
2026-09-17 22:37:38 | WARNING  | co2_forecast | Very few sequences (4), LSTM may not train well
2026-09-17 22:37:38 | WARNING  | co2_forecast | Very few sequences (8), LSTM may not train well
2026-09-17 22:37:38 | WARNING  | co2_forecast | Very few sequences (4), LSTM may not train well
2026-09-17 22:37:38 | WARNING  | co2_forecast | Very few sequences (4), LSTM may not train well
2026-09-17 22:37:38 | WARNING  | co2_forecast | Very few sequences (4), LSTM may not train well
2026-09-17 22:37:38 | WARNING  | co2_forecast | Very few sequences (8), LSTM may not train well
2026-09-17 22:37:38 | WARNING  | co2_forecast | Very few sequences (4), LSTM may not train well
2026-09-17 22:37:39 | WARNING  | co2_forecast | Very few sequences (4), LSTM may not train well
2026-09-17 22:37:39 | WARNING  | co2_forecast | Very few sequences (4), LSTM may not train well
2026-09-17 22:37:39 | WARNING  | co2_forecast | Very few sequences (8), LSTM may not train well
2026-09-17 22:37:39 | WARNING  | co2_forecast | Very few sequences (4), LSTM may not train well
2026-09-17 22:37:39 | WARNING  | co2_forecast | Very few sequences (4), LSTM may not train well
2026-09-17 22:37:39 | WARNING  | co2_forecast | Very few sequences (4), LSTM may not train well
2026-09-17 22:37:39 | WARNING  | co2_forecast | Very few sequences (8), LSTM may not train well
2026-09-17 22:37:39 | WARNING  | co2_forecast | Very few sequences (4), LSTM may not train well
2026-09-17 22:37:39 | WARNING  | co2_forecast | Very few sequences (4), LSTM may not train well
2026-09-17 22:37:39 | WARNING  | co2_forecast | Very few sequences (4), LSTM may not train well
2026-09-17 22:37:39 | WARNING  | co2_forecast | Very few sequences (8), LSTM may not train well
2026-09-17 22:37:39 | WARNING  | co2_forecast | Very few sequences (4), LSTM may not train well
2026-09-17 22:37:39 | WARNING  | co2_forecast | Very few sequences (4), LSTM may not train well
2026-09-17 22:37:39 | WARNING  | co2_forecast | Very few sequences (4), LSTM may not train well
2026-09-17 22:37:39 | WARNING  | co2_forecast | Very few sequences (8), LSTM may not train well
2026-09-17 22:37:39 | WARNING  | co2_forecast | Very few sequences (4), LSTM may not train well
2026-09-17 22:37:39 | WARNING  | co2_forecast | Very few sequences (4), LSTM may not train well
2026-09-17 22:37:40 | WARNING  | co2_forecast | Very few sequences (4), LSTM may not train well
2026-09-17 22:37:40 | WARNING  | co2_forecast | Very few sequences (8), LSTM may not train well
2026-09-17 22:37:40 | WARNING  | co2_forecast | Very few sequences (4), LSTM may not train well
2026-09-17 22:37:40 | WARNING  | co2_forecast | Very few sequences (4), LSTM may not train well
2026-09-17 22:37:40 | WARNING  | co2_forecast | Very few sequences (4), LSTM may not train well
2026-09-17 22:37:40 | WARNING  | co2_forecast | Very few sequences (8), LSTM may not train well
2026-09-17 22:37:40 | WARNING  | co2_forecast | Very few sequences (4), LSTM may not train well
2026-09-17 22:37:40 | WARNING  | co2_forecast | Very few sequences (4), LSTM may not train well
2026-09-17 22:37:40 | WARNING  | co2_forecast | Very few sequences (4), LSTM may not train well
2026-09-17 22:37:40 | WARNING  | co2_forecast | Very few sequences (8), LSTM may not train well
2026-09-17 22:37:40 | WARNING  | co2_forecast | Very few sequences (4), LSTM may not train well
2026-09-17 22:37:40 | WARNING  | co2_forecast | Very few sequences (4), LSTM may not train well
2026-09-17 22:37:40 | WARNING  | co2_forecast | Very few sequences (4), LSTM may not train well
2026-09-17 22:37:40 | WARNING  | co2_forecast | Very few sequences (8), LSTM may not train well
2026-09-17 22:37:41 | WARNING  | co2_forecast | Very few sequences (4), LSTM may not train well
2026-09-17 22:37:41 | WARNING  | co2_forecast | Very few sequences (4), LSTM may not train well
2026-09-17 22:37:41 | WARNING  | co2_forecast | Very few sequences (4), LSTM may not train well
2026-09-17 22:37:41 | WARNING  | co2_forecast | Very few sequences (8), LSTM may not train well
2026-09-17 22:37:41 | WARNING  | co2_forecast | Very few sequences (4), LSTM may not train well
2026-09-17 22:37:41 | WARNING  | co2_forecast | Very few sequences (4), LSTM may not train well
2026-09-17 22:37:41 | WARNING  | co2_forecast | Very few sequences (4), LSTM may not train well
2026-09-17 22:37:41 | WARNING  | co2_forecast | Very few sequences (8), LSTM may not train well
2026-09-17 22:37:41 | WARNING  | co2_forecast | Very few sequences (4), LSTM may not train well
2026-09-17 22:37:41 | WARNING  | co2_forecast | Very few sequences (4), LSTM may not train well
2026-09-17 22:37:41 | WARNING  | co2_forecast | Very few sequences (4), LSTM may not train well
2026-09-17 22:37:41 | WARNING  | co2_forecast | Very few sequences (8), LSTM may not train well
2026-09-17 22:37:41 | WARNING  | co2_forecast | Very few sequences (4), LSTM may not train well
2026-09-17 22:37:41 | WARNING  | co2_forecast | Very few sequences (4), LSTM may not train well
2026-09-17 22:37:41 | WARNING  | co2_forecast | Very few sequences (4), LSTM may not train well
2026-09-17 22:37:42 | WARNING  | co2_forecast | Very few sequences (8), LSTM may not train well
2026-09-17 22:37:42 | WARNING  | co2_forecast | Very few sequences (4), LSTM may not train well
2026-09-17 22:37:42 | WARNING  | co2_forecast | Very few sequences (4), LSTM may not train well
2026-09-17 22:37:42 | WARNING  | co2_forecast | Very few sequences (4), LSTM may not train well
2026-09-17 22:37:42 | WARNING  | co2_forecast | Very few sequences (8), LSTM may not train well
2026-09-17 22:37:42 | WARNING  | co2_forecast | Very few sequences (4), LSTM may not train well
2026-09-17 22:37:42 | WARNING  | co2_forecast | Very few sequences (4), LSTM may not train well
2026-09-17 22:37:42 | WARNING  | co2_forecast | Very few sequences (4), LSTM may not train well
2026-09-17 22:37:42 | WARNING  | co2_forecast | Very few sequences (8), LSTM may not train well
2026-09-17 22:37:42 | WARNING  | co2_forecast | Very few sequences (4), LSTM may not train well
2026-09-17 22:37:42 | WARNING  | co2_forecast | Very few sequences (4), LSTM may not train well
2026-09-17 22:37:42 | WARNING  | co2_forecast | Very few sequences (4), LSTM may not train well
2026-09-17 22:37:42 | WARNING  | co2_forecast | Very few sequences (8), LSTM may not train well
2026-09-17 22:37:42 | WARNING  | co2_forecast | Very few sequences (4), LSTM may not train well
2026-09-17 22:37:43 | WARNING  | co2_forecast | Very few sequences (4), LSTM may not train well
2026-09-17 22:37:43 | WARNING  | co2_forecast | Very few sequences (4), LSTM may not train well
2026-09-17 22:37:43 | WARNING  | co2_forecast | Very few sequences (8), LSTM may not train well
2026-09-17 22:37:43 | WARNING  | co2_forecast | Very few sequences (4), LSTM may not train well
2026-09-17 22:37:43 | WARNING  | co2_forecast | Very few sequences (4), LSTM may not train well
2026-09-17 22:37:43 | WARNING  | co2_forecast | Very few sequences (4), LSTM may not train well
2026-09-17 22:37:43 | WARNING  | co2_forecast | Very few sequences (8), LSTM may not train well
2026-09-17 22:37:43 | WARNING  | co2_forecast | Very few sequences (4), LSTM may not train well
2026-09-17 22:37:43 | WARNING  | co2_forecast | Very few sequences (4), LSTM may not train well
2026-09-17 22:37:43 | WARNING  | co2_forecast | Very few sequences (4), LSTM may not train well
2026-09-17 22:37:43 | WARNING  | co2_forecast | Very few sequences (8), LSTM may not train well
2026-09-17 22:37:43 | WARNING  | co2_forecast | Very few sequences (4), LSTM may not train well
2026-09-17 22:37:43 | WARNING  | co2_forecast | Very few sequences (4), LSTM may not train well
2026-09-17 22:37:43 | WARNING  | co2_forecast | Very few sequences (4), LSTM may not train well
2026-09-17 22:37:43 | WARNING  | co2_forecast | Very few sequences (8), LSTM may not train well
2026-09-17 22:37:43 | WARNING  | co2_forecast | Very few sequences (4), LSTM may not train well
2026-09-17 22:37:43 | WARNING  | co2_forecast | Very few sequences (4), LSTM may not train well
2026-09-17 22:37:44 | WARNING  | co2_forecast | Very few sequences (4), LSTM may not train well
2026-09-17 22:37:44 | WARNING  | co2_forecast | Very few sequences (8), LSTM may not train well
2026-09-17 22:37:44 | WARNING  | co2_forecast | Very few sequences (4), LSTM may not train well
2026-09-17 22:37:44 | WARNING  | co2_forecast | Very few sequences (4), LSTM may not train well
2026-09-17 22:37:44 | WARNING  | co2_forecast | Very few sequences (4), LSTM may not train well
2026-09-17 22:37:44 | WARNING  | co2_forecast | Very few sequences (8), LSTM may not train well
2026-09-17 22:37:44 | WARNING  | co2_forecast | Very few sequences (4), LSTM may not train well
2026-09-17 22:37:44 | WARNING  | co2_forecast | Very few sequences (4), LSTM may not train well
2026-09-17 22:37:44 | WARNING  | co2_forecast | Very few sequences (4), LSTM may not train well
2026-09-17 22:37:44 | WARNING  | co2_forecast | Very few sequences (8), LSTM may not train well
2026-09-17 22:37:44 | WARNING  | co2_forecast | Very few sequences (4), LSTM may not train well
2026-09-17 22:37:44 | WARNING  | co2_forecast | Very few sequences (4), LSTM may not train well
2026-09-17 22:37:44 | WARNING  | co2_forecast | Very few sequences (4), LSTM may not train well
2026-09-17 22:37:44 | WARNING  | co2_forecast | Very few sequences (8), LSTM may not train well
2026-09-17 22:37:44 | WARNING  | co2_forecast | Very few sequences (4), LSTM may not train well
2026-09-17 22:37:44 | WARNING  | co2_forecast | Very few sequences (4), LSTM may not train well
2026-09-17 22:37:44 | WARNING  | co2_forecast | Very few sequences (4), LSTM may not train well
2026-09-17 22:37:44 | WARNING  | co2_forecast | Very few sequences (8), LSTM may not train well
2026-09-17 22:37:45 | WARNING  | co2_forecast | Very few sequences (4), LSTM may not train well
2026-09-17 22:37:45 | WARNING  | co2_forecast | Very few sequences (4), LSTM may not train well
2026-09-17 22:37:45 | WARNING  | co2_forecast | Very few sequences (4), LSTM may not train well
2026-09-17 22:37:45 | WARNING  | co2_forecast | Very few sequences (8), LSTM may not train well
2026-09-17 22:37:45 | WARNING  | co2_forecast | Very few sequences (4), LSTM may not train well
2026-09-17 22:37:45 | WARNING  | co2_forecast | Very few sequences (4), LSTM may not train well
2026-09-17 22:37:45 | WARNING  | co2_forecast | Very few sequences (4), LSTM may not train well
2026-09-17 22:37:45 | WARNING  | co2_forecast | Very few sequences (8), LSTM may not train well
2026-09-17 22:37:45 | WARNING  | co2_forecast | Very few sequences (4), LSTM may not train well
2026-09-17 22:37:45 | WARNING  | co2_forecast | Very few sequences (4), LSTM may not train well
2026-09-17 22:37:45 | WARNING  | co2_forecast | Very few sequences (4), LSTM may not train well
2026-09-17 22:37:45 | WARNING  | co2_forecast | Very few sequences (8), LSTM may not train well
2026-09-17 22:37:45 | WARNING  | co2_forecast | Very few sequences (4), LSTM may not train well
2026-09-17 22:37:45 | WARNING  | co2_forecast | Very few sequences (4), LSTM may not train well
2026-09-17 22:37:45 | WARNING  | co2_forecast | Very few sequences (4), LSTM may not train well
2026-09-17 22:37:45 | WARNING  | co2_forecast | Very few sequences (8), LSTM may not train well
2026-09-17 22:37:45 | WARNING  | co2_forecast | Very few sequences (4), LSTM may not train well
2026-09-17 22:37:46 | WARNING  | co2_forecast | Very few sequences (4), LSTM may not train well
2026-09-17 22:37:46 | WARNING  | co2_forecast | Very few sequences (4), LSTM may not train well
2026-09-17 22:37:46 | WARNING  | co2_forecast | Very few sequences (8), LSTM may not train well
2026-09-17 22:37:46 | WARNING  | co2_forecast | Very few sequences (4), LSTM may not train well
2026-09-17 22:37:46 | WARNING  | co2_forecast | Very few sequences (4), LSTM may not train well
2026-09-17 22:37:46 | INFO     | co2_forecast |   Iteration 9: Best fitness = 0.765061
2026-09-17 22:37:46 | INFO     | co2_forecast | PSO complete. Best fitness: 0.765061
2026-09-17 22:37:46 | INFO     | co2_forecast |   Best params: {'lookback': 4, 'hidden_size': 16, 'num_layers': 2, 'dropout': 0.5, 'learning_rate': 0.0001, 'batch_size': 32}
2026-09-17 22:37:46 | INFO     | co2_forecast |   Best fitness: 0.765061
2026-09-17 22:37:46 | INFO     | co2_forecast | [A3_CI_lowshare_only/panel2_common_period/all_features/lstm] sweep tuning: best_params={'lookback': 4, 'hidden_size': 16, 'num_layers': 2, 'dropout': 0.5, 'learning_rate': 0.0001, 'batch_size': 32}
2026-09-17 22:37:47 | INFO     | co2_forecast |   lstm -> weighted_mase=1.0162784875105908
2026-09-17 22:37:47 | INFO     | co2_forecast | Variant A3_CI_lowshare_only complete in 44.9s
2026-09-17 22:37:47 | INFO     | co2_forecast | --- Variant A3_CI_all: 16 features ---
2026-09-17 22:37:47 | INFO     | co2_forecast | Creating walk-forward splits for 16 valid samples
2026-09-17 22:37:47 | INFO     | co2_forecast | Created 4 CV folds across horizons [1, 2, 4]
2026-09-17 22:37:47 | INFO     | co2_forecast | Built tuning CV plan: 4 folds from 16 rows before 2022-Qq (evaluation cutoff) - isolation OK (max tuning date 2021-Qq)
2026-09-17 22:37:47 | INFO     | co2_forecast | Optimizing ridge...
2026-09-17 22:37:47 | INFO     | co2_forecast | Starting PSO: 8 particles, 10 iterations
2026-09-17 22:37:47 | INFO     | co2_forecast |   Iteration 0: Best fitness = 2.414640
2026-09-17 22:37:47 | INFO     | co2_forecast |   Iteration 5: Best fitness = 2.084178
2026-09-17 22:37:47 | INFO     | co2_forecast |   Iteration 9: Best fitness = 2.084178
2026-09-17 22:37:47 | INFO     | co2_forecast | PSO complete. Best fitness: 2.084178
2026-09-17 22:37:47 | INFO     | co2_forecast |   Best params: {'alpha': 100.0}
2026-09-17 22:37:47 | INFO     | co2_forecast |   Best fitness: 2.084178
2026-09-17 22:37:47 | INFO     | co2_forecast | [A3_CI_all/panel2_common_period/all_features/ridge] sweep tuning: best_params={'alpha': 100.0}
2026-09-17 22:37:47 | INFO     | co2_forecast |   ridge -> weighted_mase=0.8511949739095892
2026-09-17 22:37:47 | INFO     | co2_forecast | Creating walk-forward splits for 16 valid samples
2026-09-17 22:37:47 | INFO     | co2_forecast | Created 4 CV folds across horizons [1, 2, 4]
2026-09-17 22:37:47 | INFO     | co2_forecast | Built tuning CV plan: 4 folds from 16 rows before 2022-Qq (evaluation cutoff) - isolation OK (max tuning date 2021-Qq)
2026-09-17 22:37:47 | INFO     | co2_forecast | Optimizing random_forest...
2026-09-17 22:37:47 | INFO     | co2_forecast | Starting PSO: 8 particles, 10 iterations
2026-09-17 22:37:49 | INFO     | co2_forecast |   Iteration 0: Best fitness = 0.678501
2026-09-17 22:37:55 | INFO     | co2_forecast |   Iteration 5: Best fitness = 0.317545
2026-09-17 22:38:00 | INFO     | co2_forecast |   Iteration 9: Best fitness = 0.312968
2026-09-17 22:38:00 | INFO     | co2_forecast | PSO complete. Best fitness: 0.312968
2026-09-17 22:38:00 | INFO     | co2_forecast |   Best params: {'n_estimators': 51, 'max_depth': 3, 'min_samples_split': 2, 'min_samples_leaf': 1}
2026-09-17 22:38:00 | INFO     | co2_forecast |   Best fitness: 0.312968
2026-09-17 22:38:00 | INFO     | co2_forecast | [A3_CI_all/panel2_common_period/all_features/random_forest] sweep tuning: best_params={'n_estimators': 51, 'max_depth': 3, 'min_samples_split': 2, 'min_samples_leaf': 1}
2026-09-17 22:38:00 | INFO     | co2_forecast |   random_forest -> weighted_mase=0.6803297957603882
2026-09-17 22:38:00 | INFO     | co2_forecast | Creating walk-forward splits for 16 valid samples
2026-09-17 22:38:00 | INFO     | co2_forecast | Created 4 CV folds across horizons [1, 2, 4]
2026-09-17 22:38:00 | INFO     | co2_forecast | Built tuning CV plan: 4 folds from 16 rows before 2022-Qq (evaluation cutoff) - isolation OK (max tuning date 2021-Qq)
2026-09-17 22:38:00 | INFO     | co2_forecast | Optimizing catboost...
2026-09-17 22:38:00 | INFO     | co2_forecast | Starting PSO: 8 particles, 10 iterations
2026-09-17 22:38:00 | INFO     | co2_forecast |   Iteration 0: Best fitness = 0.388145
2026-09-17 22:38:01 | INFO     | co2_forecast |   Iteration 5: Best fitness = 0.349103
2026-09-17 22:38:02 | INFO     | co2_forecast |   Iteration 9: Best fitness = 0.324730
2026-09-17 22:38:02 | INFO     | co2_forecast | PSO complete. Best fitness: 0.324730
2026-09-17 22:38:02 | INFO     | co2_forecast |   Best params: {'iterations': 66, 'learning_rate': 0.16379010232914662, 'depth': 3, 'l2_leaf_reg': 3.194260476885049}
2026-09-17 22:38:02 | INFO     | co2_forecast |   Best fitness: 0.324730
2026-09-17 22:38:02 | INFO     | co2_forecast | [A3_CI_all/panel2_common_period/all_features/catboost] sweep tuning: best_params={'iterations': 66, 'learning_rate': 0.16379010232914662, 'depth': 3, 'l2_leaf_reg': 3.194260476885049}
2026-09-17 22:38:02 | INFO     | co2_forecast |   catboost -> weighted_mase=0.6315534455777275
2026-09-17 22:38:02 | INFO     | co2_forecast | Creating walk-forward splits for 16 valid samples
2026-09-17 22:38:02 | INFO     | co2_forecast | Created 4 CV folds across horizons [1, 2, 4]
2026-09-17 22:38:02 | INFO     | co2_forecast | Built tuning CV plan: 4 folds from 16 rows before 2022-Qq (evaluation cutoff) - isolation OK (max tuning date 2021-Qq)
2026-09-17 22:38:02 | INFO     | co2_forecast | Optimizing lightgbm...
2026-09-17 22:38:02 | INFO     | co2_forecast | Starting PSO: 8 particles, 10 iterations
2026-09-17 22:38:02 | INFO     | co2_forecast |   Iteration 0: Best fitness = 0.768990
2026-09-17 22:38:03 | INFO     | co2_forecast |   Iteration 5: Best fitness = 0.655253
2026-09-17 22:38:04 | INFO     | co2_forecast |   Iteration 9: Best fitness = 0.655253
2026-09-17 22:38:04 | INFO     | co2_forecast | PSO complete. Best fitness: 0.655253
2026-09-17 22:38:04 | INFO     | co2_forecast |   Best params: {'n_estimators': 50, 'learning_rate': 0.298896419948602, 'num_leaves': 127, 'max_depth': 3, 'min_child_samples': 5, 'reg_alpha': 0.001, 'reg_lambda': 0.001}
2026-09-17 22:38:04 | INFO     | co2_forecast |   Best fitness: 0.655253
2026-09-17 22:38:04 | INFO     | co2_forecast | [A3_CI_all/panel2_common_period/all_features/lightgbm] sweep tuning: best_params={'n_estimators': 50, 'learning_rate': 0.298896419948602, 'num_leaves': 127, 'max_depth': 3, 'min_child_samples': 5, 'reg_alpha': 0.001, 'reg_lambda': 0.001}
2026-09-17 22:38:04 | INFO     | co2_forecast |   lightgbm -> weighted_mase=0.6628107013701422
2026-09-17 22:38:04 | INFO     | co2_forecast | Creating walk-forward splits for 16 valid samples
2026-09-17 22:38:04 | INFO     | co2_forecast | Created 4 CV folds across horizons [1, 2, 4]
2026-09-17 22:38:04 | INFO     | co2_forecast | Built tuning CV plan: 4 folds from 16 rows before 2022-Qq (evaluation cutoff) - isolation OK (max tuning date 2021-Qq)
2026-09-17 22:38:04 | INFO     | co2_forecast | Optimizing lstm...
2026-09-17 22:38:04 | INFO     | co2_forecast | Starting PSO: 8 particles, 10 iterations
2026-09-17 22:38:04 | WARNING  | co2_forecast | Model training failed with params {'lookback': 7, 'hidden_size': 62, 'num_layers': 2, 'dropout': 0.3394633936788147, 'learning_rate': 0.0016445845403801217, 'batch_size': 8}: LSTM.fit: training data has 8 rows, giving only 1 sequence(s) with lookback=7; at least 2 are required (one is always reserved for validation). Reduce lookback or provide more training history.
2026-09-17 22:38:04 | WARNING  | co2_forecast | Model training failed with params {'lookback': 11, 'hidden_size': 26, 'num_layers': 1, 'dropout': 0.17336180394137354, 'learning_rate': 0.0031119982052994237, 'batch_size': 16}: LSTM.fit: training data has 8 rows, giving only 0 sequence(s) with lookback=11; at least 2 are required (one is always reserved for validation). Reduce lookback or provide more training history.
2026-09-17 22:38:04 | WARNING  | co2_forecast | Model training failed with params {'lookback': 8, 'hidden_size': 54, 'num_layers': 1, 'dropout': 0.3056937753654447, 'learning_rate': 0.005964904231734221, 'batch_size': 8}: LSTM.fit: training data has 8 rows, giving only 0 sequence(s) with lookback=8; at least 2 are required (one is always reserved for validation). Reduce lookback or provide more training history.
2026-09-17 22:38:04 | WARNING  | co2_forecast | Very few sequences (2), LSTM may not train well
2026-09-17 22:38:04 | WARNING  | co2_forecast | Very few sequences (6), LSTM may not train well
2026-09-17 22:38:04 | WARNING  | co2_forecast | Very few sequences (2), LSTM may not train well
2026-09-17 22:38:04 | WARNING  | co2_forecast | Very few sequences (2), LSTM may not train well
2026-09-17 22:38:04 | WARNING  | co2_forecast | Model training failed with params {'lookback': 8, 'hidden_size': 25, 'num_layers': 2, 'dropout': 0.4100531293444458, 'learning_rate': 0.009401039521485473, 'batch_size': 32}: LSTM.fit: training data has 8 rows, giving only 0 sequence(s) with lookback=8; at least 2 are required (one is always reserved for validation). Reduce lookback or provide more training history.
2026-09-17 22:38:04 | WARNING  | co2_forecast | Model training failed with params {'lookback': 7, 'hidden_size': 29, 'num_layers': 2, 'dropout': 0.2427013306774357, 'learning_rate': 0.00288125164590507, 'batch_size': 16}: LSTM.fit: training data has 8 rows, giving only 1 sequence(s) with lookback=7; at least 2 are required (one is always reserved for validation). Reduce lookback or provide more training history.
2026-09-17 22:38:04 | WARNING  | co2_forecast | Very few sequences (4), LSTM may not train well
2026-09-17 22:38:04 | WARNING  | co2_forecast | Very few sequences (8), LSTM may not train well
2026-09-17 22:38:04 | WARNING  | co2_forecast | Very few sequences (4), LSTM may not train well
2026-09-17 22:38:04 | WARNING  | co2_forecast | Very few sequences (4), LSTM may not train well
2026-09-17 22:38:04 | WARNING  | co2_forecast | Very few sequences (2), LSTM may not train well
2026-09-17 22:38:05 | WARNING  | co2_forecast | Very few sequences (6), LSTM may not train well
2026-09-17 22:38:05 | WARNING  | co2_forecast | Very few sequences (2), LSTM may not train well
2026-09-17 22:38:05 | WARNING  | co2_forecast | Very few sequences (2), LSTM may not train well
2026-09-17 22:38:05 | INFO     | co2_forecast |   Iteration 0: Best fitness = 1.107442
2026-09-17 22:38:05 | WARNING  | co2_forecast | Very few sequences (3), LSTM may not train well
2026-09-17 22:38:05 | WARNING  | co2_forecast | Very few sequences (7), LSTM may not train well
2026-09-17 22:38:05 | WARNING  | co2_forecast | Very few sequences (3), LSTM may not train well
2026-09-17 22:38:05 | WARNING  | co2_forecast | Very few sequences (3), LSTM may not train well
2026-09-17 22:38:05 | WARNING  | co2_forecast | Very few sequences (2), LSTM may not train well
2026-09-17 22:38:05 | WARNING  | co2_forecast | Very few sequences (6), LSTM may not train well
2026-09-17 22:38:05 | WARNING  | co2_forecast | Very few sequences (2), LSTM may not train well
2026-09-17 22:38:05 | WARNING  | co2_forecast | Very few sequences (2), LSTM may not train well
2026-09-17 22:38:05 | WARNING  | co2_forecast | Model training failed with params {'lookback': 8, 'hidden_size': 44, 'num_layers': 1, 'dropout': 0.32389753899663415, 'learning_rate': 0.005520634690128072, 'batch_size': 8}: LSTM.fit: training data has 8 rows, giving only 0 sequence(s) with lookback=8; at least 2 are required (one is always reserved for validation). Reduce lookback or provide more training history.
2026-09-17 22:38:05 | WARNING  | co2_forecast | Very few sequences (3), LSTM may not train well
2026-09-17 22:38:05 | WARNING  | co2_forecast | Very few sequences (7), LSTM may not train well
2026-09-17 22:38:05 | WARNING  | co2_forecast | Very few sequences (3), LSTM may not train well
2026-09-17 22:38:05 | WARNING  | co2_forecast | Very few sequences (3), LSTM may not train well
2026-09-17 22:38:05 | WARNING  | co2_forecast | Very few sequences (2), LSTM may not train well
2026-09-17 22:38:05 | WARNING  | co2_forecast | Very few sequences (6), LSTM may not train well
2026-09-17 22:38:06 | WARNING  | co2_forecast | Very few sequences (2), LSTM may not train well
2026-09-17 22:38:06 | WARNING  | co2_forecast | Very few sequences (2), LSTM may not train well
2026-09-17 22:38:06 | WARNING  | co2_forecast | Very few sequences (3), LSTM may not train well
2026-09-17 22:38:06 | WARNING  | co2_forecast | Very few sequences (7), LSTM may not train well
2026-09-17 22:38:06 | WARNING  | co2_forecast | Very few sequences (3), LSTM may not train well
2026-09-17 22:38:06 | WARNING  | co2_forecast | Very few sequences (3), LSTM may not train well
2026-09-17 22:38:06 | WARNING  | co2_forecast | Very few sequences (4), LSTM may not train well
2026-09-17 22:38:06 | WARNING  | co2_forecast | Very few sequences (8), LSTM may not train well
2026-09-17 22:38:06 | WARNING  | co2_forecast | Very few sequences (4), LSTM may not train well
2026-09-17 22:38:06 | WARNING  | co2_forecast | Very few sequences (4), LSTM may not train well
2026-09-17 22:38:07 | WARNING  | co2_forecast | Very few sequences (2), LSTM may not train well
2026-09-17 22:38:07 | WARNING  | co2_forecast | Very few sequences (6), LSTM may not train well
2026-09-17 22:38:07 | WARNING  | co2_forecast | Very few sequences (2), LSTM may not train well
2026-09-17 22:38:07 | WARNING  | co2_forecast | Very few sequences (2), LSTM may not train well
2026-09-17 22:38:07 | WARNING  | co2_forecast | Very few sequences (4), LSTM may not train well
2026-09-17 22:38:07 | WARNING  | co2_forecast | Very few sequences (8), LSTM may not train well
2026-09-17 22:38:07 | WARNING  | co2_forecast | Very few sequences (4), LSTM may not train well
2026-09-17 22:38:07 | WARNING  | co2_forecast | Very few sequences (4), LSTM may not train well
2026-09-17 22:38:07 | WARNING  | co2_forecast | Very few sequences (4), LSTM may not train well
2026-09-17 22:38:07 | WARNING  | co2_forecast | Very few sequences (8), LSTM may not train well
2026-09-17 22:38:07 | WARNING  | co2_forecast | Very few sequences (4), LSTM may not train well
2026-09-17 22:38:07 | WARNING  | co2_forecast | Very few sequences (4), LSTM may not train well
2026-09-17 22:38:07 | WARNING  | co2_forecast | Model training failed with params {'lookback': 7, 'hidden_size': 33, 'num_layers': 1, 'dropout': 0.3174646446740698, 'learning_rate': 0.004142028037008456, 'batch_size': 16}: LSTM.fit: training data has 8 rows, giving only 1 sequence(s) with lookback=7; at least 2 are required (one is always reserved for validation). Reduce lookback or provide more training history.
2026-09-17 22:38:07 | WARNING  | co2_forecast | Very few sequences (3), LSTM may not train well
2026-09-17 22:38:07 | WARNING  | co2_forecast | Very few sequences (7), LSTM may not train well
2026-09-17 22:38:07 | WARNING  | co2_forecast | Very few sequences (3), LSTM may not train well
2026-09-17 22:38:07 | WARNING  | co2_forecast | Very few sequences (3), LSTM may not train well
2026-09-17 22:38:07 | WARNING  | co2_forecast | Very few sequences (4), LSTM may not train well
2026-09-17 22:38:07 | WARNING  | co2_forecast | Very few sequences (8), LSTM may not train well
2026-09-17 22:38:07 | WARNING  | co2_forecast | Very few sequences (4), LSTM may not train well
2026-09-17 22:38:07 | WARNING  | co2_forecast | Very few sequences (4), LSTM may not train well
2026-09-17 22:38:07 | WARNING  | co2_forecast | Very few sequences (4), LSTM may not train well
2026-09-17 22:38:07 | WARNING  | co2_forecast | Very few sequences (8), LSTM may not train well
2026-09-17 22:38:07 | WARNING  | co2_forecast | Very few sequences (4), LSTM may not train well
2026-09-17 22:38:07 | WARNING  | co2_forecast | Very few sequences (4), LSTM may not train well
2026-09-17 22:38:07 | WARNING  | co2_forecast | Very few sequences (3), LSTM may not train well
2026-09-17 22:38:07 | WARNING  | co2_forecast | Very few sequences (7), LSTM may not train well
2026-09-17 22:38:07 | WARNING  | co2_forecast | Very few sequences (3), LSTM may not train well
2026-09-17 22:38:07 | WARNING  | co2_forecast | Very few sequences (3), LSTM may not train well
2026-09-17 22:38:07 | WARNING  | co2_forecast | Very few sequences (3), LSTM may not train well
2026-09-17 22:38:08 | WARNING  | co2_forecast | Very few sequences (7), LSTM may not train well
2026-09-17 22:38:08 | WARNING  | co2_forecast | Very few sequences (3), LSTM may not train well
2026-09-17 22:38:08 | WARNING  | co2_forecast | Very few sequences (3), LSTM may not train well
2026-09-17 22:38:08 | WARNING  | co2_forecast | Very few sequences (4), LSTM may not train well
2026-09-17 22:38:08 | WARNING  | co2_forecast | Very few sequences (8), LSTM may not train well
2026-09-17 22:38:08 | WARNING  | co2_forecast | Very few sequences (4), LSTM may not train well
2026-09-17 22:38:08 | WARNING  | co2_forecast | Very few sequences (4), LSTM may not train well
2026-09-17 22:38:08 | WARNING  | co2_forecast | Very few sequences (4), LSTM may not train well
2026-09-17 22:38:08 | WARNING  | co2_forecast | Very few sequences (8), LSTM may not train well
2026-09-17 22:38:08 | WARNING  | co2_forecast | Very few sequences (4), LSTM may not train well
2026-09-17 22:38:08 | WARNING  | co2_forecast | Very few sequences (4), LSTM may not train well
2026-09-17 22:38:08 | WARNING  | co2_forecast | Very few sequences (2), LSTM may not train well
2026-09-17 22:38:08 | WARNING  | co2_forecast | Very few sequences (6), LSTM may not train well
2026-09-17 22:38:08 | WARNING  | co2_forecast | Very few sequences (2), LSTM may not train well
2026-09-17 22:38:08 | WARNING  | co2_forecast | Very few sequences (2), LSTM may not train well
2026-09-17 22:38:08 | WARNING  | co2_forecast | Very few sequences (4), LSTM may not train well
2026-09-17 22:38:08 | WARNING  | co2_forecast | Very few sequences (8), LSTM may not train well
2026-09-17 22:38:08 | WARNING  | co2_forecast | Very few sequences (4), LSTM may not train well
2026-09-17 22:38:08 | WARNING  | co2_forecast | Very few sequences (4), LSTM may not train well
2026-09-17 22:38:08 | WARNING  | co2_forecast | Very few sequences (4), LSTM may not train well
2026-09-17 22:38:08 | WARNING  | co2_forecast | Very few sequences (8), LSTM may not train well
2026-09-17 22:38:08 | WARNING  | co2_forecast | Very few sequences (4), LSTM may not train well
2026-09-17 22:38:08 | WARNING  | co2_forecast | Very few sequences (4), LSTM may not train well
2026-09-17 22:38:08 | WARNING  | co2_forecast | Very few sequences (4), LSTM may not train well
2026-09-17 22:38:08 | WARNING  | co2_forecast | Very few sequences (8), LSTM may not train well
2026-09-17 22:38:08 | WARNING  | co2_forecast | Very few sequences (4), LSTM may not train well
2026-09-17 22:38:08 | WARNING  | co2_forecast | Very few sequences (4), LSTM may not train well
2026-09-17 22:38:08 | WARNING  | co2_forecast | Very few sequences (4), LSTM may not train well
2026-09-17 22:38:08 | WARNING  | co2_forecast | Very few sequences (8), LSTM may not train well
2026-09-17 22:38:08 | WARNING  | co2_forecast | Very few sequences (4), LSTM may not train well
2026-09-17 22:38:08 | WARNING  | co2_forecast | Very few sequences (4), LSTM may not train well
2026-09-17 22:38:08 | WARNING  | co2_forecast | Very few sequences (3), LSTM may not train well
2026-09-17 22:38:08 | WARNING  | co2_forecast | Very few sequences (7), LSTM may not train well
2026-09-17 22:38:08 | WARNING  | co2_forecast | Very few sequences (3), LSTM may not train well
2026-09-17 22:38:08 | WARNING  | co2_forecast | Very few sequences (3), LSTM may not train well
2026-09-17 22:38:08 | WARNING  | co2_forecast | Very few sequences (4), LSTM may not train well
2026-09-17 22:38:08 | WARNING  | co2_forecast | Very few sequences (8), LSTM may not train well
2026-09-17 22:38:08 | WARNING  | co2_forecast | Very few sequences (4), LSTM may not train well
2026-09-17 22:38:09 | WARNING  | co2_forecast | Very few sequences (4), LSTM may not train well
2026-09-17 22:38:09 | WARNING  | co2_forecast | Very few sequences (4), LSTM may not train well
2026-09-17 22:38:09 | WARNING  | co2_forecast | Very few sequences (8), LSTM may not train well
2026-09-17 22:38:09 | WARNING  | co2_forecast | Very few sequences (4), LSTM may not train well
2026-09-17 22:38:09 | WARNING  | co2_forecast | Very few sequences (4), LSTM may not train well
2026-09-17 22:38:09 | WARNING  | co2_forecast | Very few sequences (3), LSTM may not train well
2026-09-17 22:38:09 | WARNING  | co2_forecast | Very few sequences (7), LSTM may not train well
2026-09-17 22:38:09 | WARNING  | co2_forecast | Very few sequences (3), LSTM may not train well
2026-09-17 22:38:09 | WARNING  | co2_forecast | Very few sequences (3), LSTM may not train well
2026-09-17 22:38:09 | WARNING  | co2_forecast | Very few sequences (4), LSTM may not train well
2026-09-17 22:38:09 | WARNING  | co2_forecast | Very few sequences (8), LSTM may not train well
2026-09-17 22:38:09 | WARNING  | co2_forecast | Very few sequences (4), LSTM may not train well
2026-09-17 22:38:09 | WARNING  | co2_forecast | Very few sequences (4), LSTM may not train well
2026-09-17 22:38:09 | WARNING  | co2_forecast | Very few sequences (4), LSTM may not train well
2026-09-17 22:38:09 | WARNING  | co2_forecast | Very few sequences (8), LSTM may not train well
2026-09-17 22:38:09 | WARNING  | co2_forecast | Very few sequences (4), LSTM may not train well
2026-09-17 22:38:09 | WARNING  | co2_forecast | Very few sequences (4), LSTM may not train well
2026-09-17 22:38:09 | WARNING  | co2_forecast | Very few sequences (4), LSTM may not train well
2026-09-17 22:38:09 | WARNING  | co2_forecast | Very few sequences (8), LSTM may not train well
2026-09-17 22:38:09 | WARNING  | co2_forecast | Very few sequences (4), LSTM may not train well
2026-09-17 22:38:09 | WARNING  | co2_forecast | Very few sequences (4), LSTM may not train well
2026-09-17 22:38:09 | WARNING  | co2_forecast | Very few sequences (4), LSTM may not train well
2026-09-17 22:38:09 | WARNING  | co2_forecast | Very few sequences (8), LSTM may not train well
2026-09-17 22:38:09 | WARNING  | co2_forecast | Very few sequences (4), LSTM may not train well
2026-09-17 22:38:09 | WARNING  | co2_forecast | Very few sequences (4), LSTM may not train well
2026-09-17 22:38:09 | WARNING  | co2_forecast | Very few sequences (4), LSTM may not train well
2026-09-17 22:38:09 | WARNING  | co2_forecast | Very few sequences (8), LSTM may not train well
2026-09-17 22:38:09 | WARNING  | co2_forecast | Very few sequences (4), LSTM may not train well
2026-09-17 22:38:09 | WARNING  | co2_forecast | Very few sequences (4), LSTM may not train well
2026-09-17 22:38:09 | WARNING  | co2_forecast | Very few sequences (4), LSTM may not train well
2026-09-17 22:38:09 | WARNING  | co2_forecast | Very few sequences (8), LSTM may not train well
2026-09-17 22:38:09 | WARNING  | co2_forecast | Very few sequences (4), LSTM may not train well
2026-09-17 22:38:09 | WARNING  | co2_forecast | Very few sequences (4), LSTM may not train well
2026-09-17 22:38:09 | WARNING  | co2_forecast | Very few sequences (4), LSTM may not train well
2026-09-17 22:38:09 | WARNING  | co2_forecast | Very few sequences (8), LSTM may not train well
2026-09-17 22:38:09 | WARNING  | co2_forecast | Very few sequences (4), LSTM may not train well
2026-09-17 22:38:09 | WARNING  | co2_forecast | Very few sequences (4), LSTM may not train well
2026-09-17 22:38:09 | WARNING  | co2_forecast | Very few sequences (4), LSTM may not train well
2026-09-17 22:38:10 | WARNING  | co2_forecast | Very few sequences (8), LSTM may not train well
2026-09-17 22:38:10 | WARNING  | co2_forecast | Very few sequences (4), LSTM may not train well
2026-09-17 22:38:10 | WARNING  | co2_forecast | Very few sequences (4), LSTM may not train well
2026-09-17 22:38:10 | WARNING  | co2_forecast | Very few sequences (4), LSTM may not train well
2026-09-17 22:38:10 | WARNING  | co2_forecast | Very few sequences (8), LSTM may not train well
2026-09-17 22:38:10 | WARNING  | co2_forecast | Very few sequences (4), LSTM may not train well
2026-09-17 22:38:10 | WARNING  | co2_forecast | Very few sequences (4), LSTM may not train well
2026-09-17 22:38:10 | WARNING  | co2_forecast | Very few sequences (4), LSTM may not train well
2026-09-17 22:38:10 | WARNING  | co2_forecast | Very few sequences (8), LSTM may not train well
2026-09-17 22:38:10 | WARNING  | co2_forecast | Very few sequences (4), LSTM may not train well
2026-09-17 22:38:10 | WARNING  | co2_forecast | Very few sequences (4), LSTM may not train well
2026-09-17 22:38:10 | WARNING  | co2_forecast | Very few sequences (4), LSTM may not train well
2026-09-17 22:38:10 | WARNING  | co2_forecast | Very few sequences (8), LSTM may not train well
2026-09-17 22:38:10 | WARNING  | co2_forecast | Very few sequences (4), LSTM may not train well
2026-09-17 22:38:10 | WARNING  | co2_forecast | Very few sequences (4), LSTM may not train well
2026-09-17 22:38:10 | WARNING  | co2_forecast | Very few sequences (4), LSTM may not train well
2026-09-17 22:38:10 | WARNING  | co2_forecast | Very few sequences (8), LSTM may not train well
2026-09-17 22:38:10 | WARNING  | co2_forecast | Very few sequences (4), LSTM may not train well
2026-09-17 22:38:10 | WARNING  | co2_forecast | Very few sequences (4), LSTM may not train well
2026-09-17 22:38:10 | WARNING  | co2_forecast | Very few sequences (4), LSTM may not train well
2026-09-17 22:38:10 | WARNING  | co2_forecast | Very few sequences (8), LSTM may not train well
2026-09-17 22:38:10 | WARNING  | co2_forecast | Very few sequences (4), LSTM may not train well
2026-09-17 22:38:10 | WARNING  | co2_forecast | Very few sequences (4), LSTM may not train well
2026-09-17 22:38:10 | INFO     | co2_forecast |   Iteration 5: Best fitness = 0.763014
2026-09-17 22:38:10 | WARNING  | co2_forecast | Very few sequences (4), LSTM may not train well
2026-09-17 22:38:10 | WARNING  | co2_forecast | Very few sequences (8), LSTM may not train well
2026-09-17 22:38:10 | WARNING  | co2_forecast | Very few sequences (4), LSTM may not train well
2026-09-17 22:38:10 | WARNING  | co2_forecast | Very few sequences (4), LSTM may not train well
2026-09-17 22:38:10 | WARNING  | co2_forecast | Very few sequences (4), LSTM may not train well
2026-09-17 22:38:10 | WARNING  | co2_forecast | Very few sequences (8), LSTM may not train well
2026-09-17 22:38:10 | WARNING  | co2_forecast | Very few sequences (4), LSTM may not train well
2026-09-17 22:38:10 | WARNING  | co2_forecast | Very few sequences (4), LSTM may not train well
2026-09-17 22:38:10 | WARNING  | co2_forecast | Very few sequences (4), LSTM may not train well
2026-09-17 22:38:10 | WARNING  | co2_forecast | Very few sequences (8), LSTM may not train well
2026-09-17 22:38:10 | WARNING  | co2_forecast | Very few sequences (4), LSTM may not train well
2026-09-17 22:38:10 | WARNING  | co2_forecast | Very few sequences (4), LSTM may not train well
2026-09-17 22:38:10 | WARNING  | co2_forecast | Very few sequences (4), LSTM may not train well
2026-09-17 22:38:10 | WARNING  | co2_forecast | Very few sequences (8), LSTM may not train well
2026-09-17 22:38:10 | WARNING  | co2_forecast | Very few sequences (4), LSTM may not train well
2026-09-17 22:38:10 | WARNING  | co2_forecast | Very few sequences (4), LSTM may not train well
2026-09-17 22:38:10 | WARNING  | co2_forecast | Very few sequences (4), LSTM may not train well
2026-09-17 22:38:10 | WARNING  | co2_forecast | Very few sequences (8), LSTM may not train well
2026-09-17 22:38:11 | WARNING  | co2_forecast | Very few sequences (4), LSTM may not train well
2026-09-17 22:38:11 | WARNING  | co2_forecast | Very few sequences (4), LSTM may not train well
2026-09-17 22:38:11 | WARNING  | co2_forecast | Very few sequences (4), LSTM may not train well
2026-09-17 22:38:11 | WARNING  | co2_forecast | Very few sequences (8), LSTM may not train well
2026-09-17 22:38:11 | WARNING  | co2_forecast | Very few sequences (4), LSTM may not train well
2026-09-17 22:38:11 | WARNING  | co2_forecast | Very few sequences (4), LSTM may not train well
2026-09-17 22:38:11 | WARNING  | co2_forecast | Very few sequences (4), LSTM may not train well
2026-09-17 22:38:11 | WARNING  | co2_forecast | Very few sequences (8), LSTM may not train well
2026-09-17 22:38:11 | WARNING  | co2_forecast | Very few sequences (4), LSTM may not train well
2026-09-17 22:38:11 | WARNING  | co2_forecast | Very few sequences (4), LSTM may not train well
2026-09-17 22:38:11 | WARNING  | co2_forecast | Very few sequences (4), LSTM may not train well
2026-09-17 22:38:11 | WARNING  | co2_forecast | Very few sequences (8), LSTM may not train well
2026-09-17 22:38:11 | WARNING  | co2_forecast | Very few sequences (4), LSTM may not train well
2026-09-17 22:38:11 | WARNING  | co2_forecast | Very few sequences (4), LSTM may not train well
2026-09-17 22:38:11 | WARNING  | co2_forecast | Very few sequences (4), LSTM may not train well
2026-09-17 22:38:11 | WARNING  | co2_forecast | Very few sequences (8), LSTM may not train well
2026-09-17 22:38:11 | WARNING  | co2_forecast | Very few sequences (4), LSTM may not train well
2026-09-17 22:38:11 | WARNING  | co2_forecast | Very few sequences (4), LSTM may not train well
2026-09-17 22:38:11 | WARNING  | co2_forecast | Very few sequences (4), LSTM may not train well
2026-09-17 22:38:11 | WARNING  | co2_forecast | Very few sequences (8), LSTM may not train well
2026-09-17 22:38:11 | WARNING  | co2_forecast | Very few sequences (4), LSTM may not train well
2026-09-17 22:38:11 | WARNING  | co2_forecast | Very few sequences (4), LSTM may not train well
2026-09-17 22:38:11 | WARNING  | co2_forecast | Very few sequences (4), LSTM may not train well
2026-09-17 22:38:11 | WARNING  | co2_forecast | Very few sequences (8), LSTM may not train well
2026-09-17 22:38:11 | WARNING  | co2_forecast | Very few sequences (4), LSTM may not train well
2026-09-17 22:38:11 | WARNING  | co2_forecast | Very few sequences (4), LSTM may not train well
2026-09-17 22:38:11 | WARNING  | co2_forecast | Very few sequences (4), LSTM may not train well
2026-09-17 22:38:11 | WARNING  | co2_forecast | Very few sequences (8), LSTM may not train well
2026-09-17 22:38:11 | WARNING  | co2_forecast | Very few sequences (4), LSTM may not train well
2026-09-17 22:38:11 | WARNING  | co2_forecast | Very few sequences (4), LSTM may not train well
2026-09-17 22:38:11 | WARNING  | co2_forecast | Very few sequences (4), LSTM may not train well
2026-09-17 22:38:11 | WARNING  | co2_forecast | Very few sequences (8), LSTM may not train well
2026-09-17 22:38:11 | WARNING  | co2_forecast | Very few sequences (4), LSTM may not train well
2026-09-17 22:38:11 | WARNING  | co2_forecast | Very few sequences (4), LSTM may not train well
2026-09-17 22:38:11 | WARNING  | co2_forecast | Very few sequences (4), LSTM may not train well
2026-09-17 22:38:11 | WARNING  | co2_forecast | Very few sequences (8), LSTM may not train well
2026-09-17 22:38:11 | WARNING  | co2_forecast | Very few sequences (4), LSTM may not train well
2026-09-17 22:38:11 | WARNING  | co2_forecast | Very few sequences (4), LSTM may not train well
2026-09-17 22:38:11 | WARNING  | co2_forecast | Very few sequences (4), LSTM may not train well
2026-09-17 22:38:11 | WARNING  | co2_forecast | Very few sequences (8), LSTM may not train well
2026-09-17 22:38:12 | WARNING  | co2_forecast | Very few sequences (4), LSTM may not train well
2026-09-17 22:38:12 | WARNING  | co2_forecast | Very few sequences (4), LSTM may not train well
2026-09-17 22:38:12 | WARNING  | co2_forecast | Very few sequences (4), LSTM may not train well
2026-09-17 22:38:12 | WARNING  | co2_forecast | Very few sequences (8), LSTM may not train well
2026-09-17 22:38:12 | WARNING  | co2_forecast | Very few sequences (4), LSTM may not train well
2026-09-17 22:38:12 | WARNING  | co2_forecast | Very few sequences (4), LSTM may not train well
2026-09-17 22:38:12 | WARNING  | co2_forecast | Very few sequences (4), LSTM may not train well
2026-09-17 22:38:12 | WARNING  | co2_forecast | Very few sequences (8), LSTM may not train well
2026-09-17 22:38:12 | WARNING  | co2_forecast | Very few sequences (4), LSTM may not train well
2026-09-17 22:38:12 | WARNING  | co2_forecast | Very few sequences (4), LSTM may not train well
2026-09-17 22:38:12 | WARNING  | co2_forecast | Very few sequences (4), LSTM may not train well
2026-09-17 22:38:12 | WARNING  | co2_forecast | Very few sequences (8), LSTM may not train well
2026-09-17 22:38:12 | WARNING  | co2_forecast | Very few sequences (4), LSTM may not train well
2026-09-17 22:38:12 | WARNING  | co2_forecast | Very few sequences (4), LSTM may not train well
2026-09-17 22:38:12 | WARNING  | co2_forecast | Very few sequences (4), LSTM may not train well
2026-09-17 22:38:12 | WARNING  | co2_forecast | Very few sequences (8), LSTM may not train well
2026-09-17 22:38:12 | WARNING  | co2_forecast | Very few sequences (4), LSTM may not train well
2026-09-17 22:38:12 | WARNING  | co2_forecast | Very few sequences (4), LSTM may not train well
2026-09-17 22:38:12 | WARNING  | co2_forecast | Very few sequences (4), LSTM may not train well
2026-09-17 22:38:12 | WARNING  | co2_forecast | Very few sequences (8), LSTM may not train well
2026-09-17 22:38:12 | WARNING  | co2_forecast | Very few sequences (4), LSTM may not train well
2026-09-17 22:38:12 | WARNING  | co2_forecast | Very few sequences (4), LSTM may not train well
2026-09-17 22:38:12 | WARNING  | co2_forecast | Very few sequences (4), LSTM may not train well
2026-09-17 22:38:12 | WARNING  | co2_forecast | Very few sequences (8), LSTM may not train well
2026-09-17 22:38:12 | WARNING  | co2_forecast | Very few sequences (4), LSTM may not train well
2026-09-17 22:38:12 | WARNING  | co2_forecast | Very few sequences (4), LSTM may not train well
2026-09-17 22:38:12 | WARNING  | co2_forecast | Very few sequences (4), LSTM may not train well
2026-09-17 22:38:12 | WARNING  | co2_forecast | Very few sequences (8), LSTM may not train well
2026-09-17 22:38:12 | WARNING  | co2_forecast | Very few sequences (4), LSTM may not train well
2026-09-17 22:38:12 | WARNING  | co2_forecast | Very few sequences (4), LSTM may not train well
2026-09-17 22:38:12 | WARNING  | co2_forecast | Very few sequences (4), LSTM may not train well
2026-09-17 22:38:12 | WARNING  | co2_forecast | Very few sequences (8), LSTM may not train well
2026-09-17 22:38:12 | WARNING  | co2_forecast | Very few sequences (4), LSTM may not train well
2026-09-17 22:38:12 | WARNING  | co2_forecast | Very few sequences (4), LSTM may not train well
2026-09-17 22:38:12 | WARNING  | co2_forecast | Very few sequences (4), LSTM may not train well
2026-09-17 22:38:12 | WARNING  | co2_forecast | Very few sequences (8), LSTM may not train well
2026-09-17 22:38:12 | WARNING  | co2_forecast | Very few sequences (4), LSTM may not train well
2026-09-17 22:38:12 | WARNING  | co2_forecast | Very few sequences (4), LSTM may not train well
2026-09-17 22:38:12 | WARNING  | co2_forecast | Very few sequences (4), LSTM may not train well
2026-09-17 22:38:12 | WARNING  | co2_forecast | Very few sequences (8), LSTM may not train well
2026-09-17 22:38:12 | WARNING  | co2_forecast | Very few sequences (4), LSTM may not train well
2026-09-17 22:38:12 | WARNING  | co2_forecast | Very few sequences (4), LSTM may not train well
2026-09-17 22:38:12 | WARNING  | co2_forecast | Very few sequences (4), LSTM may not train well
2026-09-17 22:38:12 | WARNING  | co2_forecast | Very few sequences (8), LSTM may not train well
2026-09-17 22:38:12 | WARNING  | co2_forecast | Very few sequences (4), LSTM may not train well
2026-09-17 22:38:12 | WARNING  | co2_forecast | Very few sequences (4), LSTM may not train well
2026-09-17 22:38:12 | WARNING  | co2_forecast | Very few sequences (4), LSTM may not train well
2026-09-17 22:38:12 | WARNING  | co2_forecast | Very few sequences (8), LSTM may not train well
2026-09-17 22:38:12 | WARNING  | co2_forecast | Very few sequences (4), LSTM may not train well
2026-09-17 22:38:13 | WARNING  | co2_forecast | Very few sequences (4), LSTM may not train well
2026-09-17 22:38:13 | WARNING  | co2_forecast | Very few sequences (4), LSTM may not train well
2026-09-17 22:38:13 | WARNING  | co2_forecast | Very few sequences (8), LSTM may not train well
2026-09-17 22:38:13 | WARNING  | co2_forecast | Very few sequences (4), LSTM may not train well
2026-09-17 22:38:13 | WARNING  | co2_forecast | Very few sequences (4), LSTM may not train well
2026-09-17 22:38:13 | WARNING  | co2_forecast | Very few sequences (4), LSTM may not train well
2026-09-17 22:38:13 | WARNING  | co2_forecast | Very few sequences (8), LSTM may not train well
2026-09-17 22:38:13 | WARNING  | co2_forecast | Very few sequences (4), LSTM may not train well
2026-09-17 22:38:13 | WARNING  | co2_forecast | Very few sequences (4), LSTM may not train well
2026-09-17 22:38:13 | WARNING  | co2_forecast | Very few sequences (4), LSTM may not train well
2026-09-17 22:38:13 | WARNING  | co2_forecast | Very few sequences (8), LSTM may not train well
2026-09-17 22:38:13 | WARNING  | co2_forecast | Very few sequences (4), LSTM may not train well
2026-09-17 22:38:13 | WARNING  | co2_forecast | Very few sequences (4), LSTM may not train well
2026-09-17 22:38:13 | WARNING  | co2_forecast | Very few sequences (4), LSTM may not train well
2026-09-17 22:38:13 | WARNING  | co2_forecast | Very few sequences (8), LSTM may not train well
2026-09-17 22:38:13 | WARNING  | co2_forecast | Very few sequences (4), LSTM may not train well
2026-09-17 22:38:13 | WARNING  | co2_forecast | Very few sequences (4), LSTM may not train well
2026-09-17 22:38:13 | WARNING  | co2_forecast | Very few sequences (4), LSTM may not train well
2026-09-17 22:38:13 | WARNING  | co2_forecast | Very few sequences (8), LSTM may not train well
2026-09-17 22:38:13 | WARNING  | co2_forecast | Very few sequences (4), LSTM may not train well
2026-09-17 22:38:13 | WARNING  | co2_forecast | Very few sequences (4), LSTM may not train well
2026-09-17 22:38:13 | INFO     | co2_forecast |   Iteration 9: Best fitness = 0.762999
2026-09-17 22:38:13 | INFO     | co2_forecast | PSO complete. Best fitness: 0.762999
2026-09-17 22:38:13 | INFO     | co2_forecast |   Best params: {'lookback': 4, 'hidden_size': 16, 'num_layers': 2, 'dropout': 0.49516309116023643, 'learning_rate': 0.0001, 'batch_size': 32}
2026-09-17 22:38:13 | INFO     | co2_forecast |   Best fitness: 0.762999
2026-09-17 22:38:13 | INFO     | co2_forecast | [A3_CI_all/panel2_common_period/all_features/lstm] sweep tuning: best_params={'lookback': 4, 'hidden_size': 16, 'num_layers': 2, 'dropout': 0.49516309116023643, 'learning_rate': 0.0001, 'batch_size': 32}
2026-09-17 22:38:13 | INFO     | co2_forecast |   lstm -> weighted_mase=1.0249985002842135
2026-09-17 22:38:13 | INFO     | co2_forecast | Variant A3_CI_all complete in 26.3s
2026-09-17 22:38:13 | INFO     | co2_forecast | Wrote outputs/robustness/ci_decomposition_results.csv (35 rows)
2026-09-17 22:38:52 | INFO     | co2_forecast | Logging to: outputs/runs/final_rerun_2026_ci_decomposition/logs/final_rerun_2026_ci_decomposition.log
2026-09-17 22:38:52 | INFO     | co2_forecast | ============================================================
2026-09-17 22:38:52 | INFO     | co2_forecast | Script 22: carbon-intensity statistic decomposition
2026-09-17 22:38:52 | INFO     | co2_forecast | ============================================================
2026-09-17 22:38:52 | INFO     | co2_forecast | Slicing all configurations to the primary common period [2018-04-01 00:00:00 - 2025-01-01 00:00:00] (reference: A3)
2026-09-17 22:38:52 | INFO     | co2_forecast | Baseline (raw+mobility) columns (11): ['GDP', 'Population', 'Air_Temp', 'Rainfall', 'COVID_Deaths', 'Mobility_Retail_Recreation', 'Mobility_Grocery_Pharmacy', 'Mobility_Parks', 'Mobility_Transit_Stations', 'Mobility_Workplaces', 'Mobility_Residential']
2026-09-17 22:38:52 | INFO     | co2_forecast | Models: ['ridge', 'random_forest', 'catboost', 'lightgbm', 'lstm']
2026-09-17 22:38:52 | INFO     | co2_forecast | --- Variant A3_no_grid: 11 features ---
2026-09-17 22:38:52 | INFO     | co2_forecast | Creating walk-forward splits for 16 valid samples
2026-09-17 22:38:52 | INFO     | co2_forecast | Created 4 CV folds across horizons [1, 2, 4]
2026-09-17 22:38:52 | INFO     | co2_forecast | Built tuning CV plan: 4 folds from 16 rows before 2022-Qq (evaluation cutoff) - isolation OK (max tuning date 2021-Qq)
2026-09-17 22:38:52 | INFO     | co2_forecast | Optimizing ridge...
2026-09-17 22:38:52 | INFO     | co2_forecast | Starting PSO: 8 particles, 10 iterations
2026-09-17 22:38:52 | INFO     | co2_forecast |   Iteration 0: Best fitness = 2.490781
2026-09-17 22:38:52 | INFO     | co2_forecast |   Iteration 5: Best fitness = 2.134233
2026-09-17 22:38:52 | INFO     | co2_forecast |   Iteration 9: Best fitness = 2.134233
2026-09-17 22:38:52 | INFO     | co2_forecast | PSO complete. Best fitness: 2.134233
2026-09-17 22:38:52 | INFO     | co2_forecast |   Best params: {'alpha': 100.0}
2026-09-17 22:38:52 | INFO     | co2_forecast |   Best fitness: 2.134233
2026-09-17 22:38:52 | INFO     | co2_forecast | [A3_no_grid/panel2_common_period/all_features/ridge] sweep tuning: best_params={'alpha': 100.0}
2026-09-17 22:38:52 | INFO     | co2_forecast |   ridge -> weighted_mase=0.9051731374752952
2026-09-17 22:38:52 | INFO     | co2_forecast | Creating walk-forward splits for 16 valid samples
2026-09-17 22:38:52 | INFO     | co2_forecast | Created 4 CV folds across horizons [1, 2, 4]
2026-09-17 22:38:52 | INFO     | co2_forecast | Built tuning CV plan: 4 folds from 16 rows before 2022-Qq (evaluation cutoff) - isolation OK (max tuning date 2021-Qq)
2026-09-17 22:38:52 | INFO     | co2_forecast | Optimizing random_forest...
2026-09-17 22:38:52 | INFO     | co2_forecast | Starting PSO: 8 particles, 10 iterations
2026-09-17 22:38:54 | INFO     | co2_forecast |   Iteration 0: Best fitness = 0.671553
2026-09-17 22:39:00 | INFO     | co2_forecast |   Iteration 5: Best fitness = 0.317604
2026-09-17 22:39:06 | INFO     | co2_forecast |   Iteration 9: Best fitness = 0.317604
2026-09-17 22:39:06 | INFO     | co2_forecast | PSO complete. Best fitness: 0.317604
2026-09-17 22:39:06 | INFO     | co2_forecast |   Best params: {'n_estimators': 63, 'max_depth': 3, 'min_samples_split': 2, 'min_samples_leaf': 1}
2026-09-17 22:39:06 | INFO     | co2_forecast |   Best fitness: 0.317604
2026-09-17 22:39:06 | INFO     | co2_forecast | [A3_no_grid/panel2_common_period/all_features/random_forest] sweep tuning: best_params={'n_estimators': 63, 'max_depth': 3, 'min_samples_split': 2, 'min_samples_leaf': 1}
2026-09-17 22:39:06 | INFO     | co2_forecast |   random_forest -> weighted_mase=0.7348028715442646
2026-09-17 22:39:06 | INFO     | co2_forecast | Creating walk-forward splits for 16 valid samples
2026-09-17 22:39:06 | INFO     | co2_forecast | Created 4 CV folds across horizons [1, 2, 4]
2026-09-17 22:39:06 | INFO     | co2_forecast | Built tuning CV plan: 4 folds from 16 rows before 2022-Qq (evaluation cutoff) - isolation OK (max tuning date 2021-Qq)
2026-09-17 22:39:06 | INFO     | co2_forecast | Optimizing catboost...
2026-09-17 22:39:06 | INFO     | co2_forecast | Starting PSO: 8 particles, 10 iterations
2026-09-17 22:39:06 | WARNING  | co2_forecast | CatBoost GPU probe failed (catboost/libs/train_lib/trainer_env.cpp:9: Environment for task type [GPU] not found); using CPU.
2026-09-17 22:39:07 | INFO     | co2_forecast |   Iteration 0: Best fitness = 0.367101
2026-09-17 22:39:08 | INFO     | co2_forecast |   Iteration 5: Best fitness = 0.305775
2026-09-17 22:39:08 | INFO     | co2_forecast |   Iteration 9: Best fitness = 0.274717
2026-09-17 22:39:08 | INFO     | co2_forecast | PSO complete. Best fitness: 0.274717
2026-09-17 22:39:08 | INFO     | co2_forecast |   Best params: {'iterations': 140, 'learning_rate': 0.2814436862509895, 'depth': 3, 'l2_leaf_reg': 3.0617381753651927}
2026-09-17 22:39:08 | INFO     | co2_forecast |   Best fitness: 0.274717
2026-09-17 22:39:08 | INFO     | co2_forecast | [A3_no_grid/panel2_common_period/all_features/catboost] sweep tuning: best_params={'iterations': 140, 'learning_rate': 0.2814436862509895, 'depth': 3, 'l2_leaf_reg': 3.0617381753651927}
2026-09-17 22:39:08 | INFO     | co2_forecast |   catboost -> weighted_mase=0.7485271248445817
2026-09-17 22:39:08 | INFO     | co2_forecast | Creating walk-forward splits for 16 valid samples
2026-09-17 22:39:08 | INFO     | co2_forecast | Created 4 CV folds across horizons [1, 2, 4]
2026-09-17 22:39:08 | INFO     | co2_forecast | Built tuning CV plan: 4 folds from 16 rows before 2022-Qq (evaluation cutoff) - isolation OK (max tuning date 2021-Qq)
2026-09-17 22:39:08 | INFO     | co2_forecast | Optimizing lightgbm...
2026-09-17 22:39:08 | INFO     | co2_forecast | Starting PSO: 8 particles, 10 iterations
2026-09-17 22:39:08 | WARNING  | co2_forecast | LightGBM has no GPU-enabled build installed; using CPU. The pip wheel ships CPU-only - install a CUDA/OpenCL build (e.g. build from source with -DUSE_CUDA=1, or a conda-forge lightgbm=*=cuda* package) to enable GPU training.
2026-09-17 22:39:09 | INFO     | co2_forecast |   Iteration 0: Best fitness = 0.768990
2026-09-17 22:39:10 | INFO     | co2_forecast |   Iteration 5: Best fitness = 0.655353
2026-09-17 22:39:11 | INFO     | co2_forecast |   Iteration 9: Best fitness = 0.644572
2026-09-17 22:39:11 | INFO     | co2_forecast | PSO complete. Best fitness: 0.644572
2026-09-17 22:39:11 | INFO     | co2_forecast |   Best params: {'n_estimators': 50, 'learning_rate': 0.24875557248327107, 'num_leaves': 127, 'max_depth': 3, 'min_child_samples': 5, 'reg_alpha': 0.09419715994303053, 'reg_lambda': 1.6116769810147058}
2026-09-17 22:39:11 | INFO     | co2_forecast |   Best fitness: 0.644572
2026-09-17 22:39:11 | INFO     | co2_forecast | [A3_no_grid/panel2_common_period/all_features/lightgbm] sweep tuning: best_params={'n_estimators': 50, 'learning_rate': 0.24875557248327107, 'num_leaves': 127, 'max_depth': 3, 'min_child_samples': 5, 'reg_alpha': 0.09419715994303053, 'reg_lambda': 1.6116769810147058}
2026-09-17 22:39:11 | INFO     | co2_forecast |   lightgbm -> weighted_mase=0.6370806403789556
2026-09-17 22:39:11 | INFO     | co2_forecast | Creating walk-forward splits for 16 valid samples
2026-09-17 22:39:11 | INFO     | co2_forecast | Created 4 CV folds across horizons [1, 2, 4]
2026-09-17 22:39:11 | INFO     | co2_forecast | Built tuning CV plan: 4 folds from 16 rows before 2022-Qq (evaluation cutoff) - isolation OK (max tuning date 2021-Qq)
2026-09-17 22:39:11 | INFO     | co2_forecast | Optimizing lstm...
2026-09-17 22:39:11 | INFO     | co2_forecast | Starting PSO: 8 particles, 10 iterations
2026-09-17 22:39:11 | WARNING  | co2_forecast | Model training failed with params {'lookback': 7, 'hidden_size': 62, 'num_layers': 2, 'dropout': 0.3394633936788147, 'learning_rate': 0.0016445845403801217, 'batch_size': 8}: LSTM.fit: training data has 8 rows, giving only 1 sequence(s) with lookback=7; at least 2 are required (one is always reserved for validation). Reduce lookback or provide more training history.
2026-09-17 22:39:11 | WARNING  | co2_forecast | Model training failed with params {'lookback': 11, 'hidden_size': 26, 'num_layers': 1, 'dropout': 0.17336180394137354, 'learning_rate': 0.0031119982052994237, 'batch_size': 16}: LSTM.fit: training data has 8 rows, giving only 0 sequence(s) with lookback=11; at least 2 are required (one is always reserved for validation). Reduce lookback or provide more training history.
2026-09-17 22:39:11 | WARNING  | co2_forecast | Model training failed with params {'lookback': 8, 'hidden_size': 54, 'num_layers': 1, 'dropout': 0.3056937753654447, 'learning_rate': 0.005964904231734221, 'batch_size': 8}: LSTM.fit: training data has 8 rows, giving only 0 sequence(s) with lookback=8; at least 2 are required (one is always reserved for validation). Reduce lookback or provide more training history.
2026-09-17 22:39:11 | WARNING  | co2_forecast | Very few sequences (2), LSTM may not train well
2026-09-17 22:39:11 | WARNING  | co2_forecast | Very few sequences (6), LSTM may not train well
2026-09-17 22:39:11 | WARNING  | co2_forecast | Very few sequences (2), LSTM may not train well
2026-09-17 22:39:11 | WARNING  | co2_forecast | Very few sequences (2), LSTM may not train well
2026-09-17 22:39:11 | WARNING  | co2_forecast | Model training failed with params {'lookback': 8, 'hidden_size': 25, 'num_layers': 2, 'dropout': 0.4100531293444458, 'learning_rate': 0.009401039521485473, 'batch_size': 32}: LSTM.fit: training data has 8 rows, giving only 0 sequence(s) with lookback=8; at least 2 are required (one is always reserved for validation). Reduce lookback or provide more training history.
2026-09-17 22:39:11 | WARNING  | co2_forecast | Model training failed with params {'lookback': 7, 'hidden_size': 29, 'num_layers': 2, 'dropout': 0.2427013306774357, 'learning_rate': 0.00288125164590507, 'batch_size': 16}: LSTM.fit: training data has 8 rows, giving only 1 sequence(s) with lookback=7; at least 2 are required (one is always reserved for validation). Reduce lookback or provide more training history.
2026-09-17 22:39:11 | WARNING  | co2_forecast | Very few sequences (4), LSTM may not train well
2026-09-17 22:39:11 | WARNING  | co2_forecast | Very few sequences (8), LSTM may not train well
2026-09-17 22:39:11 | WARNING  | co2_forecast | Very few sequences (4), LSTM may not train well
2026-09-17 22:39:11 | WARNING  | co2_forecast | Very few sequences (4), LSTM may not train well
2026-09-17 22:39:12 | WARNING  | co2_forecast | Very few sequences (2), LSTM may not train well
2026-09-17 22:39:12 | WARNING  | co2_forecast | Very few sequences (6), LSTM may not train well
2026-09-17 22:39:12 | WARNING  | co2_forecast | Very few sequences (2), LSTM may not train well
2026-09-17 22:39:12 | WARNING  | co2_forecast | Very few sequences (2), LSTM may not train well
2026-09-17 22:39:12 | INFO     | co2_forecast |   Iteration 0: Best fitness = 1.014697
2026-09-17 22:39:12 | WARNING  | co2_forecast | Very few sequences (3), LSTM may not train well
2026-09-17 22:39:12 | WARNING  | co2_forecast | Very few sequences (7), LSTM may not train well
2026-09-17 22:39:12 | WARNING  | co2_forecast | Very few sequences (3), LSTM may not train well
2026-09-17 22:39:12 | WARNING  | co2_forecast | Very few sequences (3), LSTM may not train well
2026-09-17 22:39:12 | WARNING  | co2_forecast | Very few sequences (2), LSTM may not train well
2026-09-17 22:39:12 | WARNING  | co2_forecast | Very few sequences (6), LSTM may not train well
2026-09-17 22:39:12 | WARNING  | co2_forecast | Very few sequences (2), LSTM may not train well
2026-09-17 22:39:12 | WARNING  | co2_forecast | Very few sequences (2), LSTM may not train well
2026-09-17 22:39:12 | WARNING  | co2_forecast | Model training failed with params {'lookback': 8, 'hidden_size': 44, 'num_layers': 1, 'dropout': 0.32389753899663415, 'learning_rate': 0.005520634690128072, 'batch_size': 8}: LSTM.fit: training data has 8 rows, giving only 0 sequence(s) with lookback=8; at least 2 are required (one is always reserved for validation). Reduce lookback or provide more training history.
2026-09-17 22:39:12 | WARNING  | co2_forecast | Very few sequences (3), LSTM may not train well
2026-09-17 22:39:12 | WARNING  | co2_forecast | Very few sequences (7), LSTM may not train well
2026-09-17 22:39:12 | WARNING  | co2_forecast | Very few sequences (3), LSTM may not train well
2026-09-17 22:39:12 | WARNING  | co2_forecast | Very few sequences (3), LSTM may not train well
2026-09-17 22:39:13 | WARNING  | co2_forecast | Very few sequences (2), LSTM may not train well
2026-09-17 22:39:13 | WARNING  | co2_forecast | Very few sequences (6), LSTM may not train well
2026-09-17 22:39:13 | WARNING  | co2_forecast | Very few sequences (2), LSTM may not train well
2026-09-17 22:39:13 | WARNING  | co2_forecast | Very few sequences (2), LSTM may not train well
2026-09-17 22:39:13 | WARNING  | co2_forecast | Very few sequences (3), LSTM may not train well
2026-09-17 22:39:13 | WARNING  | co2_forecast | Very few sequences (7), LSTM may not train well
2026-09-17 22:39:13 | WARNING  | co2_forecast | Very few sequences (3), LSTM may not train well
2026-09-17 22:39:13 | WARNING  | co2_forecast | Very few sequences (3), LSTM may not train well
2026-09-17 22:39:14 | WARNING  | co2_forecast | Very few sequences (4), LSTM may not train well
2026-09-17 22:39:14 | WARNING  | co2_forecast | Very few sequences (8), LSTM may not train well
2026-09-17 22:39:14 | WARNING  | co2_forecast | Very few sequences (4), LSTM may not train well
2026-09-17 22:39:14 | WARNING  | co2_forecast | Very few sequences (4), LSTM may not train well
2026-09-17 22:39:14 | WARNING  | co2_forecast | Very few sequences (2), LSTM may not train well
2026-09-17 22:39:14 | WARNING  | co2_forecast | Very few sequences (6), LSTM may not train well
2026-09-17 22:39:14 | WARNING  | co2_forecast | Very few sequences (2), LSTM may not train well
2026-09-17 22:39:14 | WARNING  | co2_forecast | Very few sequences (2), LSTM may not train well
2026-09-17 22:39:14 | WARNING  | co2_forecast | Very few sequences (4), LSTM may not train well
2026-09-17 22:39:14 | WARNING  | co2_forecast | Very few sequences (8), LSTM may not train well
2026-09-17 22:39:14 | WARNING  | co2_forecast | Very few sequences (4), LSTM may not train well
2026-09-17 22:39:14 | WARNING  | co2_forecast | Very few sequences (4), LSTM may not train well
2026-09-17 22:39:14 | WARNING  | co2_forecast | Very few sequences (4), LSTM may not train well
2026-09-17 22:39:14 | WARNING  | co2_forecast | Very few sequences (8), LSTM may not train well
2026-09-17 22:39:14 | WARNING  | co2_forecast | Very few sequences (4), LSTM may not train well
2026-09-17 22:39:14 | WARNING  | co2_forecast | Very few sequences (4), LSTM may not train well
2026-09-17 22:39:14 | WARNING  | co2_forecast | Model training failed with params {'lookback': 7, 'hidden_size': 33, 'num_layers': 1, 'dropout': 0.3174646446740698, 'learning_rate': 0.004142028037008456, 'batch_size': 16}: LSTM.fit: training data has 8 rows, giving only 1 sequence(s) with lookback=7; at least 2 are required (one is always reserved for validation). Reduce lookback or provide more training history.
2026-09-17 22:39:14 | WARNING  | co2_forecast | Very few sequences (3), LSTM may not train well
2026-09-17 22:39:14 | WARNING  | co2_forecast | Very few sequences (7), LSTM may not train well
2026-09-17 22:39:15 | WARNING  | co2_forecast | Very few sequences (3), LSTM may not train well
2026-09-17 22:39:15 | WARNING  | co2_forecast | Very few sequences (3), LSTM may not train well
2026-09-17 22:39:15 | WARNING  | co2_forecast | Very few sequences (4), LSTM may not train well
2026-09-17 22:39:15 | WARNING  | co2_forecast | Very few sequences (8), LSTM may not train well
2026-09-17 22:39:15 | WARNING  | co2_forecast | Very few sequences (4), LSTM may not train well
2026-09-17 22:39:15 | WARNING  | co2_forecast | Very few sequences (4), LSTM may not train well
2026-09-17 22:39:15 | WARNING  | co2_forecast | Very few sequences (4), LSTM may not train well
2026-09-17 22:39:15 | WARNING  | co2_forecast | Very few sequences (8), LSTM may not train well
2026-09-17 22:39:15 | WARNING  | co2_forecast | Very few sequences (4), LSTM may not train well
2026-09-17 22:39:15 | WARNING  | co2_forecast | Very few sequences (4), LSTM may not train well
2026-09-17 22:39:15 | WARNING  | co2_forecast | Very few sequences (3), LSTM may not train well
2026-09-17 22:39:15 | WARNING  | co2_forecast | Very few sequences (7), LSTM may not train well
2026-09-17 22:39:15 | WARNING  | co2_forecast | Very few sequences (3), LSTM may not train well
2026-09-17 22:39:15 | WARNING  | co2_forecast | Very few sequences (3), LSTM may not train well
2026-09-17 22:39:15 | WARNING  | co2_forecast | Very few sequences (3), LSTM may not train well
2026-09-17 22:39:15 | WARNING  | co2_forecast | Very few sequences (7), LSTM may not train well
2026-09-17 22:39:15 | WARNING  | co2_forecast | Very few sequences (3), LSTM may not train well
2026-09-17 22:39:16 | WARNING  | co2_forecast | Very few sequences (3), LSTM may not train well
2026-09-17 22:39:16 | WARNING  | co2_forecast | Very few sequences (4), LSTM may not train well
2026-09-17 22:39:16 | WARNING  | co2_forecast | Very few sequences (8), LSTM may not train well
2026-09-17 22:39:16 | WARNING  | co2_forecast | Very few sequences (4), LSTM may not train well
2026-09-17 22:39:16 | WARNING  | co2_forecast | Very few sequences (4), LSTM may not train well
2026-09-17 22:39:16 | WARNING  | co2_forecast | Very few sequences (4), LSTM may not train well
2026-09-17 22:39:16 | WARNING  | co2_forecast | Very few sequences (8), LSTM may not train well
2026-09-17 22:39:16 | WARNING  | co2_forecast | Very few sequences (4), LSTM may not train well
2026-09-17 22:39:16 | WARNING  | co2_forecast | Very few sequences (4), LSTM may not train well
2026-09-17 22:39:16 | WARNING  | co2_forecast | Very few sequences (2), LSTM may not train well
2026-09-17 22:39:16 | WARNING  | co2_forecast | Very few sequences (6), LSTM may not train well
2026-09-17 22:39:16 | WARNING  | co2_forecast | Very few sequences (2), LSTM may not train well
2026-09-17 22:39:16 | WARNING  | co2_forecast | Very few sequences (2), LSTM may not train well
2026-09-17 22:39:16 | WARNING  | co2_forecast | Very few sequences (4), LSTM may not train well
2026-09-17 22:39:16 | WARNING  | co2_forecast | Very few sequences (8), LSTM may not train well
2026-09-17 22:39:16 | WARNING  | co2_forecast | Very few sequences (4), LSTM may not train well
2026-09-17 22:39:16 | WARNING  | co2_forecast | Very few sequences (4), LSTM may not train well
2026-09-17 22:39:16 | WARNING  | co2_forecast | Very few sequences (4), LSTM may not train well
2026-09-17 22:39:16 | WARNING  | co2_forecast | Very few sequences (8), LSTM may not train well
2026-09-17 22:39:17 | WARNING  | co2_forecast | Very few sequences (4), LSTM may not train well
2026-09-17 22:39:17 | WARNING  | co2_forecast | Very few sequences (4), LSTM may not train well
2026-09-17 22:39:17 | WARNING  | co2_forecast | Very few sequences (4), LSTM may not train well
2026-09-17 22:39:17 | WARNING  | co2_forecast | Very few sequences (8), LSTM may not train well
2026-09-17 22:39:17 | WARNING  | co2_forecast | Very few sequences (4), LSTM may not train well
2026-09-17 22:39:17 | WARNING  | co2_forecast | Very few sequences (4), LSTM may not train well
2026-09-17 22:39:17 | WARNING  | co2_forecast | Very few sequences (4), LSTM may not train well
2026-09-17 22:39:17 | WARNING  | co2_forecast | Very few sequences (8), LSTM may not train well
2026-09-17 22:39:17 | WARNING  | co2_forecast | Very few sequences (4), LSTM may not train well
2026-09-17 22:39:17 | WARNING  | co2_forecast | Very few sequences (4), LSTM may not train well
2026-09-17 22:39:17 | WARNING  | co2_forecast | Very few sequences (3), LSTM may not train well
2026-09-17 22:39:17 | WARNING  | co2_forecast | Very few sequences (7), LSTM may not train well
2026-09-17 22:39:17 | WARNING  | co2_forecast | Very few sequences (3), LSTM may not train well
2026-09-17 22:39:17 | WARNING  | co2_forecast | Very few sequences (3), LSTM may not train well
2026-09-17 22:39:17 | WARNING  | co2_forecast | Very few sequences (4), LSTM may not train well
2026-09-17 22:39:17 | WARNING  | co2_forecast | Very few sequences (8), LSTM may not train well
2026-09-17 22:39:17 | WARNING  | co2_forecast | Very few sequences (4), LSTM may not train well
2026-09-17 22:39:17 | WARNING  | co2_forecast | Very few sequences (4), LSTM may not train well
2026-09-17 22:39:17 | WARNING  | co2_forecast | Very few sequences (4), LSTM may not train well
2026-09-17 22:39:17 | WARNING  | co2_forecast | Very few sequences (8), LSTM may not train well
2026-09-17 22:39:18 | WARNING  | co2_forecast | Very few sequences (4), LSTM may not train well
2026-09-17 22:39:18 | WARNING  | co2_forecast | Very few sequences (4), LSTM may not train well
2026-09-17 22:39:18 | WARNING  | co2_forecast | Very few sequences (3), LSTM may not train well
2026-09-17 22:39:18 | WARNING  | co2_forecast | Very few sequences (7), LSTM may not train well
2026-09-17 22:39:18 | WARNING  | co2_forecast | Very few sequences (3), LSTM may not train well
2026-09-17 22:39:18 | WARNING  | co2_forecast | Very few sequences (3), LSTM may not train well
2026-09-17 22:39:18 | WARNING  | co2_forecast | Very few sequences (4), LSTM may not train well
2026-09-17 22:39:18 | WARNING  | co2_forecast | Very few sequences (8), LSTM may not train well
2026-09-17 22:39:18 | WARNING  | co2_forecast | Very few sequences (4), LSTM may not train well
2026-09-17 22:39:18 | WARNING  | co2_forecast | Very few sequences (4), LSTM may not train well
2026-09-17 22:39:18 | WARNING  | co2_forecast | Very few sequences (4), LSTM may not train well
2026-09-17 22:39:18 | WARNING  | co2_forecast | Very few sequences (8), LSTM may not train well
2026-09-17 22:39:18 | WARNING  | co2_forecast | Very few sequences (4), LSTM may not train well
2026-09-17 22:39:18 | WARNING  | co2_forecast | Very few sequences (4), LSTM may not train well
2026-09-17 22:39:18 | WARNING  | co2_forecast | Very few sequences (4), LSTM may not train well
2026-09-17 22:39:18 | WARNING  | co2_forecast | Very few sequences (8), LSTM may not train well
2026-09-17 22:39:19 | WARNING  | co2_forecast | Very few sequences (4), LSTM may not train well
2026-09-17 22:39:19 | WARNING  | co2_forecast | Very few sequences (4), LSTM may not train well
2026-09-17 22:39:19 | WARNING  | co2_forecast | Very few sequences (4), LSTM may not train well
2026-09-17 22:39:19 | WARNING  | co2_forecast | Very few sequences (8), LSTM may not train well
2026-09-17 22:39:19 | WARNING  | co2_forecast | Very few sequences (4), LSTM may not train well
2026-09-17 22:39:19 | WARNING  | co2_forecast | Very few sequences (4), LSTM may not train well
2026-09-17 22:39:19 | WARNING  | co2_forecast | Very few sequences (3), LSTM may not train well
2026-09-17 22:39:19 | WARNING  | co2_forecast | Very few sequences (7), LSTM may not train well
2026-09-17 22:39:19 | WARNING  | co2_forecast | Very few sequences (3), LSTM may not train well
2026-09-17 22:39:19 | WARNING  | co2_forecast | Very few sequences (3), LSTM may not train well
2026-09-17 22:39:19 | WARNING  | co2_forecast | Very few sequences (4), LSTM may not train well
2026-09-17 22:39:19 | WARNING  | co2_forecast | Very few sequences (8), LSTM may not train well
2026-09-17 22:39:19 | WARNING  | co2_forecast | Very few sequences (4), LSTM may not train well
2026-09-17 22:39:19 | WARNING  | co2_forecast | Very few sequences (4), LSTM may not train well
2026-09-17 22:39:19 | WARNING  | co2_forecast | Very few sequences (4), LSTM may not train well
2026-09-17 22:39:19 | WARNING  | co2_forecast | Very few sequences (8), LSTM may not train well
2026-09-17 22:39:19 | WARNING  | co2_forecast | Very few sequences (4), LSTM may not train well
2026-09-17 22:39:19 | WARNING  | co2_forecast | Very few sequences (4), LSTM may not train well
2026-09-17 22:39:19 | WARNING  | co2_forecast | Very few sequences (4), LSTM may not train well
2026-09-17 22:39:19 | WARNING  | co2_forecast | Very few sequences (8), LSTM may not train well
2026-09-17 22:39:20 | WARNING  | co2_forecast | Very few sequences (4), LSTM may not train well
2026-09-17 22:39:20 | WARNING  | co2_forecast | Very few sequences (4), LSTM may not train well
2026-09-17 22:39:20 | WARNING  | co2_forecast | Very few sequences (4), LSTM may not train well
2026-09-17 22:39:20 | WARNING  | co2_forecast | Very few sequences (8), LSTM may not train well
2026-09-17 22:39:20 | WARNING  | co2_forecast | Very few sequences (4), LSTM may not train well
2026-09-17 22:39:20 | WARNING  | co2_forecast | Very few sequences (4), LSTM may not train well
2026-09-17 22:39:20 | WARNING  | co2_forecast | Very few sequences (4), LSTM may not train well
2026-09-17 22:39:20 | WARNING  | co2_forecast | Very few sequences (8), LSTM may not train well
2026-09-17 22:39:20 | WARNING  | co2_forecast | Very few sequences (4), LSTM may not train well
2026-09-17 22:39:20 | WARNING  | co2_forecast | Very few sequences (4), LSTM may not train well
2026-09-17 22:39:20 | WARNING  | co2_forecast | Very few sequences (4), LSTM may not train well
2026-09-17 22:39:20 | WARNING  | co2_forecast | Very few sequences (8), LSTM may not train well
2026-09-17 22:39:20 | WARNING  | co2_forecast | Very few sequences (4), LSTM may not train well
2026-09-17 22:39:20 | WARNING  | co2_forecast | Very few sequences (4), LSTM may not train well
2026-09-17 22:39:20 | WARNING  | co2_forecast | Very few sequences (4), LSTM may not train well
2026-09-17 22:39:21 | WARNING  | co2_forecast | Very few sequences (8), LSTM may not train well
2026-09-17 22:39:21 | WARNING  | co2_forecast | Very few sequences (4), LSTM may not train well
2026-09-17 22:39:21 | WARNING  | co2_forecast | Very few sequences (4), LSTM may not train well
2026-09-17 22:39:21 | WARNING  | co2_forecast | Very few sequences (3), LSTM may not train well
2026-09-17 22:39:21 | WARNING  | co2_forecast | Very few sequences (7), LSTM may not train well
2026-09-17 22:39:21 | WARNING  | co2_forecast | Very few sequences (3), LSTM may not train well
2026-09-17 22:39:21 | WARNING  | co2_forecast | Very few sequences (3), LSTM may not train well
2026-09-17 22:39:21 | INFO     | co2_forecast |   Iteration 5: Best fitness = 0.762308
2026-09-17 22:39:21 | WARNING  | co2_forecast | Very few sequences (4), LSTM may not train well
2026-09-17 22:39:21 | WARNING  | co2_forecast | Very few sequences (8), LSTM may not train well
2026-09-17 22:39:21 | WARNING  | co2_forecast | Very few sequences (4), LSTM may not train well
2026-09-17 22:39:21 | WARNING  | co2_forecast | Very few sequences (4), LSTM may not train well
2026-09-17 22:39:21 | WARNING  | co2_forecast | Very few sequences (4), LSTM may not train well
2026-09-17 22:39:21 | WARNING  | co2_forecast | Very few sequences (8), LSTM may not train well
2026-09-17 22:39:21 | WARNING  | co2_forecast | Very few sequences (4), LSTM may not train well
2026-09-17 22:39:21 | WARNING  | co2_forecast | Very few sequences (4), LSTM may not train well
2026-09-17 22:39:21 | WARNING  | co2_forecast | Very few sequences (4), LSTM may not train well
2026-09-17 22:39:21 | WARNING  | co2_forecast | Very few sequences (8), LSTM may not train well
2026-09-17 22:39:22 | WARNING  | co2_forecast | Very few sequences (4), LSTM may not train well
2026-09-17 22:39:22 | WARNING  | co2_forecast | Very few sequences (4), LSTM may not train well
2026-09-17 22:39:22 | WARNING  | co2_forecast | Very few sequences (4), LSTM may not train well
2026-09-17 22:39:22 | WARNING  | co2_forecast | Very few sequences (8), LSTM may not train well
2026-09-17 22:39:22 | WARNING  | co2_forecast | Very few sequences (4), LSTM may not train well
2026-09-17 22:39:22 | WARNING  | co2_forecast | Very few sequences (4), LSTM may not train well
2026-09-17 22:39:22 | WARNING  | co2_forecast | Very few sequences (4), LSTM may not train well
2026-09-17 22:39:22 | WARNING  | co2_forecast | Very few sequences (8), LSTM may not train well
2026-09-17 22:39:22 | WARNING  | co2_forecast | Very few sequences (4), LSTM may not train well
2026-09-17 22:39:22 | WARNING  | co2_forecast | Very few sequences (4), LSTM may not train well
2026-09-17 22:39:22 | WARNING  | co2_forecast | Very few sequences (4), LSTM may not train well
2026-09-17 22:39:22 | WARNING  | co2_forecast | Very few sequences (8), LSTM may not train well
2026-09-17 22:39:22 | WARNING  | co2_forecast | Very few sequences (4), LSTM may not train well
2026-09-17 22:39:22 | WARNING  | co2_forecast | Very few sequences (4), LSTM may not train well
2026-09-17 22:39:22 | WARNING  | co2_forecast | Very few sequences (4), LSTM may not train well
2026-09-17 22:39:22 | WARNING  | co2_forecast | Very few sequences (8), LSTM may not train well
2026-09-17 22:39:22 | WARNING  | co2_forecast | Very few sequences (4), LSTM may not train well
2026-09-17 22:39:22 | WARNING  | co2_forecast | Very few sequences (4), LSTM may not train well
2026-09-17 22:39:23 | WARNING  | co2_forecast | Very few sequences (3), LSTM may not train well
2026-09-17 22:39:23 | WARNING  | co2_forecast | Very few sequences (7), LSTM may not train well
2026-09-17 22:39:23 | WARNING  | co2_forecast | Very few sequences (3), LSTM may not train well
2026-09-17 22:39:23 | WARNING  | co2_forecast | Very few sequences (3), LSTM may not train well
2026-09-17 22:39:23 | WARNING  | co2_forecast | Very few sequences (4), LSTM may not train well
2026-09-17 22:39:23 | WARNING  | co2_forecast | Very few sequences (8), LSTM may not train well
2026-09-17 22:39:23 | WARNING  | co2_forecast | Very few sequences (4), LSTM may not train well
2026-09-17 22:39:23 | WARNING  | co2_forecast | Very few sequences (4), LSTM may not train well
2026-09-17 22:39:23 | WARNING  | co2_forecast | Very few sequences (4), LSTM may not train well
2026-09-17 22:39:23 | WARNING  | co2_forecast | Very few sequences (8), LSTM may not train well
2026-09-17 22:39:23 | WARNING  | co2_forecast | Very few sequences (4), LSTM may not train well
2026-09-17 22:39:23 | WARNING  | co2_forecast | Very few sequences (4), LSTM may not train well
2026-09-17 22:39:23 | WARNING  | co2_forecast | Very few sequences (4), LSTM may not train well
2026-09-17 22:39:23 | WARNING  | co2_forecast | Very few sequences (8), LSTM may not train well
2026-09-17 22:39:23 | WARNING  | co2_forecast | Very few sequences (4), LSTM may not train well
2026-09-17 22:39:23 | WARNING  | co2_forecast | Very few sequences (4), LSTM may not train well
2026-09-17 22:39:24 | WARNING  | co2_forecast | Very few sequences (4), LSTM may not train well
2026-09-17 22:39:24 | WARNING  | co2_forecast | Very few sequences (8), LSTM may not train well
2026-09-17 22:39:24 | WARNING  | co2_forecast | Very few sequences (4), LSTM may not train well
2026-09-17 22:39:24 | WARNING  | co2_forecast | Very few sequences (4), LSTM may not train well
2026-09-17 22:39:24 | WARNING  | co2_forecast | Very few sequences (4), LSTM may not train well
2026-09-17 22:39:24 | WARNING  | co2_forecast | Very few sequences (8), LSTM may not train well
2026-09-17 22:39:24 | WARNING  | co2_forecast | Very few sequences (4), LSTM may not train well
2026-09-17 22:39:24 | WARNING  | co2_forecast | Very few sequences (4), LSTM may not train well
2026-09-17 22:39:24 | WARNING  | co2_forecast | Very few sequences (4), LSTM may not train well
2026-09-17 22:39:24 | WARNING  | co2_forecast | Very few sequences (8), LSTM may not train well
2026-09-17 22:39:24 | WARNING  | co2_forecast | Very few sequences (4), LSTM may not train well
2026-09-17 22:39:24 | WARNING  | co2_forecast | Very few sequences (4), LSTM may not train well
2026-09-17 22:39:24 | WARNING  | co2_forecast | Very few sequences (4), LSTM may not train well
2026-09-17 22:39:24 | WARNING  | co2_forecast | Very few sequences (8), LSTM may not train well
2026-09-17 22:39:24 | WARNING  | co2_forecast | Very few sequences (4), LSTM may not train well
2026-09-17 22:39:24 | WARNING  | co2_forecast | Very few sequences (4), LSTM may not train well
2026-09-17 22:39:25 | WARNING  | co2_forecast | Very few sequences (3), LSTM may not train well
2026-09-17 22:39:25 | WARNING  | co2_forecast | Very few sequences (7), LSTM may not train well
2026-09-17 22:39:25 | WARNING  | co2_forecast | Very few sequences (3), LSTM may not train well
2026-09-17 22:39:25 | WARNING  | co2_forecast | Very few sequences (3), LSTM may not train well
2026-09-17 22:39:25 | WARNING  | co2_forecast | Very few sequences (4), LSTM may not train well
2026-09-17 22:39:25 | WARNING  | co2_forecast | Very few sequences (8), LSTM may not train well
2026-09-17 22:39:25 | WARNING  | co2_forecast | Very few sequences (4), LSTM may not train well
2026-09-17 22:39:25 | WARNING  | co2_forecast | Very few sequences (4), LSTM may not train well
2026-09-17 22:39:25 | WARNING  | co2_forecast | Very few sequences (4), LSTM may not train well
2026-09-17 22:39:25 | WARNING  | co2_forecast | Very few sequences (8), LSTM may not train well
2026-09-17 22:39:25 | WARNING  | co2_forecast | Very few sequences (4), LSTM may not train well
2026-09-17 22:39:25 | WARNING  | co2_forecast | Very few sequences (4), LSTM may not train well
2026-09-17 22:39:25 | WARNING  | co2_forecast | Very few sequences (4), LSTM may not train well
2026-09-17 22:39:25 | WARNING  | co2_forecast | Very few sequences (8), LSTM may not train well
2026-09-17 22:39:25 | WARNING  | co2_forecast | Very few sequences (4), LSTM may not train well
2026-09-17 22:39:26 | WARNING  | co2_forecast | Very few sequences (4), LSTM may not train well
2026-09-17 22:39:26 | WARNING  | co2_forecast | Very few sequences (4), LSTM may not train well
2026-09-17 22:39:26 | WARNING  | co2_forecast | Very few sequences (8), LSTM may not train well
2026-09-17 22:39:26 | WARNING  | co2_forecast | Very few sequences (4), LSTM may not train well
2026-09-17 22:39:26 | WARNING  | co2_forecast | Very few sequences (4), LSTM may not train well
2026-09-17 22:39:26 | WARNING  | co2_forecast | Very few sequences (4), LSTM may not train well
2026-09-17 22:39:26 | WARNING  | co2_forecast | Very few sequences (8), LSTM may not train well
2026-09-17 22:39:26 | WARNING  | co2_forecast | Very few sequences (4), LSTM may not train well
2026-09-17 22:39:26 | WARNING  | co2_forecast | Very few sequences (4), LSTM may not train well
2026-09-17 22:39:26 | WARNING  | co2_forecast | Very few sequences (4), LSTM may not train well
2026-09-17 22:39:26 | WARNING  | co2_forecast | Very few sequences (8), LSTM may not train well
2026-09-17 22:39:26 | WARNING  | co2_forecast | Very few sequences (4), LSTM may not train well
2026-09-17 22:39:26 | WARNING  | co2_forecast | Very few sequences (4), LSTM may not train well
2026-09-17 22:39:26 | WARNING  | co2_forecast | Very few sequences (4), LSTM may not train well
2026-09-17 22:39:26 | WARNING  | co2_forecast | Very few sequences (8), LSTM may not train well
2026-09-17 22:39:26 | WARNING  | co2_forecast | Very few sequences (4), LSTM may not train well
2026-09-17 22:39:27 | WARNING  | co2_forecast | Very few sequences (4), LSTM may not train well
2026-09-17 22:39:27 | WARNING  | co2_forecast | Very few sequences (3), LSTM may not train well
2026-09-17 22:39:27 | WARNING  | co2_forecast | Very few sequences (7), LSTM may not train well
2026-09-17 22:39:27 | WARNING  | co2_forecast | Very few sequences (3), LSTM may not train well
2026-09-17 22:39:27 | WARNING  | co2_forecast | Very few sequences (3), LSTM may not train well
2026-09-17 22:39:27 | WARNING  | co2_forecast | Very few sequences (4), LSTM may not train well
2026-09-17 22:39:27 | WARNING  | co2_forecast | Very few sequences (8), LSTM may not train well
2026-09-17 22:39:27 | WARNING  | co2_forecast | Very few sequences (4), LSTM may not train well
2026-09-17 22:39:27 | WARNING  | co2_forecast | Very few sequences (4), LSTM may not train well
2026-09-17 22:39:27 | WARNING  | co2_forecast | Very few sequences (4), LSTM may not train well
2026-09-17 22:39:27 | WARNING  | co2_forecast | Very few sequences (8), LSTM may not train well
2026-09-17 22:39:27 | WARNING  | co2_forecast | Very few sequences (4), LSTM may not train well
2026-09-17 22:39:27 | WARNING  | co2_forecast | Very few sequences (4), LSTM may not train well
2026-09-17 22:39:27 | WARNING  | co2_forecast | Very few sequences (4), LSTM may not train well
2026-09-17 22:39:27 | WARNING  | co2_forecast | Very few sequences (8), LSTM may not train well
2026-09-17 22:39:28 | WARNING  | co2_forecast | Very few sequences (4), LSTM may not train well
2026-09-17 22:39:28 | WARNING  | co2_forecast | Very few sequences (4), LSTM may not train well
2026-09-17 22:39:28 | WARNING  | co2_forecast | Very few sequences (4), LSTM may not train well
2026-09-17 22:39:28 | WARNING  | co2_forecast | Very few sequences (8), LSTM may not train well
2026-09-17 22:39:28 | WARNING  | co2_forecast | Very few sequences (4), LSTM may not train well
2026-09-17 22:39:28 | WARNING  | co2_forecast | Very few sequences (4), LSTM may not train well
2026-09-17 22:39:28 | WARNING  | co2_forecast | Very few sequences (4), LSTM may not train well
2026-09-17 22:39:28 | WARNING  | co2_forecast | Very few sequences (8), LSTM may not train well
2026-09-17 22:39:28 | WARNING  | co2_forecast | Very few sequences (4), LSTM may not train well
2026-09-17 22:39:28 | WARNING  | co2_forecast | Very few sequences (4), LSTM may not train well
2026-09-17 22:39:28 | WARNING  | co2_forecast | Very few sequences (4), LSTM may not train well
2026-09-17 22:39:28 | WARNING  | co2_forecast | Very few sequences (8), LSTM may not train well
2026-09-17 22:39:28 | WARNING  | co2_forecast | Very few sequences (4), LSTM may not train well
2026-09-17 22:39:28 | WARNING  | co2_forecast | Very few sequences (4), LSTM may not train well
2026-09-17 22:39:29 | WARNING  | co2_forecast | Very few sequences (4), LSTM may not train well
2026-09-17 22:39:29 | WARNING  | co2_forecast | Very few sequences (8), LSTM may not train well
2026-09-17 22:39:29 | WARNING  | co2_forecast | Very few sequences (4), LSTM may not train well
2026-09-17 22:39:29 | WARNING  | co2_forecast | Very few sequences (4), LSTM may not train well
2026-09-17 22:39:29 | WARNING  | co2_forecast | Very few sequences (3), LSTM may not train well
2026-09-17 22:39:29 | WARNING  | co2_forecast | Very few sequences (7), LSTM may not train well
2026-09-17 22:39:29 | WARNING  | co2_forecast | Very few sequences (3), LSTM may not train well
2026-09-17 22:39:29 | WARNING  | co2_forecast | Very few sequences (3), LSTM may not train well
2026-09-17 22:39:29 | INFO     | co2_forecast |   Iteration 9: Best fitness = 0.762308
2026-09-17 22:39:29 | INFO     | co2_forecast | PSO complete. Best fitness: 0.762308
2026-09-17 22:39:29 | INFO     | co2_forecast |   Best params: {'lookback': 4, 'hidden_size': 16, 'num_layers': 2, 'dropout': 0.5, 'learning_rate': 0.0001, 'batch_size': 32}
2026-09-17 22:39:29 | INFO     | co2_forecast |   Best fitness: 0.762308
2026-09-17 22:39:29 | INFO     | co2_forecast | [A3_no_grid/panel2_common_period/all_features/lstm] sweep tuning: best_params={'lookback': 4, 'hidden_size': 16, 'num_layers': 2, 'dropout': 0.5, 'learning_rate': 0.0001, 'batch_size': 32}
2026-09-17 22:39:30 | INFO     | co2_forecast |   lstm -> weighted_mase=1.020212975816219
2026-09-17 22:39:30 | INFO     | co2_forecast | Variant A3_no_grid complete in 37.9s
2026-09-17 22:39:30 | INFO     | co2_forecast | --- Variant A3_CI_mean_only: 12 features ---
2026-09-17 22:39:30 | INFO     | co2_forecast | Creating walk-forward splits for 16 valid samples
2026-09-17 22:39:30 | INFO     | co2_forecast | Created 4 CV folds across horizons [1, 2, 4]
2026-09-17 22:39:30 | INFO     | co2_forecast | Built tuning CV plan: 4 folds from 16 rows before 2022-Qq (evaluation cutoff) - isolation OK (max tuning date 2021-Qq)
2026-09-17 22:39:30 | INFO     | co2_forecast | Optimizing ridge...
2026-09-17 22:39:30 | INFO     | co2_forecast | Starting PSO: 8 particles, 10 iterations
2026-09-17 22:39:30 | INFO     | co2_forecast |   Iteration 0: Best fitness = 2.483070
2026-09-17 22:39:30 | INFO     | co2_forecast |   Iteration 5: Best fitness = 2.132950
2026-09-17 22:39:30 | INFO     | co2_forecast |   Iteration 9: Best fitness = 2.132950
2026-09-17 22:39:30 | INFO     | co2_forecast | PSO complete. Best fitness: 2.132950
2026-09-17 22:39:30 | INFO     | co2_forecast |   Best params: {'alpha': 100.0}
2026-09-17 22:39:30 | INFO     | co2_forecast |   Best fitness: 2.132950
2026-09-17 22:39:30 | INFO     | co2_forecast | [A3_CI_mean_only/panel2_common_period/all_features/ridge] sweep tuning: best_params={'alpha': 100.0}
2026-09-17 22:39:30 | INFO     | co2_forecast |   ridge -> weighted_mase=0.893930025451327
2026-09-17 22:39:30 | INFO     | co2_forecast | Creating walk-forward splits for 16 valid samples
2026-09-17 22:39:30 | INFO     | co2_forecast | Created 4 CV folds across horizons [1, 2, 4]
2026-09-17 22:39:30 | INFO     | co2_forecast | Built tuning CV plan: 4 folds from 16 rows before 2022-Qq (evaluation cutoff) - isolation OK (max tuning date 2021-Qq)
2026-09-17 22:39:30 | INFO     | co2_forecast | Optimizing random_forest...
2026-09-17 22:39:30 | INFO     | co2_forecast | Starting PSO: 8 particles, 10 iterations
2026-09-17 22:39:32 | INFO     | co2_forecast |   Iteration 0: Best fitness = 0.664738
2026-09-17 22:39:39 | INFO     | co2_forecast |   Iteration 5: Best fitness = 0.317239
2026-09-17 22:39:44 | INFO     | co2_forecast |   Iteration 9: Best fitness = 0.317239
2026-09-17 22:39:44 | INFO     | co2_forecast | PSO complete. Best fitness: 0.317239
2026-09-17 22:39:44 | INFO     | co2_forecast |   Best params: {'n_estimators': 50, 'max_depth': 3, 'min_samples_split': 2, 'min_samples_leaf': 1}
2026-09-17 22:39:44 | INFO     | co2_forecast |   Best fitness: 0.317239
2026-09-17 22:39:44 | INFO     | co2_forecast | [A3_CI_mean_only/panel2_common_period/all_features/random_forest] sweep tuning: best_params={'n_estimators': 50, 'max_depth': 3, 'min_samples_split': 2, 'min_samples_leaf': 1}
2026-09-17 22:39:44 | INFO     | co2_forecast |   random_forest -> weighted_mase=0.7128498363399914
2026-09-17 22:39:44 | INFO     | co2_forecast | Creating walk-forward splits for 16 valid samples
2026-09-17 22:39:44 | INFO     | co2_forecast | Created 4 CV folds across horizons [1, 2, 4]
2026-09-17 22:39:44 | INFO     | co2_forecast | Built tuning CV plan: 4 folds from 16 rows before 2022-Qq (evaluation cutoff) - isolation OK (max tuning date 2021-Qq)
2026-09-17 22:39:44 | INFO     | co2_forecast | Optimizing catboost...
2026-09-17 22:39:44 | INFO     | co2_forecast | Starting PSO: 8 particles, 10 iterations
2026-09-17 22:39:44 | INFO     | co2_forecast |   Iteration 0: Best fitness = 0.337395
2026-09-17 22:39:45 | INFO     | co2_forecast |   Iteration 5: Best fitness = 0.324936
2026-09-17 22:39:45 | INFO     | co2_forecast |   Iteration 9: Best fitness = 0.319356
2026-09-17 22:39:45 | INFO     | co2_forecast | PSO complete. Best fitness: 0.319356
2026-09-17 22:39:45 | INFO     | co2_forecast |   Best params: {'iterations': 100, 'learning_rate': 0.17194726281485379, 'depth': 3, 'l2_leaf_reg': 8.96216543618773}
2026-09-17 22:39:45 | INFO     | co2_forecast |   Best fitness: 0.319356
2026-09-17 22:39:45 | INFO     | co2_forecast | [A3_CI_mean_only/panel2_common_period/all_features/catboost] sweep tuning: best_params={'iterations': 100, 'learning_rate': 0.17194726281485379, 'depth': 3, 'l2_leaf_reg': 8.96216543618773}
2026-09-17 22:39:45 | INFO     | co2_forecast |   catboost -> weighted_mase=0.7316383150974125
2026-09-17 22:39:45 | INFO     | co2_forecast | Creating walk-forward splits for 16 valid samples
2026-09-17 22:39:45 | INFO     | co2_forecast | Created 4 CV folds across horizons [1, 2, 4]
2026-09-17 22:39:45 | INFO     | co2_forecast | Built tuning CV plan: 4 folds from 16 rows before 2022-Qq (evaluation cutoff) - isolation OK (max tuning date 2021-Qq)
2026-09-17 22:39:45 | INFO     | co2_forecast | Optimizing lightgbm...
2026-09-17 22:39:45 | INFO     | co2_forecast | Starting PSO: 8 particles, 10 iterations
2026-09-17 22:39:46 | INFO     | co2_forecast |   Iteration 0: Best fitness = 0.768990
2026-09-17 22:39:47 | INFO     | co2_forecast |   Iteration 5: Best fitness = 0.655521
2026-09-17 22:39:48 | INFO     | co2_forecast |   Iteration 9: Best fitness = 0.644572
2026-09-17 22:39:48 | INFO     | co2_forecast | PSO complete. Best fitness: 0.644572
2026-09-17 22:39:48 | INFO     | co2_forecast |   Best params: {'n_estimators': 50, 'learning_rate': 0.24875557248327107, 'num_leaves': 127, 'max_depth': 3, 'min_child_samples': 5, 'reg_alpha': 0.09419715994303053, 'reg_lambda': 1.6116769810147058}
2026-09-17 22:39:48 | INFO     | co2_forecast |   Best fitness: 0.644572
2026-09-17 22:39:48 | INFO     | co2_forecast | [A3_CI_mean_only/panel2_common_period/all_features/lightgbm] sweep tuning: best_params={'n_estimators': 50, 'learning_rate': 0.24875557248327107, 'num_leaves': 127, 'max_depth': 3, 'min_child_samples': 5, 'reg_alpha': 0.09419715994303053, 'reg_lambda': 1.6116769810147058}
2026-09-17 22:39:48 | INFO     | co2_forecast |   lightgbm -> weighted_mase=0.5979271362673391
2026-09-17 22:39:48 | INFO     | co2_forecast | Creating walk-forward splits for 16 valid samples
2026-09-17 22:39:48 | INFO     | co2_forecast | Created 4 CV folds across horizons [1, 2, 4]
2026-09-17 22:39:48 | INFO     | co2_forecast | Built tuning CV plan: 4 folds from 16 rows before 2022-Qq (evaluation cutoff) - isolation OK (max tuning date 2021-Qq)
2026-09-17 22:39:48 | INFO     | co2_forecast | Optimizing lstm...
2026-09-17 22:39:48 | INFO     | co2_forecast | Starting PSO: 8 particles, 10 iterations
2026-09-17 22:39:48 | WARNING  | co2_forecast | Model training failed with params {'lookback': 7, 'hidden_size': 62, 'num_layers': 2, 'dropout': 0.3394633936788147, 'learning_rate': 0.0016445845403801217, 'batch_size': 8}: LSTM.fit: training data has 8 rows, giving only 1 sequence(s) with lookback=7; at least 2 are required (one is always reserved for validation). Reduce lookback or provide more training history.
2026-09-17 22:39:48 | WARNING  | co2_forecast | Model training failed with params {'lookback': 11, 'hidden_size': 26, 'num_layers': 1, 'dropout': 0.17336180394137354, 'learning_rate': 0.0031119982052994237, 'batch_size': 16}: LSTM.fit: training data has 8 rows, giving only 0 sequence(s) with lookback=11; at least 2 are required (one is always reserved for validation). Reduce lookback or provide more training history.
2026-09-17 22:39:48 | WARNING  | co2_forecast | Model training failed with params {'lookback': 8, 'hidden_size': 54, 'num_layers': 1, 'dropout': 0.3056937753654447, 'learning_rate': 0.005964904231734221, 'batch_size': 8}: LSTM.fit: training data has 8 rows, giving only 0 sequence(s) with lookback=8; at least 2 are required (one is always reserved for validation). Reduce lookback or provide more training history.
2026-09-17 22:39:48 | WARNING  | co2_forecast | Very few sequences (2), LSTM may not train well
2026-09-17 22:39:48 | WARNING  | co2_forecast | Very few sequences (6), LSTM may not train well
2026-09-17 22:39:48 | WARNING  | co2_forecast | Very few sequences (2), LSTM may not train well
2026-09-17 22:39:48 | WARNING  | co2_forecast | Very few sequences (2), LSTM may not train well
2026-09-17 22:39:48 | WARNING  | co2_forecast | Model training failed with params {'lookback': 8, 'hidden_size': 25, 'num_layers': 2, 'dropout': 0.4100531293444458, 'learning_rate': 0.009401039521485473, 'batch_size': 32}: LSTM.fit: training data has 8 rows, giving only 0 sequence(s) with lookback=8; at least 2 are required (one is always reserved for validation). Reduce lookback or provide more training history.
2026-09-17 22:39:48 | WARNING  | co2_forecast | Model training failed with params {'lookback': 7, 'hidden_size': 29, 'num_layers': 2, 'dropout': 0.2427013306774357, 'learning_rate': 0.00288125164590507, 'batch_size': 16}: LSTM.fit: training data has 8 rows, giving only 1 sequence(s) with lookback=7; at least 2 are required (one is always reserved for validation). Reduce lookback or provide more training history.
2026-09-17 22:39:48 | WARNING  | co2_forecast | Very few sequences (4), LSTM may not train well
2026-09-17 22:39:48 | WARNING  | co2_forecast | Very few sequences (8), LSTM may not train well
2026-09-17 22:39:48 | WARNING  | co2_forecast | Very few sequences (4), LSTM may not train well
2026-09-17 22:39:48 | WARNING  | co2_forecast | Very few sequences (4), LSTM may not train well
2026-09-17 22:39:48 | WARNING  | co2_forecast | Very few sequences (2), LSTM may not train well
2026-09-17 22:39:48 | WARNING  | co2_forecast | Very few sequences (6), LSTM may not train well
2026-09-17 22:39:48 | WARNING  | co2_forecast | Very few sequences (2), LSTM may not train well
2026-09-17 22:39:48 | WARNING  | co2_forecast | Very few sequences (2), LSTM may not train well
2026-09-17 22:39:48 | INFO     | co2_forecast |   Iteration 0: Best fitness = 1.059708
2026-09-17 22:39:48 | WARNING  | co2_forecast | Very few sequences (3), LSTM may not train well
2026-09-17 22:39:48 | WARNING  | co2_forecast | Very few sequences (7), LSTM may not train well
2026-09-17 22:39:48 | WARNING  | co2_forecast | Very few sequences (3), LSTM may not train well
2026-09-17 22:39:49 | WARNING  | co2_forecast | Very few sequences (3), LSTM may not train well
2026-09-17 22:39:49 | WARNING  | co2_forecast | Very few sequences (2), LSTM may not train well
2026-09-17 22:39:49 | WARNING  | co2_forecast | Very few sequences (6), LSTM may not train well
2026-09-17 22:39:49 | WARNING  | co2_forecast | Very few sequences (2), LSTM may not train well
2026-09-17 22:39:49 | WARNING  | co2_forecast | Very few sequences (2), LSTM may not train well
2026-09-17 22:39:49 | WARNING  | co2_forecast | Model training failed with params {'lookback': 8, 'hidden_size': 44, 'num_layers': 1, 'dropout': 0.32389753899663415, 'learning_rate': 0.005520634690128072, 'batch_size': 8}: LSTM.fit: training data has 8 rows, giving only 0 sequence(s) with lookback=8; at least 2 are required (one is always reserved for validation). Reduce lookback or provide more training history.
2026-09-17 22:39:49 | WARNING  | co2_forecast | Very few sequences (3), LSTM may not train well
2026-09-17 22:39:49 | WARNING  | co2_forecast | Very few sequences (7), LSTM may not train well
2026-09-17 22:39:49 | WARNING  | co2_forecast | Very few sequences (3), LSTM may not train well
2026-09-17 22:39:49 | WARNING  | co2_forecast | Very few sequences (3), LSTM may not train well
2026-09-17 22:39:49 | WARNING  | co2_forecast | Very few sequences (2), LSTM may not train well
2026-09-17 22:39:49 | WARNING  | co2_forecast | Very few sequences (6), LSTM may not train well
2026-09-17 22:39:49 | WARNING  | co2_forecast | Very few sequences (2), LSTM may not train well
2026-09-17 22:39:50 | WARNING  | co2_forecast | Very few sequences (2), LSTM may not train well
2026-09-17 22:39:50 | WARNING  | co2_forecast | Very few sequences (3), LSTM may not train well
2026-09-17 22:39:50 | WARNING  | co2_forecast | Very few sequences (7), LSTM may not train well
2026-09-17 22:39:50 | WARNING  | co2_forecast | Very few sequences (3), LSTM may not train well
2026-09-17 22:39:50 | WARNING  | co2_forecast | Very few sequences (3), LSTM may not train well
2026-09-17 22:39:50 | WARNING  | co2_forecast | Very few sequences (4), LSTM may not train well
2026-09-17 22:39:50 | WARNING  | co2_forecast | Very few sequences (8), LSTM may not train well
2026-09-17 22:39:50 | WARNING  | co2_forecast | Very few sequences (4), LSTM may not train well
2026-09-17 22:39:50 | WARNING  | co2_forecast | Very few sequences (4), LSTM may not train well
2026-09-17 22:39:50 | WARNING  | co2_forecast | Very few sequences (2), LSTM may not train well
2026-09-17 22:39:50 | WARNING  | co2_forecast | Very few sequences (6), LSTM may not train well
2026-09-17 22:39:50 | WARNING  | co2_forecast | Very few sequences (2), LSTM may not train well
2026-09-17 22:39:50 | WARNING  | co2_forecast | Very few sequences (2), LSTM may not train well
2026-09-17 22:39:50 | WARNING  | co2_forecast | Very few sequences (3), LSTM may not train well
2026-09-17 22:39:50 | WARNING  | co2_forecast | Very few sequences (7), LSTM may not train well
2026-09-17 22:39:51 | WARNING  | co2_forecast | Very few sequences (3), LSTM may not train well
2026-09-17 22:39:51 | WARNING  | co2_forecast | Very few sequences (3), LSTM may not train well
2026-09-17 22:39:51 | WARNING  | co2_forecast | Very few sequences (4), LSTM may not train well
2026-09-17 22:39:51 | WARNING  | co2_forecast | Very few sequences (8), LSTM may not train well
2026-09-17 22:39:51 | WARNING  | co2_forecast | Very few sequences (4), LSTM may not train well
2026-09-17 22:39:51 | WARNING  | co2_forecast | Very few sequences (4), LSTM may not train well
2026-09-17 22:39:51 | WARNING  | co2_forecast | Model training failed with params {'lookback': 7, 'hidden_size': 35, 'num_layers': 1, 'dropout': 0.31512819649180424, 'learning_rate': 0.004065945490368326, 'batch_size': 8}: LSTM.fit: training data has 8 rows, giving only 1 sequence(s) with lookback=7; at least 2 are required (one is always reserved for validation). Reduce lookback or provide more training history.
2026-09-17 22:39:51 | WARNING  | co2_forecast | Very few sequences (2), LSTM may not train well
2026-09-17 22:39:51 | WARNING  | co2_forecast | Very few sequences (6), LSTM may not train well
2026-09-17 22:39:51 | WARNING  | co2_forecast | Very few sequences (2), LSTM may not train well
2026-09-17 22:39:52 | WARNING  | co2_forecast | Very few sequences (2), LSTM may not train well
2026-09-17 22:39:52 | WARNING  | co2_forecast | Very few sequences (3), LSTM may not train well
2026-09-17 22:39:52 | WARNING  | co2_forecast | Very few sequences (7), LSTM may not train well
2026-09-17 22:39:52 | WARNING  | co2_forecast | Very few sequences (3), LSTM may not train well
2026-09-17 22:39:52 | WARNING  | co2_forecast | Very few sequences (3), LSTM may not train well
2026-09-17 22:39:52 | WARNING  | co2_forecast | Very few sequences (3), LSTM may not train well
2026-09-17 22:39:52 | WARNING  | co2_forecast | Very few sequences (7), LSTM may not train well
2026-09-17 22:39:53 | WARNING  | co2_forecast | Very few sequences (3), LSTM may not train well
2026-09-17 22:39:53 | WARNING  | co2_forecast | Very few sequences (3), LSTM may not train well
2026-09-17 22:39:53 | WARNING  | co2_forecast | Very few sequences (3), LSTM may not train well
2026-09-17 22:39:53 | WARNING  | co2_forecast | Very few sequences (7), LSTM may not train well
2026-09-17 22:39:53 | WARNING  | co2_forecast | Very few sequences (3), LSTM may not train well
2026-09-17 22:39:53 | WARNING  | co2_forecast | Very few sequences (3), LSTM may not train well
2026-09-17 22:39:53 | WARNING  | co2_forecast | Very few sequences (2), LSTM may not train well
2026-09-17 22:39:53 | WARNING  | co2_forecast | Very few sequences (6), LSTM may not train well
2026-09-17 22:39:53 | WARNING  | co2_forecast | Very few sequences (2), LSTM may not train well
2026-09-17 22:39:53 | WARNING  | co2_forecast | Very few sequences (2), LSTM may not train well
2026-09-17 22:39:53 | WARNING  | co2_forecast | Very few sequences (3), LSTM may not train well
2026-09-17 22:39:53 | WARNING  | co2_forecast | Very few sequences (7), LSTM may not train well
2026-09-17 22:39:53 | WARNING  | co2_forecast | Very few sequences (3), LSTM may not train well
2026-09-17 22:39:54 | WARNING  | co2_forecast | Very few sequences (3), LSTM may not train well
2026-09-17 22:39:54 | WARNING  | co2_forecast | Very few sequences (4), LSTM may not train well
2026-09-17 22:39:54 | WARNING  | co2_forecast | Very few sequences (8), LSTM may not train well
2026-09-17 22:39:54 | WARNING  | co2_forecast | Very few sequences (4), LSTM may not train well
2026-09-17 22:39:54 | WARNING  | co2_forecast | Very few sequences (4), LSTM may not train well
2026-09-17 22:39:54 | WARNING  | co2_forecast | Very few sequences (2), LSTM may not train well
2026-09-17 22:39:54 | WARNING  | co2_forecast | Very few sequences (6), LSTM may not train well
2026-09-17 22:39:54 | WARNING  | co2_forecast | Very few sequences (2), LSTM may not train well
2026-09-17 22:39:54 | WARNING  | co2_forecast | Very few sequences (2), LSTM may not train well
2026-09-17 22:39:54 | WARNING  | co2_forecast | Very few sequences (3), LSTM may not train well
2026-09-17 22:39:54 | WARNING  | co2_forecast | Very few sequences (7), LSTM may not train well
2026-09-17 22:39:54 | WARNING  | co2_forecast | Very few sequences (3), LSTM may not train well
2026-09-17 22:39:54 | WARNING  | co2_forecast | Very few sequences (3), LSTM may not train well
2026-09-17 22:39:54 | WARNING  | co2_forecast | Very few sequences (4), LSTM may not train well
2026-09-17 22:39:54 | WARNING  | co2_forecast | Very few sequences (8), LSTM may not train well
2026-09-17 22:39:55 | WARNING  | co2_forecast | Very few sequences (4), LSTM may not train well
2026-09-17 22:39:55 | WARNING  | co2_forecast | Very few sequences (4), LSTM may not train well
2026-09-17 22:39:55 | WARNING  | co2_forecast | Very few sequences (3), LSTM may not train well
2026-09-17 22:39:55 | WARNING  | co2_forecast | Very few sequences (7), LSTM may not train well
2026-09-17 22:39:55 | WARNING  | co2_forecast | Very few sequences (3), LSTM may not train well
2026-09-17 22:39:55 | WARNING  | co2_forecast | Very few sequences (3), LSTM may not train well
2026-09-17 22:39:55 | WARNING  | co2_forecast | Very few sequences (4), LSTM may not train well
2026-09-17 22:39:55 | WARNING  | co2_forecast | Very few sequences (8), LSTM may not train well
2026-09-17 22:39:55 | WARNING  | co2_forecast | Very few sequences (4), LSTM may not train well
2026-09-17 22:39:55 | WARNING  | co2_forecast | Very few sequences (4), LSTM may not train well
2026-09-17 22:39:55 | WARNING  | co2_forecast | Very few sequences (2), LSTM may not train well
2026-09-17 22:39:55 | WARNING  | co2_forecast | Very few sequences (6), LSTM may not train well
2026-09-17 22:39:55 | WARNING  | co2_forecast | Very few sequences (2), LSTM may not train well
2026-09-17 22:39:56 | WARNING  | co2_forecast | Very few sequences (2), LSTM may not train well
2026-09-17 22:39:56 | WARNING  | co2_forecast | Very few sequences (3), LSTM may not train well
2026-09-17 22:39:56 | WARNING  | co2_forecast | Very few sequences (7), LSTM may not train well
2026-09-17 22:39:56 | WARNING  | co2_forecast | Very few sequences (3), LSTM may not train well
2026-09-17 22:39:56 | WARNING  | co2_forecast | Very few sequences (3), LSTM may not train well
2026-09-17 22:39:56 | WARNING  | co2_forecast | Very few sequences (4), LSTM may not train well
2026-09-17 22:39:56 | WARNING  | co2_forecast | Very few sequences (8), LSTM may not train well
2026-09-17 22:39:56 | WARNING  | co2_forecast | Very few sequences (4), LSTM may not train well
2026-09-17 22:39:56 | WARNING  | co2_forecast | Very few sequences (4), LSTM may not train well
2026-09-17 22:39:56 | WARNING  | co2_forecast | Very few sequences (3), LSTM may not train well
2026-09-17 22:39:56 | WARNING  | co2_forecast | Very few sequences (7), LSTM may not train well
2026-09-17 22:39:56 | WARNING  | co2_forecast | Very few sequences (3), LSTM may not train well
2026-09-17 22:39:57 | WARNING  | co2_forecast | Very few sequences (3), LSTM may not train well
2026-09-17 22:39:57 | WARNING  | co2_forecast | Very few sequences (3), LSTM may not train well
2026-09-17 22:39:57 | WARNING  | co2_forecast | Very few sequences (7), LSTM may not train well
2026-09-17 22:39:57 | WARNING  | co2_forecast | Very few sequences (3), LSTM may not train well
2026-09-17 22:39:57 | WARNING  | co2_forecast | Very few sequences (3), LSTM may not train well
2026-09-17 22:39:57 | WARNING  | co2_forecast | Very few sequences (4), LSTM may not train well
2026-09-17 22:39:57 | WARNING  | co2_forecast | Very few sequences (8), LSTM may not train well
2026-09-17 22:39:57 | WARNING  | co2_forecast | Very few sequences (4), LSTM may not train well
2026-09-17 22:39:57 | WARNING  | co2_forecast | Very few sequences (4), LSTM may not train well
2026-09-17 22:39:57 | WARNING  | co2_forecast | Very few sequences (3), LSTM may not train well
2026-09-17 22:39:57 | WARNING  | co2_forecast | Very few sequences (7), LSTM may not train well
2026-09-17 22:39:57 | WARNING  | co2_forecast | Very few sequences (3), LSTM may not train well
2026-09-17 22:39:58 | WARNING  | co2_forecast | Very few sequences (3), LSTM may not train well
2026-09-17 22:39:58 | WARNING  | co2_forecast | Very few sequences (4), LSTM may not train well
2026-09-17 22:39:58 | WARNING  | co2_forecast | Very few sequences (8), LSTM may not train well
2026-09-17 22:39:58 | WARNING  | co2_forecast | Very few sequences (4), LSTM may not train well
2026-09-17 22:39:58 | WARNING  | co2_forecast | Very few sequences (4), LSTM may not train well
2026-09-17 22:39:58 | WARNING  | co2_forecast | Very few sequences (3), LSTM may not train well
2026-09-17 22:39:58 | WARNING  | co2_forecast | Very few sequences (7), LSTM may not train well
2026-09-17 22:39:58 | WARNING  | co2_forecast | Very few sequences (3), LSTM may not train well
2026-09-17 22:39:58 | WARNING  | co2_forecast | Very few sequences (3), LSTM may not train well
2026-09-17 22:39:58 | WARNING  | co2_forecast | Very few sequences (3), LSTM may not train well
2026-09-17 22:39:58 | WARNING  | co2_forecast | Very few sequences (7), LSTM may not train well
2026-09-17 22:39:58 | WARNING  | co2_forecast | Very few sequences (3), LSTM may not train well
2026-09-17 22:39:59 | WARNING  | co2_forecast | Very few sequences (3), LSTM may not train well
2026-09-17 22:39:59 | WARNING  | co2_forecast | Very few sequences (3), LSTM may not train well
2026-09-17 22:39:59 | WARNING  | co2_forecast | Very few sequences (7), LSTM may not train well
2026-09-17 22:39:59 | WARNING  | co2_forecast | Very few sequences (3), LSTM may not train well
2026-09-17 22:39:59 | WARNING  | co2_forecast | Very few sequences (3), LSTM may not train well
2026-09-17 22:39:59 | WARNING  | co2_forecast | Very few sequences (3), LSTM may not train well
2026-09-17 22:39:59 | WARNING  | co2_forecast | Very few sequences (7), LSTM may not train well
2026-09-17 22:39:59 | WARNING  | co2_forecast | Very few sequences (3), LSTM may not train well
2026-09-17 22:39:59 | WARNING  | co2_forecast | Very few sequences (3), LSTM may not train well
2026-09-17 22:39:59 | WARNING  | co2_forecast | Very few sequences (3), LSTM may not train well
2026-09-17 22:39:59 | WARNING  | co2_forecast | Very few sequences (7), LSTM may not train well
2026-09-17 22:40:00 | WARNING  | co2_forecast | Very few sequences (3), LSTM may not train well
2026-09-17 22:40:00 | WARNING  | co2_forecast | Very few sequences (3), LSTM may not train well
2026-09-17 22:40:00 | WARNING  | co2_forecast | Very few sequences (3), LSTM may not train well
2026-09-17 22:40:00 | WARNING  | co2_forecast | Very few sequences (7), LSTM may not train well
2026-09-17 22:40:00 | WARNING  | co2_forecast | Very few sequences (3), LSTM may not train well
2026-09-17 22:40:00 | WARNING  | co2_forecast | Very few sequences (3), LSTM may not train well
2026-09-17 22:40:00 | WARNING  | co2_forecast | Very few sequences (3), LSTM may not train well
2026-09-17 22:40:00 | WARNING  | co2_forecast | Very few sequences (7), LSTM may not train well
2026-09-17 22:40:00 | WARNING  | co2_forecast | Very few sequences (3), LSTM may not train well
2026-09-17 22:40:01 | WARNING  | co2_forecast | Very few sequences (3), LSTM may not train well
2026-09-17 22:40:01 | WARNING  | co2_forecast | Very few sequences (4), LSTM may not train well
2026-09-17 22:40:01 | WARNING  | co2_forecast | Very few sequences (8), LSTM may not train well
2026-09-17 22:40:01 | WARNING  | co2_forecast | Very few sequences (4), LSTM may not train well
2026-09-17 22:40:01 | WARNING  | co2_forecast | Very few sequences (4), LSTM may not train well
2026-09-17 22:40:01 | WARNING  | co2_forecast | Very few sequences (3), LSTM may not train well
2026-09-17 22:40:01 | WARNING  | co2_forecast | Very few sequences (7), LSTM may not train well
2026-09-17 22:40:01 | WARNING  | co2_forecast | Very few sequences (3), LSTM may not train well
2026-09-17 22:40:01 | WARNING  | co2_forecast | Very few sequences (3), LSTM may not train well
2026-09-17 22:40:01 | INFO     | co2_forecast |   Iteration 5: Best fitness = 0.766243
2026-09-17 22:40:01 | WARNING  | co2_forecast | Very few sequences (3), LSTM may not train well
2026-09-17 22:40:01 | WARNING  | co2_forecast | Very few sequences (7), LSTM may not train well
2026-09-17 22:40:01 | WARNING  | co2_forecast | Very few sequences (3), LSTM may not train well
2026-09-17 22:40:01 | WARNING  | co2_forecast | Very few sequences (3), LSTM may not train well
2026-09-17 22:40:01 | WARNING  | co2_forecast | Very few sequences (2), LSTM may not train well
2026-09-17 22:40:02 | WARNING  | co2_forecast | Very few sequences (6), LSTM may not train well
2026-09-17 22:40:02 | WARNING  | co2_forecast | Very few sequences (2), LSTM may not train well
2026-09-17 22:40:02 | WARNING  | co2_forecast | Very few sequences (2), LSTM may not train well
2026-09-17 22:40:02 | WARNING  | co2_forecast | Very few sequences (3), LSTM may not train well
2026-09-17 22:40:02 | WARNING  | co2_forecast | Very few sequences (7), LSTM may not train well
2026-09-17 22:40:02 | WARNING  | co2_forecast | Very few sequences (3), LSTM may not train well
2026-09-17 22:40:02 | WARNING  | co2_forecast | Very few sequences (3), LSTM may not train well
2026-09-17 22:40:02 | WARNING  | co2_forecast | Very few sequences (3), LSTM may not train well
2026-09-17 22:40:02 | WARNING  | co2_forecast | Very few sequences (7), LSTM may not train well
2026-09-17 22:40:03 | WARNING  | co2_forecast | Very few sequences (3), LSTM may not train well
2026-09-17 22:40:03 | WARNING  | co2_forecast | Very few sequences (3), LSTM may not train well
2026-09-17 22:40:03 | WARNING  | co2_forecast | Very few sequences (2), LSTM may not train well
2026-09-17 22:40:03 | WARNING  | co2_forecast | Very few sequences (6), LSTM may not train well
2026-09-17 22:40:03 | WARNING  | co2_forecast | Very few sequences (2), LSTM may not train well
2026-09-17 22:40:03 | WARNING  | co2_forecast | Very few sequences (2), LSTM may not train well
2026-09-17 22:40:03 | WARNING  | co2_forecast | Very few sequences (3), LSTM may not train well
2026-09-17 22:40:04 | WARNING  | co2_forecast | Very few sequences (7), LSTM may not train well
2026-09-17 22:40:04 | WARNING  | co2_forecast | Very few sequences (3), LSTM may not train well
2026-09-17 22:40:04 | WARNING  | co2_forecast | Very few sequences (3), LSTM may not train well
2026-09-17 22:40:04 | WARNING  | co2_forecast | Very few sequences (4), LSTM may not train well
2026-09-17 22:40:04 | WARNING  | co2_forecast | Very few sequences (8), LSTM may not train well
2026-09-17 22:40:04 | WARNING  | co2_forecast | Very few sequences (4), LSTM may not train well
2026-09-17 22:40:04 | WARNING  | co2_forecast | Very few sequences (4), LSTM may not train well
2026-09-17 22:40:04 | WARNING  | co2_forecast | Very few sequences (3), LSTM may not train well
2026-09-17 22:40:04 | WARNING  | co2_forecast | Very few sequences (7), LSTM may not train well
2026-09-17 22:40:04 | WARNING  | co2_forecast | Very few sequences (3), LSTM may not train well
2026-09-17 22:40:04 | WARNING  | co2_forecast | Very few sequences (3), LSTM may not train well
2026-09-17 22:40:04 | WARNING  | co2_forecast | Very few sequences (3), LSTM may not train well
2026-09-17 22:40:04 | WARNING  | co2_forecast | Very few sequences (7), LSTM may not train well
2026-09-17 22:40:05 | WARNING  | co2_forecast | Very few sequences (3), LSTM may not train well
2026-09-17 22:40:05 | WARNING  | co2_forecast | Very few sequences (3), LSTM may not train well
2026-09-17 22:40:05 | WARNING  | co2_forecast | Very few sequences (4), LSTM may not train well
2026-09-17 22:40:05 | WARNING  | co2_forecast | Very few sequences (8), LSTM may not train well
2026-09-17 22:40:05 | WARNING  | co2_forecast | Very few sequences (4), LSTM may not train well
2026-09-17 22:40:05 | WARNING  | co2_forecast | Very few sequences (4), LSTM may not train well
2026-09-17 22:40:05 | WARNING  | co2_forecast | Very few sequences (3), LSTM may not train well
2026-09-17 22:40:05 | WARNING  | co2_forecast | Very few sequences (7), LSTM may not train well
2026-09-17 22:40:05 | WARNING  | co2_forecast | Very few sequences (3), LSTM may not train well
2026-09-17 22:40:06 | WARNING  | co2_forecast | Very few sequences (3), LSTM may not train well
2026-09-17 22:40:06 | WARNING  | co2_forecast | Very few sequences (3), LSTM may not train well
2026-09-17 22:40:06 | WARNING  | co2_forecast | Very few sequences (7), LSTM may not train well
2026-09-17 22:40:06 | WARNING  | co2_forecast | Very few sequences (3), LSTM may not train well
2026-09-17 22:40:06 | WARNING  | co2_forecast | Very few sequences (3), LSTM may not train well
2026-09-17 22:40:06 | WARNING  | co2_forecast | Very few sequences (3), LSTM may not train well
2026-09-17 22:40:06 | WARNING  | co2_forecast | Very few sequences (7), LSTM may not train well
2026-09-17 22:40:06 | WARNING  | co2_forecast | Very few sequences (3), LSTM may not train well
2026-09-17 22:40:07 | WARNING  | co2_forecast | Very few sequences (3), LSTM may not train well
2026-09-17 22:40:07 | WARNING  | co2_forecast | Very few sequences (3), LSTM may not train well
2026-09-17 22:40:07 | WARNING  | co2_forecast | Very few sequences (7), LSTM may not train well
2026-09-17 22:40:07 | WARNING  | co2_forecast | Very few sequences (3), LSTM may not train well
2026-09-17 22:40:07 | WARNING  | co2_forecast | Very few sequences (3), LSTM may not train well
2026-09-17 22:40:07 | WARNING  | co2_forecast | Very few sequences (3), LSTM may not train well
2026-09-17 22:40:07 | WARNING  | co2_forecast | Very few sequences (7), LSTM may not train well
2026-09-17 22:40:07 | WARNING  | co2_forecast | Very few sequences (3), LSTM may not train well
2026-09-17 22:40:07 | WARNING  | co2_forecast | Very few sequences (3), LSTM may not train well
2026-09-17 22:40:07 | WARNING  | co2_forecast | Very few sequences (3), LSTM may not train well
2026-09-17 22:40:07 | WARNING  | co2_forecast | Very few sequences (7), LSTM may not train well
2026-09-17 22:40:07 | WARNING  | co2_forecast | Very few sequences (3), LSTM may not train well
2026-09-17 22:40:08 | WARNING  | co2_forecast | Very few sequences (3), LSTM may not train well
2026-09-17 22:40:08 | WARNING  | co2_forecast | Very few sequences (3), LSTM may not train well
2026-09-17 22:40:08 | WARNING  | co2_forecast | Very few sequences (7), LSTM may not train well
2026-09-17 22:40:08 | WARNING  | co2_forecast | Very few sequences (3), LSTM may not train well
2026-09-17 22:40:08 | WARNING  | co2_forecast | Very few sequences (3), LSTM may not train well
2026-09-17 22:40:08 | WARNING  | co2_forecast | Very few sequences (3), LSTM may not train well
2026-09-17 22:40:08 | WARNING  | co2_forecast | Very few sequences (7), LSTM may not train well
2026-09-17 22:40:08 | WARNING  | co2_forecast | Very few sequences (3), LSTM may not train well
2026-09-17 22:40:08 | WARNING  | co2_forecast | Very few sequences (3), LSTM may not train well
2026-09-17 22:40:08 | WARNING  | co2_forecast | Very few sequences (3), LSTM may not train well
2026-09-17 22:40:08 | WARNING  | co2_forecast | Very few sequences (7), LSTM may not train well
2026-09-17 22:40:09 | WARNING  | co2_forecast | Very few sequences (3), LSTM may not train well
2026-09-17 22:40:09 | WARNING  | co2_forecast | Very few sequences (3), LSTM may not train well
2026-09-17 22:40:09 | WARNING  | co2_forecast | Very few sequences (3), LSTM may not train well
2026-09-17 22:40:09 | WARNING  | co2_forecast | Very few sequences (7), LSTM may not train well
2026-09-17 22:40:09 | WARNING  | co2_forecast | Very few sequences (3), LSTM may not train well
2026-09-17 22:40:09 | WARNING  | co2_forecast | Very few sequences (3), LSTM may not train well
2026-09-17 22:40:09 | WARNING  | co2_forecast | Very few sequences (4), LSTM may not train well
2026-09-17 22:40:09 | WARNING  | co2_forecast | Very few sequences (8), LSTM may not train well
2026-09-17 22:40:10 | WARNING  | co2_forecast | Very few sequences (4), LSTM may not train well
2026-09-17 22:40:10 | WARNING  | co2_forecast | Very few sequences (4), LSTM may not train well
2026-09-17 22:40:10 | WARNING  | co2_forecast | Very few sequences (3), LSTM may not train well
2026-09-17 22:40:10 | WARNING  | co2_forecast | Very few sequences (7), LSTM may not train well
2026-09-17 22:40:10 | WARNING  | co2_forecast | Very few sequences (3), LSTM may not train well
2026-09-17 22:40:10 | WARNING  | co2_forecast | Very few sequences (3), LSTM may not train well
2026-09-17 22:40:10 | WARNING  | co2_forecast | Very few sequences (4), LSTM may not train well
2026-09-17 22:40:10 | WARNING  | co2_forecast | Very few sequences (8), LSTM may not train well
2026-09-17 22:40:10 | WARNING  | co2_forecast | Very few sequences (4), LSTM may not train well
2026-09-17 22:40:10 | WARNING  | co2_forecast | Very few sequences (4), LSTM may not train well
2026-09-17 22:40:10 | WARNING  | co2_forecast | Very few sequences (3), LSTM may not train well
2026-09-17 22:40:10 | WARNING  | co2_forecast | Very few sequences (7), LSTM may not train well
2026-09-17 22:40:10 | WARNING  | co2_forecast | Very few sequences (3), LSTM may not train well
2026-09-17 22:40:11 | WARNING  | co2_forecast | Very few sequences (3), LSTM may not train well
2026-09-17 22:40:11 | WARNING  | co2_forecast | Very few sequences (3), LSTM may not train well
2026-09-17 22:40:11 | WARNING  | co2_forecast | Very few sequences (7), LSTM may not train well
2026-09-17 22:40:11 | WARNING  | co2_forecast | Very few sequences (3), LSTM may not train well
2026-09-17 22:40:11 | WARNING  | co2_forecast | Very few sequences (3), LSTM may not train well
2026-09-17 22:40:11 | WARNING  | co2_forecast | Very few sequences (2), LSTM may not train well
2026-09-17 22:40:11 | WARNING  | co2_forecast | Very few sequences (6), LSTM may not train well
2026-09-17 22:40:11 | WARNING  | co2_forecast | Very few sequences (2), LSTM may not train well
2026-09-17 22:40:12 | WARNING  | co2_forecast | Very few sequences (2), LSTM may not train well
2026-09-17 22:40:12 | WARNING  | co2_forecast | Very few sequences (3), LSTM may not train well
2026-09-17 22:40:12 | WARNING  | co2_forecast | Very few sequences (7), LSTM may not train well
2026-09-17 22:40:12 | WARNING  | co2_forecast | Very few sequences (3), LSTM may not train well
2026-09-17 22:40:12 | WARNING  | co2_forecast | Very few sequences (3), LSTM may not train well
2026-09-17 22:40:12 | WARNING  | co2_forecast | Very few sequences (3), LSTM may not train well
2026-09-17 22:40:12 | WARNING  | co2_forecast | Very few sequences (7), LSTM may not train well
2026-09-17 22:40:12 | WARNING  | co2_forecast | Very few sequences (3), LSTM may not train well
2026-09-17 22:40:13 | WARNING  | co2_forecast | Very few sequences (3), LSTM may not train well
2026-09-17 22:40:13 | WARNING  | co2_forecast | Very few sequences (3), LSTM may not train well
2026-09-17 22:40:13 | WARNING  | co2_forecast | Very few sequences (7), LSTM may not train well
2026-09-17 22:40:13 | WARNING  | co2_forecast | Very few sequences (3), LSTM may not train well
2026-09-17 22:40:13 | WARNING  | co2_forecast | Very few sequences (3), LSTM may not train well
2026-09-17 22:40:13 | WARNING  | co2_forecast | Very few sequences (3), LSTM may not train well
2026-09-17 22:40:13 | WARNING  | co2_forecast | Very few sequences (7), LSTM may not train well
2026-09-17 22:40:13 | WARNING  | co2_forecast | Very few sequences (3), LSTM may not train well
2026-09-17 22:40:13 | WARNING  | co2_forecast | Very few sequences (3), LSTM may not train well
2026-09-17 22:40:13 | WARNING  | co2_forecast | Very few sequences (4), LSTM may not train well
2026-09-17 22:40:13 | WARNING  | co2_forecast | Very few sequences (8), LSTM may not train well
2026-09-17 22:40:14 | WARNING  | co2_forecast | Very few sequences (4), LSTM may not train well
2026-09-17 22:40:14 | WARNING  | co2_forecast | Very few sequences (4), LSTM may not train well
2026-09-17 22:40:14 | WARNING  | co2_forecast | Very few sequences (3), LSTM may not train well
2026-09-17 22:40:14 | WARNING  | co2_forecast | Very few sequences (7), LSTM may not train well
2026-09-17 22:40:14 | WARNING  | co2_forecast | Very few sequences (3), LSTM may not train well
2026-09-17 22:40:14 | WARNING  | co2_forecast | Very few sequences (3), LSTM may not train well
2026-09-17 22:40:14 | INFO     | co2_forecast |   Iteration 9: Best fitness = 0.762996
2026-09-17 22:40:14 | INFO     | co2_forecast | PSO complete. Best fitness: 0.762996
2026-09-17 22:40:14 | INFO     | co2_forecast |   Best params: {'lookback': 5, 'hidden_size': 16, 'num_layers': 2, 'dropout': 0.5, 'learning_rate': 0.0001, 'batch_size': 32}
2026-09-17 22:40:14 | INFO     | co2_forecast |   Best fitness: 0.762996
2026-09-17 22:40:14 | INFO     | co2_forecast | [A3_CI_mean_only/panel2_common_period/all_features/lstm] sweep tuning: best_params={'lookback': 5, 'hidden_size': 16, 'num_layers': 2, 'dropout': 0.5, 'learning_rate': 0.0001, 'batch_size': 32}
2026-09-17 22:40:15 | INFO     | co2_forecast |   lstm -> weighted_mase=1.0129373622984756
2026-09-17 22:40:15 | INFO     | co2_forecast | Variant A3_CI_mean_only complete in 45.3s
2026-09-17 22:40:15 | INFO     | co2_forecast | --- Variant A3_CI_p90_only: 12 features ---
2026-09-17 22:40:15 | INFO     | co2_forecast | Creating walk-forward splits for 16 valid samples
2026-09-17 22:40:15 | INFO     | co2_forecast | Created 4 CV folds across horizons [1, 2, 4]
2026-09-17 22:40:15 | INFO     | co2_forecast | Built tuning CV plan: 4 folds from 16 rows before 2022-Qq (evaluation cutoff) - isolation OK (max tuning date 2021-Qq)
2026-09-17 22:40:15 | INFO     | co2_forecast | Optimizing ridge...
2026-09-17 22:40:15 | INFO     | co2_forecast | Starting PSO: 8 particles, 10 iterations
2026-09-17 22:40:15 | INFO     | co2_forecast |   Iteration 0: Best fitness = 2.481352
2026-09-17 22:40:15 | INFO     | co2_forecast |   Iteration 5: Best fitness = 2.126003
2026-09-17 22:40:15 | INFO     | co2_forecast |   Iteration 9: Best fitness = 2.126003
2026-09-17 22:40:15 | INFO     | co2_forecast | PSO complete. Best fitness: 2.126003
2026-09-17 22:40:15 | INFO     | co2_forecast |   Best params: {'alpha': 100.0}
2026-09-17 22:40:15 | INFO     | co2_forecast |   Best fitness: 2.126003
2026-09-17 22:40:15 | INFO     | co2_forecast | [A3_CI_p90_only/panel2_common_period/all_features/ridge] sweep tuning: best_params={'alpha': 100.0}
2026-09-17 22:40:15 | INFO     | co2_forecast |   ridge -> weighted_mase=0.8912495979233568
2026-09-17 22:40:15 | INFO     | co2_forecast | Creating walk-forward splits for 16 valid samples
2026-09-17 22:40:15 | INFO     | co2_forecast | Created 4 CV folds across horizons [1, 2, 4]
2026-09-17 22:40:15 | INFO     | co2_forecast | Built tuning CV plan: 4 folds from 16 rows before 2022-Qq (evaluation cutoff) - isolation OK (max tuning date 2021-Qq)
2026-09-17 22:40:15 | INFO     | co2_forecast | Optimizing random_forest...
2026-09-17 22:40:15 | INFO     | co2_forecast | Starting PSO: 8 particles, 10 iterations
2026-09-17 22:40:17 | INFO     | co2_forecast |   Iteration 0: Best fitness = 0.671547
2026-09-17 22:40:24 | INFO     | co2_forecast |   Iteration 5: Best fitness = 0.314799
2026-09-17 22:40:29 | INFO     | co2_forecast |   Iteration 9: Best fitness = 0.314799
2026-09-17 22:40:29 | INFO     | co2_forecast | PSO complete. Best fitness: 0.314799
2026-09-17 22:40:29 | INFO     | co2_forecast |   Best params: {'n_estimators': 50, 'max_depth': 3, 'min_samples_split': 2, 'min_samples_leaf': 1}
2026-09-17 22:40:29 | INFO     | co2_forecast |   Best fitness: 0.314799
2026-09-17 22:40:29 | INFO     | co2_forecast | [A3_CI_p90_only/panel2_common_period/all_features/random_forest] sweep tuning: best_params={'n_estimators': 50, 'max_depth': 3, 'min_samples_split': 2, 'min_samples_leaf': 1}
2026-09-17 22:40:29 | INFO     | co2_forecast |   random_forest -> weighted_mase=0.7595011040365722
2026-09-17 22:40:29 | INFO     | co2_forecast | Creating walk-forward splits for 16 valid samples
2026-09-17 22:40:29 | INFO     | co2_forecast | Created 4 CV folds across horizons [1, 2, 4]
2026-09-17 22:40:29 | INFO     | co2_forecast | Built tuning CV plan: 4 folds from 16 rows before 2022-Qq (evaluation cutoff) - isolation OK (max tuning date 2021-Qq)
2026-09-17 22:40:29 | INFO     | co2_forecast | Optimizing catboost...
2026-09-17 22:40:29 | INFO     | co2_forecast | Starting PSO: 8 particles, 10 iterations
2026-09-17 22:40:30 | INFO     | co2_forecast |   Iteration 0: Best fitness = 0.376681
2026-09-17 22:40:31 | INFO     | co2_forecast |   Iteration 5: Best fitness = 0.312069
2026-09-17 22:40:31 | INFO     | co2_forecast |   Iteration 9: Best fitness = 0.310644
2026-09-17 22:40:31 | INFO     | co2_forecast | PSO complete. Best fitness: 0.310644
2026-09-17 22:40:31 | INFO     | co2_forecast |   Best params: {'iterations': 99, 'learning_rate': 0.10347071931806512, 'depth': 3, 'l2_leaf_reg': 3.8961048495448236}
2026-09-17 22:40:31 | INFO     | co2_forecast |   Best fitness: 0.310644
2026-09-17 22:40:31 | INFO     | co2_forecast | [A3_CI_p90_only/panel2_common_period/all_features/catboost] sweep tuning: best_params={'iterations': 99, 'learning_rate': 0.10347071931806512, 'depth': 3, 'l2_leaf_reg': 3.8961048495448236}
2026-09-17 22:40:31 | INFO     | co2_forecast |   catboost -> weighted_mase=0.7253966123589056
2026-09-17 22:40:31 | INFO     | co2_forecast | Creating walk-forward splits for 16 valid samples
2026-09-17 22:40:31 | INFO     | co2_forecast | Created 4 CV folds across horizons [1, 2, 4]
2026-09-17 22:40:31 | INFO     | co2_forecast | Built tuning CV plan: 4 folds from 16 rows before 2022-Qq (evaluation cutoff) - isolation OK (max tuning date 2021-Qq)
2026-09-17 22:40:31 | INFO     | co2_forecast | Optimizing lightgbm...
2026-09-17 22:40:31 | INFO     | co2_forecast | Starting PSO: 8 particles, 10 iterations
2026-09-17 22:40:32 | INFO     | co2_forecast |   Iteration 0: Best fitness = 0.768990
2026-09-17 22:40:33 | INFO     | co2_forecast |   Iteration 5: Best fitness = 0.654015
2026-09-17 22:40:34 | INFO     | co2_forecast |   Iteration 9: Best fitness = 0.653300
2026-09-17 22:40:34 | INFO     | co2_forecast | PSO complete. Best fitness: 0.653300
2026-09-17 22:40:34 | INFO     | co2_forecast |   Best params: {'n_estimators': 50, 'learning_rate': 0.29437886682949077, 'num_leaves': 127, 'max_depth': 3, 'min_child_samples': 5, 'reg_alpha': 0.001, 'reg_lambda': 0.43654681067331}
2026-09-17 22:40:34 | INFO     | co2_forecast |   Best fitness: 0.653300
2026-09-17 22:40:34 | INFO     | co2_forecast | [A3_CI_p90_only/panel2_common_period/all_features/lightgbm] sweep tuning: best_params={'n_estimators': 50, 'learning_rate': 0.29437886682949077, 'num_leaves': 127, 'max_depth': 3, 'min_child_samples': 5, 'reg_alpha': 0.001, 'reg_lambda': 0.43654681067331}
2026-09-17 22:40:34 | INFO     | co2_forecast |   lightgbm -> weighted_mase=0.6213794625473268
2026-09-17 22:40:34 | INFO     | co2_forecast | Creating walk-forward splits for 16 valid samples
2026-09-17 22:40:34 | INFO     | co2_forecast | Created 4 CV folds across horizons [1, 2, 4]
2026-09-17 22:40:34 | INFO     | co2_forecast | Built tuning CV plan: 4 folds from 16 rows before 2022-Qq (evaluation cutoff) - isolation OK (max tuning date 2021-Qq)
2026-09-17 22:40:34 | INFO     | co2_forecast | Optimizing lstm...
2026-09-17 22:40:34 | INFO     | co2_forecast | Starting PSO: 8 particles, 10 iterations
2026-09-17 22:40:34 | WARNING  | co2_forecast | Model training failed with params {'lookback': 7, 'hidden_size': 62, 'num_layers': 2, 'dropout': 0.3394633936788147, 'learning_rate': 0.0016445845403801217, 'batch_size': 8}: LSTM.fit: training data has 8 rows, giving only 1 sequence(s) with lookback=7; at least 2 are required (one is always reserved for validation). Reduce lookback or provide more training history.
2026-09-17 22:40:34 | WARNING  | co2_forecast | Model training failed with params {'lookback': 11, 'hidden_size': 26, 'num_layers': 1, 'dropout': 0.17336180394137354, 'learning_rate': 0.0031119982052994237, 'batch_size': 16}: LSTM.fit: training data has 8 rows, giving only 0 sequence(s) with lookback=11; at least 2 are required (one is always reserved for validation). Reduce lookback or provide more training history.
2026-09-17 22:40:34 | WARNING  | co2_forecast | Model training failed with params {'lookback': 8, 'hidden_size': 54, 'num_layers': 1, 'dropout': 0.3056937753654447, 'learning_rate': 0.005964904231734221, 'batch_size': 8}: LSTM.fit: training data has 8 rows, giving only 0 sequence(s) with lookback=8; at least 2 are required (one is always reserved for validation). Reduce lookback or provide more training history.
2026-09-17 22:40:34 | WARNING  | co2_forecast | Very few sequences (2), LSTM may not train well
2026-09-17 22:40:34 | WARNING  | co2_forecast | Very few sequences (6), LSTM may not train well
2026-09-17 22:40:34 | WARNING  | co2_forecast | Very few sequences (2), LSTM may not train well
2026-09-17 22:40:34 | WARNING  | co2_forecast | Very few sequences (2), LSTM may not train well
2026-09-17 22:40:34 | WARNING  | co2_forecast | Model training failed with params {'lookback': 8, 'hidden_size': 25, 'num_layers': 2, 'dropout': 0.4100531293444458, 'learning_rate': 0.009401039521485473, 'batch_size': 32}: LSTM.fit: training data has 8 rows, giving only 0 sequence(s) with lookback=8; at least 2 are required (one is always reserved for validation). Reduce lookback or provide more training history.
2026-09-17 22:40:34 | WARNING  | co2_forecast | Model training failed with params {'lookback': 7, 'hidden_size': 29, 'num_layers': 2, 'dropout': 0.2427013306774357, 'learning_rate': 0.00288125164590507, 'batch_size': 16}: LSTM.fit: training data has 8 rows, giving only 1 sequence(s) with lookback=7; at least 2 are required (one is always reserved for validation). Reduce lookback or provide more training history.
2026-09-17 22:40:34 | WARNING  | co2_forecast | Very few sequences (4), LSTM may not train well
2026-09-17 22:40:34 | WARNING  | co2_forecast | Very few sequences (8), LSTM may not train well
2026-09-17 22:40:34 | WARNING  | co2_forecast | Very few sequences (4), LSTM may not train well
2026-09-17 22:40:34 | WARNING  | co2_forecast | Very few sequences (4), LSTM may not train well
2026-09-17 22:40:34 | WARNING  | co2_forecast | Very few sequences (2), LSTM may not train well
2026-09-17 22:40:34 | WARNING  | co2_forecast | Very few sequences (6), LSTM may not train well
2026-09-17 22:40:34 | WARNING  | co2_forecast | Very few sequences (2), LSTM may not train well
2026-09-17 22:40:34 | WARNING  | co2_forecast | Very few sequences (2), LSTM may not train well
2026-09-17 22:40:34 | INFO     | co2_forecast |   Iteration 0: Best fitness = 1.063508
2026-09-17 22:40:34 | WARNING  | co2_forecast | Very few sequences (3), LSTM may not train well
2026-09-17 22:40:34 | WARNING  | co2_forecast | Very few sequences (7), LSTM may not train well
2026-09-17 22:40:34 | WARNING  | co2_forecast | Very few sequences (3), LSTM may not train well
2026-09-17 22:40:34 | WARNING  | co2_forecast | Very few sequences (3), LSTM may not train well
2026-09-17 22:40:34 | WARNING  | co2_forecast | Very few sequences (2), LSTM may not train well
2026-09-17 22:40:34 | WARNING  | co2_forecast | Very few sequences (6), LSTM may not train well
2026-09-17 22:40:35 | WARNING  | co2_forecast | Very few sequences (2), LSTM may not train well
2026-09-17 22:40:35 | WARNING  | co2_forecast | Very few sequences (2), LSTM may not train well
2026-09-17 22:40:35 | WARNING  | co2_forecast | Model training failed with params {'lookback': 8, 'hidden_size': 44, 'num_layers': 1, 'dropout': 0.32389753899663415, 'learning_rate': 0.005520634690128072, 'batch_size': 8}: LSTM.fit: training data has 8 rows, giving only 0 sequence(s) with lookback=8; at least 2 are required (one is always reserved for validation). Reduce lookback or provide more training history.
2026-09-17 22:40:35 | WARNING  | co2_forecast | Very few sequences (3), LSTM may not train well
2026-09-17 22:40:35 | WARNING  | co2_forecast | Very few sequences (7), LSTM may not train well
2026-09-17 22:40:35 | WARNING  | co2_forecast | Very few sequences (3), LSTM may not train well
2026-09-17 22:40:35 | WARNING  | co2_forecast | Very few sequences (3), LSTM may not train well
2026-09-17 22:40:35 | WARNING  | co2_forecast | Very few sequences (2), LSTM may not train well
2026-09-17 22:40:35 | WARNING  | co2_forecast | Very few sequences (6), LSTM may not train well
2026-09-17 22:40:35 | WARNING  | co2_forecast | Very few sequences (2), LSTM may not train well
2026-09-17 22:40:35 | WARNING  | co2_forecast | Very few sequences (2), LSTM may not train well
2026-09-17 22:40:36 | WARNING  | co2_forecast | Very few sequences (3), LSTM may not train well
2026-09-17 22:40:36 | WARNING  | co2_forecast | Very few sequences (7), LSTM may not train well
2026-09-17 22:40:36 | WARNING  | co2_forecast | Very few sequences (3), LSTM may not train well
2026-09-17 22:40:36 | WARNING  | co2_forecast | Very few sequences (3), LSTM may not train well
2026-09-17 22:40:36 | WARNING  | co2_forecast | Very few sequences (4), LSTM may not train well
2026-09-17 22:40:36 | WARNING  | co2_forecast | Very few sequences (8), LSTM may not train well
2026-09-17 22:40:36 | WARNING  | co2_forecast | Very few sequences (4), LSTM may not train well
2026-09-17 22:40:36 | WARNING  | co2_forecast | Very few sequences (4), LSTM may not train well
2026-09-17 22:40:36 | WARNING  | co2_forecast | Very few sequences (2), LSTM may not train well
2026-09-17 22:40:36 | WARNING  | co2_forecast | Very few sequences (6), LSTM may not train well
2026-09-17 22:40:36 | WARNING  | co2_forecast | Very few sequences (2), LSTM may not train well
2026-09-17 22:40:36 | WARNING  | co2_forecast | Very few sequences (2), LSTM may not train well
2026-09-17 22:40:36 | WARNING  | co2_forecast | Very few sequences (3), LSTM may not train well
2026-09-17 22:40:36 | WARNING  | co2_forecast | Very few sequences (7), LSTM may not train well
2026-09-17 22:40:36 | WARNING  | co2_forecast | Very few sequences (3), LSTM may not train well
2026-09-17 22:40:37 | WARNING  | co2_forecast | Very few sequences (3), LSTM may not train well
2026-09-17 22:40:37 | WARNING  | co2_forecast | Very few sequences (4), LSTM may not train well
2026-09-17 22:40:37 | WARNING  | co2_forecast | Very few sequences (8), LSTM may not train well
2026-09-17 22:40:37 | WARNING  | co2_forecast | Very few sequences (4), LSTM may not train well
2026-09-17 22:40:37 | WARNING  | co2_forecast | Very few sequences (4), LSTM may not train well
2026-09-17 22:40:37 | WARNING  | co2_forecast | Model training failed with params {'lookback': 7, 'hidden_size': 35, 'num_layers': 1, 'dropout': 0.31512819649180424, 'learning_rate': 0.004065945490368326, 'batch_size': 8}: LSTM.fit: training data has 8 rows, giving only 1 sequence(s) with lookback=7; at least 2 are required (one is always reserved for validation). Reduce lookback or provide more training history.
2026-09-17 22:40:37 | WARNING  | co2_forecast | Very few sequences (2), LSTM may not train well
2026-09-17 22:40:37 | WARNING  | co2_forecast | Very few sequences (6), LSTM may not train well
2026-09-17 22:40:37 | WARNING  | co2_forecast | Very few sequences (2), LSTM may not train well
2026-09-17 22:40:37 | WARNING  | co2_forecast | Very few sequences (2), LSTM may not train well
2026-09-17 22:40:38 | WARNING  | co2_forecast | Very few sequences (3), LSTM may not train well
2026-09-17 22:40:38 | WARNING  | co2_forecast | Very few sequences (7), LSTM may not train well
2026-09-17 22:40:38 | WARNING  | co2_forecast | Very few sequences (3), LSTM may not train well
2026-09-17 22:40:38 | WARNING  | co2_forecast | Very few sequences (3), LSTM may not train well
2026-09-17 22:40:38 | WARNING  | co2_forecast | Very few sequences (3), LSTM may not train well
2026-09-17 22:40:38 | WARNING  | co2_forecast | Very few sequences (7), LSTM may not train well
2026-09-17 22:40:38 | WARNING  | co2_forecast | Very few sequences (3), LSTM may not train well
2026-09-17 22:40:39 | WARNING  | co2_forecast | Very few sequences (3), LSTM may not train well
2026-09-17 22:40:39 | WARNING  | co2_forecast | Very few sequences (3), LSTM may not train well
2026-09-17 22:40:39 | WARNING  | co2_forecast | Very few sequences (7), LSTM may not train well
2026-09-17 22:40:39 | WARNING  | co2_forecast | Very few sequences (3), LSTM may not train well
2026-09-17 22:40:39 | WARNING  | co2_forecast | Very few sequences (3), LSTM may not train well
2026-09-17 22:40:39 | WARNING  | co2_forecast | Very few sequences (2), LSTM may not train well
2026-09-17 22:40:39 | WARNING  | co2_forecast | Very few sequences (6), LSTM may not train well
2026-09-17 22:40:39 | WARNING  | co2_forecast | Very few sequences (2), LSTM may not train well
2026-09-17 22:40:39 | WARNING  | co2_forecast | Very few sequences (2), LSTM may not train well
2026-09-17 22:40:39 | WARNING  | co2_forecast | Very few sequences (3), LSTM may not train well
2026-09-17 22:40:39 | WARNING  | co2_forecast | Very few sequences (7), LSTM may not train well
2026-09-17 22:40:39 | WARNING  | co2_forecast | Very few sequences (3), LSTM may not train well
2026-09-17 22:40:39 | WARNING  | co2_forecast | Very few sequences (3), LSTM may not train well
2026-09-17 22:40:39 | WARNING  | co2_forecast | Very few sequences (4), LSTM may not train well
2026-09-17 22:40:39 | WARNING  | co2_forecast | Very few sequences (8), LSTM may not train well
2026-09-17 22:40:39 | WARNING  | co2_forecast | Very few sequences (4), LSTM may not train well
2026-09-17 22:40:40 | WARNING  | co2_forecast | Very few sequences (4), LSTM may not train well
2026-09-17 22:40:40 | WARNING  | co2_forecast | Very few sequences (2), LSTM may not train well
2026-09-17 22:40:40 | WARNING  | co2_forecast | Very few sequences (6), LSTM may not train well
2026-09-17 22:40:40 | WARNING  | co2_forecast | Very few sequences (2), LSTM may not train well
2026-09-17 22:40:40 | WARNING  | co2_forecast | Very few sequences (2), LSTM may not train well
2026-09-17 22:40:40 | WARNING  | co2_forecast | Very few sequences (3), LSTM may not train well
2026-09-17 22:40:40 | WARNING  | co2_forecast | Very few sequences (7), LSTM may not train well
2026-09-17 22:40:40 | WARNING  | co2_forecast | Very few sequences (3), LSTM may not train well
2026-09-17 22:40:40 | WARNING  | co2_forecast | Very few sequences (3), LSTM may not train well
2026-09-17 22:40:40 | WARNING  | co2_forecast | Very few sequences (4), LSTM may not train well
2026-09-17 22:40:40 | WARNING  | co2_forecast | Very few sequences (8), LSTM may not train well
2026-09-17 22:40:40 | WARNING  | co2_forecast | Very few sequences (4), LSTM may not train well
2026-09-17 22:40:41 | WARNING  | co2_forecast | Very few sequences (4), LSTM may not train well
2026-09-17 22:40:41 | WARNING  | co2_forecast | Very few sequences (3), LSTM may not train well
2026-09-17 22:40:41 | WARNING  | co2_forecast | Very few sequences (7), LSTM may not train well
2026-09-17 22:40:41 | WARNING  | co2_forecast | Very few sequences (3), LSTM may not train well
2026-09-17 22:40:41 | WARNING  | co2_forecast | Very few sequences (3), LSTM may not train well
2026-09-17 22:40:41 | WARNING  | co2_forecast | Very few sequences (4), LSTM may not train well
2026-09-17 22:40:41 | WARNING  | co2_forecast | Very few sequences (8), LSTM may not train well
2026-09-17 22:40:41 | WARNING  | co2_forecast | Very few sequences (4), LSTM may not train well
2026-09-17 22:40:41 | WARNING  | co2_forecast | Very few sequences (4), LSTM may not train well
2026-09-17 22:40:41 | WARNING  | co2_forecast | Very few sequences (2), LSTM may not train well
2026-09-17 22:40:41 | WARNING  | co2_forecast | Very few sequences (6), LSTM may not train well
2026-09-17 22:40:41 | WARNING  | co2_forecast | Very few sequences (2), LSTM may not train well
2026-09-17 22:40:41 | WARNING  | co2_forecast | Very few sequences (2), LSTM may not train well
2026-09-17 22:40:41 | WARNING  | co2_forecast | Very few sequences (3), LSTM may not train well
2026-09-17 22:40:41 | WARNING  | co2_forecast | Very few sequences (7), LSTM may not train well
2026-09-17 22:40:42 | WARNING  | co2_forecast | Very few sequences (3), LSTM may not train well
2026-09-17 22:40:42 | WARNING  | co2_forecast | Very few sequences (3), LSTM may not train well
2026-09-17 22:40:42 | WARNING  | co2_forecast | Very few sequences (4), LSTM may not train well
2026-09-17 22:40:42 | WARNING  | co2_forecast | Very few sequences (8), LSTM may not train well
2026-09-17 22:40:42 | WARNING  | co2_forecast | Very few sequences (4), LSTM may not train well
2026-09-17 22:40:42 | WARNING  | co2_forecast | Very few sequences (4), LSTM may not train well
2026-09-17 22:40:42 | WARNING  | co2_forecast | Very few sequences (3), LSTM may not train well
2026-09-17 22:40:42 | WARNING  | co2_forecast | Very few sequences (7), LSTM may not train well
2026-09-17 22:40:42 | WARNING  | co2_forecast | Very few sequences (3), LSTM may not train well
2026-09-17 22:40:42 | WARNING  | co2_forecast | Very few sequences (3), LSTM may not train well
2026-09-17 22:40:42 | WARNING  | co2_forecast | Very few sequences (3), LSTM may not train well
2026-09-17 22:40:42 | WARNING  | co2_forecast | Very few sequences (7), LSTM may not train well
2026-09-17 22:40:43 | WARNING  | co2_forecast | Very few sequences (3), LSTM may not train well
2026-09-17 22:40:43 | WARNING  | co2_forecast | Very few sequences (3), LSTM may not train well
2026-09-17 22:40:43 | WARNING  | co2_forecast | Very few sequences (4), LSTM may not train well
2026-09-17 22:40:43 | WARNING  | co2_forecast | Very few sequences (8), LSTM may not train well
2026-09-17 22:40:43 | WARNING  | co2_forecast | Very few sequences (4), LSTM may not train well
2026-09-17 22:40:43 | WARNING  | co2_forecast | Very few sequences (4), LSTM may not train well
2026-09-17 22:40:43 | WARNING  | co2_forecast | Very few sequences (3), LSTM may not train well
2026-09-17 22:40:43 | WARNING  | co2_forecast | Very few sequences (7), LSTM may not train well
2026-09-17 22:40:43 | WARNING  | co2_forecast | Very few sequences (3), LSTM may not train well
2026-09-17 22:40:44 | WARNING  | co2_forecast | Very few sequences (3), LSTM may not train well
2026-09-17 22:40:44 | WARNING  | co2_forecast | Very few sequences (4), LSTM may not train well
2026-09-17 22:40:44 | WARNING  | co2_forecast | Very few sequences (8), LSTM may not train well
2026-09-17 22:40:44 | WARNING  | co2_forecast | Very few sequences (4), LSTM may not train well
2026-09-17 22:40:44 | WARNING  | co2_forecast | Very few sequences (4), LSTM may not train well
2026-09-17 22:40:44 | WARNING  | co2_forecast | Very few sequences (3), LSTM may not train well
2026-09-17 22:40:44 | WARNING  | co2_forecast | Very few sequences (7), LSTM may not train well
2026-09-17 22:40:44 | WARNING  | co2_forecast | Very few sequences (3), LSTM may not train well
2026-09-17 22:40:44 | WARNING  | co2_forecast | Very few sequences (3), LSTM may not train well
2026-09-17 22:40:44 | WARNING  | co2_forecast | Very few sequences (3), LSTM may not train well
2026-09-17 22:40:44 | WARNING  | co2_forecast | Very few sequences (7), LSTM may not train well
2026-09-17 22:40:44 | WARNING  | co2_forecast | Very few sequences (3), LSTM may not train well
2026-09-17 22:40:45 | WARNING  | co2_forecast | Very few sequences (3), LSTM may not train well
2026-09-17 22:40:45 | WARNING  | co2_forecast | Very few sequences (3), LSTM may not train well
2026-09-17 22:40:45 | WARNING  | co2_forecast | Very few sequences (7), LSTM may not train well
2026-09-17 22:40:45 | WARNING  | co2_forecast | Very few sequences (3), LSTM may not train well
2026-09-17 22:40:45 | WARNING  | co2_forecast | Very few sequences (3), LSTM may not train well
2026-09-17 22:40:45 | WARNING  | co2_forecast | Very few sequences (3), LSTM may not train well
2026-09-17 22:40:45 | WARNING  | co2_forecast | Very few sequences (7), LSTM may not train well
2026-09-17 22:40:45 | WARNING  | co2_forecast | Very few sequences (3), LSTM may not train well
2026-09-17 22:40:46 | WARNING  | co2_forecast | Very few sequences (3), LSTM may not train well
2026-09-17 22:40:46 | WARNING  | co2_forecast | Very few sequences (3), LSTM may not train well
2026-09-17 22:40:46 | WARNING  | co2_forecast | Very few sequences (7), LSTM may not train well
2026-09-17 22:40:46 | WARNING  | co2_forecast | Very few sequences (3), LSTM may not train well
2026-09-17 22:40:46 | WARNING  | co2_forecast | Very few sequences (3), LSTM may not train well
2026-09-17 22:40:46 | WARNING  | co2_forecast | Very few sequences (3), LSTM may not train well
2026-09-17 22:40:46 | WARNING  | co2_forecast | Very few sequences (7), LSTM may not train well
2026-09-17 22:40:46 | WARNING  | co2_forecast | Very few sequences (3), LSTM may not train well
2026-09-17 22:40:46 | WARNING  | co2_forecast | Very few sequences (3), LSTM may not train well
2026-09-17 22:40:46 | WARNING  | co2_forecast | Very few sequences (3), LSTM may not train well
2026-09-17 22:40:46 | WARNING  | co2_forecast | Very few sequences (7), LSTM may not train well
2026-09-17 22:40:47 | WARNING  | co2_forecast | Very few sequences (3), LSTM may not train well
2026-09-17 22:40:47 | WARNING  | co2_forecast | Very few sequences (3), LSTM may not train well
2026-09-17 22:40:47 | WARNING  | co2_forecast | Very few sequences (4), LSTM may not train well
2026-09-17 22:40:47 | WARNING  | co2_forecast | Very few sequences (8), LSTM may not train well
2026-09-17 22:40:47 | WARNING  | co2_forecast | Very few sequences (4), LSTM may not train well
2026-09-17 22:40:47 | WARNING  | co2_forecast | Very few sequences (4), LSTM may not train well
2026-09-17 22:40:47 | WARNING  | co2_forecast | Very few sequences (3), LSTM may not train well
2026-09-17 22:40:47 | WARNING  | co2_forecast | Very few sequences (7), LSTM may not train well
2026-09-17 22:40:47 | WARNING  | co2_forecast | Very few sequences (3), LSTM may not train well
2026-09-17 22:40:47 | WARNING  | co2_forecast | Very few sequences (3), LSTM may not train well
2026-09-17 22:40:47 | INFO     | co2_forecast |   Iteration 5: Best fitness = 0.767119
2026-09-17 22:40:47 | WARNING  | co2_forecast | Very few sequences (3), LSTM may not train well
2026-09-17 22:40:47 | WARNING  | co2_forecast | Very few sequences (7), LSTM may not train well
2026-09-17 22:40:48 | WARNING  | co2_forecast | Very few sequences (3), LSTM may not train well
2026-09-17 22:40:48 | WARNING  | co2_forecast | Very few sequences (3), LSTM may not train well
2026-09-17 22:40:48 | WARNING  | co2_forecast | Very few sequences (2), LSTM may not train well
2026-09-17 22:40:48 | WARNING  | co2_forecast | Very few sequences (6), LSTM may not train well
2026-09-17 22:40:48 | WARNING  | co2_forecast | Very few sequences (2), LSTM may not train well
2026-09-17 22:40:48 | WARNING  | co2_forecast | Very few sequences (2), LSTM may not train well
2026-09-17 22:40:49 | WARNING  | co2_forecast | Very few sequences (3), LSTM may not train well
2026-09-17 22:40:49 | WARNING  | co2_forecast | Very few sequences (7), LSTM may not train well
2026-09-17 22:40:49 | WARNING  | co2_forecast | Very few sequences (3), LSTM may not train well
2026-09-17 22:40:49 | WARNING  | co2_forecast | Very few sequences (3), LSTM may not train well
2026-09-17 22:40:49 | WARNING  | co2_forecast | Very few sequences (3), LSTM may not train well
2026-09-17 22:40:49 | WARNING  | co2_forecast | Very few sequences (7), LSTM may not train well
2026-09-17 22:40:49 | WARNING  | co2_forecast | Very few sequences (3), LSTM may not train well
2026-09-17 22:40:49 | WARNING  | co2_forecast | Very few sequences (3), LSTM may not train well
2026-09-17 22:40:49 | WARNING  | co2_forecast | Very few sequences (2), LSTM may not train well
2026-09-17 22:40:49 | WARNING  | co2_forecast | Very few sequences (6), LSTM may not train well
2026-09-17 22:40:50 | WARNING  | co2_forecast | Very few sequences (2), LSTM may not train well
2026-09-17 22:40:50 | WARNING  | co2_forecast | Very few sequences (2), LSTM may not train well
2026-09-17 22:40:50 | WARNING  | co2_forecast | Very few sequences (3), LSTM may not train well
2026-09-17 22:40:50 | WARNING  | co2_forecast | Very few sequences (7), LSTM may not train well
2026-09-17 22:40:50 | WARNING  | co2_forecast | Very few sequences (3), LSTM may not train well
2026-09-17 22:40:51 | WARNING  | co2_forecast | Very few sequences (3), LSTM may not train well
2026-09-17 22:40:51 | WARNING  | co2_forecast | Very few sequences (4), LSTM may not train well
2026-09-17 22:40:51 | WARNING  | co2_forecast | Very few sequences (8), LSTM may not train well
2026-09-17 22:40:51 | WARNING  | co2_forecast | Very few sequences (4), LSTM may not train well
2026-09-17 22:40:51 | WARNING  | co2_forecast | Very few sequences (4), LSTM may not train well
2026-09-17 22:40:51 | WARNING  | co2_forecast | Very few sequences (3), LSTM may not train well
2026-09-17 22:40:51 | WARNING  | co2_forecast | Very few sequences (7), LSTM may not train well
2026-09-17 22:40:51 | WARNING  | co2_forecast | Very few sequences (3), LSTM may not train well
2026-09-17 22:40:51 | WARNING  | co2_forecast | Very few sequences (3), LSTM may not train well
2026-09-17 22:40:51 | WARNING  | co2_forecast | Very few sequences (3), LSTM may not train well
2026-09-17 22:40:51 | WARNING  | co2_forecast | Very few sequences (7), LSTM may not train well
2026-09-17 22:40:51 | WARNING  | co2_forecast | Very few sequences (3), LSTM may not train well
2026-09-17 22:40:52 | WARNING  | co2_forecast | Very few sequences (3), LSTM may not train well
2026-09-17 22:40:52 | WARNING  | co2_forecast | Very few sequences (4), LSTM may not train well
2026-09-17 22:40:52 | WARNING  | co2_forecast | Very few sequences (8), LSTM may not train well
2026-09-17 22:40:52 | WARNING  | co2_forecast | Very few sequences (4), LSTM may not train well
2026-09-17 22:40:52 | WARNING  | co2_forecast | Very few sequences (4), LSTM may not train well
2026-09-17 22:40:52 | WARNING  | co2_forecast | Very few sequences (3), LSTM may not train well
2026-09-17 22:40:52 | WARNING  | co2_forecast | Very few sequences (7), LSTM may not train well
2026-09-17 22:40:52 | WARNING  | co2_forecast | Very few sequences (3), LSTM may not train well
2026-09-17 22:40:53 | WARNING  | co2_forecast | Very few sequences (3), LSTM may not train well
2026-09-17 22:40:53 | WARNING  | co2_forecast | Very few sequences (3), LSTM may not train well
2026-09-17 22:40:53 | WARNING  | co2_forecast | Very few sequences (7), LSTM may not train well
2026-09-17 22:40:53 | WARNING  | co2_forecast | Very few sequences (3), LSTM may not train well
2026-09-17 22:40:53 | WARNING  | co2_forecast | Very few sequences (3), LSTM may not train well
2026-09-17 22:40:53 | WARNING  | co2_forecast | Very few sequences (3), LSTM may not train well
2026-09-17 22:40:53 | WARNING  | co2_forecast | Very few sequences (7), LSTM may not train well
2026-09-17 22:40:53 | WARNING  | co2_forecast | Very few sequences (3), LSTM may not train well
2026-09-17 22:40:53 | WARNING  | co2_forecast | Very few sequences (3), LSTM may not train well
2026-09-17 22:40:53 | WARNING  | co2_forecast | Very few sequences (3), LSTM may not train well
2026-09-17 22:40:53 | WARNING  | co2_forecast | Very few sequences (7), LSTM may not train well
2026-09-17 22:40:54 | WARNING  | co2_forecast | Very few sequences (3), LSTM may not train well
2026-09-17 22:40:54 | WARNING  | co2_forecast | Very few sequences (3), LSTM may not train well
2026-09-17 22:40:54 | WARNING  | co2_forecast | Very few sequences (3), LSTM may not train well
2026-09-17 22:40:54 | WARNING  | co2_forecast | Very few sequences (7), LSTM may not train well
2026-09-17 22:40:54 | WARNING  | co2_forecast | Very few sequences (3), LSTM may not train well
2026-09-17 22:40:54 | WARNING  | co2_forecast | Very few sequences (3), LSTM may not train well
2026-09-17 22:40:54 | WARNING  | co2_forecast | Very few sequences (3), LSTM may not train well
2026-09-17 22:40:54 | WARNING  | co2_forecast | Very few sequences (7), LSTM may not train well
2026-09-17 22:40:54 | WARNING  | co2_forecast | Very few sequences (3), LSTM may not train well
2026-09-17 22:40:55 | WARNING  | co2_forecast | Very few sequences (3), LSTM may not train well
2026-09-17 22:40:55 | WARNING  | co2_forecast | Very few sequences (3), LSTM may not train well
2026-09-17 22:40:55 | WARNING  | co2_forecast | Very few sequences (7), LSTM may not train well
2026-09-17 22:40:55 | WARNING  | co2_forecast | Very few sequences (3), LSTM may not train well
2026-09-17 22:40:55 | WARNING  | co2_forecast | Very few sequences (3), LSTM may not train well
2026-09-17 22:40:55 | WARNING  | co2_forecast | Very few sequences (3), LSTM may not train well
2026-09-17 22:40:55 | WARNING  | co2_forecast | Very few sequences (7), LSTM may not train well
2026-09-17 22:40:55 | WARNING  | co2_forecast | Very few sequences (3), LSTM may not train well
2026-09-17 22:40:56 | WARNING  | co2_forecast | Very few sequences (3), LSTM may not train well
2026-09-17 22:40:56 | WARNING  | co2_forecast | Very few sequences (3), LSTM may not train well
2026-09-17 22:40:56 | WARNING  | co2_forecast | Very few sequences (7), LSTM may not train well
2026-09-17 22:40:56 | WARNING  | co2_forecast | Very few sequences (3), LSTM may not train well
2026-09-17 22:40:56 | WARNING  | co2_forecast | Very few sequences (3), LSTM may not train well
2026-09-17 22:40:56 | WARNING  | co2_forecast | Very few sequences (3), LSTM may not train well
2026-09-17 22:40:56 | WARNING  | co2_forecast | Very few sequences (7), LSTM may not train well
2026-09-17 22:40:56 | WARNING  | co2_forecast | Very few sequences (3), LSTM may not train well
2026-09-17 22:40:57 | WARNING  | co2_forecast | Very few sequences (3), LSTM may not train well
2026-09-17 22:40:57 | WARNING  | co2_forecast | Very few sequences (4), LSTM may not train well
2026-09-17 22:40:57 | WARNING  | co2_forecast | Very few sequences (8), LSTM may not train well
2026-09-17 22:40:57 | WARNING  | co2_forecast | Very few sequences (4), LSTM may not train well
2026-09-17 22:40:57 | WARNING  | co2_forecast | Very few sequences (4), LSTM may not train well
2026-09-17 22:40:57 | WARNING  | co2_forecast | Very few sequences (3), LSTM may not train well
2026-09-17 22:40:57 | WARNING  | co2_forecast | Very few sequences (7), LSTM may not train well
2026-09-17 22:40:57 | WARNING  | co2_forecast | Very few sequences (3), LSTM may not train well
2026-09-17 22:40:57 | WARNING  | co2_forecast | Very few sequences (3), LSTM may not train well
2026-09-17 22:40:57 | WARNING  | co2_forecast | Very few sequences (4), LSTM may not train well
2026-09-17 22:40:57 | WARNING  | co2_forecast | Very few sequences (8), LSTM may not train well
2026-09-17 22:40:57 | WARNING  | co2_forecast | Very few sequences (4), LSTM may not train well
2026-09-17 22:40:58 | WARNING  | co2_forecast | Very few sequences (4), LSTM may not train well
2026-09-17 22:40:58 | WARNING  | co2_forecast | Very few sequences (3), LSTM may not train well
2026-09-17 22:40:58 | WARNING  | co2_forecast | Very few sequences (7), LSTM may not train well
2026-09-17 22:40:58 | WARNING  | co2_forecast | Very few sequences (3), LSTM may not train well
2026-09-17 22:40:58 | WARNING  | co2_forecast | Very few sequences (3), LSTM may not train well
2026-09-17 22:40:58 | WARNING  | co2_forecast | Very few sequences (3), LSTM may not train well
2026-09-17 22:40:58 | WARNING  | co2_forecast | Very few sequences (7), LSTM may not train well
2026-09-17 22:40:58 | WARNING  | co2_forecast | Very few sequences (3), LSTM may not train well
2026-09-17 22:40:58 | WARNING  | co2_forecast | Very few sequences (3), LSTM may not train well
2026-09-17 22:40:58 | WARNING  | co2_forecast | Very few sequences (2), LSTM may not train well
2026-09-17 22:40:58 | WARNING  | co2_forecast | Very few sequences (6), LSTM may not train well
2026-09-17 22:40:59 | WARNING  | co2_forecast | Very few sequences (2), LSTM may not train well
2026-09-17 22:40:59 | WARNING  | co2_forecast | Very few sequences (2), LSTM may not train well
2026-09-17 22:40:59 | WARNING  | co2_forecast | Very few sequences (3), LSTM may not train well
2026-09-17 22:40:59 | WARNING  | co2_forecast | Very few sequences (7), LSTM may not train well
2026-09-17 22:40:59 | WARNING  | co2_forecast | Very few sequences (3), LSTM may not train well
2026-09-17 22:40:59 | WARNING  | co2_forecast | Very few sequences (3), LSTM may not train well
2026-09-17 22:41:00 | WARNING  | co2_forecast | Very few sequences (3), LSTM may not train well
2026-09-17 22:41:00 | WARNING  | co2_forecast | Very few sequences (7), LSTM may not train well
2026-09-17 22:41:00 | WARNING  | co2_forecast | Very few sequences (3), LSTM may not train well
2026-09-17 22:41:00 | WARNING  | co2_forecast | Very few sequences (3), LSTM may not train well
2026-09-17 22:41:00 | WARNING  | co2_forecast | Very few sequences (3), LSTM may not train well
2026-09-17 22:41:00 | WARNING  | co2_forecast | Very few sequences (7), LSTM may not train well
2026-09-17 22:41:00 | WARNING  | co2_forecast | Very few sequences (3), LSTM may not train well
2026-09-17 22:41:00 | WARNING  | co2_forecast | Very few sequences (3), LSTM may not train well
2026-09-17 22:41:00 | WARNING  | co2_forecast | Very few sequences (3), LSTM may not train well
2026-09-17 22:41:00 | WARNING  | co2_forecast | Very few sequences (7), LSTM may not train well
2026-09-17 22:41:01 | WARNING  | co2_forecast | Very few sequences (3), LSTM may not train well
2026-09-17 22:41:01 | WARNING  | co2_forecast | Very few sequences (3), LSTM may not train well
2026-09-17 22:41:01 | WARNING  | co2_forecast | Very few sequences (4), LSTM may not train well
2026-09-17 22:41:01 | WARNING  | co2_forecast | Very few sequences (8), LSTM may not train well
2026-09-17 22:41:01 | WARNING  | co2_forecast | Very few sequences (4), LSTM may not train well
2026-09-17 22:41:01 | WARNING  | co2_forecast | Very few sequences (4), LSTM may not train well
2026-09-17 22:41:01 | WARNING  | co2_forecast | Very few sequences (3), LSTM may not train well
2026-09-17 22:41:01 | WARNING  | co2_forecast | Very few sequences (7), LSTM may not train well
2026-09-17 22:41:01 | WARNING  | co2_forecast | Very few sequences (3), LSTM may not train well
2026-09-17 22:41:01 | WARNING  | co2_forecast | Very few sequences (3), LSTM may not train well
2026-09-17 22:41:01 | INFO     | co2_forecast |   Iteration 9: Best fitness = 0.763762
2026-09-17 22:41:01 | INFO     | co2_forecast | PSO complete. Best fitness: 0.763762
2026-09-17 22:41:01 | INFO     | co2_forecast |   Best params: {'lookback': 5, 'hidden_size': 16, 'num_layers': 2, 'dropout': 0.5, 'learning_rate': 0.0001, 'batch_size': 32}
2026-09-17 22:41:01 | INFO     | co2_forecast |   Best fitness: 0.763762
2026-09-17 22:41:01 | INFO     | co2_forecast | [A3_CI_p90_only/panel2_common_period/all_features/lstm] sweep tuning: best_params={'lookback': 5, 'hidden_size': 16, 'num_layers': 2, 'dropout': 0.5, 'learning_rate': 0.0001, 'batch_size': 32}
2026-09-17 22:41:02 | INFO     | co2_forecast |   lstm -> weighted_mase=1.0116797400495967
2026-09-17 22:41:02 | INFO     | co2_forecast | Variant A3_CI_p90_only complete in 47.2s
2026-09-17 22:41:02 | INFO     | co2_forecast | --- Variant A3_CI_std_only: 12 features ---
2026-09-17 22:41:02 | INFO     | co2_forecast | Creating walk-forward splits for 16 valid samples
2026-09-17 22:41:02 | INFO     | co2_forecast | Created 4 CV folds across horizons [1, 2, 4]
2026-09-17 22:41:02 | INFO     | co2_forecast | Built tuning CV plan: 4 folds from 16 rows before 2022-Qq (evaluation cutoff) - isolation OK (max tuning date 2021-Qq)
2026-09-17 22:41:02 | INFO     | co2_forecast | Optimizing ridge...
2026-09-17 22:41:02 | INFO     | co2_forecast | Starting PSO: 8 particles, 10 iterations
2026-09-17 22:41:02 | INFO     | co2_forecast |   Iteration 0: Best fitness = 2.458189
2026-09-17 22:41:02 | INFO     | co2_forecast |   Iteration 5: Best fitness = 2.109244
2026-09-17 22:41:02 | INFO     | co2_forecast |   Iteration 9: Best fitness = 2.109244
2026-09-17 22:41:02 | INFO     | co2_forecast | PSO complete. Best fitness: 2.109244
2026-09-17 22:41:02 | INFO     | co2_forecast |   Best params: {'alpha': 100.0}
2026-09-17 22:41:02 | INFO     | co2_forecast |   Best fitness: 2.109244
2026-09-17 22:41:02 | INFO     | co2_forecast | [A3_CI_std_only/panel2_common_period/all_features/ridge] sweep tuning: best_params={'alpha': 100.0}
2026-09-17 22:41:02 | INFO     | co2_forecast |   ridge -> weighted_mase=0.8748639990200316
2026-09-17 22:41:02 | INFO     | co2_forecast | Creating walk-forward splits for 16 valid samples
2026-09-17 22:41:02 | INFO     | co2_forecast | Created 4 CV folds across horizons [1, 2, 4]
2026-09-17 22:41:02 | INFO     | co2_forecast | Built tuning CV plan: 4 folds from 16 rows before 2022-Qq (evaluation cutoff) - isolation OK (max tuning date 2021-Qq)
2026-09-17 22:41:02 | INFO     | co2_forecast | Optimizing random_forest...
2026-09-17 22:41:02 | INFO     | co2_forecast | Starting PSO: 8 particles, 10 iterations
2026-09-17 22:41:04 | INFO     | co2_forecast |   Iteration 0: Best fitness = 0.671553
2026-09-17 22:41:11 | INFO     | co2_forecast |   Iteration 5: Best fitness = 0.301389
2026-09-17 22:41:17 | INFO     | co2_forecast |   Iteration 9: Best fitness = 0.298513
2026-09-17 22:41:17 | INFO     | co2_forecast | PSO complete. Best fitness: 0.298513
2026-09-17 22:41:17 | INFO     | co2_forecast |   Best params: {'n_estimators': 63, 'max_depth': 3, 'min_samples_split': 2, 'min_samples_leaf': 1}
2026-09-17 22:41:17 | INFO     | co2_forecast |   Best fitness: 0.298513
2026-09-17 22:41:17 | INFO     | co2_forecast | [A3_CI_std_only/panel2_common_period/all_features/random_forest] sweep tuning: best_params={'n_estimators': 63, 'max_depth': 3, 'min_samples_split': 2, 'min_samples_leaf': 1}
2026-09-17 22:41:17 | INFO     | co2_forecast |   random_forest -> weighted_mase=0.7917505085386647
2026-09-17 22:41:17 | INFO     | co2_forecast | Creating walk-forward splits for 16 valid samples
2026-09-17 22:41:17 | INFO     | co2_forecast | Created 4 CV folds across horizons [1, 2, 4]
2026-09-17 22:41:17 | INFO     | co2_forecast | Built tuning CV plan: 4 folds from 16 rows before 2022-Qq (evaluation cutoff) - isolation OK (max tuning date 2021-Qq)
2026-09-17 22:41:17 | INFO     | co2_forecast | Optimizing catboost...
2026-09-17 22:41:17 | INFO     | co2_forecast | Starting PSO: 8 particles, 10 iterations
2026-09-17 22:41:17 | INFO     | co2_forecast |   Iteration 0: Best fitness = 0.340066
2026-09-17 22:41:18 | INFO     | co2_forecast |   Iteration 5: Best fitness = 0.322901
2026-09-17 22:41:18 | INFO     | co2_forecast |   Iteration 9: Best fitness = 0.322901
2026-09-17 22:41:18 | INFO     | co2_forecast | PSO complete. Best fitness: 0.322901
2026-09-17 22:41:18 | INFO     | co2_forecast |   Best params: {'iterations': 74, 'learning_rate': 0.06975296763366054, 'depth': 3, 'l2_leaf_reg': 2.846863525601265}
2026-09-17 22:41:18 | INFO     | co2_forecast |   Best fitness: 0.322901
2026-09-17 22:41:18 | INFO     | co2_forecast | [A3_CI_std_only/panel2_common_period/all_features/catboost] sweep tuning: best_params={'iterations': 74, 'learning_rate': 0.06975296763366054, 'depth': 3, 'l2_leaf_reg': 2.846863525601265}
2026-09-17 22:41:18 | INFO     | co2_forecast |   catboost -> weighted_mase=0.7672863540163338
2026-09-17 22:41:18 | INFO     | co2_forecast | Creating walk-forward splits for 16 valid samples
2026-09-17 22:41:18 | INFO     | co2_forecast | Created 4 CV folds across horizons [1, 2, 4]
2026-09-17 22:41:18 | INFO     | co2_forecast | Built tuning CV plan: 4 folds from 16 rows before 2022-Qq (evaluation cutoff) - isolation OK (max tuning date 2021-Qq)
2026-09-17 22:41:18 | INFO     | co2_forecast | Optimizing lightgbm...
2026-09-17 22:41:18 | INFO     | co2_forecast | Starting PSO: 8 particles, 10 iterations
2026-09-17 22:41:19 | INFO     | co2_forecast |   Iteration 0: Best fitness = 0.768990
2026-09-17 22:41:20 | INFO     | co2_forecast |   Iteration 5: Best fitness = 0.655353
2026-09-17 22:41:21 | INFO     | co2_forecast |   Iteration 9: Best fitness = 0.644572
2026-09-17 22:41:21 | INFO     | co2_forecast | PSO complete. Best fitness: 0.644572
2026-09-17 22:41:21 | INFO     | co2_forecast |   Best params: {'n_estimators': 50, 'learning_rate': 0.24875557248327107, 'num_leaves': 127, 'max_depth': 3, 'min_child_samples': 5, 'reg_alpha': 0.09419715994303053, 'reg_lambda': 1.6116769810147058}
2026-09-17 22:41:21 | INFO     | co2_forecast |   Best fitness: 0.644572
2026-09-17 22:41:21 | INFO     | co2_forecast | [A3_CI_std_only/panel2_common_period/all_features/lightgbm] sweep tuning: best_params={'n_estimators': 50, 'learning_rate': 0.24875557248327107, 'num_leaves': 127, 'max_depth': 3, 'min_child_samples': 5, 'reg_alpha': 0.09419715994303053, 'reg_lambda': 1.6116769810147058}
2026-09-17 22:41:21 | INFO     | co2_forecast |   lightgbm -> weighted_mase=0.6618980048033246
2026-09-17 22:41:21 | INFO     | co2_forecast | Creating walk-forward splits for 16 valid samples
2026-09-17 22:41:21 | INFO     | co2_forecast | Created 4 CV folds across horizons [1, 2, 4]
2026-09-17 22:41:21 | INFO     | co2_forecast | Built tuning CV plan: 4 folds from 16 rows before 2022-Qq (evaluation cutoff) - isolation OK (max tuning date 2021-Qq)
2026-09-17 22:41:21 | INFO     | co2_forecast | Optimizing lstm...
2026-09-17 22:41:21 | INFO     | co2_forecast | Starting PSO: 8 particles, 10 iterations
2026-09-17 22:41:21 | WARNING  | co2_forecast | Model training failed with params {'lookback': 7, 'hidden_size': 62, 'num_layers': 2, 'dropout': 0.3394633936788147, 'learning_rate': 0.0016445845403801217, 'batch_size': 8}: LSTM.fit: training data has 8 rows, giving only 1 sequence(s) with lookback=7; at least 2 are required (one is always reserved for validation). Reduce lookback or provide more training history.
2026-09-17 22:41:21 | WARNING  | co2_forecast | Model training failed with params {'lookback': 11, 'hidden_size': 26, 'num_layers': 1, 'dropout': 0.17336180394137354, 'learning_rate': 0.0031119982052994237, 'batch_size': 16}: LSTM.fit: training data has 8 rows, giving only 0 sequence(s) with lookback=11; at least 2 are required (one is always reserved for validation). Reduce lookback or provide more training history.
2026-09-17 22:41:21 | WARNING  | co2_forecast | Model training failed with params {'lookback': 8, 'hidden_size': 54, 'num_layers': 1, 'dropout': 0.3056937753654447, 'learning_rate': 0.005964904231734221, 'batch_size': 8}: LSTM.fit: training data has 8 rows, giving only 0 sequence(s) with lookback=8; at least 2 are required (one is always reserved for validation). Reduce lookback or provide more training history.
2026-09-17 22:41:21 | WARNING  | co2_forecast | Very few sequences (2), LSTM may not train well
2026-09-17 22:41:21 | WARNING  | co2_forecast | Very few sequences (6), LSTM may not train well
2026-09-17 22:41:21 | WARNING  | co2_forecast | Very few sequences (2), LSTM may not train well
2026-09-17 22:41:21 | WARNING  | co2_forecast | Very few sequences (2), LSTM may not train well
2026-09-17 22:41:21 | WARNING  | co2_forecast | Model training failed with params {'lookback': 8, 'hidden_size': 25, 'num_layers': 2, 'dropout': 0.4100531293444458, 'learning_rate': 0.009401039521485473, 'batch_size': 32}: LSTM.fit: training data has 8 rows, giving only 0 sequence(s) with lookback=8; at least 2 are required (one is always reserved for validation). Reduce lookback or provide more training history.
2026-09-17 22:41:21 | WARNING  | co2_forecast | Model training failed with params {'lookback': 7, 'hidden_size': 29, 'num_layers': 2, 'dropout': 0.2427013306774357, 'learning_rate': 0.00288125164590507, 'batch_size': 16}: LSTM.fit: training data has 8 rows, giving only 1 sequence(s) with lookback=7; at least 2 are required (one is always reserved for validation). Reduce lookback or provide more training history.
2026-09-17 22:41:21 | WARNING  | co2_forecast | Very few sequences (4), LSTM may not train well
2026-09-17 22:41:21 | WARNING  | co2_forecast | Very few sequences (8), LSTM may not train well
2026-09-17 22:41:21 | WARNING  | co2_forecast | Very few sequences (4), LSTM may not train well
2026-09-17 22:41:21 | WARNING  | co2_forecast | Very few sequences (4), LSTM may not train well
2026-09-17 22:41:21 | WARNING  | co2_forecast | Very few sequences (2), LSTM may not train well
2026-09-17 22:41:21 | WARNING  | co2_forecast | Very few sequences (6), LSTM may not train well
2026-09-17 22:41:21 | WARNING  | co2_forecast | Very few sequences (2), LSTM may not train well
2026-09-17 22:41:21 | WARNING  | co2_forecast | Very few sequences (2), LSTM may not train well
2026-09-17 22:41:21 | INFO     | co2_forecast |   Iteration 0: Best fitness = 1.064349
2026-09-17 22:41:21 | WARNING  | co2_forecast | Very few sequences (3), LSTM may not train well
2026-09-17 22:41:21 | WARNING  | co2_forecast | Very few sequences (7), LSTM may not train well
2026-09-17 22:41:21 | WARNING  | co2_forecast | Very few sequences (3), LSTM may not train well
2026-09-17 22:41:22 | WARNING  | co2_forecast | Very few sequences (3), LSTM may not train well
2026-09-17 22:41:22 | WARNING  | co2_forecast | Very few sequences (2), LSTM may not train well
2026-09-17 22:41:22 | WARNING  | co2_forecast | Very few sequences (6), LSTM may not train well
2026-09-17 22:41:22 | WARNING  | co2_forecast | Very few sequences (2), LSTM may not train well
2026-09-17 22:41:22 | WARNING  | co2_forecast | Very few sequences (2), LSTM may not train well
2026-09-17 22:41:22 | WARNING  | co2_forecast | Model training failed with params {'lookback': 8, 'hidden_size': 44, 'num_layers': 1, 'dropout': 0.32389753899663415, 'learning_rate': 0.005520634690128072, 'batch_size': 8}: LSTM.fit: training data has 8 rows, giving only 0 sequence(s) with lookback=8; at least 2 are required (one is always reserved for validation). Reduce lookback or provide more training history.
2026-09-17 22:41:22 | WARNING  | co2_forecast | Very few sequences (3), LSTM may not train well
2026-09-17 22:41:22 | WARNING  | co2_forecast | Very few sequences (7), LSTM may not train well
2026-09-17 22:41:22 | WARNING  | co2_forecast | Very few sequences (3), LSTM may not train well
2026-09-17 22:41:22 | WARNING  | co2_forecast | Very few sequences (3), LSTM may not train well
2026-09-17 22:41:22 | WARNING  | co2_forecast | Very few sequences (2), LSTM may not train well
2026-09-17 22:41:22 | WARNING  | co2_forecast | Very few sequences (6), LSTM may not train well
2026-09-17 22:41:22 | WARNING  | co2_forecast | Very few sequences (2), LSTM may not train well
2026-09-17 22:41:23 | WARNING  | co2_forecast | Very few sequences (2), LSTM may not train well
2026-09-17 22:41:23 | WARNING  | co2_forecast | Very few sequences (3), LSTM may not train well
2026-09-17 22:41:23 | WARNING  | co2_forecast | Very few sequences (7), LSTM may not train well
2026-09-17 22:41:23 | WARNING  | co2_forecast | Very few sequences (3), LSTM may not train well
2026-09-17 22:41:23 | WARNING  | co2_forecast | Very few sequences (3), LSTM may not train well
2026-09-17 22:41:23 | WARNING  | co2_forecast | Very few sequences (4), LSTM may not train well
2026-09-17 22:41:23 | WARNING  | co2_forecast | Very few sequences (8), LSTM may not train well
2026-09-17 22:41:23 | WARNING  | co2_forecast | Very few sequences (4), LSTM may not train well
2026-09-17 22:41:23 | WARNING  | co2_forecast | Very few sequences (4), LSTM may not train well
2026-09-17 22:41:23 | WARNING  | co2_forecast | Very few sequences (2), LSTM may not train well
2026-09-17 22:41:23 | WARNING  | co2_forecast | Very few sequences (6), LSTM may not train well
2026-09-17 22:41:23 | WARNING  | co2_forecast | Very few sequences (2), LSTM may not train well
2026-09-17 22:41:23 | WARNING  | co2_forecast | Very few sequences (2), LSTM may not train well
2026-09-17 22:41:23 | WARNING  | co2_forecast | Very few sequences (3), LSTM may not train well
2026-09-17 22:41:23 | WARNING  | co2_forecast | Very few sequences (7), LSTM may not train well
2026-09-17 22:41:24 | WARNING  | co2_forecast | Very few sequences (3), LSTM may not train well
2026-09-17 22:41:24 | WARNING  | co2_forecast | Very few sequences (3), LSTM may not train well
2026-09-17 22:41:24 | WARNING  | co2_forecast | Very few sequences (4), LSTM may not train well
2026-09-17 22:41:24 | WARNING  | co2_forecast | Very few sequences (8), LSTM may not train well
2026-09-17 22:41:24 | WARNING  | co2_forecast | Very few sequences (4), LSTM may not train well
2026-09-17 22:41:24 | WARNING  | co2_forecast | Very few sequences (4), LSTM may not train well
2026-09-17 22:41:24 | WARNING  | co2_forecast | Model training failed with params {'lookback': 7, 'hidden_size': 35, 'num_layers': 1, 'dropout': 0.31512819649180424, 'learning_rate': 0.004065945490368326, 'batch_size': 8}: LSTM.fit: training data has 8 rows, giving only 1 sequence(s) with lookback=7; at least 2 are required (one is always reserved for validation). Reduce lookback or provide more training history.
2026-09-17 22:41:24 | WARNING  | co2_forecast | Very few sequences (2), LSTM may not train well
2026-09-17 22:41:24 | WARNING  | co2_forecast | Very few sequences (6), LSTM may not train well
2026-09-17 22:41:24 | WARNING  | co2_forecast | Very few sequences (2), LSTM may not train well
2026-09-17 22:41:25 | WARNING  | co2_forecast | Very few sequences (2), LSTM may not train well
2026-09-17 22:41:25 | WARNING  | co2_forecast | Very few sequences (3), LSTM may not train well
2026-09-17 22:41:25 | WARNING  | co2_forecast | Very few sequences (7), LSTM may not train well
2026-09-17 22:41:25 | WARNING  | co2_forecast | Very few sequences (3), LSTM may not train well
2026-09-17 22:41:25 | WARNING  | co2_forecast | Very few sequences (3), LSTM may not train well
2026-09-17 22:41:25 | WARNING  | co2_forecast | Very few sequences (3), LSTM may not train well
2026-09-17 22:41:25 | WARNING  | co2_forecast | Very few sequences (7), LSTM may not train well
2026-09-17 22:41:26 | WARNING  | co2_forecast | Very few sequences (3), LSTM may not train well
2026-09-17 22:41:26 | WARNING  | co2_forecast | Very few sequences (3), LSTM may not train well
2026-09-17 22:41:26 | WARNING  | co2_forecast | Very few sequences (3), LSTM may not train well
2026-09-17 22:41:26 | WARNING  | co2_forecast | Very few sequences (7), LSTM may not train well
2026-09-17 22:41:26 | WARNING  | co2_forecast | Very few sequences (3), LSTM may not train well
2026-09-17 22:41:26 | WARNING  | co2_forecast | Very few sequences (3), LSTM may not train well
2026-09-17 22:41:26 | WARNING  | co2_forecast | Very few sequences (2), LSTM may not train well
2026-09-17 22:41:26 | WARNING  | co2_forecast | Very few sequences (6), LSTM may not train well
2026-09-17 22:41:26 | WARNING  | co2_forecast | Very few sequences (2), LSTM may not train well
2026-09-17 22:41:26 | WARNING  | co2_forecast | Very few sequences (2), LSTM may not train well
2026-09-17 22:41:26 | WARNING  | co2_forecast | Very few sequences (3), LSTM may not train well
2026-09-17 22:41:26 | WARNING  | co2_forecast | Very few sequences (7), LSTM may not train well
2026-09-17 22:41:26 | WARNING  | co2_forecast | Very few sequences (3), LSTM may not train well
2026-09-17 22:41:27 | WARNING  | co2_forecast | Very few sequences (3), LSTM may not train well
2026-09-17 22:41:27 | WARNING  | co2_forecast | Very few sequences (4), LSTM may not train well
2026-09-17 22:41:27 | WARNING  | co2_forecast | Very few sequences (8), LSTM may not train well
2026-09-17 22:41:27 | WARNING  | co2_forecast | Very few sequences (4), LSTM may not train well
2026-09-17 22:41:27 | WARNING  | co2_forecast | Very few sequences (4), LSTM may not train well
2026-09-17 22:41:27 | WARNING  | co2_forecast | Very few sequences (2), LSTM may not train well
2026-09-17 22:41:27 | WARNING  | co2_forecast | Very few sequences (6), LSTM may not train well
2026-09-17 22:41:27 | WARNING  | co2_forecast | Very few sequences (2), LSTM may not train well
2026-09-17 22:41:27 | WARNING  | co2_forecast | Very few sequences (2), LSTM may not train well
2026-09-17 22:41:27 | WARNING  | co2_forecast | Very few sequences (3), LSTM may not train well
2026-09-17 22:41:27 | WARNING  | co2_forecast | Very few sequences (7), LSTM may not train well
2026-09-17 22:41:27 | WARNING  | co2_forecast | Very few sequences (3), LSTM may not train well
2026-09-17 22:41:27 | WARNING  | co2_forecast | Very few sequences (3), LSTM may not train well
2026-09-17 22:41:27 | WARNING  | co2_forecast | Very few sequences (4), LSTM may not train well
2026-09-17 22:41:27 | WARNING  | co2_forecast | Very few sequences (8), LSTM may not train well
2026-09-17 22:41:28 | WARNING  | co2_forecast | Very few sequences (4), LSTM may not train well
2026-09-17 22:41:28 | WARNING  | co2_forecast | Very few sequences (4), LSTM may not train well
2026-09-17 22:41:28 | WARNING  | co2_forecast | Very few sequences (3), LSTM may not train well
2026-09-17 22:41:28 | WARNING  | co2_forecast | Very few sequences (7), LSTM may not train well
2026-09-17 22:41:28 | WARNING  | co2_forecast | Very few sequences (3), LSTM may not train well
2026-09-17 22:41:28 | WARNING  | co2_forecast | Very few sequences (3), LSTM may not train well
2026-09-17 22:41:28 | WARNING  | co2_forecast | Very few sequences (4), LSTM may not train well
2026-09-17 22:41:28 | WARNING  | co2_forecast | Very few sequences (8), LSTM may not train well
2026-09-17 22:41:28 | WARNING  | co2_forecast | Very few sequences (4), LSTM may not train well
2026-09-17 22:41:28 | WARNING  | co2_forecast | Very few sequences (4), LSTM may not train well
2026-09-17 22:41:28 | WARNING  | co2_forecast | Very few sequences (2), LSTM may not train well
2026-09-17 22:41:28 | WARNING  | co2_forecast | Very few sequences (6), LSTM may not train well
2026-09-17 22:41:28 | WARNING  | co2_forecast | Very few sequences (2), LSTM may not train well
2026-09-17 22:41:29 | WARNING  | co2_forecast | Very few sequences (2), LSTM may not train well
2026-09-17 22:41:29 | WARNING  | co2_forecast | Very few sequences (3), LSTM may not train well
2026-09-17 22:41:29 | WARNING  | co2_forecast | Very few sequences (7), LSTM may not train well
2026-09-17 22:41:29 | WARNING  | co2_forecast | Very few sequences (3), LSTM may not train well
2026-09-17 22:41:29 | WARNING  | co2_forecast | Very few sequences (3), LSTM may not train well
2026-09-17 22:41:29 | WARNING  | co2_forecast | Very few sequences (4), LSTM may not train well
2026-09-17 22:41:29 | WARNING  | co2_forecast | Very few sequences (8), LSTM may not train well
2026-09-17 22:41:29 | WARNING  | co2_forecast | Very few sequences (4), LSTM may not train well
2026-09-17 22:41:29 | WARNING  | co2_forecast | Very few sequences (4), LSTM may not train well
2026-09-17 22:41:29 | WARNING  | co2_forecast | Very few sequences (3), LSTM may not train well
2026-09-17 22:41:29 | WARNING  | co2_forecast | Very few sequences (7), LSTM may not train well
2026-09-17 22:41:29 | WARNING  | co2_forecast | Very few sequences (3), LSTM may not train well
2026-09-17 22:41:30 | WARNING  | co2_forecast | Very few sequences (3), LSTM may not train well
2026-09-17 22:41:30 | WARNING  | co2_forecast | Very few sequences (3), LSTM may not train well
2026-09-17 22:41:30 | WARNING  | co2_forecast | Very few sequences (7), LSTM may not train well
2026-09-17 22:41:30 | WARNING  | co2_forecast | Very few sequences (3), LSTM may not train well
2026-09-17 22:41:30 | WARNING  | co2_forecast | Very few sequences (3), LSTM may not train well
2026-09-17 22:41:30 | WARNING  | co2_forecast | Very few sequences (4), LSTM may not train well
2026-09-17 22:41:30 | WARNING  | co2_forecast | Very few sequences (8), LSTM may not train well
2026-09-17 22:41:30 | WARNING  | co2_forecast | Very few sequences (4), LSTM may not train well
2026-09-17 22:41:30 | WARNING  | co2_forecast | Very few sequences (4), LSTM may not train well
2026-09-17 22:41:30 | WARNING  | co2_forecast | Very few sequences (3), LSTM may not train well
2026-09-17 22:41:30 | WARNING  | co2_forecast | Very few sequences (7), LSTM may not train well
2026-09-17 22:41:30 | WARNING  | co2_forecast | Very few sequences (3), LSTM may not train well
2026-09-17 22:41:31 | WARNING  | co2_forecast | Very few sequences (3), LSTM may not train well
2026-09-17 22:41:31 | WARNING  | co2_forecast | Very few sequences (4), LSTM may not train well
2026-09-17 22:41:31 | WARNING  | co2_forecast | Very few sequences (8), LSTM may not train well
2026-09-17 22:41:31 | WARNING  | co2_forecast | Very few sequences (4), LSTM may not train well
2026-09-17 22:41:31 | WARNING  | co2_forecast | Very few sequences (4), LSTM may not train well
2026-09-17 22:41:31 | WARNING  | co2_forecast | Very few sequences (3), LSTM may not train well
2026-09-17 22:41:31 | WARNING  | co2_forecast | Very few sequences (7), LSTM may not train well
2026-09-17 22:41:31 | WARNING  | co2_forecast | Very few sequences (3), LSTM may not train well
2026-09-17 22:41:31 | WARNING  | co2_forecast | Very few sequences (3), LSTM may not train well
2026-09-17 22:41:31 | WARNING  | co2_forecast | Very few sequences (3), LSTM may not train well
2026-09-17 22:41:31 | WARNING  | co2_forecast | Very few sequences (7), LSTM may not train well
2026-09-17 22:41:31 | WARNING  | co2_forecast | Very few sequences (3), LSTM may not train well
2026-09-17 22:41:32 | WARNING  | co2_forecast | Very few sequences (3), LSTM may not train well
2026-09-17 22:41:32 | WARNING  | co2_forecast | Very few sequences (3), LSTM may not train well
2026-09-17 22:41:32 | WARNING  | co2_forecast | Very few sequences (7), LSTM may not train well
2026-09-17 22:41:32 | WARNING  | co2_forecast | Very few sequences (3), LSTM may not train well
2026-09-17 22:41:32 | WARNING  | co2_forecast | Very few sequences (3), LSTM may not train well
2026-09-17 22:41:32 | WARNING  | co2_forecast | Very few sequences (3), LSTM may not train well
2026-09-17 22:41:32 | WARNING  | co2_forecast | Very few sequences (7), LSTM may not train well
2026-09-17 22:41:32 | WARNING  | co2_forecast | Very few sequences (3), LSTM may not train well
2026-09-17 22:41:32 | WARNING  | co2_forecast | Very few sequences (3), LSTM may not train well
2026-09-17 22:41:32 | WARNING  | co2_forecast | Very few sequences (3), LSTM may not train well
2026-09-17 22:41:32 | WARNING  | co2_forecast | Very few sequences (7), LSTM may not train well
2026-09-17 22:41:33 | WARNING  | co2_forecast | Very few sequences (3), LSTM may not train well
2026-09-17 22:41:33 | WARNING  | co2_forecast | Very few sequences (3), LSTM may not train well
2026-09-17 22:41:33 | WARNING  | co2_forecast | Very few sequences (3), LSTM may not train well
2026-09-17 22:41:33 | WARNING  | co2_forecast | Very few sequences (7), LSTM may not train well
2026-09-17 22:41:33 | WARNING  | co2_forecast | Very few sequences (3), LSTM may not train well
2026-09-17 22:41:33 | WARNING  | co2_forecast | Very few sequences (3), LSTM may not train well
2026-09-17 22:41:33 | WARNING  | co2_forecast | Very few sequences (3), LSTM may not train well
2026-09-17 22:41:33 | WARNING  | co2_forecast | Very few sequences (7), LSTM may not train well
2026-09-17 22:41:33 | WARNING  | co2_forecast | Very few sequences (3), LSTM may not train well
2026-09-17 22:41:34 | WARNING  | co2_forecast | Very few sequences (3), LSTM may not train well
2026-09-17 22:41:34 | WARNING  | co2_forecast | Very few sequences (4), LSTM may not train well
2026-09-17 22:41:34 | WARNING  | co2_forecast | Very few sequences (8), LSTM may not train well
2026-09-17 22:41:34 | WARNING  | co2_forecast | Very few sequences (4), LSTM may not train well
2026-09-17 22:41:34 | WARNING  | co2_forecast | Very few sequences (4), LSTM may not train well
2026-09-17 22:41:34 | WARNING  | co2_forecast | Very few sequences (3), LSTM may not train well
2026-09-17 22:41:34 | WARNING  | co2_forecast | Very few sequences (7), LSTM may not train well
2026-09-17 22:41:34 | WARNING  | co2_forecast | Very few sequences (3), LSTM may not train well
2026-09-17 22:41:34 | WARNING  | co2_forecast | Very few sequences (3), LSTM may not train well
2026-09-17 22:41:34 | INFO     | co2_forecast |   Iteration 5: Best fitness = 0.767790
2026-09-17 22:41:34 | WARNING  | co2_forecast | Very few sequences (3), LSTM may not train well
2026-09-17 22:41:34 | WARNING  | co2_forecast | Very few sequences (7), LSTM may not train well
2026-09-17 22:41:34 | WARNING  | co2_forecast | Very few sequences (3), LSTM may not train well
2026-09-17 22:41:34 | WARNING  | co2_forecast | Very few sequences (3), LSTM may not train well
2026-09-17 22:41:34 | WARNING  | co2_forecast | Very few sequences (2), LSTM may not train well
2026-09-17 22:41:35 | WARNING  | co2_forecast | Very few sequences (6), LSTM may not train well
2026-09-17 22:41:35 | WARNING  | co2_forecast | Very few sequences (2), LSTM may not train well
2026-09-17 22:41:35 | WARNING  | co2_forecast | Very few sequences (2), LSTM may not train well
2026-09-17 22:41:35 | WARNING  | co2_forecast | Very few sequences (3), LSTM may not train well
2026-09-17 22:41:35 | WARNING  | co2_forecast | Very few sequences (7), LSTM may not train well
2026-09-17 22:41:35 | WARNING  | co2_forecast | Very few sequences (3), LSTM may not train well
2026-09-17 22:41:35 | WARNING  | co2_forecast | Very few sequences (3), LSTM may not train well
2026-09-17 22:41:36 | WARNING  | co2_forecast | Very few sequences (3), LSTM may not train well
2026-09-17 22:41:36 | WARNING  | co2_forecast | Very few sequences (7), LSTM may not train well
2026-09-17 22:41:36 | WARNING  | co2_forecast | Very few sequences (3), LSTM may not train well
2026-09-17 22:41:36 | WARNING  | co2_forecast | Very few sequences (3), LSTM may not train well
2026-09-17 22:41:36 | WARNING  | co2_forecast | Very few sequences (2), LSTM may not train well
2026-09-17 22:41:36 | WARNING  | co2_forecast | Very few sequences (6), LSTM may not train well
2026-09-17 22:41:36 | WARNING  | co2_forecast | Very few sequences (2), LSTM may not train well
2026-09-17 22:41:36 | WARNING  | co2_forecast | Very few sequences (2), LSTM may not train well
2026-09-17 22:41:37 | WARNING  | co2_forecast | Very few sequences (3), LSTM may not train well
2026-09-17 22:41:37 | WARNING  | co2_forecast | Very few sequences (7), LSTM may not train well
2026-09-17 22:41:37 | WARNING  | co2_forecast | Very few sequences (3), LSTM may not train well
2026-09-17 22:41:37 | WARNING  | co2_forecast | Very few sequences (3), LSTM may not train well
2026-09-17 22:41:37 | WARNING  | co2_forecast | Very few sequences (4), LSTM may not train well
2026-09-17 22:41:37 | WARNING  | co2_forecast | Very few sequences (8), LSTM may not train well
2026-09-17 22:41:37 | WARNING  | co2_forecast | Very few sequences (4), LSTM may not train well
2026-09-17 22:41:37 | WARNING  | co2_forecast | Very few sequences (4), LSTM may not train well
2026-09-17 22:41:37 | WARNING  | co2_forecast | Very few sequences (3), LSTM may not train well
2026-09-17 22:41:37 | WARNING  | co2_forecast | Very few sequences (7), LSTM may not train well
2026-09-17 22:41:37 | WARNING  | co2_forecast | Very few sequences (3), LSTM may not train well
2026-09-17 22:41:38 | WARNING  | co2_forecast | Very few sequences (3), LSTM may not train well
2026-09-17 22:41:38 | WARNING  | co2_forecast | Very few sequences (3), LSTM may not train well
2026-09-17 22:41:38 | WARNING  | co2_forecast | Very few sequences (7), LSTM may not train well
2026-09-17 22:41:38 | WARNING  | co2_forecast | Very few sequences (3), LSTM may not train well
2026-09-17 22:41:38 | WARNING  | co2_forecast | Very few sequences (3), LSTM may not train well
2026-09-17 22:41:38 | WARNING  | co2_forecast | Very few sequences (4), LSTM may not train well
2026-09-17 22:41:38 | WARNING  | co2_forecast | Very few sequences (8), LSTM may not train well
2026-09-17 22:41:38 | WARNING  | co2_forecast | Very few sequences (4), LSTM may not train well
2026-09-17 22:41:38 | WARNING  | co2_forecast | Very few sequences (4), LSTM may not train well
2026-09-17 22:41:38 | WARNING  | co2_forecast | Very few sequences (3), LSTM may not train well
2026-09-17 22:41:38 | WARNING  | co2_forecast | Very few sequences (7), LSTM may not train well
2026-09-17 22:41:39 | WARNING  | co2_forecast | Very few sequences (3), LSTM may not train well
2026-09-17 22:41:39 | WARNING  | co2_forecast | Very few sequences (3), LSTM may not train well
2026-09-17 22:41:39 | WARNING  | co2_forecast | Very few sequences (3), LSTM may not train well
2026-09-17 22:41:39 | WARNING  | co2_forecast | Very few sequences (7), LSTM may not train well
2026-09-17 22:41:39 | WARNING  | co2_forecast | Very few sequences (3), LSTM may not train well
2026-09-17 22:41:39 | WARNING  | co2_forecast | Very few sequences (3), LSTM may not train well
2026-09-17 22:41:39 | WARNING  | co2_forecast | Very few sequences (3), LSTM may not train well
2026-09-17 22:41:39 | WARNING  | co2_forecast | Very few sequences (7), LSTM may not train well
2026-09-17 22:41:39 | WARNING  | co2_forecast | Very few sequences (3), LSTM may not train well
2026-09-17 22:41:40 | WARNING  | co2_forecast | Very few sequences (3), LSTM may not train well
2026-09-17 22:41:40 | WARNING  | co2_forecast | Very few sequences (3), LSTM may not train well
2026-09-17 22:41:40 | WARNING  | co2_forecast | Very few sequences (7), LSTM may not train well
2026-09-17 22:41:40 | WARNING  | co2_forecast | Very few sequences (3), LSTM may not train well
2026-09-17 22:41:40 | WARNING  | co2_forecast | Very few sequences (3), LSTM may not train well
2026-09-17 22:41:40 | WARNING  | co2_forecast | Very few sequences (3), LSTM may not train well
2026-09-17 22:41:40 | WARNING  | co2_forecast | Very few sequences (7), LSTM may not train well
2026-09-17 22:41:40 | WARNING  | co2_forecast | Very few sequences (3), LSTM may not train well
2026-09-17 22:41:40 | WARNING  | co2_forecast | Very few sequences (3), LSTM may not train well
2026-09-17 22:41:40 | WARNING  | co2_forecast | Very few sequences (3), LSTM may not train well
2026-09-17 22:41:40 | WARNING  | co2_forecast | Very few sequences (7), LSTM may not train well
2026-09-17 22:41:40 | WARNING  | co2_forecast | Very few sequences (3), LSTM may not train well
2026-09-17 22:41:41 | WARNING  | co2_forecast | Very few sequences (3), LSTM may not train well
2026-09-17 22:41:41 | WARNING  | co2_forecast | Very few sequences (3), LSTM may not train well
2026-09-17 22:41:41 | WARNING  | co2_forecast | Very few sequences (7), LSTM may not train well
2026-09-17 22:41:41 | WARNING  | co2_forecast | Very few sequences (3), LSTM may not train well
2026-09-17 22:41:41 | WARNING  | co2_forecast | Very few sequences (3), LSTM may not train well
2026-09-17 22:41:41 | WARNING  | co2_forecast | Very few sequences (3), LSTM may not train well
2026-09-17 22:41:41 | WARNING  | co2_forecast | Very few sequences (7), LSTM may not train well
2026-09-17 22:41:41 | WARNING  | co2_forecast | Very few sequences (3), LSTM may not train well
2026-09-17 22:41:41 | WARNING  | co2_forecast | Very few sequences (3), LSTM may not train well
2026-09-17 22:41:41 | WARNING  | co2_forecast | Very few sequences (3), LSTM may not train well
2026-09-17 22:41:41 | WARNING  | co2_forecast | Very few sequences (7), LSTM may not train well
2026-09-17 22:41:42 | WARNING  | co2_forecast | Very few sequences (3), LSTM may not train well
2026-09-17 22:41:42 | WARNING  | co2_forecast | Very few sequences (3), LSTM may not train well
2026-09-17 22:41:42 | WARNING  | co2_forecast | Very few sequences (3), LSTM may not train well
2026-09-17 22:41:42 | WARNING  | co2_forecast | Very few sequences (7), LSTM may not train well
2026-09-17 22:41:42 | WARNING  | co2_forecast | Very few sequences (3), LSTM may not train well
2026-09-17 22:41:42 | WARNING  | co2_forecast | Very few sequences (3), LSTM may not train well
2026-09-17 22:41:42 | WARNING  | co2_forecast | Very few sequences (4), LSTM may not train well
2026-09-17 22:41:42 | WARNING  | co2_forecast | Very few sequences (8), LSTM may not train well
2026-09-17 22:41:42 | WARNING  | co2_forecast | Very few sequences (4), LSTM may not train well
2026-09-17 22:41:43 | WARNING  | co2_forecast | Very few sequences (4), LSTM may not train well
2026-09-17 22:41:43 | WARNING  | co2_forecast | Very few sequences (3), LSTM may not train well
2026-09-17 22:41:43 | WARNING  | co2_forecast | Very few sequences (7), LSTM may not train well
2026-09-17 22:41:43 | WARNING  | co2_forecast | Very few sequences (3), LSTM may not train well
2026-09-17 22:41:43 | WARNING  | co2_forecast | Very few sequences (3), LSTM may not train well
2026-09-17 22:41:43 | WARNING  | co2_forecast | Very few sequences (4), LSTM may not train well
2026-09-17 22:41:43 | WARNING  | co2_forecast | Very few sequences (8), LSTM may not train well
2026-09-17 22:41:43 | WARNING  | co2_forecast | Very few sequences (4), LSTM may not train well
2026-09-17 22:41:43 | WARNING  | co2_forecast | Very few sequences (4), LSTM may not train well
2026-09-17 22:41:43 | WARNING  | co2_forecast | Very few sequences (3), LSTM may not train well
2026-09-17 22:41:43 | WARNING  | co2_forecast | Very few sequences (7), LSTM may not train well
2026-09-17 22:41:43 | WARNING  | co2_forecast | Very few sequences (3), LSTM may not train well
2026-09-17 22:41:44 | WARNING  | co2_forecast | Very few sequences (3), LSTM may not train well
2026-09-17 22:41:44 | WARNING  | co2_forecast | Very few sequences (3), LSTM may not train well
2026-09-17 22:41:44 | WARNING  | co2_forecast | Very few sequences (7), LSTM may not train well
2026-09-17 22:41:44 | WARNING  | co2_forecast | Very few sequences (3), LSTM may not train well
2026-09-17 22:41:44 | WARNING  | co2_forecast | Very few sequences (3), LSTM may not train well
2026-09-17 22:41:44 | WARNING  | co2_forecast | Very few sequences (2), LSTM may not train well
2026-09-17 22:41:44 | WARNING  | co2_forecast | Very few sequences (6), LSTM may not train well
2026-09-17 22:41:44 | WARNING  | co2_forecast | Very few sequences (2), LSTM may not train well
2026-09-17 22:41:44 | WARNING  | co2_forecast | Very few sequences (2), LSTM may not train well
2026-09-17 22:41:45 | WARNING  | co2_forecast | Very few sequences (3), LSTM may not train well
2026-09-17 22:41:45 | WARNING  | co2_forecast | Very few sequences (7), LSTM may not train well
2026-09-17 22:41:45 | WARNING  | co2_forecast | Very few sequences (3), LSTM may not train well
2026-09-17 22:41:45 | WARNING  | co2_forecast | Very few sequences (3), LSTM may not train well
2026-09-17 22:41:45 | WARNING  | co2_forecast | Very few sequences (3), LSTM may not train well
2026-09-17 22:41:45 | WARNING  | co2_forecast | Very few sequences (7), LSTM may not train well
2026-09-17 22:41:45 | WARNING  | co2_forecast | Very few sequences (3), LSTM may not train well
2026-09-17 22:41:45 | WARNING  | co2_forecast | Very few sequences (3), LSTM may not train well
2026-09-17 22:41:45 | WARNING  | co2_forecast | Very few sequences (3), LSTM may not train well
2026-09-17 22:41:45 | WARNING  | co2_forecast | Very few sequences (7), LSTM may not train well
2026-09-17 22:41:46 | WARNING  | co2_forecast | Very few sequences (3), LSTM may not train well
2026-09-17 22:41:46 | WARNING  | co2_forecast | Very few sequences (3), LSTM may not train well
2026-09-17 22:41:46 | WARNING  | co2_forecast | Very few sequences (3), LSTM may not train well
2026-09-17 22:41:46 | WARNING  | co2_forecast | Very few sequences (7), LSTM may not train well
2026-09-17 22:41:46 | WARNING  | co2_forecast | Very few sequences (3), LSTM may not train well
2026-09-17 22:41:46 | WARNING  | co2_forecast | Very few sequences (3), LSTM may not train well
2026-09-17 22:41:46 | WARNING  | co2_forecast | Very few sequences (4), LSTM may not train well
2026-09-17 22:41:46 | WARNING  | co2_forecast | Very few sequences (8), LSTM may not train well
2026-09-17 22:41:46 | WARNING  | co2_forecast | Very few sequences (4), LSTM may not train well
2026-09-17 22:41:46 | WARNING  | co2_forecast | Very few sequences (4), LSTM may not train well
2026-09-17 22:41:46 | WARNING  | co2_forecast | Very few sequences (3), LSTM may not train well
2026-09-17 22:41:46 | WARNING  | co2_forecast | Very few sequences (7), LSTM may not train well
2026-09-17 22:41:47 | WARNING  | co2_forecast | Very few sequences (3), LSTM may not train well
2026-09-17 22:41:47 | WARNING  | co2_forecast | Very few sequences (3), LSTM may not train well
2026-09-17 22:41:47 | INFO     | co2_forecast |   Iteration 9: Best fitness = 0.764282
2026-09-17 22:41:47 | INFO     | co2_forecast | PSO complete. Best fitness: 0.764282
2026-09-17 22:41:47 | INFO     | co2_forecast |   Best params: {'lookback': 5, 'hidden_size': 16, 'num_layers': 2, 'dropout': 0.5, 'learning_rate': 0.0001, 'batch_size': 32}
2026-09-17 22:41:47 | INFO     | co2_forecast |   Best fitness: 0.764282
2026-09-17 22:41:47 | INFO     | co2_forecast | [A3_CI_std_only/panel2_common_period/all_features/lstm] sweep tuning: best_params={'lookback': 5, 'hidden_size': 16, 'num_layers': 2, 'dropout': 0.5, 'learning_rate': 0.0001, 'batch_size': 32}
2026-09-17 22:41:48 | INFO     | co2_forecast |   lstm -> weighted_mase=1.0123346012401881
2026-09-17 22:41:48 | INFO     | co2_forecast | Variant A3_CI_std_only complete in 45.6s
2026-09-17 22:41:48 | INFO     | co2_forecast | --- Variant A3_CI_highshare_only: 12 features ---
2026-09-17 22:41:48 | INFO     | co2_forecast | Creating walk-forward splits for 16 valid samples
2026-09-17 22:41:48 | INFO     | co2_forecast | Created 4 CV folds across horizons [1, 2, 4]
2026-09-17 22:41:48 | INFO     | co2_forecast | Built tuning CV plan: 4 folds from 16 rows before 2022-Qq (evaluation cutoff) - isolation OK (max tuning date 2021-Qq)
2026-09-17 22:41:48 | INFO     | co2_forecast | Optimizing ridge...
2026-09-17 22:41:48 | INFO     | co2_forecast | Starting PSO: 8 particles, 10 iterations
2026-09-17 22:41:48 | INFO     | co2_forecast |   Iteration 0: Best fitness = 2.475822
2026-09-17 22:41:48 | INFO     | co2_forecast |   Iteration 5: Best fitness = 2.124148
2026-09-17 22:41:48 | INFO     | co2_forecast |   Iteration 9: Best fitness = 2.124148
2026-09-17 22:41:48 | INFO     | co2_forecast | PSO complete. Best fitness: 2.124148
2026-09-17 22:41:48 | INFO     | co2_forecast |   Best params: {'alpha': 100.0}
2026-09-17 22:41:48 | INFO     | co2_forecast |   Best fitness: 2.124148
2026-09-17 22:41:48 | INFO     | co2_forecast | [A3_CI_highshare_only/panel2_common_period/all_features/ridge] sweep tuning: best_params={'alpha': 100.0}
2026-09-17 22:41:48 | INFO     | co2_forecast |   ridge -> weighted_mase=0.9291782003055544
2026-09-17 22:41:48 | INFO     | co2_forecast | Creating walk-forward splits for 16 valid samples
2026-09-17 22:41:48 | INFO     | co2_forecast | Created 4 CV folds across horizons [1, 2, 4]
2026-09-17 22:41:48 | INFO     | co2_forecast | Built tuning CV plan: 4 folds from 16 rows before 2022-Qq (evaluation cutoff) - isolation OK (max tuning date 2021-Qq)
2026-09-17 22:41:48 | INFO     | co2_forecast | Optimizing random_forest...
2026-09-17 22:41:48 | INFO     | co2_forecast | Starting PSO: 8 particles, 10 iterations
2026-09-17 22:41:50 | INFO     | co2_forecast |   Iteration 0: Best fitness = 0.672011
2026-09-17 22:41:56 | INFO     | co2_forecast |   Iteration 5: Best fitness = 0.400809
2026-09-17 22:42:02 | INFO     | co2_forecast |   Iteration 9: Best fitness = 0.397173
2026-09-17 22:42:02 | INFO     | co2_forecast | PSO complete. Best fitness: 0.397173
2026-09-17 22:42:02 | INFO     | co2_forecast |   Best params: {'n_estimators': 62, 'max_depth': 3, 'min_samples_split': 2, 'min_samples_leaf': 1}
2026-09-17 22:42:02 | INFO     | co2_forecast |   Best fitness: 0.397173
2026-09-17 22:42:02 | INFO     | co2_forecast | [A3_CI_highshare_only/panel2_common_period/all_features/random_forest] sweep tuning: best_params={'n_estimators': 62, 'max_depth': 3, 'min_samples_split': 2, 'min_samples_leaf': 1}
2026-09-17 22:42:02 | INFO     | co2_forecast |   random_forest -> weighted_mase=0.7557524846021033
2026-09-17 22:42:02 | INFO     | co2_forecast | Creating walk-forward splits for 16 valid samples
2026-09-17 22:42:02 | INFO     | co2_forecast | Created 4 CV folds across horizons [1, 2, 4]
2026-09-17 22:42:02 | INFO     | co2_forecast | Built tuning CV plan: 4 folds from 16 rows before 2022-Qq (evaluation cutoff) - isolation OK (max tuning date 2021-Qq)
2026-09-17 22:42:02 | INFO     | co2_forecast | Optimizing catboost...
2026-09-17 22:42:02 | INFO     | co2_forecast | Starting PSO: 8 particles, 10 iterations
2026-09-17 22:42:02 | INFO     | co2_forecast |   Iteration 0: Best fitness = 0.414030
2026-09-17 22:42:03 | INFO     | co2_forecast |   Iteration 5: Best fitness = 0.370693
2026-09-17 22:42:03 | INFO     | co2_forecast |   Iteration 9: Best fitness = 0.370693
2026-09-17 22:42:03 | INFO     | co2_forecast | PSO complete. Best fitness: 0.370693
2026-09-17 22:42:03 | INFO     | co2_forecast |   Best params: {'iterations': 86, 'learning_rate': 0.10634162545771539, 'depth': 3, 'l2_leaf_reg': 3.2587036142106345}
2026-09-17 22:42:03 | INFO     | co2_forecast |   Best fitness: 0.370693
2026-09-17 22:42:03 | INFO     | co2_forecast | [A3_CI_highshare_only/panel2_common_period/all_features/catboost] sweep tuning: best_params={'iterations': 86, 'learning_rate': 0.10634162545771539, 'depth': 3, 'l2_leaf_reg': 3.2587036142106345}
2026-09-17 22:42:04 | INFO     | co2_forecast |   catboost -> weighted_mase=0.7089569107480813
2026-09-17 22:42:04 | INFO     | co2_forecast | Creating walk-forward splits for 16 valid samples
2026-09-17 22:42:04 | INFO     | co2_forecast | Created 4 CV folds across horizons [1, 2, 4]
2026-09-17 22:42:04 | INFO     | co2_forecast | Built tuning CV plan: 4 folds from 16 rows before 2022-Qq (evaluation cutoff) - isolation OK (max tuning date 2021-Qq)
2026-09-17 22:42:04 | INFO     | co2_forecast | Optimizing lightgbm...
2026-09-17 22:42:04 | INFO     | co2_forecast | Starting PSO: 8 particles, 10 iterations
2026-09-17 22:42:04 | INFO     | co2_forecast |   Iteration 0: Best fitness = 0.768990
2026-09-17 22:42:05 | INFO     | co2_forecast |   Iteration 5: Best fitness = 0.655353
2026-09-17 22:42:06 | INFO     | co2_forecast |   Iteration 9: Best fitness = 0.644572
2026-09-17 22:42:06 | INFO     | co2_forecast | PSO complete. Best fitness: 0.644572
2026-09-17 22:42:06 | INFO     | co2_forecast |   Best params: {'n_estimators': 50, 'learning_rate': 0.24875557248327107, 'num_leaves': 127, 'max_depth': 3, 'min_child_samples': 5, 'reg_alpha': 0.09419715994303053, 'reg_lambda': 1.6116769810147058}
2026-09-17 22:42:06 | INFO     | co2_forecast |   Best fitness: 0.644572
2026-09-17 22:42:06 | INFO     | co2_forecast | [A3_CI_highshare_only/panel2_common_period/all_features/lightgbm] sweep tuning: best_params={'n_estimators': 50, 'learning_rate': 0.24875557248327107, 'num_leaves': 127, 'max_depth': 3, 'min_child_samples': 5, 'reg_alpha': 0.09419715994303053, 'reg_lambda': 1.6116769810147058}
2026-09-17 22:42:06 | INFO     | co2_forecast |   lightgbm -> weighted_mase=0.7315712475949394
2026-09-17 22:42:06 | INFO     | co2_forecast | Creating walk-forward splits for 16 valid samples
2026-09-17 22:42:06 | INFO     | co2_forecast | Created 4 CV folds across horizons [1, 2, 4]
2026-09-17 22:42:06 | INFO     | co2_forecast | Built tuning CV plan: 4 folds from 16 rows before 2022-Qq (evaluation cutoff) - isolation OK (max tuning date 2021-Qq)
2026-09-17 22:42:06 | INFO     | co2_forecast | Optimizing lstm...
2026-09-17 22:42:06 | INFO     | co2_forecast | Starting PSO: 8 particles, 10 iterations
2026-09-17 22:42:06 | WARNING  | co2_forecast | Model training failed with params {'lookback': 7, 'hidden_size': 62, 'num_layers': 2, 'dropout': 0.3394633936788147, 'learning_rate': 0.0016445845403801217, 'batch_size': 8}: LSTM.fit: training data has 8 rows, giving only 1 sequence(s) with lookback=7; at least 2 are required (one is always reserved for validation). Reduce lookback or provide more training history.
2026-09-17 22:42:06 | WARNING  | co2_forecast | Model training failed with params {'lookback': 11, 'hidden_size': 26, 'num_layers': 1, 'dropout': 0.17336180394137354, 'learning_rate': 0.0031119982052994237, 'batch_size': 16}: LSTM.fit: training data has 8 rows, giving only 0 sequence(s) with lookback=11; at least 2 are required (one is always reserved for validation). Reduce lookback or provide more training history.
2026-09-17 22:42:06 | WARNING  | co2_forecast | Model training failed with params {'lookback': 8, 'hidden_size': 54, 'num_layers': 1, 'dropout': 0.3056937753654447, 'learning_rate': 0.005964904231734221, 'batch_size': 8}: LSTM.fit: training data has 8 rows, giving only 0 sequence(s) with lookback=8; at least 2 are required (one is always reserved for validation). Reduce lookback or provide more training history.
2026-09-17 22:42:06 | WARNING  | co2_forecast | Very few sequences (2), LSTM may not train well
2026-09-17 22:42:06 | WARNING  | co2_forecast | Very few sequences (6), LSTM may not train well
2026-09-17 22:42:06 | WARNING  | co2_forecast | Very few sequences (2), LSTM may not train well
2026-09-17 22:42:06 | WARNING  | co2_forecast | Very few sequences (2), LSTM may not train well
2026-09-17 22:42:06 | WARNING  | co2_forecast | Model training failed with params {'lookback': 8, 'hidden_size': 25, 'num_layers': 2, 'dropout': 0.4100531293444458, 'learning_rate': 0.009401039521485473, 'batch_size': 32}: LSTM.fit: training data has 8 rows, giving only 0 sequence(s) with lookback=8; at least 2 are required (one is always reserved for validation). Reduce lookback or provide more training history.
2026-09-17 22:42:06 | WARNING  | co2_forecast | Model training failed with params {'lookback': 7, 'hidden_size': 29, 'num_layers': 2, 'dropout': 0.2427013306774357, 'learning_rate': 0.00288125164590507, 'batch_size': 16}: LSTM.fit: training data has 8 rows, giving only 1 sequence(s) with lookback=7; at least 2 are required (one is always reserved for validation). Reduce lookback or provide more training history.
2026-09-17 22:42:06 | WARNING  | co2_forecast | Very few sequences (4), LSTM may not train well
2026-09-17 22:42:06 | WARNING  | co2_forecast | Very few sequences (8), LSTM may not train well
2026-09-17 22:42:06 | WARNING  | co2_forecast | Very few sequences (4), LSTM may not train well
2026-09-17 22:42:06 | WARNING  | co2_forecast | Very few sequences (4), LSTM may not train well
2026-09-17 22:42:06 | WARNING  | co2_forecast | Very few sequences (2), LSTM may not train well
2026-09-17 22:42:06 | WARNING  | co2_forecast | Very few sequences (6), LSTM may not train well
2026-09-17 22:42:06 | WARNING  | co2_forecast | Very few sequences (2), LSTM may not train well
2026-09-17 22:42:06 | WARNING  | co2_forecast | Very few sequences (2), LSTM may not train well
2026-09-17 22:42:06 | INFO     | co2_forecast |   Iteration 0: Best fitness = 1.062391
2026-09-17 22:42:06 | WARNING  | co2_forecast | Very few sequences (3), LSTM may not train well
2026-09-17 22:42:06 | WARNING  | co2_forecast | Very few sequences (7), LSTM may not train well
2026-09-17 22:42:07 | WARNING  | co2_forecast | Very few sequences (3), LSTM may not train well
2026-09-17 22:42:07 | WARNING  | co2_forecast | Very few sequences (3), LSTM may not train well
2026-09-17 22:42:07 | WARNING  | co2_forecast | Very few sequences (2), LSTM may not train well
2026-09-17 22:42:07 | WARNING  | co2_forecast | Very few sequences (6), LSTM may not train well
2026-09-17 22:42:07 | WARNING  | co2_forecast | Very few sequences (2), LSTM may not train well
2026-09-17 22:42:07 | WARNING  | co2_forecast | Very few sequences (2), LSTM may not train well
2026-09-17 22:42:07 | WARNING  | co2_forecast | Model training failed with params {'lookback': 8, 'hidden_size': 44, 'num_layers': 1, 'dropout': 0.32389753899663415, 'learning_rate': 0.005520634690128072, 'batch_size': 8}: LSTM.fit: training data has 8 rows, giving only 0 sequence(s) with lookback=8; at least 2 are required (one is always reserved for validation). Reduce lookback or provide more training history.
2026-09-17 22:42:07 | WARNING  | co2_forecast | Very few sequences (3), LSTM may not train well
2026-09-17 22:42:07 | WARNING  | co2_forecast | Very few sequences (7), LSTM may not train well
2026-09-17 22:42:07 | WARNING  | co2_forecast | Very few sequences (3), LSTM may not train well
2026-09-17 22:42:07 | WARNING  | co2_forecast | Very few sequences (3), LSTM may not train well
2026-09-17 22:42:07 | WARNING  | co2_forecast | Very few sequences (2), LSTM may not train well
2026-09-17 22:42:07 | WARNING  | co2_forecast | Very few sequences (6), LSTM may not train well
2026-09-17 22:42:08 | WARNING  | co2_forecast | Very few sequences (2), LSTM may not train well
2026-09-17 22:42:08 | WARNING  | co2_forecast | Very few sequences (2), LSTM may not train well
2026-09-17 22:42:08 | WARNING  | co2_forecast | Very few sequences (3), LSTM may not train well
2026-09-17 22:42:08 | WARNING  | co2_forecast | Very few sequences (7), LSTM may not train well
2026-09-17 22:42:08 | WARNING  | co2_forecast | Very few sequences (3), LSTM may not train well
2026-09-17 22:42:08 | WARNING  | co2_forecast | Very few sequences (3), LSTM may not train well
2026-09-17 22:42:08 | WARNING  | co2_forecast | Very few sequences (4), LSTM may not train well
2026-09-17 22:42:08 | WARNING  | co2_forecast | Very few sequences (8), LSTM may not train well
2026-09-17 22:42:08 | WARNING  | co2_forecast | Very few sequences (4), LSTM may not train well
2026-09-17 22:42:08 | WARNING  | co2_forecast | Very few sequences (4), LSTM may not train well
2026-09-17 22:42:08 | WARNING  | co2_forecast | Very few sequences (2), LSTM may not train well
2026-09-17 22:42:08 | WARNING  | co2_forecast | Very few sequences (6), LSTM may not train well
2026-09-17 22:42:09 | WARNING  | co2_forecast | Very few sequences (2), LSTM may not train well
2026-09-17 22:42:09 | WARNING  | co2_forecast | Very few sequences (2), LSTM may not train well
2026-09-17 22:42:09 | WARNING  | co2_forecast | Very few sequences (3), LSTM may not train well
2026-09-17 22:42:09 | WARNING  | co2_forecast | Very few sequences (7), LSTM may not train well
2026-09-17 22:42:09 | WARNING  | co2_forecast | Very few sequences (3), LSTM may not train well
2026-09-17 22:42:09 | WARNING  | co2_forecast | Very few sequences (3), LSTM may not train well
2026-09-17 22:42:09 | WARNING  | co2_forecast | Very few sequences (4), LSTM may not train well
2026-09-17 22:42:09 | WARNING  | co2_forecast | Very few sequences (8), LSTM may not train well
2026-09-17 22:42:09 | WARNING  | co2_forecast | Very few sequences (4), LSTM may not train well
2026-09-17 22:42:09 | WARNING  | co2_forecast | Very few sequences (4), LSTM may not train well
2026-09-17 22:42:09 | WARNING  | co2_forecast | Model training failed with params {'lookback': 7, 'hidden_size': 35, 'num_layers': 1, 'dropout': 0.31512819649180424, 'learning_rate': 0.004065945490368326, 'batch_size': 8}: LSTM.fit: training data has 8 rows, giving only 1 sequence(s) with lookback=7; at least 2 are required (one is always reserved for validation). Reduce lookback or provide more training history.
2026-09-17 22:42:09 | WARNING  | co2_forecast | Very few sequences (2), LSTM may not train well
2026-09-17 22:42:09 | WARNING  | co2_forecast | Very few sequences (6), LSTM may not train well
2026-09-17 22:42:10 | WARNING  | co2_forecast | Very few sequences (2), LSTM may not train well
2026-09-17 22:42:10 | WARNING  | co2_forecast | Very few sequences (2), LSTM may not train well
2026-09-17 22:42:10 | WARNING  | co2_forecast | Very few sequences (3), LSTM may not train well
2026-09-17 22:42:10 | WARNING  | co2_forecast | Very few sequences (7), LSTM may not train well
2026-09-17 22:42:10 | WARNING  | co2_forecast | Very few sequences (3), LSTM may not train well
2026-09-17 22:42:11 | WARNING  | co2_forecast | Very few sequences (3), LSTM may not train well
2026-09-17 22:42:11 | WARNING  | co2_forecast | Very few sequences (3), LSTM may not train well
2026-09-17 22:42:11 | WARNING  | co2_forecast | Very few sequences (7), LSTM may not train well
2026-09-17 22:42:11 | WARNING  | co2_forecast | Very few sequences (3), LSTM may not train well
2026-09-17 22:42:11 | WARNING  | co2_forecast | Very few sequences (3), LSTM may not train well
2026-09-17 22:42:11 | WARNING  | co2_forecast | Very few sequences (3), LSTM may not train well
2026-09-17 22:42:11 | WARNING  | co2_forecast | Very few sequences (7), LSTM may not train well
2026-09-17 22:42:11 | WARNING  | co2_forecast | Very few sequences (3), LSTM may not train well
2026-09-17 22:42:11 | WARNING  | co2_forecast | Very few sequences (3), LSTM may not train well
2026-09-17 22:42:11 | WARNING  | co2_forecast | Very few sequences (2), LSTM may not train well
2026-09-17 22:42:11 | WARNING  | co2_forecast | Very few sequences (6), LSTM may not train well
2026-09-17 22:42:11 | WARNING  | co2_forecast | Very few sequences (2), LSTM may not train well
2026-09-17 22:42:11 | WARNING  | co2_forecast | Very few sequences (2), LSTM may not train well
2026-09-17 22:42:11 | WARNING  | co2_forecast | Very few sequences (3), LSTM may not train well
2026-09-17 22:42:11 | WARNING  | co2_forecast | Very few sequences (7), LSTM may not train well
2026-09-17 22:42:12 | WARNING  | co2_forecast | Very few sequences (3), LSTM may not train well
2026-09-17 22:42:12 | WARNING  | co2_forecast | Very few sequences (3), LSTM may not train well
2026-09-17 22:42:12 | WARNING  | co2_forecast | Very few sequences (4), LSTM may not train well
2026-09-17 22:42:12 | WARNING  | co2_forecast | Very few sequences (8), LSTM may not train well
2026-09-17 22:42:12 | WARNING  | co2_forecast | Very few sequences (4), LSTM may not train well
2026-09-17 22:42:12 | WARNING  | co2_forecast | Very few sequences (4), LSTM may not train well
2026-09-17 22:42:12 | WARNING  | co2_forecast | Very few sequences (2), LSTM may not train well
2026-09-17 22:42:12 | WARNING  | co2_forecast | Very few sequences (6), LSTM may not train well
2026-09-17 22:42:12 | WARNING  | co2_forecast | Very few sequences (2), LSTM may not train well
2026-09-17 22:42:12 | WARNING  | co2_forecast | Very few sequences (2), LSTM may not train well
2026-09-17 22:42:12 | WARNING  | co2_forecast | Very few sequences (3), LSTM may not train well
2026-09-17 22:42:12 | WARNING  | co2_forecast | Very few sequences (7), LSTM may not train well
2026-09-17 22:42:12 | WARNING  | co2_forecast | Very few sequences (3), LSTM may not train well
2026-09-17 22:42:13 | WARNING  | co2_forecast | Very few sequences (3), LSTM may not train well
2026-09-17 22:42:13 | WARNING  | co2_forecast | Very few sequences (4), LSTM may not train well
2026-09-17 22:42:13 | WARNING  | co2_forecast | Very few sequences (8), LSTM may not train well
2026-09-17 22:42:13 | WARNING  | co2_forecast | Very few sequences (4), LSTM may not train well
2026-09-17 22:42:13 | WARNING  | co2_forecast | Very few sequences (4), LSTM may not train well
2026-09-17 22:42:13 | WARNING  | co2_forecast | Very few sequences (3), LSTM may not train well
2026-09-17 22:42:13 | WARNING  | co2_forecast | Very few sequences (7), LSTM may not train well
2026-09-17 22:42:13 | WARNING  | co2_forecast | Very few sequences (3), LSTM may not train well
2026-09-17 22:42:13 | WARNING  | co2_forecast | Very few sequences (3), LSTM may not train well
2026-09-17 22:42:13 | WARNING  | co2_forecast | Very few sequences (4), LSTM may not train well
2026-09-17 22:42:13 | WARNING  | co2_forecast | Very few sequences (8), LSTM may not train well
2026-09-17 22:42:14 | WARNING  | co2_forecast | Very few sequences (4), LSTM may not train well
2026-09-17 22:42:14 | WARNING  | co2_forecast | Very few sequences (4), LSTM may not train well
2026-09-17 22:42:14 | WARNING  | co2_forecast | Very few sequences (2), LSTM may not train well
2026-09-17 22:42:14 | WARNING  | co2_forecast | Very few sequences (6), LSTM may not train well
2026-09-17 22:42:14 | WARNING  | co2_forecast | Very few sequences (2), LSTM may not train well
2026-09-17 22:42:14 | WARNING  | co2_forecast | Very few sequences (2), LSTM may not train well
2026-09-17 22:42:14 | WARNING  | co2_forecast | Very few sequences (3), LSTM may not train well
2026-09-17 22:42:14 | WARNING  | co2_forecast | Very few sequences (7), LSTM may not train well
2026-09-17 22:42:14 | WARNING  | co2_forecast | Very few sequences (3), LSTM may not train well
2026-09-17 22:42:14 | WARNING  | co2_forecast | Very few sequences (3), LSTM may not train well
2026-09-17 22:42:14 | WARNING  | co2_forecast | Very few sequences (4), LSTM may not train well
2026-09-17 22:42:14 | WARNING  | co2_forecast | Very few sequences (8), LSTM may not train well
2026-09-17 22:42:14 | WARNING  | co2_forecast | Very few sequences (4), LSTM may not train well
2026-09-17 22:42:15 | WARNING  | co2_forecast | Very few sequences (4), LSTM may not train well
2026-09-17 22:42:15 | WARNING  | co2_forecast | Very few sequences (3), LSTM may not train well
2026-09-17 22:42:15 | WARNING  | co2_forecast | Very few sequences (7), LSTM may not train well
2026-09-17 22:42:15 | WARNING  | co2_forecast | Very few sequences (3), LSTM may not train well
2026-09-17 22:42:15 | WARNING  | co2_forecast | Very few sequences (3), LSTM may not train well
2026-09-17 22:42:15 | WARNING  | co2_forecast | Very few sequences (3), LSTM may not train well
2026-09-17 22:42:15 | WARNING  | co2_forecast | Very few sequences (7), LSTM may not train well
2026-09-17 22:42:15 | WARNING  | co2_forecast | Very few sequences (3), LSTM may not train well
2026-09-17 22:42:15 | WARNING  | co2_forecast | Very few sequences (3), LSTM may not train well
2026-09-17 22:42:15 | WARNING  | co2_forecast | Very few sequences (4), LSTM may not train well
2026-09-17 22:42:15 | WARNING  | co2_forecast | Very few sequences (8), LSTM may not train well
2026-09-17 22:42:15 | WARNING  | co2_forecast | Very few sequences (4), LSTM may not train well
2026-09-17 22:42:16 | WARNING  | co2_forecast | Very few sequences (4), LSTM may not train well
2026-09-17 22:42:16 | WARNING  | co2_forecast | Very few sequences (3), LSTM may not train well
2026-09-17 22:42:16 | WARNING  | co2_forecast | Very few sequences (7), LSTM may not train well
2026-09-17 22:42:16 | WARNING  | co2_forecast | Very few sequences (3), LSTM may not train well
2026-09-17 22:42:16 | WARNING  | co2_forecast | Very few sequences (3), LSTM may not train well
2026-09-17 22:42:16 | WARNING  | co2_forecast | Very few sequences (4), LSTM may not train well
2026-09-17 22:42:16 | WARNING  | co2_forecast | Very few sequences (8), LSTM may not train well
2026-09-17 22:42:16 | WARNING  | co2_forecast | Very few sequences (4), LSTM may not train well
2026-09-17 22:42:16 | WARNING  | co2_forecast | Very few sequences (4), LSTM may not train well
2026-09-17 22:42:16 | WARNING  | co2_forecast | Very few sequences (3), LSTM may not train well
2026-09-17 22:42:16 | WARNING  | co2_forecast | Very few sequences (7), LSTM may not train well
2026-09-17 22:42:16 | WARNING  | co2_forecast | Very few sequences (3), LSTM may not train well
2026-09-17 22:42:16 | WARNING  | co2_forecast | Very few sequences (3), LSTM may not train well
2026-09-17 22:42:17 | WARNING  | co2_forecast | Very few sequences (3), LSTM may not train well
2026-09-17 22:42:17 | WARNING  | co2_forecast | Very few sequences (7), LSTM may not train well
2026-09-17 22:42:17 | WARNING  | co2_forecast | Very few sequences (3), LSTM may not train well
2026-09-17 22:42:17 | WARNING  | co2_forecast | Very few sequences (3), LSTM may not train well
2026-09-17 22:42:17 | WARNING  | co2_forecast | Very few sequences (3), LSTM may not train well
2026-09-17 22:42:17 | WARNING  | co2_forecast | Very few sequences (7), LSTM may not train well
2026-09-17 22:42:17 | WARNING  | co2_forecast | Very few sequences (3), LSTM may not train well
2026-09-17 22:42:17 | WARNING  | co2_forecast | Very few sequences (3), LSTM may not train well
2026-09-17 22:42:17 | WARNING  | co2_forecast | Very few sequences (3), LSTM may not train well
2026-09-17 22:42:17 | WARNING  | co2_forecast | Very few sequences (7), LSTM may not train well
2026-09-17 22:42:18 | WARNING  | co2_forecast | Very few sequences (3), LSTM may not train well
2026-09-17 22:42:18 | WARNING  | co2_forecast | Very few sequences (3), LSTM may not train well
2026-09-17 22:42:18 | WARNING  | co2_forecast | Very few sequences (3), LSTM may not train well
2026-09-17 22:42:18 | WARNING  | co2_forecast | Very few sequences (7), LSTM may not train well
2026-09-17 22:42:18 | WARNING  | co2_forecast | Very few sequences (3), LSTM may not train well
2026-09-17 22:42:18 | WARNING  | co2_forecast | Very few sequences (3), LSTM may not train well
2026-09-17 22:42:18 | WARNING  | co2_forecast | Very few sequences (3), LSTM may not train well
2026-09-17 22:42:18 | WARNING  | co2_forecast | Very few sequences (7), LSTM may not train well
2026-09-17 22:42:18 | WARNING  | co2_forecast | Very few sequences (3), LSTM may not train well
2026-09-17 22:42:19 | WARNING  | co2_forecast | Very few sequences (3), LSTM may not train well
2026-09-17 22:42:19 | WARNING  | co2_forecast | Very few sequences (3), LSTM may not train well
2026-09-17 22:42:19 | WARNING  | co2_forecast | Very few sequences (7), LSTM may not train well
2026-09-17 22:42:19 | WARNING  | co2_forecast | Very few sequences (3), LSTM may not train well
2026-09-17 22:42:19 | WARNING  | co2_forecast | Very few sequences (3), LSTM may not train well
2026-09-17 22:42:19 | WARNING  | co2_forecast | Very few sequences (4), LSTM may not train well
2026-09-17 22:42:19 | WARNING  | co2_forecast | Very few sequences (8), LSTM may not train well
2026-09-17 22:42:19 | WARNING  | co2_forecast | Very few sequences (4), LSTM may not train well
2026-09-17 22:42:19 | WARNING  | co2_forecast | Very few sequences (4), LSTM may not train well
2026-09-17 22:42:19 | WARNING  | co2_forecast | Very few sequences (3), LSTM may not train well
2026-09-17 22:42:19 | WARNING  | co2_forecast | Very few sequences (7), LSTM may not train well
2026-09-17 22:42:19 | WARNING  | co2_forecast | Very few sequences (3), LSTM may not train well
2026-09-17 22:42:19 | WARNING  | co2_forecast | Very few sequences (3), LSTM may not train well
2026-09-17 22:42:20 | INFO     | co2_forecast |   Iteration 5: Best fitness = 0.764387
2026-09-17 22:42:20 | WARNING  | co2_forecast | Very few sequences (3), LSTM may not train well
2026-09-17 22:42:20 | WARNING  | co2_forecast | Very few sequences (7), LSTM may not train well
2026-09-17 22:42:20 | WARNING  | co2_forecast | Very few sequences (3), LSTM may not train well
2026-09-17 22:42:20 | WARNING  | co2_forecast | Very few sequences (3), LSTM may not train well
2026-09-17 22:42:20 | WARNING  | co2_forecast | Very few sequences (2), LSTM may not train well
2026-09-17 22:42:20 | WARNING  | co2_forecast | Very few sequences (6), LSTM may not train well
2026-09-17 22:42:20 | WARNING  | co2_forecast | Very few sequences (2), LSTM may not train well
2026-09-17 22:42:20 | WARNING  | co2_forecast | Very few sequences (2), LSTM may not train well
2026-09-17 22:42:21 | WARNING  | co2_forecast | Very few sequences (3), LSTM may not train well
2026-09-17 22:42:21 | WARNING  | co2_forecast | Very few sequences (7), LSTM may not train well
2026-09-17 22:42:21 | WARNING  | co2_forecast | Very few sequences (3), LSTM may not train well
2026-09-17 22:42:21 | WARNING  | co2_forecast | Very few sequences (3), LSTM may not train well
2026-09-17 22:42:21 | WARNING  | co2_forecast | Very few sequences (3), LSTM may not train well
2026-09-17 22:42:21 | WARNING  | co2_forecast | Very few sequences (7), LSTM may not train well
2026-09-17 22:42:21 | WARNING  | co2_forecast | Very few sequences (3), LSTM may not train well
2026-09-17 22:42:21 | WARNING  | co2_forecast | Very few sequences (3), LSTM may not train well
2026-09-17 22:42:21 | WARNING  | co2_forecast | Very few sequences (2), LSTM may not train well
2026-09-17 22:42:21 | WARNING  | co2_forecast | Very few sequences (6), LSTM may not train well
2026-09-17 22:42:22 | WARNING  | co2_forecast | Very few sequences (2), LSTM may not train well
2026-09-17 22:42:22 | WARNING  | co2_forecast | Very few sequences (2), LSTM may not train well
2026-09-17 22:42:22 | WARNING  | co2_forecast | Very few sequences (3), LSTM may not train well
2026-09-17 22:42:22 | WARNING  | co2_forecast | Very few sequences (7), LSTM may not train well
2026-09-17 22:42:22 | WARNING  | co2_forecast | Very few sequences (3), LSTM may not train well
2026-09-17 22:42:22 | WARNING  | co2_forecast | Very few sequences (3), LSTM may not train well
2026-09-17 22:42:22 | WARNING  | co2_forecast | Very few sequences (4), LSTM may not train well
2026-09-17 22:42:22 | WARNING  | co2_forecast | Very few sequences (8), LSTM may not train well
2026-09-17 22:42:22 | WARNING  | co2_forecast | Very few sequences (4), LSTM may not train well
2026-09-17 22:42:22 | WARNING  | co2_forecast | Very few sequences (4), LSTM may not train well
2026-09-17 22:42:23 | WARNING  | co2_forecast | Very few sequences (3), LSTM may not train well
2026-09-17 22:42:23 | WARNING  | co2_forecast | Very few sequences (7), LSTM may not train well
2026-09-17 22:42:23 | WARNING  | co2_forecast | Very few sequences (3), LSTM may not train well
2026-09-17 22:42:23 | WARNING  | co2_forecast | Very few sequences (3), LSTM may not train well
2026-09-17 22:42:23 | WARNING  | co2_forecast | Very few sequences (3), LSTM may not train well
2026-09-17 22:42:23 | WARNING  | co2_forecast | Very few sequences (7), LSTM may not train well
2026-09-17 22:42:23 | WARNING  | co2_forecast | Very few sequences (3), LSTM may not train well
2026-09-17 22:42:23 | WARNING  | co2_forecast | Very few sequences (3), LSTM may not train well
2026-09-17 22:42:23 | WARNING  | co2_forecast | Very few sequences (4), LSTM may not train well
2026-09-17 22:42:23 | WARNING  | co2_forecast | Very few sequences (8), LSTM may not train well
2026-09-17 22:42:24 | WARNING  | co2_forecast | Very few sequences (4), LSTM may not train well
2026-09-17 22:42:24 | WARNING  | co2_forecast | Very few sequences (4), LSTM may not train well
2026-09-17 22:42:24 | WARNING  | co2_forecast | Very few sequences (3), LSTM may not train well
2026-09-17 22:42:24 | WARNING  | co2_forecast | Very few sequences (7), LSTM may not train well
2026-09-17 22:42:24 | WARNING  | co2_forecast | Very few sequences (3), LSTM may not train well
2026-09-17 22:42:24 | WARNING  | co2_forecast | Very few sequences (3), LSTM may not train well
2026-09-17 22:42:24 | WARNING  | co2_forecast | Very few sequences (3), LSTM may not train well
2026-09-17 22:42:24 | WARNING  | co2_forecast | Very few sequences (7), LSTM may not train well
2026-09-17 22:42:24 | WARNING  | co2_forecast | Very few sequences (3), LSTM may not train well
2026-09-17 22:42:24 | WARNING  | co2_forecast | Very few sequences (3), LSTM may not train well
2026-09-17 22:42:24 | WARNING  | co2_forecast | Very few sequences (3), LSTM may not train well
2026-09-17 22:42:24 | WARNING  | co2_forecast | Very few sequences (7), LSTM may not train well
2026-09-17 22:42:25 | WARNING  | co2_forecast | Very few sequences (3), LSTM may not train well
2026-09-17 22:42:25 | WARNING  | co2_forecast | Very few sequences (3), LSTM may not train well
2026-09-17 22:42:25 | WARNING  | co2_forecast | Very few sequences (3), LSTM may not train well
2026-09-17 22:42:25 | WARNING  | co2_forecast | Very few sequences (7), LSTM may not train well
2026-09-17 22:42:25 | WARNING  | co2_forecast | Very few sequences (3), LSTM may not train well
2026-09-17 22:42:25 | WARNING  | co2_forecast | Very few sequences (3), LSTM may not train well
2026-09-17 22:42:25 | WARNING  | co2_forecast | Very few sequences (3), LSTM may not train well
2026-09-17 22:42:25 | WARNING  | co2_forecast | Very few sequences (7), LSTM may not train well
2026-09-17 22:42:25 | WARNING  | co2_forecast | Very few sequences (3), LSTM may not train well
2026-09-17 22:42:25 | WARNING  | co2_forecast | Very few sequences (3), LSTM may not train well
2026-09-17 22:42:25 | WARNING  | co2_forecast | Very few sequences (3), LSTM may not train well
2026-09-17 22:42:25 | WARNING  | co2_forecast | Very few sequences (7), LSTM may not train well
2026-09-17 22:42:26 | WARNING  | co2_forecast | Very few sequences (3), LSTM may not train well
2026-09-17 22:42:26 | WARNING  | co2_forecast | Very few sequences (3), LSTM may not train well
2026-09-17 22:42:26 | WARNING  | co2_forecast | Very few sequences (3), LSTM may not train well
2026-09-17 22:42:26 | WARNING  | co2_forecast | Very few sequences (7), LSTM may not train well
2026-09-17 22:42:26 | WARNING  | co2_forecast | Very few sequences (3), LSTM may not train well
2026-09-17 22:42:26 | WARNING  | co2_forecast | Very few sequences (3), LSTM may not train well
2026-09-17 22:42:26 | WARNING  | co2_forecast | Very few sequences (3), LSTM may not train well
2026-09-17 22:42:26 | WARNING  | co2_forecast | Very few sequences (7), LSTM may not train well
2026-09-17 22:42:26 | WARNING  | co2_forecast | Very few sequences (3), LSTM may not train well
2026-09-17 22:42:27 | WARNING  | co2_forecast | Very few sequences (3), LSTM may not train well
2026-09-17 22:42:27 | WARNING  | co2_forecast | Very few sequences (3), LSTM may not train well
2026-09-17 22:42:27 | WARNING  | co2_forecast | Very few sequences (7), LSTM may not train well
2026-09-17 22:42:27 | WARNING  | co2_forecast | Very few sequences (3), LSTM may not train well
2026-09-17 22:42:27 | WARNING  | co2_forecast | Very few sequences (3), LSTM may not train well
2026-09-17 22:42:27 | WARNING  | co2_forecast | Very few sequences (3), LSTM may not train well
2026-09-17 22:42:27 | WARNING  | co2_forecast | Very few sequences (7), LSTM may not train well
2026-09-17 22:42:27 | WARNING  | co2_forecast | Very few sequences (3), LSTM may not train well
2026-09-17 22:42:27 | WARNING  | co2_forecast | Very few sequences (3), LSTM may not train well
2026-09-17 22:42:27 | WARNING  | co2_forecast | Very few sequences (4), LSTM may not train well
2026-09-17 22:42:27 | WARNING  | co2_forecast | Very few sequences (8), LSTM may not train well
2026-09-17 22:42:28 | WARNING  | co2_forecast | Very few sequences (4), LSTM may not train well
2026-09-17 22:42:28 | WARNING  | co2_forecast | Very few sequences (4), LSTM may not train well
2026-09-17 22:42:28 | WARNING  | co2_forecast | Very few sequences (3), LSTM may not train well
2026-09-17 22:42:28 | WARNING  | co2_forecast | Very few sequences (7), LSTM may not train well
2026-09-17 22:42:28 | WARNING  | co2_forecast | Very few sequences (3), LSTM may not train well
2026-09-17 22:42:28 | WARNING  | co2_forecast | Very few sequences (3), LSTM may not train well
2026-09-17 22:42:28 | WARNING  | co2_forecast | Very few sequences (4), LSTM may not train well
2026-09-17 22:42:28 | WARNING  | co2_forecast | Very few sequences (8), LSTM may not train well
2026-09-17 22:42:28 | WARNING  | co2_forecast | Very few sequences (4), LSTM may not train well
2026-09-17 22:42:28 | WARNING  | co2_forecast | Very few sequences (4), LSTM may not train well
2026-09-17 22:42:28 | WARNING  | co2_forecast | Very few sequences (3), LSTM may not train well
2026-09-17 22:42:28 | WARNING  | co2_forecast | Very few sequences (7), LSTM may not train well
2026-09-17 22:42:29 | WARNING  | co2_forecast | Very few sequences (3), LSTM may not train well
2026-09-17 22:42:29 | WARNING  | co2_forecast | Very few sequences (3), LSTM may not train well
2026-09-17 22:42:29 | WARNING  | co2_forecast | Very few sequences (3), LSTM may not train well
2026-09-17 22:42:29 | WARNING  | co2_forecast | Very few sequences (7), LSTM may not train well
2026-09-17 22:42:29 | WARNING  | co2_forecast | Very few sequences (3), LSTM may not train well
2026-09-17 22:42:29 | WARNING  | co2_forecast | Very few sequences (3), LSTM may not train well
2026-09-17 22:42:29 | WARNING  | co2_forecast | Very few sequences (2), LSTM may not train well
2026-09-17 22:42:29 | WARNING  | co2_forecast | Very few sequences (6), LSTM may not train well
2026-09-17 22:42:29 | WARNING  | co2_forecast | Very few sequences (2), LSTM may not train well
2026-09-17 22:42:30 | WARNING  | co2_forecast | Very few sequences (2), LSTM may not train well
2026-09-17 22:42:30 | WARNING  | co2_forecast | Very few sequences (3), LSTM may not train well
2026-09-17 22:42:30 | WARNING  | co2_forecast | Very few sequences (7), LSTM may not train well
2026-09-17 22:42:30 | WARNING  | co2_forecast | Very few sequences (3), LSTM may not train well
2026-09-17 22:42:30 | WARNING  | co2_forecast | Very few sequences (3), LSTM may not train well
2026-09-17 22:42:30 | WARNING  | co2_forecast | Very few sequences (3), LSTM may not train well
2026-09-17 22:42:30 | WARNING  | co2_forecast | Very few sequences (7), LSTM may not train well
2026-09-17 22:42:30 | WARNING  | co2_forecast | Very few sequences (3), LSTM may not train well
2026-09-17 22:42:31 | WARNING  | co2_forecast | Very few sequences (3), LSTM may not train well
2026-09-17 22:42:31 | WARNING  | co2_forecast | Very few sequences (3), LSTM may not train well
2026-09-17 22:42:31 | WARNING  | co2_forecast | Very few sequences (7), LSTM may not train well
2026-09-17 22:42:31 | WARNING  | co2_forecast | Very few sequences (3), LSTM may not train well
2026-09-17 22:42:31 | WARNING  | co2_forecast | Very few sequences (3), LSTM may not train well
2026-09-17 22:42:31 | WARNING  | co2_forecast | Very few sequences (3), LSTM may not train well
2026-09-17 22:42:31 | WARNING  | co2_forecast | Very few sequences (7), LSTM may not train well
2026-09-17 22:42:31 | WARNING  | co2_forecast | Very few sequences (3), LSTM may not train well
2026-09-17 22:42:31 | WARNING  | co2_forecast | Very few sequences (3), LSTM may not train well
2026-09-17 22:42:31 | WARNING  | co2_forecast | Very few sequences (4), LSTM may not train well
2026-09-17 22:42:32 | WARNING  | co2_forecast | Very few sequences (8), LSTM may not train well
2026-09-17 22:42:32 | WARNING  | co2_forecast | Very few sequences (4), LSTM may not train well
2026-09-17 22:42:32 | WARNING  | co2_forecast | Very few sequences (4), LSTM may not train well
2026-09-17 22:42:32 | WARNING  | co2_forecast | Very few sequences (3), LSTM may not train well
2026-09-17 22:42:32 | WARNING  | co2_forecast | Very few sequences (7), LSTM may not train well
2026-09-17 22:42:32 | WARNING  | co2_forecast | Very few sequences (3), LSTM may not train well
2026-09-17 22:42:32 | WARNING  | co2_forecast | Very few sequences (3), LSTM may not train well
2026-09-17 22:42:32 | INFO     | co2_forecast |   Iteration 9: Best fitness = 0.761498
2026-09-17 22:42:32 | INFO     | co2_forecast | PSO complete. Best fitness: 0.761498
2026-09-17 22:42:32 | INFO     | co2_forecast |   Best params: {'lookback': 5, 'hidden_size': 16, 'num_layers': 2, 'dropout': 0.5, 'learning_rate': 0.0001, 'batch_size': 32}
2026-09-17 22:42:32 | INFO     | co2_forecast |   Best fitness: 0.761498
2026-09-17 22:42:32 | INFO     | co2_forecast | [A3_CI_highshare_only/panel2_common_period/all_features/lstm] sweep tuning: best_params={'lookback': 5, 'hidden_size': 16, 'num_layers': 2, 'dropout': 0.5, 'learning_rate': 0.0001, 'batch_size': 32}
2026-09-17 22:42:33 | INFO     | co2_forecast |   lstm -> weighted_mase=1.0149838953766364
2026-09-17 22:42:33 | INFO     | co2_forecast | Variant A3_CI_highshare_only complete in 45.2s
2026-09-17 22:42:33 | INFO     | co2_forecast | --- Variant A3_CI_lowshare_only: 12 features ---
2026-09-17 22:42:33 | INFO     | co2_forecast | Creating walk-forward splits for 16 valid samples
2026-09-17 22:42:33 | INFO     | co2_forecast | Created 4 CV folds across horizons [1, 2, 4]
2026-09-17 22:42:33 | INFO     | co2_forecast | Built tuning CV plan: 4 folds from 16 rows before 2022-Qq (evaluation cutoff) - isolation OK (max tuning date 2021-Qq)
2026-09-17 22:42:33 | INFO     | co2_forecast | Optimizing ridge...
2026-09-17 22:42:33 | INFO     | co2_forecast | Starting PSO: 8 particles, 10 iterations
2026-09-17 22:42:33 | INFO     | co2_forecast |   Iteration 0: Best fitness = 2.473158
2026-09-17 22:42:33 | INFO     | co2_forecast |   Iteration 5: Best fitness = 2.124322
2026-09-17 22:42:33 | INFO     | co2_forecast |   Iteration 9: Best fitness = 2.124322
2026-09-17 22:42:33 | INFO     | co2_forecast | PSO complete. Best fitness: 2.124322
2026-09-17 22:42:33 | INFO     | co2_forecast |   Best params: {'alpha': 100.0}
2026-09-17 22:42:33 | INFO     | co2_forecast |   Best fitness: 2.124322
2026-09-17 22:42:33 | INFO     | co2_forecast | [A3_CI_lowshare_only/panel2_common_period/all_features/ridge] sweep tuning: best_params={'alpha': 100.0}
2026-09-17 22:42:33 | INFO     | co2_forecast |   ridge -> weighted_mase=0.9012305389668682
2026-09-17 22:42:33 | INFO     | co2_forecast | Creating walk-forward splits for 16 valid samples
2026-09-17 22:42:33 | INFO     | co2_forecast | Created 4 CV folds across horizons [1, 2, 4]
2026-09-17 22:42:33 | INFO     | co2_forecast | Built tuning CV plan: 4 folds from 16 rows before 2022-Qq (evaluation cutoff) - isolation OK (max tuning date 2021-Qq)
2026-09-17 22:42:33 | INFO     | co2_forecast | Optimizing random_forest...
2026-09-17 22:42:33 | INFO     | co2_forecast | Starting PSO: 8 particles, 10 iterations
2026-09-17 22:42:35 | INFO     | co2_forecast |   Iteration 0: Best fitness = 0.671292
2026-09-17 22:42:42 | INFO     | co2_forecast |   Iteration 5: Best fitness = 0.348666
2026-09-17 22:42:47 | INFO     | co2_forecast |   Iteration 9: Best fitness = 0.336596
2026-09-17 22:42:47 | INFO     | co2_forecast | PSO complete. Best fitness: 0.336596
2026-09-17 22:42:47 | INFO     | co2_forecast |   Best params: {'n_estimators': 96, 'max_depth': 3, 'min_samples_split': 2, 'min_samples_leaf': 1}
2026-09-17 22:42:47 | INFO     | co2_forecast |   Best fitness: 0.336596
2026-09-17 22:42:47 | INFO     | co2_forecast | [A3_CI_lowshare_only/panel2_common_period/all_features/random_forest] sweep tuning: best_params={'n_estimators': 96, 'max_depth': 3, 'min_samples_split': 2, 'min_samples_leaf': 1}
2026-09-17 22:42:48 | INFO     | co2_forecast |   random_forest -> weighted_mase=0.7671154799648534
2026-09-17 22:42:48 | INFO     | co2_forecast | Creating walk-forward splits for 16 valid samples
2026-09-17 22:42:48 | INFO     | co2_forecast | Created 4 CV folds across horizons [1, 2, 4]
2026-09-17 22:42:48 | INFO     | co2_forecast | Built tuning CV plan: 4 folds from 16 rows before 2022-Qq (evaluation cutoff) - isolation OK (max tuning date 2021-Qq)
2026-09-17 22:42:48 | INFO     | co2_forecast | Optimizing catboost...
2026-09-17 22:42:48 | INFO     | co2_forecast | Starting PSO: 8 particles, 10 iterations
2026-09-17 22:42:48 | INFO     | co2_forecast |   Iteration 0: Best fitness = 0.394625
2026-09-17 22:42:49 | INFO     | co2_forecast |   Iteration 5: Best fitness = 0.351319
2026-09-17 22:42:51 | INFO     | co2_forecast |   Iteration 9: Best fitness = 0.351319
2026-09-17 22:42:51 | INFO     | co2_forecast | PSO complete. Best fitness: 0.351319
2026-09-17 22:42:51 | INFO     | co2_forecast |   Best params: {'iterations': 122, 'learning_rate': 0.16957991087600352, 'depth': 6, 'l2_leaf_reg': 2.4387807957761938}
2026-09-17 22:42:51 | INFO     | co2_forecast |   Best fitness: 0.351319
2026-09-17 22:42:51 | INFO     | co2_forecast | [A3_CI_lowshare_only/panel2_common_period/all_features/catboost] sweep tuning: best_params={'iterations': 122, 'learning_rate': 0.16957991087600352, 'depth': 6, 'l2_leaf_reg': 2.4387807957761938}
2026-09-17 22:42:51 | INFO     | co2_forecast |   catboost -> weighted_mase=0.613742756251223
2026-09-17 22:42:51 | INFO     | co2_forecast | Creating walk-forward splits for 16 valid samples
2026-09-17 22:42:51 | INFO     | co2_forecast | Created 4 CV folds across horizons [1, 2, 4]
2026-09-17 22:42:51 | INFO     | co2_forecast | Built tuning CV plan: 4 folds from 16 rows before 2022-Qq (evaluation cutoff) - isolation OK (max tuning date 2021-Qq)
2026-09-17 22:42:51 | INFO     | co2_forecast | Optimizing lightgbm...
2026-09-17 22:42:51 | INFO     | co2_forecast | Starting PSO: 8 particles, 10 iterations
2026-09-17 22:42:51 | INFO     | co2_forecast |   Iteration 0: Best fitness = 0.768990
2026-09-17 22:42:52 | INFO     | co2_forecast |   Iteration 5: Best fitness = 0.623704
2026-09-17 22:42:54 | INFO     | co2_forecast |   Iteration 9: Best fitness = 0.623484
2026-09-17 22:42:54 | INFO     | co2_forecast | PSO complete. Best fitness: 0.623484
2026-09-17 22:42:54 | INFO     | co2_forecast |   Best params: {'n_estimators': 130, 'learning_rate': 0.3, 'num_leaves': 127, 'max_depth': 8, 'min_child_samples': 6, 'reg_alpha': 0.001, 'reg_lambda': 0.001}
2026-09-17 22:42:54 | INFO     | co2_forecast |   Best fitness: 0.623484
2026-09-17 22:42:54 | INFO     | co2_forecast | [A3_CI_lowshare_only/panel2_common_period/all_features/lightgbm] sweep tuning: best_params={'n_estimators': 130, 'learning_rate': 0.3, 'num_leaves': 127, 'max_depth': 8, 'min_child_samples': 6, 'reg_alpha': 0.001, 'reg_lambda': 0.001}
2026-09-17 22:42:54 | INFO     | co2_forecast |   lightgbm -> weighted_mase=0.7342984231448364
2026-09-17 22:42:54 | INFO     | co2_forecast | Creating walk-forward splits for 16 valid samples
2026-09-17 22:42:54 | INFO     | co2_forecast | Created 4 CV folds across horizons [1, 2, 4]
2026-09-17 22:42:54 | INFO     | co2_forecast | Built tuning CV plan: 4 folds from 16 rows before 2022-Qq (evaluation cutoff) - isolation OK (max tuning date 2021-Qq)
2026-09-17 22:42:54 | INFO     | co2_forecast | Optimizing lstm...
2026-09-17 22:42:54 | INFO     | co2_forecast | Starting PSO: 8 particles, 10 iterations
2026-09-17 22:42:54 | WARNING  | co2_forecast | Model training failed with params {'lookback': 7, 'hidden_size': 62, 'num_layers': 2, 'dropout': 0.3394633936788147, 'learning_rate': 0.0016445845403801217, 'batch_size': 8}: LSTM.fit: training data has 8 rows, giving only 1 sequence(s) with lookback=7; at least 2 are required (one is always reserved for validation). Reduce lookback or provide more training history.
2026-09-17 22:42:54 | WARNING  | co2_forecast | Model training failed with params {'lookback': 11, 'hidden_size': 26, 'num_layers': 1, 'dropout': 0.17336180394137354, 'learning_rate': 0.0031119982052994237, 'batch_size': 16}: LSTM.fit: training data has 8 rows, giving only 0 sequence(s) with lookback=11; at least 2 are required (one is always reserved for validation). Reduce lookback or provide more training history.
2026-09-17 22:42:54 | WARNING  | co2_forecast | Model training failed with params {'lookback': 8, 'hidden_size': 54, 'num_layers': 1, 'dropout': 0.3056937753654447, 'learning_rate': 0.005964904231734221, 'batch_size': 8}: LSTM.fit: training data has 8 rows, giving only 0 sequence(s) with lookback=8; at least 2 are required (one is always reserved for validation). Reduce lookback or provide more training history.
2026-09-17 22:42:54 | WARNING  | co2_forecast | Very few sequences (2), LSTM may not train well
2026-09-17 22:42:54 | WARNING  | co2_forecast | Very few sequences (6), LSTM may not train well
2026-09-17 22:42:55 | WARNING  | co2_forecast | Very few sequences (2), LSTM may not train well
2026-09-17 22:42:55 | WARNING  | co2_forecast | Very few sequences (2), LSTM may not train well
2026-09-17 22:42:55 | WARNING  | co2_forecast | Model training failed with params {'lookback': 8, 'hidden_size': 25, 'num_layers': 2, 'dropout': 0.4100531293444458, 'learning_rate': 0.009401039521485473, 'batch_size': 32}: LSTM.fit: training data has 8 rows, giving only 0 sequence(s) with lookback=8; at least 2 are required (one is always reserved for validation). Reduce lookback or provide more training history.
2026-09-17 22:42:55 | WARNING  | co2_forecast | Model training failed with params {'lookback': 7, 'hidden_size': 29, 'num_layers': 2, 'dropout': 0.2427013306774357, 'learning_rate': 0.00288125164590507, 'batch_size': 16}: LSTM.fit: training data has 8 rows, giving only 1 sequence(s) with lookback=7; at least 2 are required (one is always reserved for validation). Reduce lookback or provide more training history.
2026-09-17 22:42:55 | WARNING  | co2_forecast | Very few sequences (4), LSTM may not train well
2026-09-17 22:42:55 | WARNING  | co2_forecast | Very few sequences (8), LSTM may not train well
2026-09-17 22:42:55 | WARNING  | co2_forecast | Very few sequences (4), LSTM may not train well
2026-09-17 22:42:55 | WARNING  | co2_forecast | Very few sequences (4), LSTM may not train well
2026-09-17 22:42:55 | WARNING  | co2_forecast | Very few sequences (2), LSTM may not train well
2026-09-17 22:42:55 | WARNING  | co2_forecast | Very few sequences (6), LSTM may not train well
2026-09-17 22:42:55 | WARNING  | co2_forecast | Very few sequences (2), LSTM may not train well
2026-09-17 22:42:55 | WARNING  | co2_forecast | Very few sequences (2), LSTM may not train well
2026-09-17 22:42:55 | INFO     | co2_forecast |   Iteration 0: Best fitness = 1.076058
2026-09-17 22:42:55 | WARNING  | co2_forecast | Very few sequences (3), LSTM may not train well
2026-09-17 22:42:55 | WARNING  | co2_forecast | Very few sequences (7), LSTM may not train well
2026-09-17 22:42:55 | WARNING  | co2_forecast | Very few sequences (3), LSTM may not train well
2026-09-17 22:42:55 | WARNING  | co2_forecast | Very few sequences (3), LSTM may not train well
2026-09-17 22:42:55 | WARNING  | co2_forecast | Very few sequences (2), LSTM may not train well
2026-09-17 22:42:55 | WARNING  | co2_forecast | Very few sequences (6), LSTM may not train well
2026-09-17 22:42:55 | WARNING  | co2_forecast | Very few sequences (2), LSTM may not train well
2026-09-17 22:42:55 | WARNING  | co2_forecast | Very few sequences (2), LSTM may not train well
2026-09-17 22:42:55 | WARNING  | co2_forecast | Model training failed with params {'lookback': 8, 'hidden_size': 44, 'num_layers': 1, 'dropout': 0.32389753899663415, 'learning_rate': 0.005520634690128072, 'batch_size': 8}: LSTM.fit: training data has 8 rows, giving only 0 sequence(s) with lookback=8; at least 2 are required (one is always reserved for validation). Reduce lookback or provide more training history.
2026-09-17 22:42:55 | WARNING  | co2_forecast | Very few sequences (3), LSTM may not train well
2026-09-17 22:42:55 | WARNING  | co2_forecast | Very few sequences (7), LSTM may not train well
2026-09-17 22:42:56 | WARNING  | co2_forecast | Very few sequences (3), LSTM may not train well
2026-09-17 22:42:56 | WARNING  | co2_forecast | Very few sequences (3), LSTM may not train well
2026-09-17 22:42:56 | WARNING  | co2_forecast | Very few sequences (2), LSTM may not train well
2026-09-17 22:42:56 | WARNING  | co2_forecast | Very few sequences (6), LSTM may not train well
2026-09-17 22:42:56 | WARNING  | co2_forecast | Very few sequences (2), LSTM may not train well
2026-09-17 22:42:56 | WARNING  | co2_forecast | Very few sequences (2), LSTM may not train well
2026-09-17 22:42:56 | WARNING  | co2_forecast | Very few sequences (3), LSTM may not train well
2026-09-17 22:42:56 | WARNING  | co2_forecast | Very few sequences (7), LSTM may not train well
2026-09-17 22:42:56 | WARNING  | co2_forecast | Very few sequences (3), LSTM may not train well
2026-09-17 22:42:57 | WARNING  | co2_forecast | Very few sequences (3), LSTM may not train well
2026-09-17 22:42:57 | WARNING  | co2_forecast | Very few sequences (4), LSTM may not train well
2026-09-17 22:42:57 | WARNING  | co2_forecast | Very few sequences (8), LSTM may not train well
2026-09-17 22:42:57 | WARNING  | co2_forecast | Very few sequences (4), LSTM may not train well
2026-09-17 22:42:57 | WARNING  | co2_forecast | Very few sequences (4), LSTM may not train well
2026-09-17 22:42:57 | WARNING  | co2_forecast | Very few sequences (2), LSTM may not train well
2026-09-17 22:42:57 | WARNING  | co2_forecast | Very few sequences (6), LSTM may not train well
2026-09-17 22:42:57 | WARNING  | co2_forecast | Very few sequences (2), LSTM may not train well
2026-09-17 22:42:57 | WARNING  | co2_forecast | Very few sequences (2), LSTM may not train well
2026-09-17 22:42:57 | WARNING  | co2_forecast | Very few sequences (3), LSTM may not train well
2026-09-17 22:42:57 | WARNING  | co2_forecast | Very few sequences (7), LSTM may not train well
2026-09-17 22:42:57 | WARNING  | co2_forecast | Very few sequences (3), LSTM may not train well
2026-09-17 22:42:57 | WARNING  | co2_forecast | Very few sequences (3), LSTM may not train well
2026-09-17 22:42:57 | WARNING  | co2_forecast | Very few sequences (4), LSTM may not train well
2026-09-17 22:42:57 | WARNING  | co2_forecast | Very few sequences (8), LSTM may not train well
2026-09-17 22:42:57 | WARNING  | co2_forecast | Very few sequences (4), LSTM may not train well
2026-09-17 22:42:58 | WARNING  | co2_forecast | Very few sequences (4), LSTM may not train well
2026-09-17 22:42:58 | WARNING  | co2_forecast | Model training failed with params {'lookback': 7, 'hidden_size': 35, 'num_layers': 1, 'dropout': 0.31512819649180424, 'learning_rate': 0.004065945490368326, 'batch_size': 8}: LSTM.fit: training data has 8 rows, giving only 1 sequence(s) with lookback=7; at least 2 are required (one is always reserved for validation). Reduce lookback or provide more training history.
2026-09-17 22:42:58 | WARNING  | co2_forecast | Very few sequences (2), LSTM may not train well
2026-09-17 22:42:58 | WARNING  | co2_forecast | Very few sequences (6), LSTM may not train well
2026-09-17 22:42:58 | WARNING  | co2_forecast | Very few sequences (2), LSTM may not train well
2026-09-17 22:42:58 | WARNING  | co2_forecast | Very few sequences (2), LSTM may not train well
2026-09-17 22:42:58 | WARNING  | co2_forecast | Very few sequences (3), LSTM may not train well
2026-09-17 22:42:58 | WARNING  | co2_forecast | Very few sequences (7), LSTM may not train well
2026-09-17 22:42:59 | WARNING  | co2_forecast | Very few sequences (3), LSTM may not train well
2026-09-17 22:42:59 | WARNING  | co2_forecast | Very few sequences (3), LSTM may not train well
2026-09-17 22:42:59 | WARNING  | co2_forecast | Very few sequences (3), LSTM may not train well
2026-09-17 22:42:59 | WARNING  | co2_forecast | Very few sequences (7), LSTM may not train well
2026-09-17 22:42:59 | WARNING  | co2_forecast | Very few sequences (3), LSTM may not train well
2026-09-17 22:42:59 | WARNING  | co2_forecast | Very few sequences (3), LSTM may not train well
2026-09-17 22:42:59 | WARNING  | co2_forecast | Very few sequences (3), LSTM may not train well
2026-09-17 22:42:59 | WARNING  | co2_forecast | Very few sequences (7), LSTM may not train well
2026-09-17 22:42:59 | WARNING  | co2_forecast | Very few sequences (3), LSTM may not train well
2026-09-17 22:42:59 | WARNING  | co2_forecast | Very few sequences (3), LSTM may not train well
2026-09-17 22:42:59 | WARNING  | co2_forecast | Very few sequences (2), LSTM may not train well
2026-09-17 22:43:00 | WARNING  | co2_forecast | Very few sequences (6), LSTM may not train well
2026-09-17 22:43:00 | WARNING  | co2_forecast | Very few sequences (2), LSTM may not train well
2026-09-17 22:43:00 | WARNING  | co2_forecast | Very few sequences (2), LSTM may not train well
2026-09-17 22:43:00 | WARNING  | co2_forecast | Very few sequences (3), LSTM may not train well
2026-09-17 22:43:00 | WARNING  | co2_forecast | Very few sequences (7), LSTM may not train well
2026-09-17 22:43:00 | WARNING  | co2_forecast | Very few sequences (3), LSTM may not train well
2026-09-17 22:43:00 | WARNING  | co2_forecast | Very few sequences (3), LSTM may not train well
2026-09-17 22:43:00 | WARNING  | co2_forecast | Very few sequences (4), LSTM may not train well
2026-09-17 22:43:00 | WARNING  | co2_forecast | Very few sequences (8), LSTM may not train well
2026-09-17 22:43:00 | WARNING  | co2_forecast | Very few sequences (4), LSTM may not train well
2026-09-17 22:43:00 | WARNING  | co2_forecast | Very few sequences (4), LSTM may not train well
2026-09-17 22:43:00 | WARNING  | co2_forecast | Very few sequences (2), LSTM may not train well
2026-09-17 22:43:00 | WARNING  | co2_forecast | Very few sequences (6), LSTM may not train well
2026-09-17 22:43:00 | WARNING  | co2_forecast | Very few sequences (2), LSTM may not train well
2026-09-17 22:43:00 | WARNING  | co2_forecast | Very few sequences (2), LSTM may not train well
2026-09-17 22:43:00 | WARNING  | co2_forecast | Very few sequences (3), LSTM may not train well
2026-09-17 22:43:00 | WARNING  | co2_forecast | Very few sequences (7), LSTM may not train well
2026-09-17 22:43:01 | WARNING  | co2_forecast | Very few sequences (3), LSTM may not train well
2026-09-17 22:43:01 | WARNING  | co2_forecast | Very few sequences (3), LSTM may not train well
2026-09-17 22:43:01 | WARNING  | co2_forecast | Very few sequences (4), LSTM may not train well
2026-09-17 22:43:01 | WARNING  | co2_forecast | Very few sequences (8), LSTM may not train well
2026-09-17 22:43:01 | WARNING  | co2_forecast | Very few sequences (4), LSTM may not train well
2026-09-17 22:43:01 | WARNING  | co2_forecast | Very few sequences (4), LSTM may not train well
2026-09-17 22:43:01 | WARNING  | co2_forecast | Very few sequences (3), LSTM may not train well
2026-09-17 22:43:01 | WARNING  | co2_forecast | Very few sequences (7), LSTM may not train well
2026-09-17 22:43:01 | WARNING  | co2_forecast | Very few sequences (3), LSTM may not train well
2026-09-17 22:43:02 | WARNING  | co2_forecast | Very few sequences (3), LSTM may not train well
2026-09-17 22:43:02 | WARNING  | co2_forecast | Very few sequences (4), LSTM may not train well
2026-09-17 22:43:02 | WARNING  | co2_forecast | Very few sequences (8), LSTM may not train well
2026-09-17 22:43:02 | WARNING  | co2_forecast | Very few sequences (4), LSTM may not train well
2026-09-17 22:43:02 | WARNING  | co2_forecast | Very few sequences (4), LSTM may not train well
2026-09-17 22:43:02 | WARNING  | co2_forecast | Very few sequences (2), LSTM may not train well
2026-09-17 22:43:02 | WARNING  | co2_forecast | Very few sequences (6), LSTM may not train well
2026-09-17 22:43:02 | WARNING  | co2_forecast | Very few sequences (2), LSTM may not train well
2026-09-17 22:43:02 | WARNING  | co2_forecast | Very few sequences (2), LSTM may not train well
2026-09-17 22:43:02 | WARNING  | co2_forecast | Very few sequences (4), LSTM may not train well
2026-09-17 22:43:02 | WARNING  | co2_forecast | Very few sequences (8), LSTM may not train well
2026-09-17 22:43:02 | WARNING  | co2_forecast | Very few sequences (4), LSTM may not train well
2026-09-17 22:43:02 | WARNING  | co2_forecast | Very few sequences (4), LSTM may not train well
2026-09-17 22:43:02 | WARNING  | co2_forecast | Very few sequences (4), LSTM may not train well
2026-09-17 22:43:02 | WARNING  | co2_forecast | Very few sequences (8), LSTM may not train well
2026-09-17 22:43:03 | WARNING  | co2_forecast | Very few sequences (4), LSTM may not train well
2026-09-17 22:43:03 | WARNING  | co2_forecast | Very few sequences (4), LSTM may not train well
2026-09-17 22:43:03 | WARNING  | co2_forecast | Very few sequences (3), LSTM may not train well
2026-09-17 22:43:03 | WARNING  | co2_forecast | Very few sequences (7), LSTM may not train well
2026-09-17 22:43:03 | WARNING  | co2_forecast | Very few sequences (3), LSTM may not train well
2026-09-17 22:43:03 | WARNING  | co2_forecast | Very few sequences (3), LSTM may not train well
2026-09-17 22:43:03 | WARNING  | co2_forecast | Very few sequences (4), LSTM may not train well
2026-09-17 22:43:03 | WARNING  | co2_forecast | Very few sequences (8), LSTM may not train well
2026-09-17 22:43:03 | WARNING  | co2_forecast | Very few sequences (4), LSTM may not train well
2026-09-17 22:43:03 | WARNING  | co2_forecast | Very few sequences (4), LSTM may not train well
2026-09-17 22:43:03 | WARNING  | co2_forecast | Very few sequences (4), LSTM may not train well
2026-09-17 22:43:03 | WARNING  | co2_forecast | Very few sequences (8), LSTM may not train well
2026-09-17 22:43:04 | WARNING  | co2_forecast | Very few sequences (4), LSTM may not train well
2026-09-17 22:43:04 | WARNING  | co2_forecast | Very few sequences (4), LSTM may not train well
2026-09-17 22:43:04 | WARNING  | co2_forecast | Very few sequences (4), LSTM may not train well
2026-09-17 22:43:04 | WARNING  | co2_forecast | Very few sequences (8), LSTM may not train well
2026-09-17 22:43:04 | WARNING  | co2_forecast | Very few sequences (4), LSTM may not train well
2026-09-17 22:43:04 | WARNING  | co2_forecast | Very few sequences (4), LSTM may not train well
2026-09-17 22:43:04 | WARNING  | co2_forecast | Very few sequences (4), LSTM may not train well
2026-09-17 22:43:04 | WARNING  | co2_forecast | Very few sequences (8), LSTM may not train well
2026-09-17 22:43:04 | WARNING  | co2_forecast | Very few sequences (4), LSTM may not train well
2026-09-17 22:43:04 | WARNING  | co2_forecast | Very few sequences (4), LSTM may not train well
2026-09-17 22:43:04 | WARNING  | co2_forecast | Very few sequences (3), LSTM may not train well
2026-09-17 22:43:04 | WARNING  | co2_forecast | Very few sequences (7), LSTM may not train well
2026-09-17 22:43:04 | WARNING  | co2_forecast | Very few sequences (3), LSTM may not train well
2026-09-17 22:43:05 | WARNING  | co2_forecast | Very few sequences (3), LSTM may not train well
2026-09-17 22:43:05 | WARNING  | co2_forecast | Very few sequences (4), LSTM may not train well
2026-09-17 22:43:05 | WARNING  | co2_forecast | Very few sequences (8), LSTM may not train well
2026-09-17 22:43:05 | WARNING  | co2_forecast | Very few sequences (4), LSTM may not train well
2026-09-17 22:43:05 | WARNING  | co2_forecast | Very few sequences (4), LSTM may not train well
2026-09-17 22:43:05 | WARNING  | co2_forecast | Very few sequences (4), LSTM may not train well
2026-09-17 22:43:05 | WARNING  | co2_forecast | Very few sequences (8), LSTM may not train well
2026-09-17 22:43:05 | WARNING  | co2_forecast | Very few sequences (4), LSTM may not train well
2026-09-17 22:43:05 | WARNING  | co2_forecast | Very few sequences (4), LSTM may not train well
2026-09-17 22:43:05 | WARNING  | co2_forecast | Very few sequences (4), LSTM may not train well
2026-09-17 22:43:06 | WARNING  | co2_forecast | Very few sequences (8), LSTM may not train well
2026-09-17 22:43:06 | WARNING  | co2_forecast | Very few sequences (4), LSTM may not train well
2026-09-17 22:43:06 | WARNING  | co2_forecast | Very few sequences (4), LSTM may not train well
2026-09-17 22:43:06 | WARNING  | co2_forecast | Very few sequences (4), LSTM may not train well
2026-09-17 22:43:06 | WARNING  | co2_forecast | Very few sequences (8), LSTM may not train well
2026-09-17 22:43:06 | WARNING  | co2_forecast | Very few sequences (4), LSTM may not train well
2026-09-17 22:43:06 | WARNING  | co2_forecast | Very few sequences (4), LSTM may not train well
2026-09-17 22:43:06 | WARNING  | co2_forecast | Very few sequences (4), LSTM may not train well
2026-09-17 22:43:06 | WARNING  | co2_forecast | Very few sequences (8), LSTM may not train well
2026-09-17 22:43:06 | WARNING  | co2_forecast | Very few sequences (4), LSTM may not train well
2026-09-17 22:43:06 | WARNING  | co2_forecast | Very few sequences (4), LSTM may not train well
2026-09-17 22:43:06 | WARNING  | co2_forecast | Very few sequences (4), LSTM may not train well
2026-09-17 22:43:07 | WARNING  | co2_forecast | Very few sequences (8), LSTM may not train well
2026-09-17 22:43:07 | WARNING  | co2_forecast | Very few sequences (4), LSTM may not train well
2026-09-17 22:43:07 | WARNING  | co2_forecast | Very few sequences (4), LSTM may not train well
2026-09-17 22:43:07 | WARNING  | co2_forecast | Very few sequences (4), LSTM may not train well
2026-09-17 22:43:07 | WARNING  | co2_forecast | Very few sequences (8), LSTM may not train well
2026-09-17 22:43:07 | WARNING  | co2_forecast | Very few sequences (4), LSTM may not train well
2026-09-17 22:43:07 | WARNING  | co2_forecast | Very few sequences (4), LSTM may not train well
2026-09-17 22:43:07 | WARNING  | co2_forecast | Very few sequences (4), LSTM may not train well
2026-09-17 22:43:07 | WARNING  | co2_forecast | Very few sequences (8), LSTM may not train well
2026-09-17 22:43:07 | WARNING  | co2_forecast | Very few sequences (4), LSTM may not train well
2026-09-17 22:43:07 | WARNING  | co2_forecast | Very few sequences (4), LSTM may not train well
2026-09-17 22:43:07 | INFO     | co2_forecast |   Iteration 5: Best fitness = 0.766110
2026-09-17 22:43:07 | WARNING  | co2_forecast | Very few sequences (4), LSTM may not train well
2026-09-17 22:43:07 | WARNING  | co2_forecast | Very few sequences (8), LSTM may not train well
2026-09-17 22:43:08 | WARNING  | co2_forecast | Very few sequences (4), LSTM may not train well
2026-09-17 22:43:08 | WARNING  | co2_forecast | Very few sequences (4), LSTM may not train well
2026-09-17 22:43:08 | WARNING  | co2_forecast | Very few sequences (4), LSTM may not train well
2026-09-17 22:43:08 | WARNING  | co2_forecast | Very few sequences (8), LSTM may not train well
2026-09-17 22:43:08 | WARNING  | co2_forecast | Very few sequences (4), LSTM may not train well
2026-09-17 22:43:08 | WARNING  | co2_forecast | Very few sequences (4), LSTM may not train well
2026-09-17 22:43:08 | WARNING  | co2_forecast | Very few sequences (4), LSTM may not train well
2026-09-17 22:43:08 | WARNING  | co2_forecast | Very few sequences (8), LSTM may not train well
2026-09-17 22:43:08 | WARNING  | co2_forecast | Very few sequences (4), LSTM may not train well
2026-09-17 22:43:08 | WARNING  | co2_forecast | Very few sequences (4), LSTM may not train well
2026-09-17 22:43:08 | WARNING  | co2_forecast | Very few sequences (4), LSTM may not train well
2026-09-17 22:43:08 | WARNING  | co2_forecast | Very few sequences (8), LSTM may not train well
2026-09-17 22:43:08 | WARNING  | co2_forecast | Very few sequences (4), LSTM may not train well
2026-09-17 22:43:09 | WARNING  | co2_forecast | Very few sequences (4), LSTM may not train well
2026-09-17 22:43:09 | WARNING  | co2_forecast | Very few sequences (4), LSTM may not train well
2026-09-17 22:43:09 | WARNING  | co2_forecast | Very few sequences (8), LSTM may not train well
2026-09-17 22:43:09 | WARNING  | co2_forecast | Very few sequences (4), LSTM may not train well
2026-09-17 22:43:09 | WARNING  | co2_forecast | Very few sequences (4), LSTM may not train well
2026-09-17 22:43:09 | WARNING  | co2_forecast | Very few sequences (4), LSTM may not train well
2026-09-17 22:43:09 | WARNING  | co2_forecast | Very few sequences (8), LSTM may not train well
2026-09-17 22:43:09 | WARNING  | co2_forecast | Very few sequences (4), LSTM may not train well
2026-09-17 22:43:09 | WARNING  | co2_forecast | Very few sequences (4), LSTM may not train well
2026-09-17 22:43:09 | WARNING  | co2_forecast | Very few sequences (4), LSTM may not train well
2026-09-17 22:43:09 | WARNING  | co2_forecast | Very few sequences (8), LSTM may not train well
2026-09-17 22:43:09 | WARNING  | co2_forecast | Very few sequences (4), LSTM may not train well
2026-09-17 22:43:09 | WARNING  | co2_forecast | Very few sequences (4), LSTM may not train well
2026-09-17 22:43:09 | WARNING  | co2_forecast | Very few sequences (4), LSTM may not train well
2026-09-17 22:43:09 | WARNING  | co2_forecast | Very few sequences (8), LSTM may not train well
2026-09-17 22:43:09 | WARNING  | co2_forecast | Very few sequences (4), LSTM may not train well
2026-09-17 22:43:09 | WARNING  | co2_forecast | Very few sequences (4), LSTM may not train well
2026-09-17 22:43:09 | WARNING  | co2_forecast | Very few sequences (4), LSTM may not train well
2026-09-17 22:43:09 | WARNING  | co2_forecast | Very few sequences (8), LSTM may not train well
2026-09-17 22:43:10 | WARNING  | co2_forecast | Very few sequences (4), LSTM may not train well
2026-09-17 22:43:10 | WARNING  | co2_forecast | Very few sequences (4), LSTM may not train well
2026-09-17 22:43:10 | WARNING  | co2_forecast | Very few sequences (4), LSTM may not train well
2026-09-17 22:43:10 | WARNING  | co2_forecast | Very few sequences (8), LSTM may not train well
2026-09-17 22:43:10 | WARNING  | co2_forecast | Very few sequences (4), LSTM may not train well
2026-09-17 22:43:10 | WARNING  | co2_forecast | Very few sequences (4), LSTM may not train well
2026-09-17 22:43:10 | WARNING  | co2_forecast | Very few sequences (4), LSTM may not train well
2026-09-17 22:43:10 | WARNING  | co2_forecast | Very few sequences (8), LSTM may not train well
2026-09-17 22:43:10 | WARNING  | co2_forecast | Very few sequences (4), LSTM may not train well
2026-09-17 22:43:10 | WARNING  | co2_forecast | Very few sequences (4), LSTM may not train well
2026-09-17 22:43:10 | WARNING  | co2_forecast | Very few sequences (4), LSTM may not train well
2026-09-17 22:43:10 | WARNING  | co2_forecast | Very few sequences (8), LSTM may not train well
2026-09-17 22:43:11 | WARNING  | co2_forecast | Very few sequences (4), LSTM may not train well
2026-09-17 22:43:11 | WARNING  | co2_forecast | Very few sequences (4), LSTM may not train well
2026-09-17 22:43:11 | WARNING  | co2_forecast | Very few sequences (4), LSTM may not train well
2026-09-17 22:43:11 | WARNING  | co2_forecast | Very few sequences (8), LSTM may not train well
2026-09-17 22:43:11 | WARNING  | co2_forecast | Very few sequences (4), LSTM may not train well
2026-09-17 22:43:11 | WARNING  | co2_forecast | Very few sequences (4), LSTM may not train well
2026-09-17 22:43:11 | WARNING  | co2_forecast | Very few sequences (4), LSTM may not train well
2026-09-17 22:43:11 | WARNING  | co2_forecast | Very few sequences (8), LSTM may not train well
2026-09-17 22:43:11 | WARNING  | co2_forecast | Very few sequences (4), LSTM may not train well
2026-09-17 22:43:11 | WARNING  | co2_forecast | Very few sequences (4), LSTM may not train well
2026-09-17 22:43:11 | WARNING  | co2_forecast | Very few sequences (4), LSTM may not train well
2026-09-17 22:43:11 | WARNING  | co2_forecast | Very few sequences (8), LSTM may not train well
2026-09-17 22:43:11 | WARNING  | co2_forecast | Very few sequences (4), LSTM may not train well
2026-09-17 22:43:11 | WARNING  | co2_forecast | Very few sequences (4), LSTM may not train well
2026-09-17 22:43:11 | WARNING  | co2_forecast | Very few sequences (4), LSTM may not train well
2026-09-17 22:43:11 | WARNING  | co2_forecast | Very few sequences (8), LSTM may not train well
2026-09-17 22:43:11 | WARNING  | co2_forecast | Very few sequences (4), LSTM may not train well
2026-09-17 22:43:12 | WARNING  | co2_forecast | Very few sequences (4), LSTM may not train well
2026-09-17 22:43:12 | WARNING  | co2_forecast | Very few sequences (4), LSTM may not train well
2026-09-17 22:43:12 | WARNING  | co2_forecast | Very few sequences (8), LSTM may not train well
2026-09-17 22:43:12 | WARNING  | co2_forecast | Very few sequences (4), LSTM may not train well
2026-09-17 22:43:12 | WARNING  | co2_forecast | Very few sequences (4), LSTM may not train well
2026-09-17 22:43:12 | WARNING  | co2_forecast | Very few sequences (4), LSTM may not train well
2026-09-17 22:43:12 | WARNING  | co2_forecast | Very few sequences (8), LSTM may not train well
2026-09-17 22:43:12 | WARNING  | co2_forecast | Very few sequences (4), LSTM may not train well
2026-09-17 22:43:12 | WARNING  | co2_forecast | Very few sequences (4), LSTM may not train well
2026-09-17 22:43:12 | WARNING  | co2_forecast | Very few sequences (4), LSTM may not train well
2026-09-17 22:43:12 | WARNING  | co2_forecast | Very few sequences (8), LSTM may not train well
2026-09-17 22:43:12 | WARNING  | co2_forecast | Very few sequences (4), LSTM may not train well
2026-09-17 22:43:12 | WARNING  | co2_forecast | Very few sequences (4), LSTM may not train well
2026-09-17 22:43:12 | WARNING  | co2_forecast | Very few sequences (4), LSTM may not train well
2026-09-17 22:43:12 | WARNING  | co2_forecast | Very few sequences (8), LSTM may not train well
2026-09-17 22:43:13 | WARNING  | co2_forecast | Very few sequences (4), LSTM may not train well
2026-09-17 22:43:13 | WARNING  | co2_forecast | Very few sequences (4), LSTM may not train well
2026-09-17 22:43:13 | WARNING  | co2_forecast | Very few sequences (4), LSTM may not train well
2026-09-17 22:43:13 | WARNING  | co2_forecast | Very few sequences (8), LSTM may not train well
2026-09-17 22:43:13 | WARNING  | co2_forecast | Very few sequences (4), LSTM may not train well
2026-09-17 22:43:13 | WARNING  | co2_forecast | Very few sequences (4), LSTM may not train well
2026-09-17 22:43:13 | WARNING  | co2_forecast | Very few sequences (4), LSTM may not train well
2026-09-17 22:43:13 | WARNING  | co2_forecast | Very few sequences (8), LSTM may not train well
2026-09-17 22:43:13 | WARNING  | co2_forecast | Very few sequences (4), LSTM may not train well
2026-09-17 22:43:13 | WARNING  | co2_forecast | Very few sequences (4), LSTM may not train well
2026-09-17 22:43:13 | WARNING  | co2_forecast | Very few sequences (4), LSTM may not train well
2026-09-17 22:43:13 | WARNING  | co2_forecast | Very few sequences (8), LSTM may not train well
2026-09-17 22:43:13 | WARNING  | co2_forecast | Very few sequences (4), LSTM may not train well
2026-09-17 22:43:13 | WARNING  | co2_forecast | Very few sequences (4), LSTM may not train well
2026-09-17 22:43:13 | WARNING  | co2_forecast | Very few sequences (4), LSTM may not train well
2026-09-17 22:43:13 | WARNING  | co2_forecast | Very few sequences (8), LSTM may not train well
2026-09-17 22:43:13 | WARNING  | co2_forecast | Very few sequences (4), LSTM may not train well
2026-09-17 22:43:13 | WARNING  | co2_forecast | Very few sequences (4), LSTM may not train well
2026-09-17 22:43:13 | WARNING  | co2_forecast | Very few sequences (4), LSTM may not train well
2026-09-17 22:43:13 | WARNING  | co2_forecast | Very few sequences (8), LSTM may not train well
2026-09-17 22:43:14 | WARNING  | co2_forecast | Very few sequences (4), LSTM may not train well
2026-09-17 22:43:14 | WARNING  | co2_forecast | Very few sequences (4), LSTM may not train well
2026-09-17 22:43:14 | WARNING  | co2_forecast | Very few sequences (4), LSTM may not train well
2026-09-17 22:43:14 | WARNING  | co2_forecast | Very few sequences (8), LSTM may not train well
2026-09-17 22:43:14 | WARNING  | co2_forecast | Very few sequences (4), LSTM may not train well
2026-09-17 22:43:14 | WARNING  | co2_forecast | Very few sequences (4), LSTM may not train well
2026-09-17 22:43:14 | WARNING  | co2_forecast | Very few sequences (4), LSTM may not train well
2026-09-17 22:43:14 | WARNING  | co2_forecast | Very few sequences (8), LSTM may not train well
2026-09-17 22:43:14 | WARNING  | co2_forecast | Very few sequences (4), LSTM may not train well
2026-09-17 22:43:14 | WARNING  | co2_forecast | Very few sequences (4), LSTM may not train well
2026-09-17 22:43:14 | WARNING  | co2_forecast | Very few sequences (4), LSTM may not train well
2026-09-17 22:43:14 | WARNING  | co2_forecast | Very few sequences (8), LSTM may not train well
2026-09-17 22:43:14 | WARNING  | co2_forecast | Very few sequences (4), LSTM may not train well
2026-09-17 22:43:14 | WARNING  | co2_forecast | Very few sequences (4), LSTM may not train well
2026-09-17 22:43:14 | WARNING  | co2_forecast | Very few sequences (4), LSTM may not train well
2026-09-17 22:43:14 | WARNING  | co2_forecast | Very few sequences (8), LSTM may not train well
2026-09-17 22:43:15 | WARNING  | co2_forecast | Very few sequences (4), LSTM may not train well
2026-09-17 22:43:15 | WARNING  | co2_forecast | Very few sequences (4), LSTM may not train well
2026-09-17 22:43:15 | WARNING  | co2_forecast | Very few sequences (4), LSTM may not train well
2026-09-17 22:43:15 | WARNING  | co2_forecast | Very few sequences (8), LSTM may not train well
2026-09-17 22:43:15 | WARNING  | co2_forecast | Very few sequences (4), LSTM may not train well
2026-09-17 22:43:15 | WARNING  | co2_forecast | Very few sequences (4), LSTM may not train well
2026-09-17 22:43:15 | WARNING  | co2_forecast | Very few sequences (4), LSTM may not train well
2026-09-17 22:43:15 | WARNING  | co2_forecast | Very few sequences (8), LSTM may not train well
2026-09-17 22:43:15 | WARNING  | co2_forecast | Very few sequences (4), LSTM may not train well
2026-09-17 22:43:15 | WARNING  | co2_forecast | Very few sequences (4), LSTM may not train well
2026-09-17 22:43:15 | WARNING  | co2_forecast | Very few sequences (4), LSTM may not train well
2026-09-17 22:43:15 | WARNING  | co2_forecast | Very few sequences (8), LSTM may not train well
2026-09-17 22:43:15 | WARNING  | co2_forecast | Very few sequences (4), LSTM may not train well
2026-09-17 22:43:15 | WARNING  | co2_forecast | Very few sequences (4), LSTM may not train well
2026-09-17 22:43:15 | INFO     | co2_forecast |   Iteration 9: Best fitness = 0.765061
2026-09-17 22:43:15 | INFO     | co2_forecast | PSO complete. Best fitness: 0.765061
2026-09-17 22:43:15 | INFO     | co2_forecast |   Best params: {'lookback': 4, 'hidden_size': 16, 'num_layers': 2, 'dropout': 0.5, 'learning_rate': 0.0001, 'batch_size': 32}
2026-09-17 22:43:15 | INFO     | co2_forecast |   Best fitness: 0.765061
2026-09-17 22:43:15 | INFO     | co2_forecast | [A3_CI_lowshare_only/panel2_common_period/all_features/lstm] sweep tuning: best_params={'lookback': 4, 'hidden_size': 16, 'num_layers': 2, 'dropout': 0.5, 'learning_rate': 0.0001, 'batch_size': 32}
2026-09-17 22:43:16 | INFO     | co2_forecast |   lstm -> weighted_mase=1.0162784875105908
2026-09-17 22:43:16 | INFO     | co2_forecast | Variant A3_CI_lowshare_only complete in 43.3s
2026-09-17 22:43:16 | INFO     | co2_forecast | --- Variant A3_CI_all: 16 features ---
2026-09-17 22:43:16 | INFO     | co2_forecast | Creating walk-forward splits for 16 valid samples
2026-09-17 22:43:16 | INFO     | co2_forecast | Created 4 CV folds across horizons [1, 2, 4]
2026-09-17 22:43:16 | INFO     | co2_forecast | Built tuning CV plan: 4 folds from 16 rows before 2022-Qq (evaluation cutoff) - isolation OK (max tuning date 2021-Qq)
2026-09-17 22:43:16 | INFO     | co2_forecast | Optimizing ridge...
2026-09-17 22:43:16 | INFO     | co2_forecast | Starting PSO: 8 particles, 10 iterations
2026-09-17 22:43:16 | INFO     | co2_forecast |   Iteration 0: Best fitness = 2.414640
2026-09-17 22:43:16 | INFO     | co2_forecast |   Iteration 5: Best fitness = 2.084178
2026-09-17 22:43:17 | INFO     | co2_forecast |   Iteration 9: Best fitness = 2.084178
2026-09-17 22:43:17 | INFO     | co2_forecast | PSO complete. Best fitness: 2.084178
2026-09-17 22:43:17 | INFO     | co2_forecast |   Best params: {'alpha': 100.0}
2026-09-17 22:43:17 | INFO     | co2_forecast |   Best fitness: 2.084178
2026-09-17 22:43:17 | INFO     | co2_forecast | [A3_CI_all/panel2_common_period/all_features/ridge] sweep tuning: best_params={'alpha': 100.0}
2026-09-17 22:43:17 | INFO     | co2_forecast |   ridge -> weighted_mase=0.8511949739095892
2026-09-17 22:43:17 | INFO     | co2_forecast | Creating walk-forward splits for 16 valid samples
2026-09-17 22:43:17 | INFO     | co2_forecast | Created 4 CV folds across horizons [1, 2, 4]
2026-09-17 22:43:17 | INFO     | co2_forecast | Built tuning CV plan: 4 folds from 16 rows before 2022-Qq (evaluation cutoff) - isolation OK (max tuning date 2021-Qq)
2026-09-17 22:43:17 | INFO     | co2_forecast | Optimizing random_forest...
2026-09-17 22:43:17 | INFO     | co2_forecast | Starting PSO: 8 particles, 10 iterations
2026-09-17 22:43:19 | INFO     | co2_forecast |   Iteration 0: Best fitness = 0.678501
2026-09-17 22:43:25 | INFO     | co2_forecast |   Iteration 5: Best fitness = 0.317545
2026-09-17 22:43:30 | INFO     | co2_forecast |   Iteration 9: Best fitness = 0.312968
2026-09-17 22:43:30 | INFO     | co2_forecast | PSO complete. Best fitness: 0.312968
2026-09-17 22:43:30 | INFO     | co2_forecast |   Best params: {'n_estimators': 51, 'max_depth': 3, 'min_samples_split': 2, 'min_samples_leaf': 1}
2026-09-17 22:43:30 | INFO     | co2_forecast |   Best fitness: 0.312968
2026-09-17 22:43:30 | INFO     | co2_forecast | [A3_CI_all/panel2_common_period/all_features/random_forest] sweep tuning: best_params={'n_estimators': 51, 'max_depth': 3, 'min_samples_split': 2, 'min_samples_leaf': 1}
2026-09-17 22:43:30 | INFO     | co2_forecast |   random_forest -> weighted_mase=0.6803297957603729
2026-09-17 22:43:30 | INFO     | co2_forecast | Creating walk-forward splits for 16 valid samples
2026-09-17 22:43:30 | INFO     | co2_forecast | Created 4 CV folds across horizons [1, 2, 4]
2026-09-17 22:43:30 | INFO     | co2_forecast | Built tuning CV plan: 4 folds from 16 rows before 2022-Qq (evaluation cutoff) - isolation OK (max tuning date 2021-Qq)
2026-09-17 22:43:30 | INFO     | co2_forecast | Optimizing catboost...
2026-09-17 22:43:30 | INFO     | co2_forecast | Starting PSO: 8 particles, 10 iterations
2026-09-17 22:43:31 | INFO     | co2_forecast |   Iteration 0: Best fitness = 0.388145
2026-09-17 22:43:31 | INFO     | co2_forecast |   Iteration 5: Best fitness = 0.349103
2026-09-17 22:43:32 | INFO     | co2_forecast |   Iteration 9: Best fitness = 0.324730
2026-09-17 22:43:32 | INFO     | co2_forecast | PSO complete. Best fitness: 0.324730
2026-09-17 22:43:32 | INFO     | co2_forecast |   Best params: {'iterations': 66, 'learning_rate': 0.16379010232914662, 'depth': 3, 'l2_leaf_reg': 3.194260476885049}
2026-09-17 22:43:32 | INFO     | co2_forecast |   Best fitness: 0.324730
2026-09-17 22:43:32 | INFO     | co2_forecast | [A3_CI_all/panel2_common_period/all_features/catboost] sweep tuning: best_params={'iterations': 66, 'learning_rate': 0.16379010232914662, 'depth': 3, 'l2_leaf_reg': 3.194260476885049}
2026-09-17 22:43:32 | INFO     | co2_forecast |   catboost -> weighted_mase=0.6315534455777275
2026-09-17 22:43:32 | INFO     | co2_forecast | Creating walk-forward splits for 16 valid samples
2026-09-17 22:43:32 | INFO     | co2_forecast | Created 4 CV folds across horizons [1, 2, 4]
2026-09-17 22:43:32 | INFO     | co2_forecast | Built tuning CV plan: 4 folds from 16 rows before 2022-Qq (evaluation cutoff) - isolation OK (max tuning date 2021-Qq)
2026-09-17 22:43:32 | INFO     | co2_forecast | Optimizing lightgbm...
2026-09-17 22:43:32 | INFO     | co2_forecast | Starting PSO: 8 particles, 10 iterations
2026-09-17 22:43:32 | INFO     | co2_forecast |   Iteration 0: Best fitness = 0.768990
2026-09-17 22:43:33 | INFO     | co2_forecast |   Iteration 5: Best fitness = 0.655253
2026-09-17 22:43:34 | INFO     | co2_forecast |   Iteration 9: Best fitness = 0.655253
2026-09-17 22:43:34 | INFO     | co2_forecast | PSO complete. Best fitness: 0.655253
2026-09-17 22:43:34 | INFO     | co2_forecast |   Best params: {'n_estimators': 50, 'learning_rate': 0.298896419948602, 'num_leaves': 127, 'max_depth': 3, 'min_child_samples': 5, 'reg_alpha': 0.001, 'reg_lambda': 0.001}
2026-09-17 22:43:34 | INFO     | co2_forecast |   Best fitness: 0.655253
2026-09-17 22:43:34 | INFO     | co2_forecast | [A3_CI_all/panel2_common_period/all_features/lightgbm] sweep tuning: best_params={'n_estimators': 50, 'learning_rate': 0.298896419948602, 'num_leaves': 127, 'max_depth': 3, 'min_child_samples': 5, 'reg_alpha': 0.001, 'reg_lambda': 0.001}
2026-09-17 22:43:34 | INFO     | co2_forecast |   lightgbm -> weighted_mase=0.6628107013701422
2026-09-17 22:43:34 | INFO     | co2_forecast | Creating walk-forward splits for 16 valid samples
2026-09-17 22:43:34 | INFO     | co2_forecast | Created 4 CV folds across horizons [1, 2, 4]
2026-09-17 22:43:34 | INFO     | co2_forecast | Built tuning CV plan: 4 folds from 16 rows before 2022-Qq (evaluation cutoff) - isolation OK (max tuning date 2021-Qq)
2026-09-17 22:43:34 | INFO     | co2_forecast | Optimizing lstm...
2026-09-17 22:43:34 | INFO     | co2_forecast | Starting PSO: 8 particles, 10 iterations
2026-09-17 22:43:34 | WARNING  | co2_forecast | Model training failed with params {'lookback': 7, 'hidden_size': 62, 'num_layers': 2, 'dropout': 0.3394633936788147, 'learning_rate': 0.0016445845403801217, 'batch_size': 8}: LSTM.fit: training data has 8 rows, giving only 1 sequence(s) with lookback=7; at least 2 are required (one is always reserved for validation). Reduce lookback or provide more training history.
2026-09-17 22:43:34 | WARNING  | co2_forecast | Model training failed with params {'lookback': 11, 'hidden_size': 26, 'num_layers': 1, 'dropout': 0.17336180394137354, 'learning_rate': 0.0031119982052994237, 'batch_size': 16}: LSTM.fit: training data has 8 rows, giving only 0 sequence(s) with lookback=11; at least 2 are required (one is always reserved for validation). Reduce lookback or provide more training history.
2026-09-17 22:43:34 | WARNING  | co2_forecast | Model training failed with params {'lookback': 8, 'hidden_size': 54, 'num_layers': 1, 'dropout': 0.3056937753654447, 'learning_rate': 0.005964904231734221, 'batch_size': 8}: LSTM.fit: training data has 8 rows, giving only 0 sequence(s) with lookback=8; at least 2 are required (one is always reserved for validation). Reduce lookback or provide more training history.
2026-09-17 22:43:34 | WARNING  | co2_forecast | Very few sequences (2), LSTM may not train well
2026-09-17 22:43:34 | WARNING  | co2_forecast | Very few sequences (6), LSTM may not train well
2026-09-17 22:43:34 | WARNING  | co2_forecast | Very few sequences (2), LSTM may not train well
2026-09-17 22:43:35 | WARNING  | co2_forecast | Very few sequences (2), LSTM may not train well
2026-09-17 22:43:35 | WARNING  | co2_forecast | Model training failed with params {'lookback': 8, 'hidden_size': 25, 'num_layers': 2, 'dropout': 0.4100531293444458, 'learning_rate': 0.009401039521485473, 'batch_size': 32}: LSTM.fit: training data has 8 rows, giving only 0 sequence(s) with lookback=8; at least 2 are required (one is always reserved for validation). Reduce lookback or provide more training history.
2026-09-17 22:43:35 | WARNING  | co2_forecast | Model training failed with params {'lookback': 7, 'hidden_size': 29, 'num_layers': 2, 'dropout': 0.2427013306774357, 'learning_rate': 0.00288125164590507, 'batch_size': 16}: LSTM.fit: training data has 8 rows, giving only 1 sequence(s) with lookback=7; at least 2 are required (one is always reserved for validation). Reduce lookback or provide more training history.
2026-09-17 22:43:35 | WARNING  | co2_forecast | Very few sequences (4), LSTM may not train well
2026-09-17 22:43:35 | WARNING  | co2_forecast | Very few sequences (8), LSTM may not train well
2026-09-17 22:43:35 | WARNING  | co2_forecast | Very few sequences (4), LSTM may not train well
2026-09-17 22:43:35 | WARNING  | co2_forecast | Very few sequences (4), LSTM may not train well
2026-09-17 22:43:35 | WARNING  | co2_forecast | Very few sequences (2), LSTM may not train well
2026-09-17 22:43:35 | WARNING  | co2_forecast | Very few sequences (6), LSTM may not train well
2026-09-17 22:43:35 | WARNING  | co2_forecast | Very few sequences (2), LSTM may not train well
2026-09-17 22:43:35 | WARNING  | co2_forecast | Very few sequences (2), LSTM may not train well
2026-09-17 22:43:35 | INFO     | co2_forecast |   Iteration 0: Best fitness = 1.107442
2026-09-17 22:43:35 | WARNING  | co2_forecast | Very few sequences (3), LSTM may not train well
2026-09-17 22:43:35 | WARNING  | co2_forecast | Very few sequences (7), LSTM may not train well
2026-09-17 22:43:35 | WARNING  | co2_forecast | Very few sequences (3), LSTM may not train well
2026-09-17 22:43:35 | WARNING  | co2_forecast | Very few sequences (3), LSTM may not train well
2026-09-17 22:43:35 | WARNING  | co2_forecast | Very few sequences (2), LSTM may not train well
2026-09-17 22:43:35 | WARNING  | co2_forecast | Very few sequences (6), LSTM may not train well
2026-09-17 22:43:35 | WARNING  | co2_forecast | Very few sequences (2), LSTM may not train well
2026-09-17 22:43:35 | WARNING  | co2_forecast | Very few sequences (2), LSTM may not train well
2026-09-17 22:43:35 | WARNING  | co2_forecast | Model training failed with params {'lookback': 8, 'hidden_size': 44, 'num_layers': 1, 'dropout': 0.32389753899663415, 'learning_rate': 0.005520634690128072, 'batch_size': 8}: LSTM.fit: training data has 8 rows, giving only 0 sequence(s) with lookback=8; at least 2 are required (one is always reserved for validation). Reduce lookback or provide more training history.
2026-09-17 22:43:35 | WARNING  | co2_forecast | Very few sequences (3), LSTM may not train well
2026-09-17 22:43:35 | WARNING  | co2_forecast | Very few sequences (7), LSTM may not train well
2026-09-17 22:43:35 | WARNING  | co2_forecast | Very few sequences (3), LSTM may not train well
2026-09-17 22:43:36 | WARNING  | co2_forecast | Very few sequences (3), LSTM may not train well
2026-09-17 22:43:36 | WARNING  | co2_forecast | Very few sequences (2), LSTM may not train well
2026-09-17 22:43:36 | WARNING  | co2_forecast | Very few sequences (6), LSTM may not train well
2026-09-17 22:43:36 | WARNING  | co2_forecast | Very few sequences (2), LSTM may not train well
2026-09-17 22:43:36 | WARNING  | co2_forecast | Very few sequences (2), LSTM may not train well
2026-09-17 22:43:36 | WARNING  | co2_forecast | Very few sequences (3), LSTM may not train well
2026-09-17 22:43:36 | WARNING  | co2_forecast | Very few sequences (7), LSTM may not train well
2026-09-17 22:43:36 | WARNING  | co2_forecast | Very few sequences (3), LSTM may not train well
2026-09-17 22:43:36 | WARNING  | co2_forecast | Very few sequences (3), LSTM may not train well
2026-09-17 22:43:36 | WARNING  | co2_forecast | Very few sequences (4), LSTM may not train well
2026-09-17 22:43:36 | WARNING  | co2_forecast | Very few sequences (8), LSTM may not train well
2026-09-17 22:43:37 | WARNING  | co2_forecast | Very few sequences (4), LSTM may not train well
2026-09-17 22:43:37 | WARNING  | co2_forecast | Very few sequences (4), LSTM may not train well
2026-09-17 22:43:37 | WARNING  | co2_forecast | Very few sequences (2), LSTM may not train well
2026-09-17 22:43:37 | WARNING  | co2_forecast | Very few sequences (6), LSTM may not train well
2026-09-17 22:43:37 | WARNING  | co2_forecast | Very few sequences (2), LSTM may not train well
2026-09-17 22:43:37 | WARNING  | co2_forecast | Very few sequences (2), LSTM may not train well
2026-09-17 22:43:37 | WARNING  | co2_forecast | Very few sequences (4), LSTM may not train well
2026-09-17 22:43:37 | WARNING  | co2_forecast | Very few sequences (8), LSTM may not train well
2026-09-17 22:43:37 | WARNING  | co2_forecast | Very few sequences (4), LSTM may not train well
2026-09-17 22:43:37 | WARNING  | co2_forecast | Very few sequences (4), LSTM may not train well
2026-09-17 22:43:37 | WARNING  | co2_forecast | Very few sequences (4), LSTM may not train well
2026-09-17 22:43:37 | WARNING  | co2_forecast | Very few sequences (8), LSTM may not train well
2026-09-17 22:43:37 | WARNING  | co2_forecast | Very few sequences (4), LSTM may not train well
2026-09-17 22:43:37 | WARNING  | co2_forecast | Very few sequences (4), LSTM may not train well
2026-09-17 22:43:37 | WARNING  | co2_forecast | Model training failed with params {'lookback': 7, 'hidden_size': 33, 'num_layers': 1, 'dropout': 0.3174646446740698, 'learning_rate': 0.004142028037008456, 'batch_size': 16}: LSTM.fit: training data has 8 rows, giving only 1 sequence(s) with lookback=7; at least 2 are required (one is always reserved for validation). Reduce lookback or provide more training history.
2026-09-17 22:43:37 | WARNING  | co2_forecast | Very few sequences (3), LSTM may not train well
2026-09-17 22:43:37 | WARNING  | co2_forecast | Very few sequences (7), LSTM may not train well
2026-09-17 22:43:37 | WARNING  | co2_forecast | Very few sequences (3), LSTM may not train well
2026-09-17 22:43:37 | WARNING  | co2_forecast | Very few sequences (3), LSTM may not train well
2026-09-17 22:43:37 | WARNING  | co2_forecast | Very few sequences (4), LSTM may not train well
2026-09-17 22:43:37 | WARNING  | co2_forecast | Very few sequences (8), LSTM may not train well
2026-09-17 22:43:37 | WARNING  | co2_forecast | Very few sequences (4), LSTM may not train well
2026-09-17 22:43:37 | WARNING  | co2_forecast | Very few sequences (4), LSTM may not train well
2026-09-17 22:43:37 | WARNING  | co2_forecast | Very few sequences (4), LSTM may not train well
2026-09-17 22:43:37 | WARNING  | co2_forecast | Very few sequences (8), LSTM may not train well
2026-09-17 22:43:37 | WARNING  | co2_forecast | Very few sequences (4), LSTM may not train well
2026-09-17 22:43:37 | WARNING  | co2_forecast | Very few sequences (4), LSTM may not train well
2026-09-17 22:43:37 | WARNING  | co2_forecast | Very few sequences (3), LSTM may not train well
2026-09-17 22:43:37 | WARNING  | co2_forecast | Very few sequences (7), LSTM may not train well
2026-09-17 22:43:37 | WARNING  | co2_forecast | Very few sequences (3), LSTM may not train well
2026-09-17 22:43:37 | WARNING  | co2_forecast | Very few sequences (3), LSTM may not train well
2026-09-17 22:43:38 | WARNING  | co2_forecast | Very few sequences (3), LSTM may not train well
2026-09-17 22:43:38 | WARNING  | co2_forecast | Very few sequences (7), LSTM may not train well
2026-09-17 22:43:38 | WARNING  | co2_forecast | Very few sequences (3), LSTM may not train well
2026-09-17 22:43:38 | WARNING  | co2_forecast | Very few sequences (3), LSTM may not train well
2026-09-17 22:43:38 | WARNING  | co2_forecast | Very few sequences (4), LSTM may not train well
2026-09-17 22:43:38 | WARNING  | co2_forecast | Very few sequences (8), LSTM may not train well
2026-09-17 22:43:38 | WARNING  | co2_forecast | Very few sequences (4), LSTM may not train well
2026-09-17 22:43:38 | WARNING  | co2_forecast | Very few sequences (4), LSTM may not train well
2026-09-17 22:43:38 | WARNING  | co2_forecast | Very few sequences (4), LSTM may not train well
2026-09-17 22:43:38 | WARNING  | co2_forecast | Very few sequences (8), LSTM may not train well
2026-09-17 22:43:38 | WARNING  | co2_forecast | Very few sequences (4), LSTM may not train well
2026-09-17 22:43:38 | WARNING  | co2_forecast | Very few sequences (4), LSTM may not train well
2026-09-17 22:43:38 | WARNING  | co2_forecast | Very few sequences (2), LSTM may not train well
2026-09-17 22:43:38 | WARNING  | co2_forecast | Very few sequences (6), LSTM may not train well
2026-09-17 22:43:38 | WARNING  | co2_forecast | Very few sequences (2), LSTM may not train well
2026-09-17 22:43:38 | WARNING  | co2_forecast | Very few sequences (2), LSTM may not train well
2026-09-17 22:43:38 | WARNING  | co2_forecast | Very few sequences (4), LSTM may not train well
2026-09-17 22:43:38 | WARNING  | co2_forecast | Very few sequences (8), LSTM may not train well
2026-09-17 22:43:38 | WARNING  | co2_forecast | Very few sequences (4), LSTM may not train well
2026-09-17 22:43:38 | WARNING  | co2_forecast | Very few sequences (4), LSTM may not train well
2026-09-17 22:43:38 | WARNING  | co2_forecast | Very few sequences (4), LSTM may not train well
2026-09-17 22:43:38 | WARNING  | co2_forecast | Very few sequences (8), LSTM may not train well
2026-09-17 22:43:38 | WARNING  | co2_forecast | Very few sequences (4), LSTM may not train well
2026-09-17 22:43:38 | WARNING  | co2_forecast | Very few sequences (4), LSTM may not train well
2026-09-17 22:43:38 | WARNING  | co2_forecast | Very few sequences (4), LSTM may not train well
2026-09-17 22:43:38 | WARNING  | co2_forecast | Very few sequences (8), LSTM may not train well
2026-09-17 22:43:38 | WARNING  | co2_forecast | Very few sequences (4), LSTM may not train well
2026-09-17 22:43:38 | WARNING  | co2_forecast | Very few sequences (4), LSTM may not train well
2026-09-17 22:43:38 | WARNING  | co2_forecast | Very few sequences (4), LSTM may not train well
2026-09-17 22:43:38 | WARNING  | co2_forecast | Very few sequences (8), LSTM may not train well
2026-09-17 22:43:38 | WARNING  | co2_forecast | Very few sequences (4), LSTM may not train well
2026-09-17 22:43:38 | WARNING  | co2_forecast | Very few sequences (4), LSTM may not train well
2026-09-17 22:43:38 | WARNING  | co2_forecast | Very few sequences (3), LSTM may not train well
2026-09-17 22:43:38 | WARNING  | co2_forecast | Very few sequences (7), LSTM may not train well
2026-09-17 22:43:38 | WARNING  | co2_forecast | Very few sequences (3), LSTM may not train well
2026-09-17 22:43:38 | WARNING  | co2_forecast | Very few sequences (3), LSTM may not train well
2026-09-17 22:43:38 | WARNING  | co2_forecast | Very few sequences (4), LSTM may not train well
2026-09-17 22:43:38 | WARNING  | co2_forecast | Very few sequences (8), LSTM may not train well
2026-09-17 22:43:38 | WARNING  | co2_forecast | Very few sequences (4), LSTM may not train well
2026-09-17 22:43:38 | WARNING  | co2_forecast | Very few sequences (4), LSTM may not train well
2026-09-17 22:43:39 | WARNING  | co2_forecast | Very few sequences (4), LSTM may not train well
2026-09-17 22:43:39 | WARNING  | co2_forecast | Very few sequences (8), LSTM may not train well
2026-09-17 22:43:39 | WARNING  | co2_forecast | Very few sequences (4), LSTM may not train well
2026-09-17 22:43:39 | WARNING  | co2_forecast | Very few sequences (4), LSTM may not train well
2026-09-17 22:43:39 | WARNING  | co2_forecast | Very few sequences (3), LSTM may not train well
2026-09-17 22:43:39 | WARNING  | co2_forecast | Very few sequences (7), LSTM may not train well
2026-09-17 22:43:39 | WARNING  | co2_forecast | Very few sequences (3), LSTM may not train well
2026-09-17 22:43:39 | WARNING  | co2_forecast | Very few sequences (3), LSTM may not train well
2026-09-17 22:43:39 | WARNING  | co2_forecast | Very few sequences (4), LSTM may not train well
2026-09-17 22:43:39 | WARNING  | co2_forecast | Very few sequences (8), LSTM may not train well
2026-09-17 22:43:39 | WARNING  | co2_forecast | Very few sequences (4), LSTM may not train well
2026-09-17 22:43:39 | WARNING  | co2_forecast | Very few sequences (4), LSTM may not train well
2026-09-17 22:43:39 | WARNING  | co2_forecast | Very few sequences (4), LSTM may not train well
2026-09-17 22:43:39 | WARNING  | co2_forecast | Very few sequences (8), LSTM may not train well
2026-09-17 22:43:39 | WARNING  | co2_forecast | Very few sequences (4), LSTM may not train well
2026-09-17 22:43:39 | WARNING  | co2_forecast | Very few sequences (4), LSTM may not train well
2026-09-17 22:43:39 | WARNING  | co2_forecast | Very few sequences (4), LSTM may not train well
2026-09-17 22:43:39 | WARNING  | co2_forecast | Very few sequences (8), LSTM may not train well
2026-09-17 22:43:39 | WARNING  | co2_forecast | Very few sequences (4), LSTM may not train well
2026-09-17 22:43:39 | WARNING  | co2_forecast | Very few sequences (4), LSTM may not train well
2026-09-17 22:43:39 | WARNING  | co2_forecast | Very few sequences (4), LSTM may not train well
2026-09-17 22:43:39 | WARNING  | co2_forecast | Very few sequences (8), LSTM may not train well
2026-09-17 22:43:39 | WARNING  | co2_forecast | Very few sequences (4), LSTM may not train well
2026-09-17 22:43:39 | WARNING  | co2_forecast | Very few sequences (4), LSTM may not train well
2026-09-17 22:43:39 | WARNING  | co2_forecast | Very few sequences (4), LSTM may not train well
2026-09-17 22:43:39 | WARNING  | co2_forecast | Very few sequences (8), LSTM may not train well
2026-09-17 22:43:39 | WARNING  | co2_forecast | Very few sequences (4), LSTM may not train well
2026-09-17 22:43:39 | WARNING  | co2_forecast | Very few sequences (4), LSTM may not train well
2026-09-17 22:43:39 | WARNING  | co2_forecast | Very few sequences (4), LSTM may not train well
2026-09-17 22:43:39 | WARNING  | co2_forecast | Very few sequences (8), LSTM may not train well
2026-09-17 22:43:39 | WARNING  | co2_forecast | Very few sequences (4), LSTM may not train well
2026-09-17 22:43:39 | WARNING  | co2_forecast | Very few sequences (4), LSTM may not train well
2026-09-17 22:43:39 | WARNING  | co2_forecast | Very few sequences (4), LSTM may not train well
2026-09-17 22:43:39 | WARNING  | co2_forecast | Very few sequences (8), LSTM may not train well
2026-09-17 22:43:39 | WARNING  | co2_forecast | Very few sequences (4), LSTM may not train well
2026-09-17 22:43:39 | WARNING  | co2_forecast | Very few sequences (4), LSTM may not train well
2026-09-17 22:43:39 | WARNING  | co2_forecast | Very few sequences (4), LSTM may not train well
2026-09-17 22:43:39 | WARNING  | co2_forecast | Very few sequences (8), LSTM may not train well
2026-09-17 22:43:39 | WARNING  | co2_forecast | Very few sequences (4), LSTM may not train well
2026-09-17 22:43:39 | WARNING  | co2_forecast | Very few sequences (4), LSTM may not train well
2026-09-17 22:43:39 | WARNING  | co2_forecast | Very few sequences (4), LSTM may not train well
2026-09-17 22:43:39 | WARNING  | co2_forecast | Very few sequences (8), LSTM may not train well
2026-09-17 22:43:40 | WARNING  | co2_forecast | Very few sequences (4), LSTM may not train well
2026-09-17 22:43:40 | WARNING  | co2_forecast | Very few sequences (4), LSTM may not train well
2026-09-17 22:43:40 | WARNING  | co2_forecast | Very few sequences (4), LSTM may not train well
2026-09-17 22:43:40 | WARNING  | co2_forecast | Very few sequences (8), LSTM may not train well
2026-09-17 22:43:40 | WARNING  | co2_forecast | Very few sequences (4), LSTM may not train well
2026-09-17 22:43:40 | WARNING  | co2_forecast | Very few sequences (4), LSTM may not train well
2026-09-17 22:43:40 | WARNING  | co2_forecast | Very few sequences (4), LSTM may not train well
2026-09-17 22:43:40 | WARNING  | co2_forecast | Very few sequences (8), LSTM may not train well
2026-09-17 22:43:40 | WARNING  | co2_forecast | Very few sequences (4), LSTM may not train well
2026-09-17 22:43:40 | WARNING  | co2_forecast | Very few sequences (4), LSTM may not train well
2026-09-17 22:43:40 | WARNING  | co2_forecast | Very few sequences (4), LSTM may not train well
2026-09-17 22:43:40 | WARNING  | co2_forecast | Very few sequences (8), LSTM may not train well
2026-09-17 22:43:40 | WARNING  | co2_forecast | Very few sequences (4), LSTM may not train well
2026-09-17 22:43:40 | WARNING  | co2_forecast | Very few sequences (4), LSTM may not train well
2026-09-17 22:43:40 | WARNING  | co2_forecast | Very few sequences (4), LSTM may not train well
2026-09-17 22:43:40 | WARNING  | co2_forecast | Very few sequences (8), LSTM may not train well
2026-09-17 22:43:40 | WARNING  | co2_forecast | Very few sequences (4), LSTM may not train well
2026-09-17 22:43:40 | WARNING  | co2_forecast | Very few sequences (4), LSTM may not train well
2026-09-17 22:43:40 | INFO     | co2_forecast |   Iteration 5: Best fitness = 0.763014
2026-09-17 22:43:40 | WARNING  | co2_forecast | Very few sequences (4), LSTM may not train well
2026-09-17 22:43:40 | WARNING  | co2_forecast | Very few sequences (8), LSTM may not train well
2026-09-17 22:43:40 | WARNING  | co2_forecast | Very few sequences (4), LSTM may not train well
2026-09-17 22:43:40 | WARNING  | co2_forecast | Very few sequences (4), LSTM may not train well
2026-09-17 22:43:40 | WARNING  | co2_forecast | Very few sequences (4), LSTM may not train well
2026-09-17 22:43:40 | WARNING  | co2_forecast | Very few sequences (8), LSTM may not train well
2026-09-17 22:43:40 | WARNING  | co2_forecast | Very few sequences (4), LSTM may not train well
2026-09-17 22:43:40 | WARNING  | co2_forecast | Very few sequences (4), LSTM may not train well
2026-09-17 22:43:40 | WARNING  | co2_forecast | Very few sequences (4), LSTM may not train well
2026-09-17 22:43:40 | WARNING  | co2_forecast | Very few sequences (8), LSTM may not train well
2026-09-17 22:43:40 | WARNING  | co2_forecast | Very few sequences (4), LSTM may not train well
2026-09-17 22:43:40 | WARNING  | co2_forecast | Very few sequences (4), LSTM may not train well
2026-09-17 22:43:40 | WARNING  | co2_forecast | Very few sequences (4), LSTM may not train well
2026-09-17 22:43:40 | WARNING  | co2_forecast | Very few sequences (8), LSTM may not train well
2026-09-17 22:43:40 | WARNING  | co2_forecast | Very few sequences (4), LSTM may not train well
2026-09-17 22:43:40 | WARNING  | co2_forecast | Very few sequences (4), LSTM may not train well
2026-09-17 22:43:40 | WARNING  | co2_forecast | Very few sequences (4), LSTM may not train well
2026-09-17 22:43:40 | WARNING  | co2_forecast | Very few sequences (8), LSTM may not train well
2026-09-17 22:43:40 | WARNING  | co2_forecast | Very few sequences (4), LSTM may not train well
2026-09-17 22:43:40 | WARNING  | co2_forecast | Very few sequences (4), LSTM may not train well
2026-09-17 22:43:40 | WARNING  | co2_forecast | Very few sequences (4), LSTM may not train well
2026-09-17 22:43:40 | WARNING  | co2_forecast | Very few sequences (8), LSTM may not train well
2026-09-17 22:43:40 | WARNING  | co2_forecast | Very few sequences (4), LSTM may not train well
2026-09-17 22:43:40 | WARNING  | co2_forecast | Very few sequences (4), LSTM may not train well
2026-09-17 22:43:40 | WARNING  | co2_forecast | Very few sequences (4), LSTM may not train well
2026-09-17 22:43:40 | WARNING  | co2_forecast | Very few sequences (8), LSTM may not train well
2026-09-17 22:43:41 | WARNING  | co2_forecast | Very few sequences (4), LSTM may not train well
2026-09-17 22:43:41 | WARNING  | co2_forecast | Very few sequences (4), LSTM may not train well
2026-09-17 22:43:41 | WARNING  | co2_forecast | Very few sequences (4), LSTM may not train well
2026-09-17 22:43:41 | WARNING  | co2_forecast | Very few sequences (8), LSTM may not train well
2026-09-17 22:43:41 | WARNING  | co2_forecast | Very few sequences (4), LSTM may not train well
2026-09-17 22:43:41 | WARNING  | co2_forecast | Very few sequences (4), LSTM may not train well
2026-09-17 22:43:41 | WARNING  | co2_forecast | Very few sequences (4), LSTM may not train well
2026-09-17 22:43:41 | WARNING  | co2_forecast | Very few sequences (8), LSTM may not train well
2026-09-17 22:43:41 | WARNING  | co2_forecast | Very few sequences (4), LSTM may not train well
2026-09-17 22:43:41 | WARNING  | co2_forecast | Very few sequences (4), LSTM may not train well
2026-09-17 22:43:41 | WARNING  | co2_forecast | Very few sequences (4), LSTM may not train well
2026-09-17 22:43:41 | WARNING  | co2_forecast | Very few sequences (8), LSTM may not train well
2026-09-17 22:43:41 | WARNING  | co2_forecast | Very few sequences (4), LSTM may not train well
2026-09-17 22:43:41 | WARNING  | co2_forecast | Very few sequences (4), LSTM may not train well
2026-09-17 22:43:41 | WARNING  | co2_forecast | Very few sequences (4), LSTM may not train well
2026-09-17 22:43:41 | WARNING  | co2_forecast | Very few sequences (8), LSTM may not train well
2026-09-17 22:43:41 | WARNING  | co2_forecast | Very few sequences (4), LSTM may not train well
2026-09-17 22:43:41 | WARNING  | co2_forecast | Very few sequences (4), LSTM may not train well
2026-09-17 22:43:41 | WARNING  | co2_forecast | Very few sequences (4), LSTM may not train well
2026-09-17 22:43:41 | WARNING  | co2_forecast | Very few sequences (8), LSTM may not train well
2026-09-17 22:43:41 | WARNING  | co2_forecast | Very few sequences (4), LSTM may not train well
2026-09-17 22:43:41 | WARNING  | co2_forecast | Very few sequences (4), LSTM may not train well
2026-09-17 22:43:41 | WARNING  | co2_forecast | Very few sequences (4), LSTM may not train well
2026-09-17 22:43:41 | WARNING  | co2_forecast | Very few sequences (8), LSTM may not train well
2026-09-17 22:43:41 | WARNING  | co2_forecast | Very few sequences (4), LSTM may not train well
2026-09-17 22:43:41 | WARNING  | co2_forecast | Very few sequences (4), LSTM may not train well
2026-09-17 22:43:41 | WARNING  | co2_forecast | Very few sequences (4), LSTM may not train well
2026-09-17 22:43:41 | WARNING  | co2_forecast | Very few sequences (8), LSTM may not train well
2026-09-17 22:43:41 | WARNING  | co2_forecast | Very few sequences (4), LSTM may not train well
2026-09-17 22:43:41 | WARNING  | co2_forecast | Very few sequences (4), LSTM may not train well
2026-09-17 22:43:41 | WARNING  | co2_forecast | Very few sequences (4), LSTM may not train well
2026-09-17 22:43:41 | WARNING  | co2_forecast | Very few sequences (8), LSTM may not train well
2026-09-17 22:43:41 | WARNING  | co2_forecast | Very few sequences (4), LSTM may not train well
2026-09-17 22:43:41 | WARNING  | co2_forecast | Very few sequences (4), LSTM may not train well
2026-09-17 22:43:41 | WARNING  | co2_forecast | Very few sequences (4), LSTM may not train well
2026-09-17 22:43:41 | WARNING  | co2_forecast | Very few sequences (8), LSTM may not train well
2026-09-17 22:43:41 | WARNING  | co2_forecast | Very few sequences (4), LSTM may not train well
2026-09-17 22:43:41 | WARNING  | co2_forecast | Very few sequences (4), LSTM may not train well
2026-09-17 22:43:41 | WARNING  | co2_forecast | Very few sequences (4), LSTM may not train well
2026-09-17 22:43:41 | WARNING  | co2_forecast | Very few sequences (8), LSTM may not train well
2026-09-17 22:43:41 | WARNING  | co2_forecast | Very few sequences (4), LSTM may not train well
2026-09-17 22:43:41 | WARNING  | co2_forecast | Very few sequences (4), LSTM may not train well
2026-09-17 22:43:41 | WARNING  | co2_forecast | Very few sequences (4), LSTM may not train well
2026-09-17 22:43:41 | WARNING  | co2_forecast | Very few sequences (8), LSTM may not train well
2026-09-17 22:43:41 | WARNING  | co2_forecast | Very few sequences (4), LSTM may not train well
2026-09-17 22:43:41 | WARNING  | co2_forecast | Very few sequences (4), LSTM may not train well
2026-09-17 22:43:41 | WARNING  | co2_forecast | Very few sequences (4), LSTM may not train well
2026-09-17 22:43:41 | WARNING  | co2_forecast | Very few sequences (8), LSTM may not train well
2026-09-17 22:43:42 | WARNING  | co2_forecast | Very few sequences (4), LSTM may not train well
2026-09-17 22:43:42 | WARNING  | co2_forecast | Very few sequences (4), LSTM may not train well
2026-09-17 22:43:42 | WARNING  | co2_forecast | Very few sequences (4), LSTM may not train well
2026-09-17 22:43:42 | WARNING  | co2_forecast | Very few sequences (8), LSTM may not train well
2026-09-17 22:43:42 | WARNING  | co2_forecast | Very few sequences (4), LSTM may not train well
2026-09-17 22:43:42 | WARNING  | co2_forecast | Very few sequences (4), LSTM may not train well
2026-09-17 22:43:42 | WARNING  | co2_forecast | Very few sequences (4), LSTM may not train well
2026-09-17 22:43:42 | WARNING  | co2_forecast | Very few sequences (8), LSTM may not train well
2026-09-17 22:43:42 | WARNING  | co2_forecast | Very few sequences (4), LSTM may not train well
2026-09-17 22:43:42 | WARNING  | co2_forecast | Very few sequences (4), LSTM may not train well
2026-09-17 22:43:42 | WARNING  | co2_forecast | Very few sequences (4), LSTM may not train well
2026-09-17 22:43:42 | WARNING  | co2_forecast | Very few sequences (8), LSTM may not train well
2026-09-17 22:43:42 | WARNING  | co2_forecast | Very few sequences (4), LSTM may not train well
2026-09-17 22:43:42 | WARNING  | co2_forecast | Very few sequences (4), LSTM may not train well
2026-09-17 22:43:42 | WARNING  | co2_forecast | Very few sequences (4), LSTM may not train well
2026-09-17 22:43:42 | WARNING  | co2_forecast | Very few sequences (8), LSTM may not train well
2026-09-17 22:43:42 | WARNING  | co2_forecast | Very few sequences (4), LSTM may not train well
2026-09-17 22:43:42 | WARNING  | co2_forecast | Very few sequences (4), LSTM may not train well
2026-09-17 22:43:42 | WARNING  | co2_forecast | Very few sequences (4), LSTM may not train well
2026-09-17 22:43:42 | WARNING  | co2_forecast | Very few sequences (8), LSTM may not train well
2026-09-17 22:43:42 | WARNING  | co2_forecast | Very few sequences (4), LSTM may not train well
2026-09-17 22:43:42 | WARNING  | co2_forecast | Very few sequences (4), LSTM may not train well
2026-09-17 22:43:42 | WARNING  | co2_forecast | Very few sequences (4), LSTM may not train well
2026-09-17 22:43:42 | WARNING  | co2_forecast | Very few sequences (8), LSTM may not train well
2026-09-17 22:43:42 | WARNING  | co2_forecast | Very few sequences (4), LSTM may not train well
2026-09-17 22:43:42 | WARNING  | co2_forecast | Very few sequences (4), LSTM may not train well
2026-09-17 22:43:42 | WARNING  | co2_forecast | Very few sequences (4), LSTM may not train well
2026-09-17 22:43:42 | WARNING  | co2_forecast | Very few sequences (8), LSTM may not train well
2026-09-17 22:43:42 | WARNING  | co2_forecast | Very few sequences (4), LSTM may not train well
2026-09-17 22:43:42 | WARNING  | co2_forecast | Very few sequences (4), LSTM may not train well
2026-09-17 22:43:42 | WARNING  | co2_forecast | Very few sequences (4), LSTM may not train well
2026-09-17 22:43:42 | WARNING  | co2_forecast | Very few sequences (8), LSTM may not train well
2026-09-17 22:43:42 | WARNING  | co2_forecast | Very few sequences (4), LSTM may not train well
2026-09-17 22:43:42 | WARNING  | co2_forecast | Very few sequences (4), LSTM may not train well
2026-09-17 22:43:42 | WARNING  | co2_forecast | Very few sequences (4), LSTM may not train well
2026-09-17 22:43:42 | WARNING  | co2_forecast | Very few sequences (8), LSTM may not train well
2026-09-17 22:43:42 | WARNING  | co2_forecast | Very few sequences (4), LSTM may not train well
2026-09-17 22:43:42 | WARNING  | co2_forecast | Very few sequences (4), LSTM may not train well
2026-09-17 22:43:42 | WARNING  | co2_forecast | Very few sequences (4), LSTM may not train well
2026-09-17 22:43:42 | WARNING  | co2_forecast | Very few sequences (8), LSTM may not train well
2026-09-17 22:43:42 | WARNING  | co2_forecast | Very few sequences (4), LSTM may not train well
2026-09-17 22:43:42 | WARNING  | co2_forecast | Very few sequences (4), LSTM may not train well
2026-09-17 22:43:42 | WARNING  | co2_forecast | Very few sequences (4), LSTM may not train well
2026-09-17 22:43:42 | WARNING  | co2_forecast | Very few sequences (8), LSTM may not train well
2026-09-17 22:43:42 | WARNING  | co2_forecast | Very few sequences (4), LSTM may not train well
2026-09-17 22:43:42 | WARNING  | co2_forecast | Very few sequences (4), LSTM may not train well
2026-09-17 22:43:42 | WARNING  | co2_forecast | Very few sequences (4), LSTM may not train well
2026-09-17 22:43:42 | WARNING  | co2_forecast | Very few sequences (8), LSTM may not train well
2026-09-17 22:43:42 | WARNING  | co2_forecast | Very few sequences (4), LSTM may not train well
2026-09-17 22:43:42 | WARNING  | co2_forecast | Very few sequences (4), LSTM may not train well
2026-09-17 22:43:42 | WARNING  | co2_forecast | Very few sequences (4), LSTM may not train well
2026-09-17 22:43:42 | WARNING  | co2_forecast | Very few sequences (8), LSTM may not train well
2026-09-17 22:43:42 | WARNING  | co2_forecast | Very few sequences (4), LSTM may not train well
2026-09-17 22:43:43 | WARNING  | co2_forecast | Very few sequences (4), LSTM may not train well
2026-09-17 22:43:43 | INFO     | co2_forecast |   Iteration 9: Best fitness = 0.762999
2026-09-17 22:43:43 | INFO     | co2_forecast | PSO complete. Best fitness: 0.762999
2026-09-17 22:43:43 | INFO     | co2_forecast |   Best params: {'lookback': 4, 'hidden_size': 16, 'num_layers': 2, 'dropout': 0.49516309116023643, 'learning_rate': 0.0001, 'batch_size': 32}
2026-09-17 22:43:43 | INFO     | co2_forecast |   Best fitness: 0.762999
2026-09-17 22:43:43 | INFO     | co2_forecast | [A3_CI_all/panel2_common_period/all_features/lstm] sweep tuning: best_params={'lookback': 4, 'hidden_size': 16, 'num_layers': 2, 'dropout': 0.49516309116023643, 'learning_rate': 0.0001, 'batch_size': 32}
2026-09-17 22:43:43 | INFO     | co2_forecast |   lstm -> weighted_mase=1.0249985002842135
2026-09-17 22:43:43 | INFO     | co2_forecast | Variant A3_CI_all complete in 26.3s
2026-09-17 22:43:43 | INFO     | co2_forecast | Wrote outputs/robustness/ci_decomposition_results.csv (35 rows)
2026-09-17 22:43:43 | INFO     | co2_forecast | Saved outputs/figures/pdf/sensitivity/fig_ci_decomposition.pdf
2026-09-17 22:43:43 | INFO     | co2_forecast | ============================================================
2026-09-17 22:43:43 | INFO     | co2_forecast | Script 22 complete!
2026-09-17 22:43:43 | INFO     | co2_forecast | ============================================================
