run_id,configuration,panel,fs_option,model,horizon,fold_id,target_date,actual,predicted,residual
my_run,A1,panel2_common_period,fs_linear,ridge,1,0,2022-07-01,100142.10000000003,108397.982584232,8255.882584231978
my_run,A1,panel2_common_period,fs_linear,ridge,1,0,2022-10-01,109987.89999999998,110014.8035339087,26.903533908713143
my_run,A1,panel2_common_period,fs_linear,ridge,1,0,2023-01-01,109706.89999999992,108085.76107335574,-1621.1389266441838
my_run,A1,panel2_common_period,fs_linear,ridge,1,0,2023-04-01,95012.50000000006,106170.04985501144,11157.54985501137
my_run,A1,panel2_common_period,fs_linear,ridge,1,1,2023-07-01,92715.5,106597.40749105305,13881.907491053033
my_run,A1,panel2_common_period,fs_linear,ridge,1,1,2023-10-01,106259.39999999992,108612.34953517313,2352.9495351731894
my_run,A1,panel2_common_period,fs_linear,ridge,1,1,2024-01-01,114491.90000000008,106762.16112703708,-7729.738872962989
my_run,A1,panel2_common_period,fs_linear,ridge,1,1,2024-04-01,98590.0,104905.7073017644,6315.707301764414
my_run,A1,panel2_common_period,fs_linear,ridge,1,2,2024-07-01,95843.10000000003,105794.0908654502,9950.990865450163
my_run,A1,panel2_common_period,fs_linear,ridge,1,2,2024-10-01,111622.30000000002,108052.68940858924,-3569.610591410776
my_run,A1,panel2_common_period,fs_linear,ridge,1,2,2025-01-01,115136.6999999999,106290.43239080484,-8846.267609195042
my_run,A1,panel2_common_period,fs_linear,ridge,2,3,2022-10-01,109987.89999999998,108428.72080084462,-1559.179199155362
my_run,A1,panel2_common_period,fs_linear,ridge,2,3,2023-01-01,109706.89999999992,109591.43488659462,-115.46511340529833
my_run,A1,panel2_common_period,fs_linear,ridge,2,3,2023-04-01,95012.50000000006,104590.31238497909,9577.812384979028
my_run,A1,panel2_common_period,fs_linear,ridge,2,3,2023-07-01,92715.5,104433.9330973436,11718.433097343572
my_run,A1,panel2_common_period,fs_linear,ridge,2,4,2023-10-01,106259.39999999992,104895.0915869372,-1364.3084130627103
my_run,A1,panel2_common_period,fs_linear,ridge,2,4,2024-01-01,114491.90000000008,105632.4199232401,-8859.48007675998
my_run,A1,panel2_common_period,fs_linear,ridge,2,4,2024-04-01,98590.0,102761.10711655694,4171.107116556945
my_run,A1,panel2_common_period,fs_linear,ridge,2,4,2024-07-01,95843.10000000003,100921.23855721338,5078.138557213344
my_run,A1,panel2_common_period,fs_linear,ridge,4,5,2023-04-01,95012.50000000006,105244.68726182594,10232.18726182588
my_run,A1,panel2_common_period,fs_linear,ridge,4,5,2023-07-01,92715.5,103867.34797214525,11151.847972145217
my_run,A1,panel2_common_period,fs_linear,ridge,4,5,2023-10-01,106259.39999999992,106952.54796114306,693.1479611431423
my_run,A1,panel2_common_period,fs_linear,ridge,4,5,2024-01-01,114491.90000000008,107133.64450880176,-7358.255491198332
my_run,A1,panel2_common_period,fs_linear,ridge,4,6,2024-04-01,98590.0,105414.16585818016,6824.165858180175
my_run,A1,panel2_common_period,fs_linear,ridge,4,6,2024-07-01,95843.10000000003,104279.78291750036,8436.682917500337
my_run,A1,panel2_common_period,fs_linear,ridge,4,6,2024-10-01,111622.30000000002,106102.16134450356,-5520.13865549647
my_run,A1,panel2_common_period,fs_linear,ridge,4,6,2025-01-01,115136.6999999999,107418.04734786134,-7718.652652138553
my_run,A1,panel2_common_period,fs_linear,random_forest,1,0,2022-07-01,100142.10000000003,104622.57774827264,4480.477748272606
my_run,A1,panel2_common_period,fs_linear,random_forest,1,0,2022-10-01,109987.89999999998,116016.18864248433,6028.2886424843455
my_run,A1,panel2_common_period,fs_linear,random_forest,1,0,2023-01-01,109706.89999999992,115428.55651386952,5721.656513869602
my_run,A1,panel2_common_period,fs_linear,random_forest,1,0,2023-04-01,95012.50000000006,101597.41747144554,6584.917471445486
my_run,A1,panel2_common_period,fs_linear,random_forest,1,1,2023-07-01,92715.5,98896.42945088173,6180.929450881711
my_run,A1,panel2_common_period,fs_linear,random_forest,1,1,2023-10-01,106259.39999999992,117961.424572448,11702.024572448076
my_run,A1,panel2_common_period,fs_linear,random_forest,1,1,2024-01-01,114491.90000000008,117736.36774516507,3244.467745165006
my_run,A1,panel2_common_period,fs_linear,random_forest,1,1,2024-04-01,98590.0,97327.32854131974,-1262.6714586802557
my_run,A1,panel2_common_period,fs_linear,random_forest,1,2,2024-07-01,95843.10000000003,109217.1560595248,13374.056059524766
my_run,A1,panel2_common_period,fs_linear,random_forest,1,2,2024-10-01,111622.30000000002,113029.27942018746,1406.9794201874463
my_run,A1,panel2_common_period,fs_linear,random_forest,1,2,2025-01-01,115136.6999999999,114436.02583777292,-700.6741622269765
my_run,A1,panel2_common_period,fs_linear,random_forest,2,3,2022-10-01,109987.89999999998,115856.084120755,5868.184120755017
my_run,A1,panel2_common_period,fs_linear,random_forest,2,3,2023-01-01,109706.89999999992,116530.88029798324,6823.980297983304
my_run,A1,panel2_common_period,fs_linear,random_forest,2,3,2023-04-01,95012.50000000006,95810.37667346536,797.8766734653036
my_run,A1,panel2_common_period,fs_linear,random_forest,2,3,2023-07-01,92715.5,109763.79081978732,17048.290819787304
my_run,A1,panel2_common_period,fs_linear,random_forest,2,4,2023-10-01,106259.39999999992,107814.22373046496,1554.8237304650393
my_run,A1,panel2_common_period,fs_linear,random_forest,2,4,2024-01-01,114491.90000000008,107781.1539118242,-6710.746088175889
my_run,A1,panel2_common_period,fs_linear,random_forest,2,4,2024-04-01,98590.0,94825.14640354695,-3764.853596453031
my_run,A1,panel2_common_period,fs_linear,random_forest,2,4,2024-07-01,95843.10000000003,93533.37096601872,-2309.7290339813044
my_run,A1,panel2_common_period,fs_linear,random_forest,4,5,2023-04-01,95012.50000000006,97687.19160700316,2674.6916070031148
my_run,A1,panel2_common_period,fs_linear,random_forest,4,5,2023-07-01,92715.5,97396.24003156046,4680.740031560446
my_run,A1,panel2_common_period,fs_linear,random_forest,4,5,2023-10-01,106259.39999999992,110795.96336991516,4536.563369915224
my_run,A1,panel2_common_period,fs_linear,random_forest,4,5,2024-01-01,114491.90000000008,108634.41119443697,-5857.488805563131
my_run,A1,panel2_common_period,fs_linear,random_forest,4,6,2024-04-01,98590.0,102405.2315014595,3815.231501459493
my_run,A1,panel2_common_period,fs_linear,random_forest,4,6,2024-07-01,95843.10000000003,99660.14301052006,3817.043010520021
my_run,A1,panel2_common_period,fs_linear,random_forest,4,6,2024-10-01,111622.30000000002,111437.10054726408,-185.1994527359348
my_run,A1,panel2_common_period,fs_linear,random_forest,4,6,2025-01-01,115136.6999999999,112217.68175818482,-2919.01824181508
my_run,A1,panel2_common_period,fs_linear,lightgbm,1,0,2022-07-01,100142.10000000003,100886.3566174682,744.2566174681706
my_run,A1,panel2_common_period,fs_linear,lightgbm,1,0,2022-10-01,109987.89999999998,113168.95496982192,3181.0549698219547
my_run,A1,panel2_common_period,fs_linear,lightgbm,1,0,2023-01-01,109706.89999999992,109539.1143452088,-167.7856547911215
my_run,A1,panel2_common_period,fs_linear,lightgbm,1,0,2023-04-01,95012.50000000006,95596.63305178074,584.1330517806782
my_run,A1,panel2_common_period,fs_linear,lightgbm,1,1,2023-07-01,92715.5,88534.86390612513,-4180.636093874884
my_run,A1,panel2_common_period,fs_linear,lightgbm,1,1,2023-10-01,106259.39999999992,109051.67701870888,2792.277018708948
my_run,A1,panel2_common_period,fs_linear,lightgbm,1,1,2024-01-01,114491.90000000008,134284.96112577507,19793.061125774984
my_run,A1,panel2_common_period,fs_linear,lightgbm,1,1,2024-04-01,98590.0,118953.9845198267,20363.9845198267
my_run,A1,panel2_common_period,fs_linear,lightgbm,1,2,2024-07-01,95843.10000000003,112978.99476833468,17135.89476833465
my_run,A1,panel2_common_period,fs_linear,lightgbm,1,2,2024-10-01,111622.30000000002,110758.55007500386,-863.7499249961547
my_run,A1,panel2_common_period,fs_linear,lightgbm,1,2,2025-01-01,115136.6999999999,112351.55226811596,-2785.147731883932
my_run,A1,panel2_common_period,fs_linear,lightgbm,2,3,2022-10-01,109987.89999999998,110270.05469917232,282.15469917232986
my_run,A1,panel2_common_period,fs_linear,lightgbm,2,3,2023-01-01,109706.89999999992,115346.86107488452,5639.961074884603
my_run,A1,panel2_common_period,fs_linear,lightgbm,2,3,2023-04-01,95012.50000000006,93694.75665992984,-1317.7433400702284
my_run,A1,panel2_common_period,fs_linear,lightgbm,2,3,2023-07-01,92715.5,89984.93041882105,-2730.569581178963
my_run,A1,panel2_common_period,fs_linear,lightgbm,2,4,2023-10-01,106259.39999999992,114191.56439862952,7932.164398629611
my_run,A1,panel2_common_period,fs_linear,lightgbm,2,4,2024-01-01,114491.90000000008,99664.78480428176,-14827.115195718332
my_run,A1,panel2_common_period,fs_linear,lightgbm,2,4,2024-04-01,98590.0,101165.41585787896,2575.41585787895
my_run,A1,panel2_common_period,fs_linear,lightgbm,2,4,2024-07-01,95843.10000000003,91025.66727062632,-4817.432729373715
my_run,A1,panel2_common_period,fs_linear,lightgbm,4,5,2023-04-01,95012.50000000006,91182.91252433114,-3829.587475668915
my_run,A1,panel2_common_period,fs_linear,lightgbm,4,5,2023-07-01,92715.5,91182.91252433114,-1532.5874756688718
my_run,A1,panel2_common_period,fs_linear,lightgbm,4,5,2023-10-01,106259.39999999992,103917.90230033394,-2341.4976996659825
my_run,A1,panel2_common_period,fs_linear,lightgbm,4,5,2024-01-01,114491.90000000008,115913.84119555664,1421.9411955565447
my_run,A1,panel2_common_period,fs_linear,lightgbm,4,6,2024-04-01,98590.0,83735.24997816207,-14854.750021837928
my_run,A1,panel2_common_period,fs_linear,lightgbm,4,6,2024-07-01,95843.10000000003,99898.82250785896,4055.722507858911
my_run,A1,panel2_common_period,fs_linear,lightgbm,4,6,2024-10-01,111622.30000000002,113227.42310888156,1605.1231088815402
my_run,A1,panel2_common_period,fs_linear,lightgbm,4,6,2025-01-01,115136.6999999999,121291.29666761548,6154.59666761558
my_run,A1,panel2_common_period,fs_linear,catboost,1,0,2022-07-01,100142.10000000003,100494.0110284896,351.91102848957235
my_run,A1,panel2_common_period,fs_linear,catboost,1,0,2022-10-01,109987.89999999998,115291.91236109054,5304.0123610905575
my_run,A1,panel2_common_period,fs_linear,catboost,1,0,2023-01-01,109706.89999999992,113740.61873677136,4033.7187367714505
my_run,A1,panel2_common_period,fs_linear,catboost,1,0,2023-04-01,95012.50000000006,101636.33507279206,6623.835072792004
my_run,A1,panel2_common_period,fs_linear,catboost,1,1,2023-07-01,92715.5,96178.1306946978,3462.6306946978
my_run,A1,panel2_common_period,fs_linear,catboost,1,1,2023-10-01,106259.39999999992,117415.40475079088,11156.004750790948
my_run,A1,panel2_common_period,fs_linear,catboost,1,1,2024-01-01,114491.90000000008,115459.37335068364,967.473350683562
my_run,A1,panel2_common_period,fs_linear,catboost,1,1,2024-04-01,98590.0,95733.74107715976,-2856.2589228402503
my_run,A1,panel2_common_period,fs_linear,catboost,1,2,2024-07-01,95843.10000000003,111382.02021757072,15538.920217570674
my_run,A1,panel2_common_period,fs_linear,catboost,1,2,2024-10-01,111622.30000000002,111061.41977321757,-560.8802267824503
my_run,A1,panel2_common_period,fs_linear,catboost,1,2,2025-01-01,115136.6999999999,111898.90263335212,-3237.797366647763
my_run,A1,panel2_common_period,fs_linear,catboost,2,3,2022-10-01,109987.89999999998,110002.71383109465,14.813831094666966
my_run,A1,panel2_common_period,fs_linear,catboost,2,3,2023-01-01,109706.89999999992,112225.5309907428,2518.6309907428804
my_run,A1,panel2_common_period,fs_linear,catboost,2,3,2023-04-01,95012.50000000006,95240.72589758624,228.22589758617687
my_run,A1,panel2_common_period,fs_linear,catboost,2,3,2023-07-01,92715.5,103198.40035914554,10482.900359145526
my_run,A1,panel2_common_period,fs_linear,catboost,2,4,2023-10-01,106259.39999999992,98757.13114474696,-7502.268855252958
my_run,A1,panel2_common_period,fs_linear,catboost,2,4,2024-01-01,114491.90000000008,107970.5447604965,-6521.35523950358
my_run,A1,panel2_common_period,fs_linear,catboost,2,4,2024-04-01,98590.0,93864.73399056125,-4725.266009438768
my_run,A1,panel2_common_period,fs_linear,catboost,2,4,2024-07-01,95843.10000000003,92452.82213506172,-3390.277864938311
my_run,A1,panel2_common_period,fs_linear,catboost,4,5,2023-04-01,95012.50000000006,98007.9864778751,2995.486477875049
my_run,A1,panel2_common_period,fs_linear,catboost,4,5,2023-07-01,92715.5,100404.94233246298,7689.442332462961
my_run,A1,panel2_common_period,fs_linear,catboost,4,5,2023-10-01,106259.39999999992,110061.37983295933,3801.979832959405
my_run,A1,panel2_common_period,fs_linear,catboost,4,5,2024-01-01,114491.90000000008,107145.33096463767,-7346.569035362409
my_run,A1,panel2_common_period,fs_linear,catboost,4,6,2024-04-01,98590.0,104708.48840171105,6118.488401711031
my_run,A1,panel2_common_period,fs_linear,catboost,4,6,2024-07-01,95843.10000000003,99901.2422561875,4058.142256187464
my_run,A1,panel2_common_period,fs_linear,catboost,4,6,2024-10-01,111622.30000000002,113156.94730975224,1534.6473097522105
my_run,A1,panel2_common_period,fs_linear,catboost,4,6,2025-01-01,115136.6999999999,109850.15715472652,-5286.542845273376
my_run,A1,panel2_common_period,fs_linear,lstm,1,0,2022-07-01,100142.10000000003,106204.21875,6062.118749999965
my_run,A1,panel2_common_period,fs_linear,lstm,1,0,2022-10-01,109987.89999999998,106174.6484375,-3813.25156249998
my_run,A1,panel2_common_period,fs_linear,lstm,1,0,2023-01-01,109706.89999999992,106060.6953125,-3646.2046874999214
my_run,A1,panel2_common_period,fs_linear,lstm,1,0,2023-04-01,95012.50000000006,105947.765625,10935.265624999942
my_run,A1,panel2_common_period,fs_linear,lstm,1,1,2023-07-01,92715.5,105397.5390625,12682.039062499984
my_run,A1,panel2_common_period,fs_linear,lstm,1,1,2023-10-01,106259.39999999992,105357.53125,-901.8687499999214
my_run,A1,panel2_common_period,fs_linear,lstm,1,1,2024-01-01,114491.90000000008,105273.3828125,-9218.51718750008
my_run,A1,panel2_common_period,fs_linear,lstm,1,1,2024-04-01,98590.0,105231.3203125,6641.3203125
my_run,A1,panel2_common_period,fs_linear,lstm,1,2,2024-07-01,95843.10000000003,104734.03125,8890.931249999965
my_run,A1,panel2_common_period,fs_linear,lstm,1,2,2024-10-01,111622.30000000002,104704.359375,-6917.9406250000175
my_run,A1,panel2_common_period,fs_linear,lstm,1,2,2025-01-01,115136.6999999999,104632.4921875,-10504.207812499895
my_run,A1,panel2_common_period,fs_linear,lstm,2,3,2022-10-01,109987.89999999998,105945.140625,-4042.75937499998
my_run,A1,panel2_common_period,fs_linear,lstm,2,3,2023-01-01,109706.89999999992,105881.921875,-3824.9781249999214
my_run,A1,panel2_common_period,fs_linear,lstm,2,3,2023-04-01,95012.50000000006,105762.625,10750.124999999942
my_run,A1,panel2_common_period,fs_linear,lstm,2,3,2023-07-01,92715.5,105699.40625,12983.906249999984
my_run,A1,panel2_common_period,fs_linear,lstm,2,4,2023-10-01,106259.39999999992,104581.125,-1678.2749999999214
my_run,A1,panel2_common_period,fs_linear,lstm,2,4,2024-01-01,114491.90000000008,104533.34375,-9958.55625000008
my_run,A1,panel2_common_period,fs_linear,lstm,2,4,2024-04-01,98590.0,104462.1015625,5872.1015625
my_run,A1,panel2_common_period,fs_linear,lstm,2,4,2024-07-01,95843.10000000003,104443.7734375,8600.673437499965
my_run,A1,panel2_common_period,fs_linear,lstm,4,5,2023-04-01,95012.50000000006,104309.390625,9296.890624999942
my_run,A1,panel2_common_period,fs_linear,lstm,4,5,2023-07-01,92715.5,104256.6796875,11541.179687499984
my_run,A1,panel2_common_period,fs_linear,lstm,4,5,2023-10-01,106259.39999999992,104161.0703125,-2098.3296874999214
my_run,A1,panel2_common_period,fs_linear,lstm,4,5,2024-01-01,114491.90000000008,104109.0390625,-10382.86093750008
my_run,A1,panel2_common_period,fs_linear,lstm,4,6,2024-04-01,98590.0,103328.1171875,4738.1171875
my_run,A1,panel2_common_period,fs_linear,lstm,4,6,2024-07-01,95843.10000000003,103287.9140625,7444.814062499965
my_run,A1,panel2_common_period,fs_linear,lstm,4,6,2024-10-01,111622.30000000002,103229.71875,-8392.581250000017
my_run,A1,panel2_common_period,fs_linear,lstm,4,6,2025-01-01,115136.6999999999,103214.453125,-11922.246874999895
my_run,A1,panel2_common_period,fs_wrapper,ridge,1,0,2022-07-01,100142.10000000003,108926.89418157816,8784.794181578123
my_run,A1,panel2_common_period,fs_wrapper,ridge,1,0,2022-10-01,109987.89999999998,110689.10960881294,701.209608812962
my_run,A1,panel2_common_period,fs_wrapper,ridge,1,0,2023-01-01,109706.89999999992,109669.78483618544,-37.115163814494736
my_run,A1,panel2_common_period,fs_wrapper,ridge,1,0,2023-04-01,95012.50000000006,107897.32585003535,12884.825850035297
my_run,A1,panel2_common_period,fs_wrapper,ridge,1,1,2023-07-01,92715.5,107556.42382105198,14840.923821051969
my_run,A1,panel2_common_period,fs_wrapper,ridge,1,1,2023-10-01,106259.39999999992,109507.18240761108,3247.7824076111574
my_run,A1,panel2_common_period,fs_wrapper,ridge,1,1,2024-01-01,114491.90000000008,107658.674388877,-6833.225611123096
my_run,A1,panel2_common_period,fs_wrapper,ridge,1,1,2024-04-01,98590.0,105791.39671810322,7201.39671810322
my_run,A1,panel2_common_period,fs_wrapper,ridge,1,2,2024-07-01,95843.10000000003,106256.28144067495,10413.181440674918
my_run,A1,panel2_common_period,fs_wrapper,ridge,1,2,2024-10-01,111622.30000000002,108489.96117665595,-3132.338823344049
my_run,A1,panel2_common_period,fs_wrapper,ridge,1,2,2025-01-01,115136.6999999999,106725.84006928028,-8410.859930719613
my_run,A1,panel2_common_period,fs_wrapper,ridge,2,3,2022-10-01,109987.89999999998,108644.15292681768,-1343.7470731822978
my_run,A1,panel2_common_period,fs_wrapper,ridge,2,3,2023-01-01,109706.89999999992,109875.07515785463,168.17515785471187
my_run,A1,panel2_common_period,fs_wrapper,ridge,2,3,2023-04-01,95012.50000000006,105332.44187061983,10319.94187061979
my_run,A1,panel2_common_period,fs_wrapper,ridge,2,3,2023-07-01,92715.5,105254.49380175036,12538.993801750345
my_run,A1,panel2_common_period,fs_wrapper,ridge,2,4,2023-10-01,106259.39999999992,105117.09977571452,-1142.300224285398
my_run,A1,panel2_common_period,fs_wrapper,ridge,2,4,2024-01-01,114491.90000000008,105832.76047727348,-8659.13952272659
my_run,A1,panel2_common_period,fs_wrapper,ridge,2,4,2024-04-01,98590.0,102964.20757491574,4374.2075749157375
my_run,A1,panel2_common_period,fs_wrapper,ridge,2,4,2024-07-01,95843.10000000003,101123.59796697753,5280.497966977477
my_run,A1,panel2_common_period,fs_wrapper,ridge,4,5,2023-04-01,95012.50000000006,105336.53178605154,10324.031786051475
my_run,A1,panel2_common_period,fs_wrapper,ridge,4,5,2023-07-01,92715.5,103975.9991764403,11260.49917644028
my_run,A1,panel2_common_period,fs_wrapper,ridge,4,5,2023-10-01,106259.39999999992,107248.83804438172,989.438044381808
my_run,A1,panel2_common_period,fs_wrapper,ridge,4,5,2024-01-01,114491.90000000008,107461.67664150744,-7030.223358492644
my_run,A1,panel2_common_period,fs_wrapper,ridge,4,6,2024-04-01,98590.0,105779.52760570326,7189.527605703261
my_run,A1,panel2_common_period,fs_wrapper,ridge,4,6,2024-07-01,95843.10000000003,104631.515202117,8788.415202116972
my_run,A1,panel2_common_period,fs_wrapper,ridge,4,6,2024-10-01,111622.30000000002,106447.72958973738,-5174.570410262633
my_run,A1,panel2_common_period,fs_wrapper,ridge,4,6,2025-01-01,115136.6999999999,107761.30598959303,-7375.394010406861
my_run,A1,panel2_common_period,fs_wrapper,random_forest,1,0,2022-07-01,100142.10000000003,104603.09373192792,4460.993731927883
my_run,A1,panel2_common_period,fs_wrapper,random_forest,1,0,2022-10-01,109987.89999999998,115519.99637640968,5532.096376409711
my_run,A1,panel2_common_period,fs_wrapper,random_forest,1,0,2023-01-01,109706.89999999992,120304.6678450366,10597.76784503668
my_run,A1,panel2_common_period,fs_wrapper,random_forest,1,0,2023-04-01,95012.50000000006,101264.07526337316,6251.575263373103
my_run,A1,panel2_common_period,fs_wrapper,random_forest,1,1,2023-07-01,92715.5,98738.620387823,6023.120387822986
my_run,A1,panel2_common_period,fs_wrapper,random_forest,1,1,2023-10-01,106259.39999999992,118534.25834890874,12274.85834890882
my_run,A1,panel2_common_period,fs_wrapper,random_forest,1,1,2024-01-01,114491.90000000008,118240.22236205068,3748.3223620506033
my_run,A1,panel2_common_period,fs_wrapper,random_forest,1,1,2024-04-01,98590.0,96750.10003798004,-1839.899962019961
my_run,A1,panel2_common_period,fs_wrapper,random_forest,1,2,2024-07-01,95843.10000000003,108920.1244319154,13077.024431915355
my_run,A1,panel2_common_period,fs_wrapper,random_forest,1,2,2024-10-01,111622.30000000002,112810.2739986922,1187.9739986921925
my_run,A1,panel2_common_period,fs_wrapper,random_forest,1,2,2025-01-01,115136.6999999999,114055.57770161332,-1081.1222983865737
my_run,A1,panel2_common_period,fs_wrapper,random_forest,2,3,2022-10-01,109987.89999999998,115153.4046454935,5165.504645493522
my_run,A1,panel2_common_period,fs_wrapper,random_forest,2,3,2023-01-01,109706.89999999992,115792.01764282568,6085.117642825746
my_run,A1,panel2_common_period,fs_wrapper,random_forest,2,3,2023-04-01,95012.50000000006,94390.65037073914,-621.8496292609198
my_run,A1,panel2_common_period,fs_wrapper,random_forest,2,3,2023-07-01,92715.5,111957.16724506048,19241.667245060467
my_run,A1,panel2_common_period,fs_wrapper,random_forest,2,4,2023-10-01,106259.39999999992,108484.5453770402,2225.145377040288
my_run,A1,panel2_common_period,fs_wrapper,random_forest,2,4,2024-01-01,114491.90000000008,107833.20766609404,-6658.692333906045
my_run,A1,panel2_common_period,fs_wrapper,random_forest,2,4,2024-04-01,98590.0,95028.10415628756,-3561.895843712453
my_run,A1,panel2_common_period,fs_wrapper,random_forest,2,4,2024-07-01,95843.10000000003,93630.17870879437,-2212.921291205683
my_run,A1,panel2_common_period,fs_wrapper,random_forest,4,5,2023-04-01,95012.50000000006,97540.27135192616,2527.771351926087
my_run,A1,panel2_common_period,fs_wrapper,random_forest,4,5,2023-07-01,92715.5,96872.72457728512,4157.2245772851165
my_run,A1,panel2_common_period,fs_wrapper,random_forest,4,5,2023-10-01,106259.39999999992,110851.4862195002,4592.08621950027
my_run,A1,panel2_common_period,fs_wrapper,random_forest,4,5,2024-01-01,114491.90000000008,107856.587729388,-6635.312270612078
my_run,A1,panel2_common_period,fs_wrapper,random_forest,4,6,2024-04-01,98590.0,100788.43527666548,2198.435276665492
my_run,A1,panel2_common_period,fs_wrapper,random_forest,4,6,2024-07-01,95843.10000000003,100278.10273040364,4435.00273040359
my_run,A1,panel2_common_period,fs_wrapper,random_forest,4,6,2024-10-01,111622.30000000002,111729.52040384304,107.22040384303546
my_run,A1,panel2_common_period,fs_wrapper,random_forest,4,6,2025-01-01,115136.6999999999,112375.03162004954,-2761.668379950352
my_run,A1,panel2_common_period,fs_wrapper,lightgbm,1,0,2022-07-01,100142.10000000003,98775.71586658462,-1366.384133415413
my_run,A1,panel2_common_period,fs_wrapper,lightgbm,1,0,2022-10-01,109987.89999999998,111001.75628685298,1013.8562868529988
my_run,A1,panel2_common_period,fs_wrapper,lightgbm,1,0,2023-01-01,109706.89999999992,113052.3133075986,3345.413307598676
my_run,A1,panel2_common_period,fs_wrapper,lightgbm,1,0,2023-04-01,95012.50000000006,98484.53245896065,3472.0324589605734
my_run,A1,panel2_common_period,fs_wrapper,lightgbm,1,1,2023-07-01,92715.5,86013.3002981541,-6702.199701845908
my_run,A1,panel2_common_period,fs_wrapper,lightgbm,1,1,2023-10-01,106259.39999999992,107768.94538456484,1509.5453845649315
my_run,A1,panel2_common_period,fs_wrapper,lightgbm,1,1,2024-01-01,114491.90000000008,128089.7972813578,13597.897281357711
my_run,A1,panel2_common_period,fs_wrapper,lightgbm,1,1,2024-04-01,98590.0,113887.5254976639,15297.525497663895
my_run,A1,panel2_common_period,fs_wrapper,lightgbm,1,2,2024-07-01,95843.10000000003,113542.41166773104,17699.311667731017
my_run,A1,panel2_common_period,fs_wrapper,lightgbm,1,2,2024-10-01,111622.30000000002,110728.74287165416,-893.5571283458703
my_run,A1,panel2_common_period,fs_wrapper,lightgbm,1,2,2025-01-01,115136.6999999999,113748.8757959962,-1387.8242040036855
my_run,A1,panel2_common_period,fs_wrapper,lightgbm,2,3,2022-10-01,109987.89999999998,108714.09722344436,-1273.802776555618
my_run,A1,panel2_common_period,fs_wrapper,lightgbm,2,3,2023-01-01,109706.89999999992,115826.88800924728,6119.988009247347
my_run,A1,panel2_common_period,fs_wrapper,lightgbm,2,3,2023-04-01,95012.50000000006,99361.88014306618,4349.380143066126
my_run,A1,panel2_common_period,fs_wrapper,lightgbm,2,3,2023-07-01,92715.5,94551.50257369394,1836.002573693928
my_run,A1,panel2_common_period,fs_wrapper,lightgbm,2,4,2023-10-01,106259.39999999992,112275.23768837088,6015.837688370957
my_run,A1,panel2_common_period,fs_wrapper,lightgbm,2,4,2024-01-01,114491.90000000008,100312.09695378187,-14179.803046218192
my_run,A1,panel2_common_period,fs_wrapper,lightgbm,2,4,2024-04-01,98590.0,99297.1077173107,707.1077173107042
my_run,A1,panel2_common_period,fs_wrapper,lightgbm,2,4,2024-07-01,95843.10000000003,85797.03256212783,-10046.067437872203
my_run,A1,panel2_common_period,fs_wrapper,lightgbm,4,5,2023-04-01,95012.50000000006,94078.93440905264,-933.56559094743
my_run,A1,panel2_common_period,fs_wrapper,lightgbm,4,5,2023-07-01,92715.5,93846.31096524993,1130.8109652499115
my_run,A1,panel2_common_period,fs_wrapper,lightgbm,4,5,2023-10-01,106259.39999999992,105698.62656207506,-560.7734379248577
my_run,A1,panel2_common_period,fs_wrapper,lightgbm,4,5,2024-01-01,114491.90000000008,118868.57209016503,4376.672090164968
my_run,A1,panel2_common_period,fs_wrapper,lightgbm,4,6,2024-04-01,98590.0,84132.25309553738,-14457.74690446262
my_run,A1,panel2_common_period,fs_wrapper,lightgbm,4,6,2024-07-01,95843.10000000003,98614.68297291744,2771.5829729174147
my_run,A1,panel2_common_period,fs_wrapper,lightgbm,4,6,2024-10-01,111622.30000000002,113881.81045748752,2259.5104574875004
my_run,A1,panel2_common_period,fs_wrapper,lightgbm,4,6,2025-01-01,115136.6999999999,121804.62621120903,6667.926211209153
my_run,A1,panel2_common_period,fs_wrapper,catboost,1,0,2022-07-01,100142.10000000003,102079.7673236878,1937.6673236877689
my_run,A1,panel2_common_period,fs_wrapper,catboost,1,0,2022-10-01,109987.89999999998,115729.20007149216,5741.300071492165
my_run,A1,panel2_common_period,fs_wrapper,catboost,1,0,2023-01-01,109706.89999999992,113220.85998696984,3513.959986969916
my_run,A1,panel2_common_period,fs_wrapper,catboost,1,0,2023-04-01,95012.50000000006,102069.72859696989,7057.228596969828
my_run,A1,panel2_common_period,fs_wrapper,catboost,1,1,2023-07-01,92715.5,96371.18375767628,3655.683757676263
my_run,A1,panel2_common_period,fs_wrapper,catboost,1,1,2023-10-01,106259.39999999992,116035.99799106157,9776.59799106163
my_run,A1,panel2_common_period,fs_wrapper,catboost,1,1,2024-01-01,114491.90000000008,114734.30916384244,242.4091638423561
my_run,A1,panel2_common_period,fs_wrapper,catboost,1,1,2024-04-01,98590.0,98200.22755907197,-389.7724409280345
my_run,A1,panel2_common_period,fs_wrapper,catboost,1,2,2024-07-01,95843.10000000003,113250.17788994532,17407.0778899453
my_run,A1,panel2_common_period,fs_wrapper,catboost,1,2,2024-10-01,111622.30000000002,112963.75952499192,1341.459524991893
my_run,A1,panel2_common_period,fs_wrapper,catboost,1,2,2025-01-01,115136.6999999999,113651.93907423088,-1484.7609257690056
my_run,A1,panel2_common_period,fs_wrapper,catboost,2,3,2022-10-01,109987.89999999998,112004.75468833555,2016.8546883355737
my_run,A1,panel2_common_period,fs_wrapper,catboost,2,3,2023-01-01,109706.89999999992,112676.21311627816,2969.313116278252
my_run,A1,panel2_common_period,fs_wrapper,catboost,2,3,2023-04-01,95012.50000000006,95511.13044996095,498.6304499609105
my_run,A1,panel2_common_period,fs_wrapper,catboost,2,3,2023-07-01,92715.5,103900.70867824496,11185.208678244931
my_run,A1,panel2_common_period,fs_wrapper,catboost,2,4,2023-10-01,106259.39999999992,100427.98758187574,-5831.412418124179
my_run,A1,panel2_common_period,fs_wrapper,catboost,2,4,2024-01-01,114491.90000000008,109413.06497533228,-5078.835024667802
my_run,A1,panel2_common_period,fs_wrapper,catboost,2,4,2024-04-01,98590.0,95708.68282700297,-2881.317172997049
my_run,A1,panel2_common_period,fs_wrapper,catboost,2,4,2024-07-01,95843.10000000003,93322.24414133427,-2520.85585866576
my_run,A1,panel2_common_period,fs_wrapper,catboost,4,5,2023-04-01,95012.50000000006,98039.95476155204,3027.454761551984
my_run,A1,panel2_common_period,fs_wrapper,catboost,4,5,2023-07-01,92715.5,101197.78479755642,8482.284797556407
my_run,A1,panel2_common_period,fs_wrapper,catboost,4,5,2023-10-01,106259.39999999992,110793.5913183896,4534.191318389683
my_run,A1,panel2_common_period,fs_wrapper,catboost,4,5,2024-01-01,114491.90000000008,107526.448685598,-6965.451314402089
my_run,A1,panel2_common_period,fs_wrapper,catboost,4,6,2024-04-01,98590.0,105654.1621223938,7064.162122393798
my_run,A1,panel2_common_period,fs_wrapper,catboost,4,6,2024-07-01,95843.10000000003,98759.51538851748,2916.415388517431
my_run,A1,panel2_common_period,fs_wrapper,catboost,4,6,2024-10-01,111622.30000000002,112052.30932299308,430.0093229930644
my_run,A1,panel2_common_period,fs_wrapper,catboost,4,6,2025-01-01,115136.6999999999,110747.4860710913,-4389.21392890859
my_run,A1,panel2_common_period,fs_wrapper,lstm,1,0,2022-07-01,100142.10000000003,106823.9609375,6681.860937499965
my_run,A1,panel2_common_period,fs_wrapper,lstm,1,0,2022-10-01,109987.89999999998,106857.7890625,-3130.11093749998
my_run,A1,panel2_common_period,fs_wrapper,lstm,1,0,2023-01-01,109706.89999999992,106845.2578125,-2861.6421874999214
my_run,A1,panel2_common_period,fs_wrapper,lstm,1,0,2023-04-01,95012.50000000006,106953.109375,11940.609374999942
my_run,A1,panel2_common_period,fs_wrapper,lstm,1,1,2023-07-01,92715.5,106103.09375,13387.593749999984
my_run,A1,panel2_common_period,fs_wrapper,lstm,1,1,2023-10-01,106259.39999999992,106204.0234375,-55.37656249992142
my_run,A1,panel2_common_period,fs_wrapper,lstm,1,1,2024-01-01,114491.90000000008,106328.78125,-8163.1187500000815
my_run,A1,panel2_common_period,fs_wrapper,lstm,1,1,2024-04-01,98590.0,106362.3515625,7772.3515625
my_run,A1,panel2_common_period,fs_wrapper,lstm,1,2,2024-07-01,95843.10000000003,105763.3359375,9920.235937499963
my_run,A1,panel2_common_period,fs_wrapper,lstm,1,2,2024-10-01,111622.30000000002,105747.1953125,-5875.1046875000175
my_run,A1,panel2_common_period,fs_wrapper,lstm,1,2,2025-01-01,115136.6999999999,105722.6953125,-9414.004687499895
my_run,A1,panel2_common_period,fs_wrapper,lstm,2,3,2022-10-01,109987.89999999998,106661.4921875,-3326.40781249998
my_run,A1,panel2_common_period,fs_wrapper,lstm,2,3,2023-01-01,109706.89999999992,106665.8671875,-3041.0328124999214
my_run,A1,panel2_common_period,fs_wrapper,lstm,2,3,2023-04-01,95012.50000000006,106595.6015625,11583.101562499942
my_run,A1,panel2_common_period,fs_wrapper,lstm,2,3,2023-07-01,92715.5,106758.46875,14042.968749999984
my_run,A1,panel2_common_period,fs_wrapper,lstm,2,4,2023-10-01,106259.39999999992,105752.546875,-506.8531249999214
my_run,A1,panel2_common_period,fs_wrapper,lstm,2,4,2024-01-01,114491.90000000008,105849.203125,-8642.696875000081
my_run,A1,panel2_common_period,fs_wrapper,lstm,2,4,2024-04-01,98590.0,105966.171875,7376.171875
my_run,A1,panel2_common_period,fs_wrapper,lstm,2,4,2024-07-01,95843.10000000003,106033.8046875,10190.704687499963
my_run,A1,panel2_common_period,fs_wrapper,lstm,4,5,2023-04-01,95012.50000000006,105048.1171875,10035.617187499942
my_run,A1,panel2_common_period,fs_wrapper,lstm,4,5,2023-07-01,92715.5,105063.5546875,12348.054687499984
my_run,A1,panel2_common_period,fs_wrapper,lstm,4,5,2023-10-01,106259.39999999992,105039.109375,-1220.2906249999214
my_run,A1,panel2_common_period,fs_wrapper,lstm,4,5,2024-01-01,114491.90000000008,105186.0625,-9305.83750000008
my_run,A1,panel2_common_period,fs_wrapper,lstm,4,6,2024-04-01,98590.0,104081.921875,5491.921875
my_run,A1,panel2_common_period,fs_wrapper,lstm,4,6,2024-07-01,95843.10000000003,104156.6015625,8313.501562499965
my_run,A1,panel2_common_period,fs_wrapper,lstm,4,6,2024-10-01,111622.30000000002,104265.03125,-7357.2687500000175
my_run,A1,panel2_common_period,fs_wrapper,lstm,4,6,2025-01-01,115136.6999999999,104328.09375,-10808.606249999895
my_run,A1,panel2_common_period,fs_xgboost_shap,ridge,1,0,2022-07-01,100142.10000000003,108417.73218354078,8275.632183540743
my_run,A1,panel2_common_period,fs_xgboost_shap,ridge,1,0,2022-10-01,109987.89999999998,110309.3052322814,321.4052322814241
my_run,A1,panel2_common_period,fs_xgboost_shap,ridge,1,0,2023-01-01,109706.89999999992,108426.12639225964,-1280.7736077402806
my_run,A1,panel2_common_period,fs_xgboost_shap,ridge,1,0,2023-04-01,95012.50000000006,106403.5699331398,11391.069933139748
my_run,A1,panel2_common_period,fs_xgboost_shap,ridge,1,1,2023-07-01,92715.5,106625.63643881177,13910.13643881175
my_run,A1,panel2_common_period,fs_xgboost_shap,ridge,1,1,2023-10-01,106259.39999999992,108662.01267613257,2402.612676132645
my_run,A1,panel2_common_period,fs_xgboost_shap,ridge,1,1,2024-01-01,114491.90000000008,106638.0432901621,-7853.856709837986
my_run,A1,panel2_common_period,fs_xgboost_shap,ridge,1,1,2024-04-01,98590.0,104622.27397871648,6032.27397871649
my_run,A1,panel2_common_period,fs_xgboost_shap,ridge,1,2,2024-07-01,95843.10000000003,105636.91824638698,9793.818246386943
my_run,A1,panel2_common_period,fs_xgboost_shap,ridge,1,2,2024-10-01,111622.30000000002,108095.8049678878,-3526.4950321122305
my_run,A1,panel2_common_period,fs_xgboost_shap,ridge,1,2,2025-01-01,115136.6999999999,106179.01527401984,-8957.684725980042
my_run,A1,panel2_common_period,fs_xgboost_shap,ridge,2,3,2022-10-01,109987.89999999998,108131.74230092089,-1856.1576990790927
my_run,A1,panel2_common_period,fs_xgboost_shap,ridge,2,3,2023-01-01,109706.89999999992,109333.0397020642,-373.8602979357238
my_run,A1,panel2_common_period,fs_xgboost_shap,ridge,2,3,2023-04-01,95012.50000000006,104722.71813025742,9710.21813025736
my_run,A1,panel2_common_period,fs_xgboost_shap,ridge,2,3,2023-07-01,92715.5,104593.78525166468,11878.285251664667
my_run,A1,panel2_common_period,fs_xgboost_shap,ridge,2,4,2023-10-01,106259.39999999992,104999.17215804834,-1260.2278419515787
my_run,A1,panel2_common_period,fs_xgboost_shap,ridge,2,4,2024-01-01,114491.90000000008,105739.49417504572,-8752.405824954374
my_run,A1,panel2_common_period,fs_xgboost_shap,ridge,2,4,2024-04-01,98590.0,102535.74996767324,3945.749967673241
my_run,A1,panel2_common_period,fs_xgboost_shap,ridge,2,4,2024-07-01,95843.10000000003,100492.53182746448,4649.431827464447
my_run,A1,panel2_common_period,fs_xgboost_shap,ridge,4,5,2023-04-01,95012.50000000006,105612.00370516292,10599.503705162875
my_run,A1,panel2_common_period,fs_xgboost_shap,ridge,4,5,2023-07-01,92715.5,104297.67782171605,11582.177821716032
my_run,A1,panel2_common_period,fs_xgboost_shap,ridge,4,5,2023-10-01,106259.39999999992,106722.10419599243,462.7041959925118
my_run,A1,panel2_common_period,fs_xgboost_shap,ridge,4,5,2024-01-01,114491.90000000008,106925.74173461218,-7566.158265387901
my_run,A1,panel2_common_period,fs_xgboost_shap,ridge,4,6,2024-04-01,98590.0,105018.39803049006,6428.3980304900615
my_run,A1,panel2_common_period,fs_xgboost_shap,ridge,4,6,2024-07-01,95843.10000000003,103732.31641978142,7889.216419781384
my_run,A1,panel2_common_period,fs_xgboost_shap,ridge,4,6,2024-10-01,111622.30000000002,105826.27622791454,-5796.023772085478
my_run,A1,panel2_common_period,fs_xgboost_shap,ridge,4,6,2025-01-01,115136.6999999999,107338.06005531651,-7798.639944683382
my_run,A1,panel2_common_period,fs_xgboost_shap,random_forest,1,0,2022-07-01,100142.10000000003,105677.76948681242,5535.669486812389
my_run,A1,panel2_common_period,fs_xgboost_shap,random_forest,1,0,2022-10-01,109987.89999999998,117222.9373768486,7235.037376848617
my_run,A1,panel2_common_period,fs_xgboost_shap,random_forest,1,0,2023-01-01,109706.89999999992,118865.31654614958,9158.41654614966
my_run,A1,panel2_common_period,fs_xgboost_shap,random_forest,1,0,2023-04-01,95012.50000000006,102547.78472519212,7535.284725192061
my_run,A1,panel2_common_period,fs_xgboost_shap,random_forest,1,1,2023-07-01,92715.5,99513.3267545674,6797.826754567373
my_run,A1,panel2_common_period,fs_xgboost_shap,random_forest,1,1,2023-10-01,106259.39999999992,114281.638295876,8022.238295876072
my_run,A1,panel2_common_period,fs_xgboost_shap,random_forest,1,1,2024-01-01,114491.90000000008,113712.31560168012,-779.5843983199593
my_run,A1,panel2_common_period,fs_xgboost_shap,random_forest,1,1,2024-04-01,98590.0,94437.69283087808,-4152.307169121923
my_run,A1,panel2_common_period,fs_xgboost_shap,random_forest,1,2,2024-07-01,95843.10000000003,106994.6408447038,11151.540844703764
my_run,A1,panel2_common_period,fs_xgboost_shap,random_forest,1,2,2024-10-01,111622.30000000002,110234.07127870306,-1388.2287212969532
my_run,A1,panel2_common_period,fs_xgboost_shap,random_forest,1,2,2025-01-01,115136.6999999999,111686.57079850989,-3450.129201490025
my_run,A1,panel2_common_period,fs_xgboost_shap,random_forest,2,3,2022-10-01,109987.89999999998,115514.34187137536,5526.441871375369
my_run,A1,panel2_common_period,fs_xgboost_shap,random_forest,2,3,2023-01-01,109706.89999999992,116219.79739655434,6512.897396554414
my_run,A1,panel2_common_period,fs_xgboost_shap,random_forest,2,3,2023-04-01,95012.50000000006,95616.4056544787,603.9056544786436
my_run,A1,panel2_common_period,fs_xgboost_shap,random_forest,2,3,2023-07-01,92715.5,109914.3297518204,17198.829751820376
my_run,A1,panel2_common_period,fs_xgboost_shap,random_forest,2,4,2023-10-01,106259.39999999992,107956.06710369854,1696.667103698623
my_run,A1,panel2_common_period,fs_xgboost_shap,random_forest,2,4,2024-01-01,114491.90000000008,106647.05458126147,-7844.845418738594
my_run,A1,panel2_common_period,fs_xgboost_shap,random_forest,2,4,2024-04-01,98590.0,95804.70968917228,-2785.290310827724
my_run,A1,panel2_common_period,fs_xgboost_shap,random_forest,2,4,2024-07-01,95843.10000000003,94909.17740324354,-933.9225967564998
my_run,A1,panel2_common_period,fs_xgboost_shap,random_forest,4,5,2023-04-01,95012.50000000006,98229.47552288986,3216.9755228898
my_run,A1,panel2_common_period,fs_xgboost_shap,random_forest,4,5,2023-07-01,92715.5,97887.33737524084,5171.837375240822
my_run,A1,panel2_common_period,fs_xgboost_shap,random_forest,4,5,2023-10-01,106259.39999999992,110554.40034864296,4295.0003486430505
my_run,A1,panel2_common_period,fs_xgboost_shap,random_forest,4,5,2024-01-01,114491.90000000008,108297.00436078636,-6194.895639213733
my_run,A1,panel2_common_period,fs_xgboost_shap,random_forest,4,6,2024-04-01,98590.0,101414.32429970856,2824.324299708547
my_run,A1,panel2_common_period,fs_xgboost_shap,random_forest,4,6,2024-07-01,95843.10000000003,99020.10503427943,3177.005034279413
my_run,A1,panel2_common_period,fs_xgboost_shap,random_forest,4,6,2024-10-01,111622.30000000002,111389.90416753302,-232.3958324669948
my_run,A1,panel2_common_period,fs_xgboost_shap,random_forest,4,6,2025-01-01,115136.6999999999,111994.74151869128,-3141.958481308611
my_run,A1,panel2_common_period,fs_xgboost_shap,lightgbm,1,0,2022-07-01,100142.10000000003,94536.772634925,-5605.327365075049
my_run,A1,panel2_common_period,fs_xgboost_shap,lightgbm,1,0,2022-10-01,109987.89999999998,97951.76046717128,-12036.139532828704
my_run,A1,panel2_common_period,fs_xgboost_shap,lightgbm,1,0,2023-01-01,109706.89999999992,124569.20342124956,14862.303421249628
my_run,A1,panel2_common_period,fs_xgboost_shap,lightgbm,1,0,2023-04-01,95012.50000000006,109184.72705029012,14172.227050290065
my_run,A1,panel2_common_period,fs_xgboost_shap,lightgbm,1,1,2023-07-01,92715.5,94144.3869869862,1428.886986986181
my_run,A1,panel2_common_period,fs_xgboost_shap,lightgbm,1,1,2023-10-01,106259.39999999992,110952.9676073661,4693.567607366174
my_run,A1,panel2_common_period,fs_xgboost_shap,lightgbm,1,1,2024-01-01,114491.90000000008,110978.50122653582,-3513.398773464258
my_run,A1,panel2_common_period,fs_xgboost_shap,lightgbm,1,1,2024-04-01,98590.0,91805.69299003627,-6784.307009963726
my_run,A1,panel2_common_period,fs_xgboost_shap,lightgbm,1,2,2024-07-01,95843.10000000003,109278.5228784815,13435.422878481462
my_run,A1,panel2_common_period,fs_xgboost_shap,lightgbm,1,2,2024-10-01,111622.30000000002,105176.64518480709,-6445.654815192931
my_run,A1,panel2_common_period,fs_xgboost_shap,lightgbm,1,2,2025-01-01,115136.6999999999,106832.78771218256,-8303.912287817322
my_run,A1,panel2_common_period,fs_xgboost_shap,lightgbm,2,3,2022-10-01,109987.89999999998,105859.81921999354,-4128.080780006436
my_run,A1,panel2_common_period,fs_xgboost_shap,lightgbm,2,3,2023-01-01,109706.89999999992,115818.64603018484,6111.7460301849205
my_run,A1,panel2_common_period,fs_xgboost_shap,lightgbm,2,3,2023-04-01,95012.50000000006,105358.5330138503,10346.033013850249
my_run,A1,panel2_common_period,fs_xgboost_shap,lightgbm,2,3,2023-07-01,92715.5,95657.72993445804,2942.2299344580388
my_run,A1,panel2_common_period,fs_xgboost_shap,lightgbm,2,4,2023-10-01,106259.39999999992,109357.18957220858,3097.789572208654
my_run,A1,panel2_common_period,fs_xgboost_shap,lightgbm,2,4,2024-01-01,114491.90000000008,104568.8015194404,-9923.098480559696
my_run,A1,panel2_common_period,fs_xgboost_shap,lightgbm,2,4,2024-04-01,98590.0,96422.04529957112,-2167.95470042889
my_run,A1,panel2_common_period,fs_xgboost_shap,lightgbm,2,4,2024-07-01,95843.10000000003,90554.8521522006,-5288.247847799445
my_run,A1,panel2_common_period,fs_xgboost_shap,lightgbm,4,5,2023-04-01,95012.50000000006,93718.55266110082,-1293.9473388992335
my_run,A1,panel2_common_period,fs_xgboost_shap,lightgbm,4,5,2023-07-01,92715.5,90274.93618970097,-2440.563810299064
my_run,A1,panel2_common_period,fs_xgboost_shap,lightgbm,4,5,2023-10-01,106259.39999999992,101103.19562831597,-5156.204371683969
my_run,A1,panel2_common_period,fs_xgboost_shap,lightgbm,4,5,2024-01-01,114491.90000000008,118184.36353578838,3692.4635357882944
my_run,A1,panel2_common_period,fs_xgboost_shap,lightgbm,4,6,2024-04-01,98590.0,86191.02148204269,-12398.978517957308
my_run,A1,panel2_common_period,fs_xgboost_shap,lightgbm,4,6,2024-07-01,95843.10000000003,93368.48766212365,-2474.6123378764023
my_run,A1,panel2_common_period,fs_xgboost_shap,lightgbm,4,6,2024-10-01,111622.30000000002,123182.9261490312,11560.626149031174
my_run,A1,panel2_common_period,fs_xgboost_shap,lightgbm,4,6,2025-01-01,115136.6999999999,112876.93754437796,-2259.762455621938
my_run,A1,panel2_common_period,fs_xgboost_shap,catboost,1,0,2022-07-01,100142.10000000003,103023.53951855784,2881.4395185578032
my_run,A1,panel2_common_period,fs_xgboost_shap,catboost,1,0,2022-10-01,109987.89999999998,115473.5935070378,5485.6935070378095
my_run,A1,panel2_common_period,fs_xgboost_shap,catboost,1,0,2023-01-01,109706.89999999992,115373.6492106476,5666.749210647671
my_run,A1,panel2_common_period,fs_xgboost_shap,catboost,1,0,2023-04-01,95012.50000000006,104081.94529599434,9069.445295994286
my_run,A1,panel2_common_period,fs_xgboost_shap,catboost,1,1,2023-07-01,92715.5,96255.47013485298,3539.9701348529634
my_run,A1,panel2_common_period,fs_xgboost_shap,catboost,1,1,2023-10-01,106259.39999999992,112550.63741737371,6291.237417373806
my_run,A1,panel2_common_period,fs_xgboost_shap,catboost,1,1,2024-01-01,114491.90000000008,111214.25065303476,-3277.649346965307
my_run,A1,panel2_common_period,fs_xgboost_shap,catboost,1,1,2024-04-01,98590.0,93617.21865893682,-4972.781341063179
my_run,A1,panel2_common_period,fs_xgboost_shap,catboost,1,2,2024-07-01,95843.10000000003,108532.56840296031,12689.46840296028
my_run,A1,panel2_common_period,fs_xgboost_shap,catboost,1,2,2024-10-01,111622.30000000002,107876.9392027202,-3745.360797279805
my_run,A1,panel2_common_period,fs_xgboost_shap,catboost,1,2,2025-01-01,115136.6999999999,108065.149582339,-7071.550417660896
my_run,A1,panel2_common_period,fs_xgboost_shap,catboost,2,3,2022-10-01,109987.89999999998,110310.39418752398,322.4941875240038
my_run,A1,panel2_common_period,fs_xgboost_shap,catboost,2,3,2023-01-01,109706.89999999992,112130.22064893888,2423.320648938956
my_run,A1,panel2_common_period,fs_xgboost_shap,catboost,2,3,2023-04-01,95012.50000000006,96104.6578992655,1092.1578992654397
my_run,A1,panel2_common_period,fs_xgboost_shap,catboost,2,3,2023-07-01,92715.5,103532.51927758937,10817.019277589352
my_run,A1,panel2_common_period,fs_xgboost_shap,catboost,2,4,2023-10-01,106259.39999999992,102183.3623231025,-4076.037676897424
my_run,A1,panel2_common_period,fs_xgboost_shap,catboost,2,4,2024-01-01,114491.90000000008,107707.8831026647,-6784.016897335387
my_run,A1,panel2_common_period,fs_xgboost_shap,catboost,2,4,2024-04-01,98590.0,95026.99338965732,-3563.006610342665
my_run,A1,panel2_common_period,fs_xgboost_shap,catboost,2,4,2024-07-01,95843.10000000003,94144.0142396164,-1699.0857603836484
my_run,A1,panel2_common_period,fs_xgboost_shap,catboost,4,5,2023-04-01,95012.50000000006,96754.31882160724,1741.818821607172
my_run,A1,panel2_common_period,fs_xgboost_shap,catboost,4,5,2023-07-01,92715.5,100836.65614563838,8121.156145638364
my_run,A1,panel2_common_period,fs_xgboost_shap,catboost,4,5,2023-10-01,106259.39999999992,110363.68484157286,4104.284841572939
my_run,A1,panel2_common_period,fs_xgboost_shap,catboost,4,5,2024-01-01,114491.90000000008,107307.7032623661,-7184.196737633974
my_run,A1,panel2_common_period,fs_xgboost_shap,catboost,4,6,2024-04-01,98590.0,104754.3554590507,6164.355459050697
my_run,A1,panel2_common_period,fs_xgboost_shap,catboost,4,6,2024-07-01,95843.10000000003,99248.1207176566,3405.0207176565746
my_run,A1,panel2_common_period,fs_xgboost_shap,catboost,4,6,2024-10-01,111622.30000000002,111771.0932775992,148.79327759917942
my_run,A1,panel2_common_period,fs_xgboost_shap,catboost,4,6,2025-01-01,115136.6999999999,111155.67660513606,-3981.023394863834
my_run,A1,panel2_common_period,fs_xgboost_shap,lstm,1,0,2022-07-01,100142.10000000003,106054.9375,5912.837499999965
my_run,A1,panel2_common_period,fs_xgboost_shap,lstm,1,0,2022-10-01,109987.89999999998,106112.796875,-3875.10312499998
my_run,A1,panel2_common_period,fs_xgboost_shap,lstm,1,0,2023-01-01,109706.89999999992,106059.5859375,-3647.3140624999214
my_run,A1,panel2_common_period,fs_xgboost_shap,lstm,1,0,2023-04-01,95012.50000000006,105943.1328125,10930.632812499942
my_run,A1,panel2_common_period,fs_xgboost_shap,lstm,1,1,2023-07-01,92715.5,105209.0390625,12493.539062499984
my_run,A1,panel2_common_period,fs_xgboost_shap,lstm,1,1,2023-10-01,106259.39999999992,105165.296875,-1094.1031249999214
my_run,A1,panel2_common_period,fs_xgboost_shap,lstm,1,1,2024-01-01,114491.90000000008,105111.7578125,-9380.14218750008
my_run,A1,panel2_common_period,fs_xgboost_shap,lstm,1,1,2024-04-01,98590.0,105056.140625,6466.140625
my_run,A1,panel2_common_period,fs_xgboost_shap,lstm,1,2,2024-07-01,95843.10000000003,103951.0859375,8107.985937499965
my_run,A1,panel2_common_period,fs_xgboost_shap,lstm,1,2,2024-10-01,111622.30000000002,103939.6015625,-7682.6984375000175
my_run,A1,panel2_common_period,fs_xgboost_shap,lstm,1,2,2025-01-01,115136.6999999999,103944.9375,-11191.762499999895
my_run,A1,panel2_common_period,fs_xgboost_shap,lstm,2,3,2022-10-01,109987.89999999998,105125.6875,-4862.21249999998
my_run,A1,panel2_common_period,fs_xgboost_shap,lstm,2,3,2023-01-01,109706.89999999992,105093.3125,-4613.587499999921
my_run,A1,panel2_common_period,fs_xgboost_shap,lstm,2,3,2023-04-01,95012.50000000006,105024.078125,10011.578124999942
my_run,A1,panel2_common_period,fs_xgboost_shap,lstm,2,3,2023-07-01,92715.5,105002.359375,12286.859374999984
my_run,A1,panel2_common_period,fs_xgboost_shap,lstm,2,4,2023-10-01,106259.39999999992,103818.03125,-2441.3687499999214
my_run,A1,panel2_common_period,fs_xgboost_shap,lstm,2,4,2024-01-01,114491.90000000008,103752.4140625,-10739.48593750008
my_run,A1,panel2_common_period,fs_xgboost_shap,lstm,2,4,2024-04-01,98590.0,103723.0390625,5133.0390625
my_run,A1,panel2_common_period,fs_xgboost_shap,lstm,2,4,2024-07-01,95843.10000000003,103727.578125,7884.478124999965
my_run,A1,panel2_common_period,fs_xgboost_shap,lstm,4,5,2023-04-01,95012.50000000006,103457.9765625,8445.476562499942
my_run,A1,panel2_common_period,fs_xgboost_shap,lstm,4,5,2023-07-01,92715.5,103431.234375,10715.734374999984
my_run,A1,panel2_common_period,fs_xgboost_shap,lstm,4,5,2023-10-01,106259.39999999992,103390.609375,-2868.7906249999214
my_run,A1,panel2_common_period,fs_xgboost_shap,lstm,4,5,2024-01-01,114491.90000000008,103389.7109375,-11102.18906250008
my_run,A1,panel2_common_period,fs_xgboost_shap,lstm,4,6,2024-04-01,98590.0,102720.8203125,4130.8203125
my_run,A1,panel2_common_period,fs_xgboost_shap,lstm,4,6,2024-07-01,95843.10000000003,102653.6484375,6810.548437499965
my_run,A1,panel2_common_period,fs_xgboost_shap,lstm,4,6,2024-10-01,111622.30000000002,102699.953125,-8922.346875000017
my_run,A1,panel2_common_period,fs_xgboost_shap,lstm,4,6,2025-01-01,115136.6999999999,102722.984375,-12413.715624999895
my_run,A1,panel2_common_period,fs_permutation_stability,ridge,1,0,2022-07-01,100142.10000000003,110602.40407204452,10460.3040720445
my_run,A1,panel2_common_period,fs_permutation_stability,ridge,1,0,2022-10-01,109987.89999999998,111239.59677608084,1251.6967760808477
my_run,A1,panel2_common_period,fs_permutation_stability,ridge,1,0,2023-01-01,109706.89999999992,113088.25920030646,3381.3592003065423
my_run,A1,panel2_common_period,fs_permutation_stability,ridge,1,0,2023-04-01,95012.50000000006,113088.25920030646,18075.75920030641
my_run,A1,panel2_common_period,fs_permutation_stability,ridge,1,1,2023-07-01,92715.5,110752.6221834413,18037.122183441286
my_run,A1,panel2_common_period,fs_permutation_stability,ridge,1,1,2023-10-01,106259.39999999992,110752.6221834413,4493.22218344138
my_run,A1,panel2_common_period,fs_permutation_stability,ridge,1,1,2024-01-01,114491.90000000008,110752.6221834413,-3739.2778165587806
my_run,A1,panel2_common_period,fs_permutation_stability,ridge,1,1,2024-04-01,98590.0,110752.6221834413,12162.6221834413
my_run,A1,panel2_common_period,fs_permutation_stability,ridge,1,2,2024-07-01,95843.10000000003,108485.99557799316,12642.895577993128
my_run,A1,panel2_common_period,fs_permutation_stability,ridge,1,2,2024-10-01,111622.30000000002,108485.99557799316,-3136.304422006855
my_run,A1,panel2_common_period,fs_permutation_stability,ridge,1,2,2025-01-01,115136.6999999999,108485.99557799316,-6650.704422006733
my_run,A1,panel2_common_period,fs_permutation_stability,ridge,2,3,2022-10-01,109987.89999999998,110260.1044389594,272.20443895940844
my_run,A1,panel2_common_period,fs_permutation_stability,ridge,2,3,2023-01-01,109706.89999999992,111806.82093458358,2099.920934583657
my_run,A1,panel2_common_period,fs_permutation_stability,ridge,2,3,2023-04-01,95012.50000000006,110045.06486680456,15032.564866804503
my_run,A1,panel2_common_period,fs_permutation_stability,ridge,2,3,2023-07-01,92715.5,110045.06486680456,17329.564866804547
my_run,A1,panel2_common_period,fs_permutation_stability,ridge,2,4,2023-10-01,106259.39999999992,106809.25340077357,549.8534007736307
my_run,A1,panel2_common_period,fs_permutation_stability,ridge,2,4,2024-01-01,114491.90000000008,106809.25340077357,-7682.646599226529
my_run,A1,panel2_common_period,fs_permutation_stability,ridge,2,4,2024-04-01,98590.0,106809.25340077357,8219.253400773552
my_run,A1,panel2_common_period,fs_permutation_stability,ridge,2,4,2024-07-01,95843.10000000003,106809.25340077357,10966.153400773515
my_run,A1,panel2_common_period,fs_permutation_stability,ridge,4,5,2023-04-01,95012.50000000006,104149.35318591922,9136.853185919155
my_run,A1,panel2_common_period,fs_permutation_stability,ridge,4,5,2023-07-01,92715.5,102593.78851378436,9878.288513784357
my_run,A1,panel2_common_period,fs_permutation_stability,ridge,4,5,2023-10-01,106259.39999999992,107994.9954420601,1735.5954420601774
my_run,A1,panel2_common_period,fs_permutation_stability,ridge,4,5,2024-01-01,114491.90000000008,107994.9954420601,-6496.904557939983
my_run,A1,panel2_common_period,fs_permutation_stability,ridge,4,6,2024-04-01,98590.0,108115.16299160411,9525.162991604127
my_run,A1,panel2_common_period,fs_permutation_stability,ridge,4,6,2024-07-01,95843.10000000003,108115.16299160411,12272.062991604093
my_run,A1,panel2_common_period,fs_permutation_stability,ridge,4,6,2024-10-01,111622.30000000002,108115.16299160411,-3507.13700839589
my_run,A1,panel2_common_period,fs_permutation_stability,ridge,4,6,2025-01-01,115136.6999999999,108115.16299160411,-7021.537008395768
my_run,A1,panel2_common_period,fs_permutation_stability,random_forest,1,0,2022-07-01,100142.10000000003,108454.77389983607,8312.673899836052
my_run,A1,panel2_common_period,fs_permutation_stability,random_forest,1,0,2022-10-01,109987.89999999998,108454.77389983607,-1533.1261001638925
my_run,A1,panel2_common_period,fs_permutation_stability,random_forest,1,0,2023-01-01,109706.89999999992,108454.77389983607,-1252.126100163834
my_run,A1,panel2_common_period,fs_permutation_stability,random_forest,1,0,2023-04-01,95012.50000000006,108454.77389983607,13442.27389983603
my_run,A1,panel2_common_period,fs_permutation_stability,random_forest,1,1,2023-07-01,92715.5,107544.87745620067,14829.377456200658
my_run,A1,panel2_common_period,fs_permutation_stability,random_forest,1,1,2023-10-01,106259.39999999992,107544.87745620067,1285.4774562007517
my_run,A1,panel2_common_period,fs_permutation_stability,random_forest,1,1,2024-01-01,114491.90000000008,107544.87745620067,-6947.022543799409
my_run,A1,panel2_common_period,fs_permutation_stability,random_forest,1,1,2024-04-01,98590.0,107544.87745620067,8954.877456200673
my_run,A1,panel2_common_period,fs_permutation_stability,random_forest,1,2,2024-07-01,95843.10000000003,107358.67739709694,11515.577397096902
my_run,A1,panel2_common_period,fs_permutation_stability,random_forest,1,2,2024-10-01,111622.30000000002,107358.67739709694,-4263.62260290308
my_run,A1,panel2_common_period,fs_permutation_stability,random_forest,1,2,2025-01-01,115136.6999999999,107358.67739709694,-7778.022602902958
my_run,A1,panel2_common_period,fs_permutation_stability,random_forest,2,3,2022-10-01,109987.89999999998,108086.91690591592,-1900.9830940840477
my_run,A1,panel2_common_period,fs_permutation_stability,random_forest,2,3,2023-01-01,109706.89999999992,108086.91690591592,-1619.9830940839893
my_run,A1,panel2_common_period,fs_permutation_stability,random_forest,2,3,2023-04-01,95012.50000000006,108086.91690591592,13074.416905915874
my_run,A1,panel2_common_period,fs_permutation_stability,random_forest,2,3,2023-07-01,92715.5,108086.91690591592,15371.416905915918
my_run,A1,panel2_common_period,fs_permutation_stability,random_forest,2,4,2023-10-01,106259.39999999992,106886.72825217532,627.3282521753863
my_run,A1,panel2_common_period,fs_permutation_stability,random_forest,2,4,2024-01-01,114491.90000000008,106886.72825217532,-7605.171747824774
my_run,A1,panel2_common_period,fs_permutation_stability,random_forest,2,4,2024-04-01,98590.0,106886.72825217532,8296.728252175308
my_run,A1,panel2_common_period,fs_permutation_stability,random_forest,2,4,2024-07-01,95843.10000000003,106886.72825217532,11043.628252175273
my_run,A1,panel2_common_period,fs_permutation_stability,random_forest,4,5,2023-04-01,95012.50000000006,106343.5240705256,11331.024070525542
my_run,A1,panel2_common_period,fs_permutation_stability,random_forest,4,5,2023-07-01,92715.5,106343.5240705256,13628.024070525586
my_run,A1,panel2_common_period,fs_permutation_stability,random_forest,4,5,2023-10-01,106259.39999999992,106343.5240705256,84.12407052567869
my_run,A1,panel2_common_period,fs_permutation_stability,random_forest,4,5,2024-01-01,114491.90000000008,106343.5240705256,-8148.375929474481
my_run,A1,panel2_common_period,fs_permutation_stability,random_forest,4,6,2024-04-01,98590.0,105240.70109031552,6650.701090315532
my_run,A1,panel2_common_period,fs_permutation_stability,random_forest,4,6,2024-07-01,95843.10000000003,105240.70109031552,9397.601090315497
my_run,A1,panel2_common_period,fs_permutation_stability,random_forest,4,6,2024-10-01,111622.30000000002,105240.70109031552,-6381.598909684486
my_run,A1,panel2_common_period,fs_permutation_stability,random_forest,4,6,2025-01-01,115136.6999999999,105240.70109031552,-9895.998909684364
my_run,A1,panel2_common_period,fs_permutation_stability,lightgbm,1,0,2022-07-01,100142.10000000003,109015.72922282708,8873.629222827047
my_run,A1,panel2_common_period,fs_permutation_stability,lightgbm,1,0,2022-10-01,109987.89999999998,109015.72922282708,-972.170777172898
my_run,A1,panel2_common_period,fs_permutation_stability,lightgbm,1,0,2023-01-01,109706.89999999992,109015.72922282708,-691.1707771728397
my_run,A1,panel2_common_period,fs_permutation_stability,lightgbm,1,0,2023-04-01,95012.50000000006,109015.72922282708,14003.229222827023
my_run,A1,panel2_common_period,fs_permutation_stability,lightgbm,1,1,2023-07-01,92715.5,107892.22303400718,15176.72303400717
my_run,A1,panel2_common_period,fs_permutation_stability,lightgbm,1,1,2023-10-01,106259.39999999992,107892.22303400718,1632.8230340072623
my_run,A1,panel2_common_period,fs_permutation_stability,lightgbm,1,1,2024-01-01,114491.90000000008,107892.22303400718,-6599.676965992898
my_run,A1,panel2_common_period,fs_permutation_stability,lightgbm,1,1,2024-04-01,98590.0,107892.22303400718,9302.223034007184
my_run,A1,panel2_common_period,fs_permutation_stability,lightgbm,1,2,2024-07-01,95843.10000000003,107007.3872602541,11164.28726025406
my_run,A1,panel2_common_period,fs_permutation_stability,lightgbm,1,2,2024-10-01,111622.30000000002,107007.3872602541,-4614.912739745923
my_run,A1,panel2_common_period,fs_permutation_stability,lightgbm,1,2,2025-01-01,115136.6999999999,107007.3872602541,-8129.312739745801
my_run,A1,panel2_common_period,fs_permutation_stability,lightgbm,2,3,2022-10-01,109987.89999999998,108419.51842444691,-1568.3815755530522
my_run,A1,panel2_common_period,fs_permutation_stability,lightgbm,2,3,2023-01-01,109706.89999999992,108419.51842444691,-1287.381575552994
my_run,A1,panel2_common_period,fs_permutation_stability,lightgbm,2,3,2023-04-01,95012.50000000006,108419.51842444691,13407.01842444687
my_run,A1,panel2_common_period,fs_permutation_stability,lightgbm,2,3,2023-07-01,92715.5,108419.51842444691,15704.018424446913
my_run,A1,panel2_common_period,fs_permutation_stability,lightgbm,2,4,2023-10-01,106259.39999999992,107006.85064764744,747.4506476475071
my_run,A1,panel2_common_period,fs_permutation_stability,lightgbm,2,4,2024-01-01,114491.90000000008,107006.85064764744,-7485.049352352653
my_run,A1,panel2_common_period,fs_permutation_stability,lightgbm,2,4,2024-04-01,98590.0,107006.85064764744,8416.850647647429
my_run,A1,panel2_common_period,fs_permutation_stability,lightgbm,2,4,2024-07-01,95843.10000000003,107006.85064764744,11163.750647647394
my_run,A1,panel2_common_period,fs_permutation_stability,lightgbm,4,5,2023-04-01,95012.50000000006,106473.46196083842,11460.961960838364
my_run,A1,panel2_common_period,fs_permutation_stability,lightgbm,4,5,2023-07-01,92715.5,106473.46196083842,13757.96196083841
my_run,A1,panel2_common_period,fs_permutation_stability,lightgbm,4,5,2023-10-01,106259.39999999992,106473.46196083842,214.06196083850227
my_run,A1,panel2_common_period,fs_permutation_stability,lightgbm,4,5,2024-01-01,114491.90000000008,106473.46196083842,-8018.438039161658
my_run,A1,panel2_common_period,fs_permutation_stability,lightgbm,4,6,2024-04-01,98590.0,105510.7866712575,6920.786671257505
my_run,A1,panel2_common_period,fs_permutation_stability,lightgbm,4,6,2024-07-01,95843.10000000003,105510.7866712575,9667.68667125747
my_run,A1,panel2_common_period,fs_permutation_stability,lightgbm,4,6,2024-10-01,111622.30000000002,105510.7866712575,-6111.513328742512
my_run,A1,panel2_common_period,fs_permutation_stability,lightgbm,4,6,2025-01-01,115136.6999999999,105510.7866712575,-9625.91332874239
my_run,A1,panel2_common_period,fs_permutation_stability,catboost,1,0,2022-07-01,100142.10000000003,113873.97772661228,13731.877726612249
my_run,A1,panel2_common_period,fs_permutation_stability,catboost,1,0,2022-10-01,109987.89999999998,113873.97772661228,3886.077726612304
my_run,A1,panel2_common_period,fs_permutation_stability,catboost,1,0,2023-01-01,109706.89999999992,113142.73382622402,3435.8338262241014
my_run,A1,panel2_common_period,fs_permutation_stability,catboost,1,0,2023-04-01,95012.50000000006,113142.73382622402,18130.233826223965
my_run,A1,panel2_common_period,fs_permutation_stability,catboost,1,1,2023-07-01,92715.5,110842.43876539668,18126.93876539667
my_run,A1,panel2_common_period,fs_permutation_stability,catboost,1,1,2023-10-01,106259.39999999992,110842.43876539668,4583.038765396763
my_run,A1,panel2_common_period,fs_permutation_stability,catboost,1,1,2024-01-01,114491.90000000008,110842.43876539668,-3649.461234603397
my_run,A1,panel2_common_period,fs_permutation_stability,catboost,1,1,2024-04-01,98590.0,110842.43876539668,12252.438765396684
my_run,A1,panel2_common_period,fs_permutation_stability,catboost,1,2,2024-07-01,95843.10000000003,108447.07690061229,12603.976900612235
my_run,A1,panel2_common_period,fs_permutation_stability,catboost,1,2,2024-10-01,111622.30000000002,108447.07690061229,-3175.2230993877456
my_run,A1,panel2_common_period,fs_permutation_stability,catboost,1,2,2025-01-01,115136.6999999999,108447.07690061229,-6689.623099387623
my_run,A1,panel2_common_period,fs_permutation_stability,catboost,2,3,2022-10-01,109987.89999999998,110277.55101270764,289.6510127076472
my_run,A1,panel2_common_period,fs_permutation_stability,catboost,2,3,2023-01-01,109706.89999999992,110277.55101270764,570.6510127077054
my_run,A1,panel2_common_period,fs_permutation_stability,catboost,2,3,2023-04-01,95012.50000000006,111006.70779295146,15994.207792951403
my_run,A1,panel2_common_period,fs_permutation_stability,catboost,2,3,2023-07-01,92715.5,111006.70779295146,18291.20779295145
my_run,A1,panel2_common_period,fs_permutation_stability,catboost,2,4,2023-10-01,106259.39999999992,107342.59136957656,1083.191369576627
my_run,A1,panel2_common_period,fs_permutation_stability,catboost,2,4,2024-01-01,114491.90000000008,107342.59136957656,-7149.308630423533
my_run,A1,panel2_common_period,fs_permutation_stability,catboost,2,4,2024-04-01,98590.0,107342.59136957656,8752.591369576548
my_run,A1,panel2_common_period,fs_permutation_stability,catboost,2,4,2024-07-01,95843.10000000003,107342.59136957656,11499.491369576514
my_run,A1,panel2_common_period,fs_permutation_stability,catboost,4,5,2023-04-01,95012.50000000006,105204.86683972857,10192.366839728507
my_run,A1,panel2_common_period,fs_permutation_stability,catboost,4,5,2023-07-01,92715.5,105204.86683972857,12489.366839728553
my_run,A1,panel2_common_period,fs_permutation_stability,catboost,4,5,2023-10-01,106259.39999999992,107563.38182445684,1303.9818244569178
my_run,A1,panel2_common_period,fs_permutation_stability,catboost,4,5,2024-01-01,114491.90000000008,107563.38182445684,-6928.518175543242
my_run,A1,panel2_common_period,fs_permutation_stability,catboost,4,6,2024-04-01,98590.0,108104.85925951936,9514.859259519348
my_run,A1,panel2_common_period,fs_permutation_stability,catboost,4,6,2024-07-01,95843.10000000003,108104.85925951936,12261.759259519313
my_run,A1,panel2_common_period,fs_permutation_stability,catboost,4,6,2024-10-01,111622.30000000002,108104.85925951936,-3517.44074048067
my_run,A1,panel2_common_period,fs_permutation_stability,catboost,4,6,2025-01-01,115136.6999999999,108104.85925951936,-7031.840740480548
my_run,A1,panel2_common_period,fs_permutation_stability,lstm,1,0,2022-07-01,100142.10000000003,106083.6640625,5941.564062499965
my_run,A1,panel2_common_period,fs_permutation_stability,lstm,1,0,2022-10-01,109987.89999999998,106113.0078125,-3874.89218749998
my_run,A1,panel2_common_period,fs_permutation_stability,lstm,1,0,2023-01-01,109706.89999999992,106141.6484375,-3565.2515624999214
my_run,A1,panel2_common_period,fs_permutation_stability,lstm,1,0,2023-04-01,95012.50000000006,106141.84375,11129.343749999942
my_run,A1,panel2_common_period,fs_permutation_stability,lstm,1,1,2023-07-01,92715.5,104937.7734375,12222.273437499984
my_run,A1,panel2_common_period,fs_permutation_stability,lstm,1,1,2023-10-01,106259.39999999992,104959.203125,-1300.1968749999214
my_run,A1,panel2_common_period,fs_permutation_stability,lstm,1,1,2024-01-01,114491.90000000008,104951.296875,-9540.60312500008
my_run,A1,panel2_common_period,fs_permutation_stability,lstm,1,1,2024-04-01,98590.0,104951.296875,6361.296875
my_run,A1,panel2_common_period,fs_permutation_stability,lstm,1,2,2024-07-01,95843.10000000003,104140.6171875,8297.517187499965
my_run,A1,panel2_common_period,fs_permutation_stability,lstm,1,2,2024-10-01,111622.30000000002,104140.6171875,-7481.6828125000175
my_run,A1,panel2_common_period,fs_permutation_stability,lstm,1,2,2025-01-01,115136.6999999999,104140.6171875,-10996.082812499895
my_run,A1,panel2_common_period,fs_permutation_stability,lstm,2,3,2022-10-01,109987.89999999998,105160.578125,-4827.32187499998
my_run,A1,panel2_common_period,fs_permutation_stability,lstm,2,3,2023-01-01,109706.89999999992,105163.3046875,-4543.595312499921
my_run,A1,panel2_common_period,fs_permutation_stability,lstm,2,3,2023-04-01,95012.50000000006,105155.9765625,10143.476562499942
my_run,A1,panel2_common_period,fs_permutation_stability,lstm,2,3,2023-07-01,92715.5,105202.8203125,12487.320312499984
my_run,A1,panel2_common_period,fs_permutation_stability,lstm,2,4,2023-10-01,106259.39999999992,103976.875,-2282.5249999999214
my_run,A1,panel2_common_period,fs_permutation_stability,lstm,2,4,2024-01-01,114491.90000000008,104000.2734375,-10491.62656250008
my_run,A1,panel2_common_period,fs_permutation_stability,lstm,2,4,2024-04-01,98590.0,103991.453125,5401.453125
my_run,A1,panel2_common_period,fs_permutation_stability,lstm,2,4,2024-07-01,95843.10000000003,103991.453125,8148.353124999965
my_run,A1,panel2_common_period,fs_permutation_stability,lstm,4,5,2023-04-01,95012.50000000006,103547.5,8534.999999999942
my_run,A1,panel2_common_period,fs_permutation_stability,lstm,4,5,2023-07-01,92715.5,103543.75,10828.249999999984
my_run,A1,panel2_common_period,fs_permutation_stability,lstm,4,5,2023-10-01,106259.39999999992,103536.25,-2723.1499999999214
my_run,A1,panel2_common_period,fs_permutation_stability,lstm,4,5,2024-01-01,114491.90000000008,103545.328125,-10946.57187500008
my_run,A1,panel2_common_period,fs_permutation_stability,lstm,4,6,2024-04-01,98590.0,102789.6171875,4199.6171875
my_run,A1,panel2_common_period,fs_permutation_stability,lstm,4,6,2024-07-01,95843.10000000003,102779.703125,6936.603124999965
my_run,A1,panel2_common_period,fs_permutation_stability,lstm,4,6,2024-10-01,111622.30000000002,102750.5078125,-8871.792187500017
my_run,A1,panel2_common_period,fs_permutation_stability,lstm,4,6,2025-01-01,115136.6999999999,102750.5078125,-12386.192187499895
my_run,A1,panel2_common_period,fs_consensus,ridge,1,0,2022-07-01,100142.10000000003,108844.24660488324,8702.146604883208
my_run,A1,panel2_common_period,fs_consensus,ridge,1,0,2022-10-01,109987.89999999998,110588.98276962488,601.0827696248889
my_run,A1,panel2_common_period,fs_consensus,ridge,1,0,2023-01-01,109706.89999999992,109455.9766600012,-250.9233399987279
my_run,A1,panel2_common_period,fs_consensus,ridge,1,0,2023-04-01,95012.50000000006,107654.00534931656,12641.505349316489
my_run,A1,panel2_common_period,fs_consensus,ridge,1,1,2023-07-01,92715.5,107427.22273357752,14711.722733577495
my_run,A1,panel2_common_period,fs_consensus,ridge,1,1,2023-10-01,106259.39999999992,109398.95325255282,3139.553252552898
my_run,A1,panel2_common_period,fs_consensus,ridge,1,1,2024-01-01,114491.90000000008,107543.48193638356,-6948.418063616526
my_run,A1,panel2_common_period,fs_consensus,ridge,1,1,2024-04-01,98590.0,105671.74301203436,7081.743012034363
my_run,A1,panel2_common_period,fs_consensus,ridge,1,2,2024-07-01,95843.10000000003,106189.29983568132,10346.199835681298
my_run,A1,panel2_common_period,fs_consensus,ridge,1,2,2024-10-01,111622.30000000002,108434.38383696524,-3187.916163034766
my_run,A1,panel2_common_period,fs_consensus,ridge,1,2,2025-01-01,115136.6999999999,106665.33661961948,-8471.363380380426
my_run,A1,panel2_common_period,fs_consensus,ridge,2,3,2022-10-01,109987.89999999998,108612.07080046636,-1375.829199533633
my_run,A1,panel2_common_period,fs_consensus,ridge,2,3,2023-01-01,109706.89999999992,109836.39164201242,129.49164201249368
my_run,A1,panel2_common_period,fs_consensus,ridge,2,3,2023-04-01,95012.50000000006,105252.49170157655,10239.991701576497
my_run,A1,panel2_common_period,fs_consensus,ridge,2,3,2023-07-01,92715.5,105162.07311698871,12446.573116988717
my_run,A1,panel2_common_period,fs_consensus,ridge,2,4,2023-10-01,106259.39999999992,105088.5965056928,-1170.8034943071252
my_run,A1,panel2_common_period,fs_consensus,ridge,2,4,2024-01-01,114491.90000000008,105809.15148466712,-8682.748515332947
my_run,A1,panel2_common_period,fs_consensus,ridge,2,4,2024-04-01,98590.0,102939.34015729946,4349.340157299463
my_run,A1,panel2_common_period,fs_consensus,ridge,2,4,2024-07-01,95843.10000000003,101097.78083454478,5254.68083454475
my_run,A1,panel2_common_period,fs_consensus,ridge,4,5,2023-04-01,95012.50000000006,105327.32585590062,10314.825855900564
my_run,A1,panel2_common_period,fs_consensus,ridge,4,5,2023-07-01,92715.5,103965.16488753958,11249.664887539562
my_run,A1,panel2_common_period,fs_consensus,ridge,4,5,2023-10-01,106259.39999999992,107224.741618453,965.3416184530652
my_run,A1,panel2_common_period,fs_consensus,ridge,4,5,2024-01-01,114491.90000000008,107433.7445690184,-7058.155430981686
my_run,A1,panel2_common_period,fs_consensus,ridge,4,6,2024-04-01,98590.0,105761.67516071776,7171.675160717772
my_run,A1,panel2_common_period,fs_consensus,ridge,4,6,2024-07-01,95843.10000000003,104616.9877093955,8773.887709395465
my_run,A1,panel2_common_period,fs_consensus,ridge,4,6,2024-10-01,111622.30000000002,106431.7283680812,-5190.571631918821
my_run,A1,panel2_common_period,fs_consensus,ridge,4,6,2025-01-01,115136.6999999999,107744.18251876958,-7392.517481230316
my_run,A1,panel2_common_period,fs_consensus,random_forest,1,0,2022-07-01,100142.10000000003,105026.94088525909,4884.840885259036
my_run,A1,panel2_common_period,fs_consensus,random_forest,1,0,2022-10-01,109987.89999999998,116316.54291537411,6328.642915374148
my_run,A1,panel2_common_period,fs_consensus,random_forest,1,0,2023-01-01,109706.89999999992,120203.73655809891,10496.836558099008
my_run,A1,panel2_common_period,fs_consensus,random_forest,1,0,2023-04-01,95012.50000000006,101543.51062760894,6531.010627608877
my_run,A1,panel2_common_period,fs_consensus,random_forest,1,1,2023-07-01,92715.5,98950.69733116472,6235.197331164716
my_run,A1,panel2_common_period,fs_consensus,random_forest,1,1,2023-10-01,106259.39999999992,119414.04751791124,13154.647517911304
my_run,A1,panel2_common_period,fs_consensus,random_forest,1,1,2024-01-01,114491.90000000008,118532.33985798983,4040.439857989754
my_run,A1,panel2_common_period,fs_consensus,random_forest,1,1,2024-04-01,98590.0,97335.79266544142,-1254.2073345585814
my_run,A1,panel2_common_period,fs_consensus,random_forest,1,2,2024-07-01,95843.10000000003,108658.75995250056,12815.65995250053
my_run,A1,panel2_common_period,fs_consensus,random_forest,1,2,2024-10-01,111622.30000000002,113206.16146913767,1583.8614691376715
my_run,A1,panel2_common_period,fs_consensus,random_forest,1,2,2025-01-01,115136.6999999999,114263.33779589857,-873.3622041013441
my_run,A1,panel2_common_period,fs_consensus,random_forest,2,3,2022-10-01,109987.89999999998,115243.45952962567,5255.559529625694
my_run,A1,panel2_common_period,fs_consensus,random_forest,2,3,2023-01-01,109706.89999999992,116197.02435251066,6490.124352510742
my_run,A1,panel2_common_period,fs_consensus,random_forest,2,3,2023-04-01,95012.50000000006,95242.10898503878,229.6089850387216
my_run,A1,panel2_common_period,fs_consensus,random_forest,2,3,2023-07-01,92715.5,109643.57111998116,16928.07111998115
my_run,A1,panel2_common_period,fs_consensus,random_forest,2,4,2023-10-01,106259.39999999992,108537.02064334865,2277.6206433487096
my_run,A1,panel2_common_period,fs_consensus,random_forest,2,4,2024-01-01,114491.90000000008,108652.27817284613,-5839.621827153955
my_run,A1,panel2_common_period,fs_consensus,random_forest,2,4,2024-04-01,98590.0,95718.76903207958,-2871.230967920419
my_run,A1,panel2_common_period,fs_consensus,random_forest,2,4,2024-07-01,95843.10000000003,94479.45054386072,-1363.649456139305
my_run,A1,panel2_common_period,fs_consensus,random_forest,4,5,2023-04-01,95012.50000000006,97856.75996861164,2844.2599686115864
my_run,A1,panel2_common_period,fs_consensus,random_forest,4,5,2023-07-01,92715.5,97355.6541260798,4640.154126079782
my_run,A1,panel2_common_period,fs_consensus,random_forest,4,5,2023-10-01,106259.39999999992,111005.12313951776,4745.723139517853
my_run,A1,panel2_common_period,fs_consensus,random_forest,4,5,2024-01-01,114491.90000000008,108762.5366589552,-5729.363341044867
my_run,A1,panel2_common_period,fs_consensus,random_forest,4,6,2024-04-01,98590.0,102526.47057657076,3936.470576570748
my_run,A1,panel2_common_period,fs_consensus,random_forest,4,6,2024-07-01,95843.10000000003,99632.6329321942,3789.532932194168
my_run,A1,panel2_common_period,fs_consensus,random_forest,4,6,2024-10-01,111622.30000000002,111601.16846390674,-21.131536093278555
my_run,A1,panel2_common_period,fs_consensus,random_forest,4,6,2025-01-01,115136.6999999999,112684.45035759706,-2452.249642402836
my_run,A1,panel2_common_period,fs_consensus,lightgbm,1,0,2022-07-01,100142.10000000003,98775.71586658462,-1366.384133415413
my_run,A1,panel2_common_period,fs_consensus,lightgbm,1,0,2022-10-01,109987.89999999998,111001.75628685298,1013.8562868529988
my_run,A1,panel2_common_period,fs_consensus,lightgbm,1,0,2023-01-01,109706.89999999992,113052.3133075986,3345.413307598676
my_run,A1,panel2_common_period,fs_consensus,lightgbm,1,0,2023-04-01,95012.50000000006,98484.53245896065,3472.0324589605734
my_run,A1,panel2_common_period,fs_consensus,lightgbm,1,1,2023-07-01,92715.5,86013.3002981541,-6702.199701845908
my_run,A1,panel2_common_period,fs_consensus,lightgbm,1,1,2023-10-01,106259.39999999992,107768.94538456484,1509.5453845649315
my_run,A1,panel2_common_period,fs_consensus,lightgbm,1,1,2024-01-01,114491.90000000008,128089.7972813578,13597.897281357711
my_run,A1,panel2_common_period,fs_consensus,lightgbm,1,1,2024-04-01,98590.0,113887.5254976639,15297.525497663895
my_run,A1,panel2_common_period,fs_consensus,lightgbm,1,2,2024-07-01,95843.10000000003,113542.41166773104,17699.311667731017
my_run,A1,panel2_common_period,fs_consensus,lightgbm,1,2,2024-10-01,111622.30000000002,110728.74287165416,-893.5571283458703
my_run,A1,panel2_common_period,fs_consensus,lightgbm,1,2,2025-01-01,115136.6999999999,113748.8757959962,-1387.8242040036855
my_run,A1,panel2_common_period,fs_consensus,lightgbm,2,3,2022-10-01,109987.89999999998,108714.09722344436,-1273.802776555618
my_run,A1,panel2_common_period,fs_consensus,lightgbm,2,3,2023-01-01,109706.89999999992,115826.88800924728,6119.988009247347
my_run,A1,panel2_common_period,fs_consensus,lightgbm,2,3,2023-04-01,95012.50000000006,99361.88014306618,4349.380143066126
my_run,A1,panel2_common_period,fs_consensus,lightgbm,2,3,2023-07-01,92715.5,94551.50257369394,1836.002573693928
my_run,A1,panel2_common_period,fs_consensus,lightgbm,2,4,2023-10-01,106259.39999999992,112275.23768837088,6015.837688370957
my_run,A1,panel2_common_period,fs_consensus,lightgbm,2,4,2024-01-01,114491.90000000008,100312.09695378187,-14179.803046218192
my_run,A1,panel2_common_period,fs_consensus,lightgbm,2,4,2024-04-01,98590.0,99297.1077173107,707.1077173107042
my_run,A1,panel2_common_period,fs_consensus,lightgbm,2,4,2024-07-01,95843.10000000003,85797.03256212783,-10046.067437872203
my_run,A1,panel2_common_period,fs_consensus,lightgbm,4,5,2023-04-01,95012.50000000006,94078.93440905264,-933.56559094743
my_run,A1,panel2_common_period,fs_consensus,lightgbm,4,5,2023-07-01,92715.5,93846.31096524993,1130.8109652499115
my_run,A1,panel2_common_period,fs_consensus,lightgbm,4,5,2023-10-01,106259.39999999992,105698.62656207506,-560.7734379248577
my_run,A1,panel2_common_period,fs_consensus,lightgbm,4,5,2024-01-01,114491.90000000008,118868.57209016503,4376.672090164968
my_run,A1,panel2_common_period,fs_consensus,lightgbm,4,6,2024-04-01,98590.0,84132.25309553738,-14457.74690446262
my_run,A1,panel2_common_period,fs_consensus,lightgbm,4,6,2024-07-01,95843.10000000003,98614.68297291744,2771.5829729174147
my_run,A1,panel2_common_period,fs_consensus,lightgbm,4,6,2024-10-01,111622.30000000002,113881.81045748752,2259.5104574875004
my_run,A1,panel2_common_period,fs_consensus,lightgbm,4,6,2025-01-01,115136.6999999999,121804.62621120903,6667.926211209153
my_run,A1,panel2_common_period,fs_consensus,catboost,1,0,2022-07-01,100142.10000000003,99960.93959454172,-181.1604054583004
my_run,A1,panel2_common_period,fs_consensus,catboost,1,0,2022-10-01,109987.89999999998,115287.30761143652,5299.407611436531
my_run,A1,panel2_common_period,fs_consensus,catboost,1,0,2023-01-01,109706.89999999992,114399.50023743618,4692.600237436258
my_run,A1,panel2_common_period,fs_consensus,catboost,1,0,2023-04-01,95012.50000000006,101194.22457446936,6181.724574469306
my_run,A1,panel2_common_period,fs_consensus,catboost,1,1,2023-07-01,92715.5,94925.58754671614,2210.087546716124
my_run,A1,panel2_common_period,fs_consensus,catboost,1,1,2023-10-01,106259.39999999992,116442.3737999797,10182.97379997978
my_run,A1,panel2_common_period,fs_consensus,catboost,1,1,2024-01-01,114491.90000000008,115207.1687390775,715.2687390774227
my_run,A1,panel2_common_period,fs_consensus,catboost,1,1,2024-04-01,98590.0,97037.74819753478,-1552.2518024652236
my_run,A1,panel2_common_period,fs_consensus,catboost,1,2,2024-07-01,95843.10000000003,111104.10084295328,15261.000842953232
my_run,A1,panel2_common_period,fs_consensus,catboost,1,2,2024-10-01,111622.30000000002,111150.43900935682,-471.8609906431957
my_run,A1,panel2_common_period,fs_consensus,catboost,1,2,2025-01-01,115136.6999999999,111523.65483986918,-3613.045160130714
my_run,A1,panel2_common_period,fs_consensus,catboost,2,3,2022-10-01,109987.89999999998,112234.0380275548,2246.1380275548145
my_run,A1,panel2_common_period,fs_consensus,catboost,2,3,2023-01-01,109706.89999999992,114472.04302296796,4765.143022968041
my_run,A1,panel2_common_period,fs_consensus,catboost,2,3,2023-04-01,95012.50000000006,94522.04348319262,-490.4565168074332
my_run,A1,panel2_common_period,fs_consensus,catboost,2,3,2023-07-01,92715.5,105662.88426408518,12947.384264085164
my_run,A1,panel2_common_period,fs_consensus,catboost,2,4,2023-10-01,106259.39999999992,98698.09813237377,-7561.301867626171
my_run,A1,panel2_common_period,fs_consensus,catboost,2,4,2024-01-01,114491.90000000008,107475.97392996943,-7015.926070030648
my_run,A1,panel2_common_period,fs_consensus,catboost,2,4,2024-04-01,98590.0,95433.67397177409,-3156.326028225929
my_run,A1,panel2_common_period,fs_consensus,catboost,2,4,2024-07-01,95843.10000000003,92494.68041499372,-3348.4195850063115
my_run,A1,panel2_common_period,fs_consensus,catboost,4,5,2023-04-01,95012.50000000006,97181.26597328084,2168.765973280795
my_run,A1,panel2_common_period,fs_consensus,catboost,4,5,2023-07-01,92715.5,99233.10612663905,6517.606126639017
my_run,A1,panel2_common_period,fs_consensus,catboost,4,5,2023-10-01,106259.39999999992,109687.0597110855,3427.65971108558
my_run,A1,panel2_common_period,fs_consensus,catboost,4,5,2024-01-01,114491.90000000008,107354.58666643396,-7137.313333566111
my_run,A1,panel2_common_period,fs_consensus,catboost,4,6,2024-04-01,98590.0,103845.5818687008,5255.5818687008
my_run,A1,panel2_common_period,fs_consensus,catboost,4,6,2024-07-01,95843.10000000003,99028.06271370016,3184.9627137001225
my_run,A1,panel2_common_period,fs_consensus,catboost,4,6,2024-10-01,111622.30000000002,113219.22606277654,1596.926062776518
my_run,A1,panel2_common_period,fs_consensus,catboost,4,6,2025-01-01,115136.6999999999,111333.52521492649,-3803.1747850734246
my_run,A1,panel2_common_period,fs_consensus,lstm,1,0,2022-07-01,100142.10000000003,106897.5390625,6755.439062499965
my_run,A1,panel2_common_period,fs_consensus,lstm,1,0,2022-10-01,109987.89999999998,107061.0859375,-2926.81406249998
my_run,A1,panel2_common_period,fs_consensus,lstm,1,0,2023-01-01,109706.89999999992,107181.9296875,-2524.9703124999214
my_run,A1,panel2_common_period,fs_consensus,lstm,1,0,2023-04-01,95012.50000000006,107229.671875,12217.171874999942
my_run,A1,panel2_common_period,fs_consensus,lstm,1,1,2023-07-01,92715.5,106294.203125,13578.703124999984
my_run,A1,panel2_common_period,fs_consensus,lstm,1,1,2023-10-01,106259.39999999992,106454.5859375,195.18593750007855
my_run,A1,panel2_common_period,fs_consensus,lstm,1,1,2024-01-01,114491.90000000008,106533.5078125,-7958.3921875000815
my_run,A1,panel2_common_period,fs_consensus,lstm,1,1,2024-04-01,98590.0,106502.0,7912.0
my_run,A1,panel2_common_period,fs_consensus,lstm,1,2,2024-07-01,95843.10000000003,105770.203125,9927.103124999963
my_run,A1,panel2_common_period,fs_consensus,lstm,1,2,2024-10-01,111622.30000000002,105797.7421875,-5824.5578125000175
my_run,A1,panel2_common_period,fs_consensus,lstm,1,2,2025-01-01,115136.6999999999,105841.234375,-9295.465624999895
my_run,A1,panel2_common_period,fs_consensus,lstm,2,3,2022-10-01,109987.89999999998,106826.8125,-3161.08749999998
my_run,A1,panel2_common_period,fs_consensus,lstm,2,3,2023-01-01,109706.89999999992,106895.6015625,-2811.2984374999214
my_run,A1,panel2_common_period,fs_consensus,lstm,2,3,2023-04-01,95012.50000000006,106918.9453125,11906.445312499942
my_run,A1,panel2_common_period,fs_consensus,lstm,2,3,2023-07-01,92715.5,106962.1015625,14246.601562499984
my_run,A1,panel2_common_period,fs_consensus,lstm,2,4,2023-10-01,106259.39999999992,106179.109375,-80.29062499992142
my_run,A1,panel2_common_period,fs_consensus,lstm,2,4,2024-01-01,114491.90000000008,106269.5703125,-8222.329687500081
my_run,A1,panel2_common_period,fs_consensus,lstm,2,4,2024-04-01,98590.0,106315.59375,7725.59375
my_run,A1,panel2_common_period,fs_consensus,lstm,2,4,2024-07-01,95843.10000000003,106341.2421875,10498.142187499963
my_run,A1,panel2_common_period,fs_consensus,lstm,4,5,2023-04-01,95012.50000000006,105284.2109375,10271.710937499942
my_run,A1,panel2_common_period,fs_consensus,lstm,4,5,2023-07-01,92715.5,105367.5859375,12652.085937499984
my_run,A1,panel2_common_period,fs_consensus,lstm,4,5,2023-10-01,106259.39999999992,105417.0390625,-842.3609374999214
my_run,A1,panel2_common_period,fs_consensus,lstm,4,5,2024-01-01,114491.90000000008,105557.28125,-8934.618750000081
my_run,A1,panel2_common_period,fs_consensus,lstm,4,6,2024-04-01,98590.0,104667.3203125,6077.3203125
my_run,A1,panel2_common_period,fs_consensus,lstm,4,6,2024-07-01,95843.10000000003,104741.5078125,8898.407812499965
my_run,A1,panel2_common_period,fs_consensus,lstm,4,6,2024-10-01,111622.30000000002,104786.46875,-6835.8312500000175
my_run,A1,panel2_common_period,fs_consensus,lstm,4,6,2025-01-01,115136.6999999999,104814.359375,-10322.340624999895
my_run,A2,panel2_common_period,fs_linear,ridge,1,0,2022-07-01,100142.10000000003,108886.24710703317,8744.147107033117
my_run,A2,panel2_common_period,fs_linear,ridge,1,0,2022-10-01,109987.89999999998,112157.75548832808,2169.855488328103
my_run,A2,panel2_common_period,fs_linear,ridge,1,0,2023-01-01,109706.89999999992,111519.31787022876,1812.4178702288336
my_run,A2,panel2_common_period,fs_linear,ridge,1,0,2023-04-01,95012.50000000006,108319.39017046416,13306.890170464105
my_run,A2,panel2_common_period,fs_linear,ridge,1,1,2023-07-01,92715.5,106620.48468332828,13904.984683328265
my_run,A2,panel2_common_period,fs_linear,ridge,1,1,2023-10-01,106259.39999999992,110149.15294872878,3889.752948728856
my_run,A2,panel2_common_period,fs_linear,ridge,1,1,2024-01-01,114491.90000000008,110005.99692187492,-4485.903078125164
my_run,A2,panel2_common_period,fs_linear,ridge,1,1,2024-04-01,98590.0,106431.96553270538,7841.965532705377
my_run,A2,panel2_common_period,fs_linear,ridge,1,2,2024-07-01,95843.10000000003,104948.86314708069,9105.763147080652
my_run,A2,panel2_common_period,fs_linear,ridge,1,2,2024-10-01,111622.30000000002,109268.36080389516,-2353.939196104868
my_run,A2,panel2_common_period,fs_linear,ridge,1,2,2025-01-01,115136.6999999999,109546.1880745857,-5590.51192541419
my_run,A2,panel2_common_period,fs_linear,ridge,2,3,2022-10-01,109987.89999999998,113175.27652625038,3187.376526250402
my_run,A2,panel2_common_period,fs_linear,ridge,2,3,2023-01-01,109706.89999999992,112813.88271285238,3106.982712852463
my_run,A2,panel2_common_period,fs_linear,ridge,2,3,2023-04-01,95012.50000000006,105374.02469804992,10361.524698049863
my_run,A2,panel2_common_period,fs_linear,ridge,2,3,2023-07-01,92715.5,107179.99236072385,14464.49236072383
my_run,A2,panel2_common_period,fs_linear,ridge,2,4,2023-10-01,106259.39999999992,109558.25872022062,3298.858720220698
my_run,A2,panel2_common_period,fs_linear,ridge,2,4,2024-01-01,114491.90000000008,108809.64228417526,-5682.257715824817
my_run,A2,panel2_common_period,fs_linear,ridge,2,4,2024-04-01,98590.0,103195.66098145652,4605.660981456531
my_run,A2,panel2_common_period,fs_linear,ridge,2,4,2024-07-01,95843.10000000003,103179.4537504511,7336.35375045106
my_run,A2,panel2_common_period,fs_linear,ridge,4,5,2023-04-01,95012.50000000006,103512.77526990537,8500.275269905309
my_run,A2,panel2_common_period,fs_linear,ridge,4,5,2023-07-01,92715.5,103739.201612689,11023.70161268898
my_run,A2,panel2_common_period,fs_linear,ridge,4,5,2023-10-01,106259.39999999992,109128.60968564553,2869.20968564559
my_run,A2,panel2_common_period,fs_linear,ridge,4,5,2024-01-01,114491.90000000008,108019.5408107222,-6472.359189277893
my_run,A2,panel2_common_period,fs_linear,ridge,4,6,2024-04-01,98590.0,103746.15973515205,5156.159735152032
my_run,A2,panel2_common_period,fs_linear,ridge,4,6,2024-07-01,95843.10000000003,104070.43316632137,8227.333166321318
my_run,A2,panel2_common_period,fs_linear,ridge,4,6,2024-10-01,111622.30000000002,108335.5009556243,-3286.7990443757158
my_run,A2,panel2_common_period,fs_linear,ridge,4,6,2025-01-01,115136.6999999999,108358.1708606515,-6778.529139348393
my_run,A2,panel2_common_period,fs_linear,random_forest,1,0,2022-07-01,100142.10000000003,106645.07405100904,6502.97405100902
my_run,A2,panel2_common_period,fs_linear,random_forest,1,0,2022-10-01,109987.89999999998,120155.70504185642,10167.805041856438
my_run,A2,panel2_common_period,fs_linear,random_forest,1,0,2023-01-01,109706.89999999992,119834.03869378204,10127.138693782124
my_run,A2,panel2_common_period,fs_linear,random_forest,1,0,2023-04-01,95012.50000000006,104089.48274382624,9076.982743826173
my_run,A2,panel2_common_period,fs_linear,random_forest,1,1,2023-07-01,92715.5,98156.83993452972,5441.339934529693
my_run,A2,panel2_common_period,fs_linear,random_forest,1,1,2023-10-01,106259.39999999992,118277.42263734908,12018.02263734916
my_run,A2,panel2_common_period,fs_linear,random_forest,1,1,2024-01-01,114491.90000000008,117072.99075392012,2581.0907539200416
my_run,A2,panel2_common_period,fs_linear,random_forest,1,1,2024-04-01,98590.0,104253.14058034727,5663.1405803472735
my_run,A2,panel2_common_period,fs_linear,random_forest,1,2,2024-07-01,95843.10000000003,114948.18097579129,19105.08097579124
my_run,A2,panel2_common_period,fs_linear,random_forest,1,2,2024-10-01,111622.30000000002,121114.55306714652,9492.253067146508
my_run,A2,panel2_common_period,fs_linear,random_forest,1,2,2025-01-01,115136.6999999999,119350.89499644726,4214.194996447361
my_run,A2,panel2_common_period,fs_linear,random_forest,2,3,2022-10-01,109987.89999999998,113818.20805514089,3830.308055140893
my_run,A2,panel2_common_period,fs_linear,random_forest,2,3,2023-01-01,109706.89999999992,113355.42688004996,3648.5268800500335
my_run,A2,panel2_common_period,fs_linear,random_forest,2,3,2023-04-01,95012.50000000006,95039.88138236477,27.3813823646924
my_run,A2,panel2_common_period,fs_linear,random_forest,2,3,2023-07-01,92715.5,100995.81360449416,8280.313604494135
my_run,A2,panel2_common_period,fs_linear,random_forest,2,4,2023-10-01,106259.39999999992,98423.2841266895,-7836.115873310424
my_run,A2,panel2_common_period,fs_linear,random_forest,2,4,2024-01-01,114491.90000000008,97931.84256527336,-16560.057434726725
my_run,A2,panel2_common_period,fs_linear,random_forest,2,4,2024-04-01,98590.0,95483.1838290532,-3106.816170946797
my_run,A2,panel2_common_period,fs_linear,random_forest,2,4,2024-07-01,95843.10000000003,98779.853649432,2936.7536494319797
my_run,A2,panel2_common_period,fs_linear,random_forest,4,5,2023-04-01,95012.50000000006,100239.98921323636,5227.489213236317
my_run,A2,panel2_common_period,fs_linear,random_forest,4,5,2023-07-01,92715.5,100331.53400700654,7616.034007006529
my_run,A2,panel2_common_period,fs_linear,random_forest,4,5,2023-10-01,106259.39999999992,109884.6193659956,3625.219365995668
my_run,A2,panel2_common_period,fs_linear,random_forest,4,5,2024-01-01,114491.90000000008,110575.04896461376,-3916.851035386324
my_run,A2,panel2_common_period,fs_linear,random_forest,4,6,2024-04-01,98590.0,103209.24538579858,4619.245385798582
my_run,A2,panel2_common_period,fs_linear,random_forest,4,6,2024-07-01,95843.10000000003,103095.24873994062,7252.148739940589
my_run,A2,panel2_common_period,fs_linear,random_forest,4,6,2024-10-01,111622.30000000002,104166.92441217748,-7455.375587822535
my_run,A2,panel2_common_period,fs_linear,random_forest,4,6,2025-01-01,115136.6999999999,105288.83177015772,-9847.868229842165
my_run,A2,panel2_common_period,fs_linear,lightgbm,1,0,2022-07-01,100142.10000000003,106165.46741437884,6023.3674143788085
my_run,A2,panel2_common_period,fs_linear,lightgbm,1,0,2022-10-01,109987.89999999998,116623.83841342032,6635.938413420343
my_run,A2,panel2_common_period,fs_linear,lightgbm,1,0,2023-01-01,109706.89999999992,120624.2294042036,10917.329404203672
my_run,A2,panel2_common_period,fs_linear,lightgbm,1,0,2023-04-01,95012.50000000006,103779.66853105884,8767.168531058778
my_run,A2,panel2_common_period,fs_linear,lightgbm,1,1,2023-07-01,92715.5,91588.34913502463,-1127.1508649753669
my_run,A2,panel2_common_period,fs_linear,lightgbm,1,1,2023-10-01,106259.39999999992,110530.43281707977,4271.032817079831
my_run,A2,panel2_common_period,fs_linear,lightgbm,1,1,2024-01-01,114491.90000000008,121612.6138796089,7120.713879608826
my_run,A2,panel2_common_period,fs_linear,lightgbm,1,1,2024-04-01,98590.0,111441.43968344468,12851.439683444682
my_run,A2,panel2_common_period,fs_linear,lightgbm,1,2,2024-07-01,95843.10000000003,120825.1666126642,24982.06661266416
my_run,A2,panel2_common_period,fs_linear,lightgbm,1,2,2024-10-01,111622.30000000002,126976.8530385207,15354.55303852068
my_run,A2,panel2_common_period,fs_linear,lightgbm,1,2,2025-01-01,115136.6999999999,120325.05124603365,5188.351246033737
my_run,A2,panel2_common_period,fs_linear,lightgbm,2,3,2022-10-01,109987.89999999998,115551.89642972992,5563.996429729945
my_run,A2,panel2_common_period,fs_linear,lightgbm,2,3,2023-01-01,109706.89999999992,117047.6373253326,7340.737325332666
my_run,A2,panel2_common_period,fs_linear,lightgbm,2,3,2023-04-01,95012.50000000006,96828.00052097,1815.5005209699304
my_run,A2,panel2_common_period,fs_linear,lightgbm,2,3,2023-07-01,92715.5,108444.58135470172,15729.081354701715
my_run,A2,panel2_common_period,fs_linear,lightgbm,2,4,2023-10-01,106259.39999999992,98097.99140953178,-8161.408590468141
my_run,A2,panel2_common_period,fs_linear,lightgbm,2,4,2024-01-01,114491.90000000008,94294.40453008836,-20197.49546991172
my_run,A2,panel2_common_period,fs_linear,lightgbm,2,4,2024-04-01,98590.0,93699.02469284771,-4890.975307152272
my_run,A2,panel2_common_period,fs_linear,lightgbm,2,4,2024-07-01,95843.10000000003,104401.62936768278,8558.529367682742
my_run,A2,panel2_common_period,fs_linear,lightgbm,4,5,2023-04-01,95012.50000000006,102606.77517706898,7594.275177068921
my_run,A2,panel2_common_period,fs_linear,lightgbm,4,5,2023-07-01,92715.5,104943.54422731916,12228.044227319144
my_run,A2,panel2_common_period,fs_linear,lightgbm,4,5,2023-10-01,106259.39999999992,133040.65606853546,26781.256068535546
my_run,A2,panel2_common_period,fs_linear,lightgbm,4,5,2024-01-01,114491.90000000008,131170.34098904952,16678.440989049443
my_run,A2,panel2_common_period,fs_linear,lightgbm,4,6,2024-04-01,98590.0,115435.48509182264,16845.485091822644
my_run,A2,panel2_common_period,fs_linear,lightgbm,4,6,2024-07-01,95843.10000000003,112789.98420618636,16946.884206186325
my_run,A2,panel2_common_period,fs_linear,lightgbm,4,6,2024-10-01,111622.30000000002,111284.25323644278,-338.04676355724223
my_run,A2,panel2_common_period,fs_linear,lightgbm,4,6,2025-01-01,115136.6999999999,117818.96796665588,2682.2679666559707
my_run,A2,panel2_common_period,fs_linear,catboost,1,0,2022-07-01,100142.10000000003,100827.96211937007,685.8621193700383
my_run,A2,panel2_common_period,fs_linear,catboost,1,0,2022-10-01,109987.89999999998,118540.81708904316,8552.91708904317
my_run,A2,panel2_common_period,fs_linear,catboost,1,0,2023-01-01,109706.89999999992,116681.5760665992,6974.676066599292
my_run,A2,panel2_common_period,fs_linear,catboost,1,0,2023-04-01,95012.50000000006,102298.89047680826,7286.390476808199
my_run,A2,panel2_common_period,fs_linear,catboost,1,1,2023-07-01,92715.5,94151.01940675004,1435.5194067500124
my_run,A2,panel2_common_period,fs_linear,catboost,1,1,2023-10-01,106259.39999999992,118212.0460421578,11952.64604215788
my_run,A2,panel2_common_period,fs_linear,catboost,1,1,2024-01-01,114491.90000000008,116468.39236945153,1976.492369451429
my_run,A2,panel2_common_period,fs_linear,catboost,1,1,2024-04-01,98590.0,105096.51833197796,6506.518331977946
my_run,A2,panel2_common_period,fs_linear,catboost,1,2,2024-07-01,95843.10000000003,116149.285613648,20306.185613647976
my_run,A2,panel2_common_period,fs_linear,catboost,1,2,2024-10-01,111622.30000000002,122210.9296289735,10588.62962897349
my_run,A2,panel2_common_period,fs_linear,catboost,1,2,2025-01-01,115136.6999999999,122429.795898128,7293.0958981281
my_run,A2,panel2_common_period,fs_linear,catboost,2,3,2022-10-01,109987.89999999998,114522.8275149245,4534.927514924522
my_run,A2,panel2_common_period,fs_linear,catboost,2,3,2023-01-01,109706.89999999992,111556.28479730284,1849.3847973029333
my_run,A2,panel2_common_period,fs_linear,catboost,2,3,2023-04-01,95012.50000000006,93300.1641625545,-1712.3358374455563
my_run,A2,panel2_common_period,fs_linear,catboost,2,3,2023-07-01,92715.5,98213.56913016312,5498.069130163101
my_run,A2,panel2_common_period,fs_linear,catboost,2,4,2023-10-01,106259.39999999992,102769.26376032075,-3490.1362396791665
my_run,A2,panel2_common_period,fs_linear,catboost,2,4,2024-01-01,114491.90000000008,102153.86441993895,-12338.035580061114
my_run,A2,panel2_common_period,fs_linear,catboost,2,4,2024-04-01,98590.0,96348.92998955263,-2241.0700104473653
my_run,A2,panel2_common_period,fs_linear,catboost,2,4,2024-07-01,95843.10000000003,101331.84577306984,5488.745773069808
my_run,A2,panel2_common_period,fs_linear,catboost,4,5,2023-04-01,95012.50000000006,99715.38372639164,4702.883726391592
my_run,A2,panel2_common_period,fs_linear,catboost,4,5,2023-07-01,92715.5,100196.44844008546,7480.948440085442
my_run,A2,panel2_common_period,fs_linear,catboost,4,5,2023-10-01,106259.39999999992,110178.4234874923,3919.023487492377
my_run,A2,panel2_common_period,fs_linear,catboost,4,5,2024-01-01,114491.90000000008,110314.28335477322,-4177.616645226866
my_run,A2,panel2_common_period,fs_linear,catboost,4,6,2024-04-01,98590.0,100012.02391360972,1422.023913609708
my_run,A2,panel2_common_period,fs_linear,catboost,4,6,2024-07-01,95843.10000000003,103686.74091335863,7843.640913358613
my_run,A2,panel2_common_period,fs_linear,catboost,4,6,2024-10-01,111622.30000000002,104385.1915787054,-7237.10842129463
my_run,A2,panel2_common_period,fs_linear,catboost,4,6,2025-01-01,115136.6999999999,106239.9829502381,-8896.717049761792
my_run,A2,panel2_common_period,fs_linear,lstm,1,0,2022-07-01,100142.10000000003,103806.0546875,3663.954687499965
my_run,A2,panel2_common_period,fs_linear,lstm,1,0,2022-10-01,109987.89999999998,119968.265625,9980.36562500002
my_run,A2,panel2_common_period,fs_linear,lstm,1,0,2023-01-01,109706.89999999992,120210.828125,10503.92812500008
my_run,A2,panel2_common_period,fs_linear,lstm,1,0,2023-04-01,95012.50000000006,97029.7421875,2017.2421874999416
my_run,A2,panel2_common_period,fs_linear,lstm,1,1,2023-07-01,92715.5,102434.96875,9719.468749999984
my_run,A2,panel2_common_period,fs_linear,lstm,1,1,2023-10-01,106259.39999999992,115021.2421875,8761.842187500079
my_run,A2,panel2_common_period,fs_linear,lstm,1,1,2024-01-01,114491.90000000008,113248.265625,-1243.6343750000815
my_run,A2,panel2_common_period,fs_linear,lstm,1,1,2024-04-01,98590.0,96274.921875,-2315.078125
my_run,A2,panel2_common_period,fs_linear,lstm,1,2,2024-07-01,95843.10000000003,93932.7578125,-1910.342187500035
my_run,A2,panel2_common_period,fs_linear,lstm,1,2,2024-10-01,111622.30000000002,105131.8046875,-6490.4953125000175
my_run,A2,panel2_common_period,fs_linear,lstm,1,2,2025-01-01,115136.6999999999,108296.84375,-6839.856249999895
my_run,A2,panel2_common_period,fs_linear,lstm,2,3,2022-10-01,109987.89999999998,109285.484375,-702.4156249999796
my_run,A2,panel2_common_period,fs_linear,lstm,2,3,2023-01-01,109706.89999999992,112697.921875,2991.0218750000786
my_run,A2,panel2_common_period,fs_linear,lstm,2,3,2023-04-01,95012.50000000006,96987.546875,1975.0468749999416
my_run,A2,panel2_common_period,fs_linear,lstm,2,3,2023-07-01,92715.5,92954.734375,239.23437499998545
my_run,A2,panel2_common_period,fs_linear,lstm,2,4,2023-10-01,106259.39999999992,110753.96875,4494.568750000079
my_run,A2,panel2_common_period,fs_linear,lstm,2,4,2024-01-01,114491.90000000008,116734.6640625,2242.7640624999185
my_run,A2,panel2_common_period,fs_linear,lstm,2,4,2024-04-01,98590.0,92243.765625,-6346.234375
my_run,A2,panel2_common_period,fs_linear,lstm,2,4,2024-07-01,95843.10000000003,94078.625,-1764.475000000035
my_run,A2,panel2_common_period,fs_linear,lstm,4,5,2023-04-01,95012.50000000006,103655.5,8642.999999999942
my_run,A2,panel2_common_period,fs_linear,lstm,4,5,2023-07-01,92715.5,98964.234375,6248.734374999985
my_run,A2,panel2_common_period,fs_linear,lstm,4,5,2023-10-01,106259.39999999992,107631.8125,1372.4125000000786
my_run,A2,panel2_common_period,fs_linear,lstm,4,5,2024-01-01,114491.90000000008,110711.8359375,-3780.0640625000815
my_run,A2,panel2_common_period,fs_linear,lstm,4,6,2024-04-01,98590.0,96500.3125,-2089.6875
my_run,A2,panel2_common_period,fs_linear,lstm,4,6,2024-07-01,95843.10000000003,94725.9296875,-1117.170312500035
my_run,A2,panel2_common_period,fs_linear,lstm,4,6,2024-10-01,111622.30000000002,106699.640625,-4922.6593750000175
my_run,A2,panel2_common_period,fs_linear,lstm,4,6,2025-01-01,115136.6999999999,109845.453125,-5291.246874999895
my_run,A2,panel2_common_period,fs_wrapper,ridge,1,0,2022-07-01,100142.10000000003,107554.49955388105,7412.399553881012
my_run,A2,panel2_common_period,fs_wrapper,ridge,1,0,2022-10-01,109987.89999999998,113049.16541883422,3061.265418834242
my_run,A2,panel2_common_period,fs_wrapper,ridge,1,0,2023-01-01,109706.89999999992,111914.25665749366,2207.356657493743
my_run,A2,panel2_common_period,fs_wrapper,ridge,1,0,2023-04-01,95012.50000000006,106873.37411526992,11860.874115269864
my_run,A2,panel2_common_period,fs_wrapper,ridge,1,1,2023-07-01,92715.5,105766.50064464669,13051.000644646672
my_run,A2,panel2_common_period,fs_wrapper,ridge,1,1,2023-10-01,106259.39999999992,112141.79953124664,5882.3995312467305
my_run,A2,panel2_common_period,fs_wrapper,ridge,1,1,2024-01-01,114491.90000000008,109646.8862503723,-4845.013749627775
my_run,A2,panel2_common_period,fs_wrapper,ridge,1,1,2024-04-01,98590.0,104059.09169876162,5469.091698761622
my_run,A2,panel2_common_period,fs_wrapper,ridge,1,2,2024-07-01,95843.10000000003,103121.26099840133,7278.160998401276
my_run,A2,panel2_common_period,fs_wrapper,ridge,1,2,2024-10-01,111622.30000000002,110580.271192218,-1042.0288077820296
my_run,A2,panel2_common_period,fs_wrapper,ridge,1,2,2025-01-01,115136.6999999999,108758.09190437394,-6378.608095625954
my_run,A2,panel2_common_period,fs_wrapper,ridge,2,3,2022-10-01,109987.89999999998,111209.62465840562,1221.724658405641
my_run,A2,panel2_common_period,fs_wrapper,ridge,2,3,2023-01-01,109706.89999999992,112135.46361800208,2428.5636180021684
my_run,A2,panel2_common_period,fs_wrapper,ridge,2,3,2023-04-01,95012.50000000006,103619.63684575348,8607.136845753426
my_run,A2,panel2_common_period,fs_wrapper,ridge,2,3,2023-07-01,92715.5,104312.93886460613,11597.438864606112
my_run,A2,panel2_common_period,fs_wrapper,ridge,2,4,2023-10-01,106259.39999999992,107116.31009322753,856.9100932275906
my_run,A2,panel2_common_period,fs_wrapper,ridge,2,4,2024-01-01,114491.90000000008,107921.59191842172,-6570.308081578347
my_run,A2,panel2_common_period,fs_wrapper,ridge,2,4,2024-04-01,98590.0,100482.13214092291,1892.132140922928
my_run,A2,panel2_common_period,fs_wrapper,ridge,2,4,2024-07-01,95843.10000000003,99668.41115148632,3825.311151486283
my_run,A2,panel2_common_period,fs_wrapper,ridge,4,5,2023-04-01,95012.50000000006,103427.08519627096,8414.585196270898
my_run,A2,panel2_common_period,fs_wrapper,ridge,4,5,2023-07-01,92715.5,102118.43914525695,9402.93914525694
my_run,A2,panel2_common_period,fs_wrapper,ridge,4,5,2023-10-01,106259.39999999992,108792.9757645332,2533.575764533278
my_run,A2,panel2_common_period,fs_wrapper,ridge,4,5,2024-01-01,114491.90000000008,108421.85633037532,-6070.043669624763
my_run,A2,panel2_common_period,fs_wrapper,ridge,4,6,2024-04-01,98590.0,103800.93538949249,5210.935389492472
my_run,A2,panel2_common_period,fs_wrapper,ridge,4,6,2024-07-01,95843.10000000003,102067.4503644835,6224.350364483471
my_run,A2,panel2_common_period,fs_wrapper,ridge,4,6,2024-10-01,111622.30000000002,107759.21996662131,-3863.0800333787047
my_run,A2,panel2_common_period,fs_wrapper,ridge,4,6,2025-01-01,115136.6999999999,108784.5833058833,-6352.116694116601
my_run,A2,panel2_common_period,fs_wrapper,random_forest,1,0,2022-07-01,100142.10000000003,107165.10168082984,7023.001680829795
my_run,A2,panel2_common_period,fs_wrapper,random_forest,1,0,2022-10-01,109987.89999999998,117682.0122652918,7694.112265291813
my_run,A2,panel2_common_period,fs_wrapper,random_forest,1,0,2023-01-01,109706.89999999992,119199.76364981529,9492.863649815365
my_run,A2,panel2_common_period,fs_wrapper,random_forest,1,0,2023-04-01,95012.50000000006,108453.54320566569,13441.043205665614
my_run,A2,panel2_common_period,fs_wrapper,random_forest,1,1,2023-07-01,92715.5,100134.96706429488,7419.467064294862
my_run,A2,panel2_common_period,fs_wrapper,random_forest,1,1,2023-10-01,106259.39999999992,113408.04055767789,7148.640557677965
my_run,A2,panel2_common_period,fs_wrapper,random_forest,1,1,2024-01-01,114491.90000000008,113232.59060150108,-1259.309398498997
my_run,A2,panel2_common_period,fs_wrapper,random_forest,1,1,2024-04-01,98590.0,104148.009296702,5558.009296701988
my_run,A2,panel2_common_period,fs_wrapper,random_forest,1,2,2024-07-01,95843.10000000003,110456.23700198007,14613.137001980038
my_run,A2,panel2_common_period,fs_wrapper,random_forest,1,2,2024-10-01,111622.30000000002,111900.061358723,277.76135872297164
my_run,A2,panel2_common_period,fs_wrapper,random_forest,1,2,2025-01-01,115136.6999999999,113036.77491701773,-2099.9250829821685
my_run,A2,panel2_common_period,fs_wrapper,random_forest,2,3,2022-10-01,109987.89999999998,112693.34965929911,2705.449659299149
my_run,A2,panel2_common_period,fs_wrapper,random_forest,2,3,2023-01-01,109706.89999999992,112464.45943903056,2757.559439030636
my_run,A2,panel2_common_period,fs_wrapper,random_forest,2,3,2023-04-01,95012.50000000006,95760.35939746066,747.8593974606047
my_run,A2,panel2_common_period,fs_wrapper,random_forest,2,3,2023-07-01,92715.5,100739.52649206304,8024.026492063029
my_run,A2,panel2_common_period,fs_wrapper,random_forest,2,4,2023-10-01,106259.39999999992,100080.46269789452,-6178.937302105391
my_run,A2,panel2_common_period,fs_wrapper,random_forest,2,4,2024-01-01,114491.90000000008,98293.34134286144,-16198.558657138636
my_run,A2,panel2_common_period,fs_wrapper,random_forest,2,4,2024-04-01,98590.0,96870.90432936698,-1719.095670633018
my_run,A2,panel2_common_period,fs_wrapper,random_forest,2,4,2024-07-01,95843.10000000003,100105.71158418924,4262.611584189217
my_run,A2,panel2_common_period,fs_wrapper,random_forest,4,5,2023-04-01,95012.50000000006,97785.73411380273,2773.234113802653
my_run,A2,panel2_common_period,fs_wrapper,random_forest,4,5,2023-07-01,92715.5,97982.7680555901,5267.268055590088
my_run,A2,panel2_common_period,fs_wrapper,random_forest,4,5,2023-10-01,106259.39999999992,109564.77683034253,3305.376830342589
my_run,A2,panel2_common_period,fs_wrapper,random_forest,4,5,2024-01-01,114491.90000000008,110485.88620660327,-4006.0137933967926
my_run,A2,panel2_common_period,fs_wrapper,random_forest,4,6,2024-04-01,98590.0,101875.30832631368,3285.308326313665
my_run,A2,panel2_common_period,fs_wrapper,random_forest,4,6,2024-07-01,95843.10000000003,103600.04934827948,7756.94934827945
my_run,A2,panel2_common_period,fs_wrapper,random_forest,4,6,2024-10-01,111622.30000000002,107180.68920341648,-4441.61079658354
my_run,A2,panel2_common_period,fs_wrapper,random_forest,4,6,2025-01-01,115136.6999999999,105323.02893625858,-9813.67106374132
my_run,A2,panel2_common_period,fs_wrapper,lightgbm,1,0,2022-07-01,100142.10000000003,102795.02440167508,2652.9244016750454
my_run,A2,panel2_common_period,fs_wrapper,lightgbm,1,0,2022-10-01,109987.89999999998,116984.5982162714,6996.698216271427
my_run,A2,panel2_common_period,fs_wrapper,lightgbm,1,0,2023-01-01,109706.89999999992,115329.43393448267,5622.533934482766
my_run,A2,panel2_common_period,fs_wrapper,lightgbm,1,0,2023-04-01,95012.50000000006,104536.08541328384,9523.58541328377
my_run,A2,panel2_common_period,fs_wrapper,lightgbm,1,1,2023-07-01,92715.5,96501.30342431352,3785.803424313504
my_run,A2,panel2_common_period,fs_wrapper,lightgbm,1,1,2023-10-01,106259.39999999992,111345.41131266084,5086.011312660907
my_run,A2,panel2_common_period,fs_wrapper,lightgbm,1,1,2024-01-01,114491.90000000008,116912.87015691078,2420.9701569106983
my_run,A2,panel2_common_period,fs_wrapper,lightgbm,1,1,2024-04-01,98590.0,109565.50431609552,10975.50431609551
my_run,A2,panel2_common_period,fs_wrapper,lightgbm,1,2,2024-07-01,95843.10000000003,108403.60977960174,12560.509779601707
my_run,A2,panel2_common_period,fs_wrapper,lightgbm,1,2,2024-10-01,111622.30000000002,116673.39946841128,5051.099468411252
my_run,A2,panel2_common_period,fs_wrapper,lightgbm,1,2,2025-01-01,115136.6999999999,114670.169338828,-466.5306611718988
my_run,A2,panel2_common_period,fs_wrapper,lightgbm,2,3,2022-10-01,109987.89999999998,111526.11536128262,1538.2153612826369
my_run,A2,panel2_common_period,fs_wrapper,lightgbm,2,3,2023-01-01,109706.89999999992,111834.62694777377,2127.72694777383
my_run,A2,panel2_common_period,fs_wrapper,lightgbm,2,3,2023-04-01,95012.50000000006,95625.05499103147,612.5549910314148
my_run,A2,panel2_common_period,fs_wrapper,lightgbm,2,3,2023-07-01,92715.5,95066.53313518992,2351.033135189908
my_run,A2,panel2_common_period,fs_wrapper,lightgbm,2,4,2023-10-01,106259.39999999992,97120.9690307572,-9138.430969242734
my_run,A2,panel2_common_period,fs_wrapper,lightgbm,2,4,2024-01-01,114491.90000000008,97059.7402156995,-17432.159784300587
my_run,A2,panel2_common_period,fs_wrapper,lightgbm,2,4,2024-04-01,98590.0,96027.03755715927,-2562.962442840726
my_run,A2,panel2_common_period,fs_wrapper,lightgbm,2,4,2024-07-01,95843.10000000003,103995.31173336568,8152.21173336565
my_run,A2,panel2_common_period,fs_wrapper,lightgbm,4,5,2023-04-01,95012.50000000006,89868.4194692321,-5144.080530767955
my_run,A2,panel2_common_period,fs_wrapper,lightgbm,4,5,2023-07-01,92715.5,95521.1855003665,2805.6855003664823
my_run,A2,panel2_common_period,fs_wrapper,lightgbm,4,5,2023-10-01,106259.39999999992,108867.30675539911,2607.9067553992063
my_run,A2,panel2_common_period,fs_wrapper,lightgbm,4,5,2024-01-01,114491.90000000008,112951.23689966068,-1540.6631003393995
my_run,A2,panel2_common_period,fs_wrapper,lightgbm,4,6,2024-04-01,98590.0,111469.9016707574,12879.901670757405
my_run,A2,panel2_common_period,fs_wrapper,lightgbm,4,6,2024-07-01,95843.10000000003,104685.02965157578,8841.929651575745
my_run,A2,panel2_common_period,fs_wrapper,lightgbm,4,6,2024-10-01,111622.30000000002,122893.35610307334,11271.056103073322
my_run,A2,panel2_common_period,fs_wrapper,lightgbm,4,6,2025-01-01,115136.6999999999,124336.66827409103,9199.968274091138
my_run,A2,panel2_common_period,fs_wrapper,catboost,1,0,2022-07-01,100142.10000000003,101614.19238356818,1472.092383568146
my_run,A2,panel2_common_period,fs_wrapper,catboost,1,0,2022-10-01,109987.89999999998,119484.89898275692,9496.998982756952
my_run,A2,panel2_common_period,fs_wrapper,catboost,1,0,2023-01-01,109706.89999999992,117215.77800850892,7508.878008508997
my_run,A2,panel2_common_period,fs_wrapper,catboost,1,0,2023-04-01,95012.50000000006,105819.20179554724,10806.701795547197
my_run,A2,panel2_common_period,fs_wrapper,catboost,1,1,2023-07-01,92715.5,97253.14039023269,4537.640390232671
my_run,A2,panel2_common_period,fs_wrapper,catboost,1,1,2023-10-01,106259.39999999992,114515.86022378644,8256.460223786504
my_run,A2,panel2_common_period,fs_wrapper,catboost,1,1,2024-01-01,114491.90000000008,113821.286702448,-670.6132975520741
my_run,A2,panel2_common_period,fs_wrapper,catboost,1,1,2024-04-01,98590.0,102183.95129199405,3593.951291994032
my_run,A2,panel2_common_period,fs_wrapper,catboost,1,2,2024-07-01,95843.10000000003,109990.7728166659,14147.672816665872
my_run,A2,panel2_common_period,fs_wrapper,catboost,1,2,2024-10-01,111622.30000000002,116007.76045481212,4385.460454812113
my_run,A2,panel2_common_period,fs_wrapper,catboost,1,2,2025-01-01,115136.6999999999,113493.03739731429,-1643.6626026856247
my_run,A2,panel2_common_period,fs_wrapper,catboost,2,3,2022-10-01,109987.89999999998,114034.07943028925,4046.179430289252
my_run,A2,panel2_common_period,fs_wrapper,catboost,2,3,2023-01-01,109706.89999999992,110066.19631577106,359.2963157711347
my_run,A2,panel2_common_period,fs_wrapper,catboost,2,3,2023-04-01,95012.50000000006,92017.07257872606,-2995.4274212739983
my_run,A2,panel2_common_period,fs_wrapper,catboost,2,3,2023-07-01,92715.5,99614.04841228158,6898.548412281569
my_run,A2,panel2_common_period,fs_wrapper,catboost,2,4,2023-10-01,106259.39999999992,101549.12367348176,-4710.276326518171
my_run,A2,panel2_common_period,fs_wrapper,catboost,2,4,2024-01-01,114491.90000000008,105653.00443084902,-8838.895569151064
my_run,A2,panel2_common_period,fs_wrapper,catboost,2,4,2024-04-01,98590.0,100106.50725960013,1516.5072596001264
my_run,A2,panel2_common_period,fs_wrapper,catboost,2,4,2024-07-01,95843.10000000003,102340.87685124412,6497.776851244096
my_run,A2,panel2_common_period,fs_wrapper,catboost,4,5,2023-04-01,95012.50000000006,98129.24967868847,3116.749678688415
my_run,A2,panel2_common_period,fs_wrapper,catboost,4,5,2023-07-01,92715.5,98895.73608217124,6180.236082171236
my_run,A2,panel2_common_period,fs_wrapper,catboost,4,5,2023-10-01,106259.39999999992,110014.24863259662,3754.848632596695
my_run,A2,panel2_common_period,fs_wrapper,catboost,4,5,2024-01-01,114491.90000000008,108129.58093146572,-6362.319068534358
my_run,A2,panel2_common_period,fs_wrapper,catboost,4,6,2024-04-01,98590.0,97669.26982723996,-920.730172760028
my_run,A2,panel2_common_period,fs_wrapper,catboost,4,6,2024-07-01,95843.10000000003,98167.64119177192,2324.5411917718884
my_run,A2,panel2_common_period,fs_wrapper,catboost,4,6,2024-10-01,111622.30000000002,105003.8420996654,-6618.457900334615
my_run,A2,panel2_common_period,fs_wrapper,catboost,4,6,2025-01-01,115136.6999999999,106382.47391100223,-8754.226088997646
my_run,A2,panel2_common_period,fs_wrapper,lstm,1,0,2022-07-01,100142.10000000003,106759.2890625,6617.189062499965
my_run,A2,panel2_common_period,fs_wrapper,lstm,1,0,2022-10-01,109987.89999999998,107296.578125,-2691.32187499998
my_run,A2,panel2_common_period,fs_wrapper,lstm,1,0,2023-01-01,109706.89999999992,107333.6328125,-2373.2671874999214
my_run,A2,panel2_common_period,fs_wrapper,lstm,1,0,2023-04-01,95012.50000000006,106915.1796875,11902.679687499942
my_run,A2,panel2_common_period,fs_wrapper,lstm,1,1,2023-07-01,92715.5,105808.5234375,13093.023437499984
my_run,A2,panel2_common_period,fs_wrapper,lstm,1,1,2023-10-01,106259.39999999992,106342.5703125,83.17031250007858
my_run,A2,panel2_common_period,fs_wrapper,lstm,1,1,2024-01-01,114491.90000000008,106390.4375,-8101.4625000000815
my_run,A2,panel2_common_period,fs_wrapper,lstm,1,1,2024-04-01,98590.0,105940.40625,7350.40625
my_run,A2,panel2_common_period,fs_wrapper,lstm,1,2,2024-07-01,95843.10000000003,105140.6328125,9297.532812499963
my_run,A2,panel2_common_period,fs_wrapper,lstm,1,2,2024-10-01,111622.30000000002,105760.8203125,-5861.4796875000175
my_run,A2,panel2_common_period,fs_wrapper,lstm,1,2,2025-01-01,115136.6999999999,105743.3671875,-9393.332812499895
my_run,A2,panel2_common_period,fs_wrapper,lstm,2,3,2022-10-01,109987.89999999998,107244.921875,-2742.97812499998
my_run,A2,panel2_common_period,fs_wrapper,lstm,2,3,2023-01-01,109706.89999999992,107345.09375,-2361.8062499999214
my_run,A2,panel2_common_period,fs_wrapper,lstm,2,3,2023-04-01,95012.50000000006,106942.40625,11929.906249999942
my_run,A2,panel2_common_period,fs_wrapper,lstm,2,3,2023-07-01,92715.5,106813.4609375,14097.960937499984
my_run,A2,panel2_common_period,fs_wrapper,lstm,2,4,2023-10-01,106259.39999999992,106067.9765625,-191.42343749992145
my_run,A2,panel2_common_period,fs_wrapper,lstm,2,4,2024-01-01,114491.90000000008,106189.125,-8302.775000000081
my_run,A2,panel2_common_period,fs_wrapper,lstm,2,4,2024-04-01,98590.0,105860.3203125,7270.3203125
my_run,A2,panel2_common_period,fs_wrapper,lstm,2,4,2024-07-01,95843.10000000003,105823.5625,9980.462499999963
my_run,A2,panel2_common_period,fs_wrapper,lstm,4,5,2023-04-01,95012.50000000006,105538.046875,10525.546874999942
my_run,A2,panel2_common_period,fs_wrapper,lstm,4,5,2023-07-01,92715.5,105603.59375,12888.093749999984
my_run,A2,panel2_common_period,fs_wrapper,lstm,4,5,2023-10-01,106259.39999999992,105639.34375,-620.0562499999214
my_run,A2,panel2_common_period,fs_wrapper,lstm,4,5,2024-01-01,114491.90000000008,105588.6796875,-8903.220312500081
my_run,A2,panel2_common_period,fs_wrapper,lstm,4,6,2024-04-01,98590.0,103159.0546875,4569.0546875
my_run,A2,panel2_common_period,fs_wrapper,lstm,4,6,2024-07-01,95843.10000000003,103177.75,7334.649999999965
my_run,A2,panel2_common_period,fs_wrapper,lstm,4,6,2024-10-01,111622.30000000002,103625.140625,-7997.1593750000175
my_run,A2,panel2_common_period,fs_wrapper,lstm,4,6,2025-01-01,115136.6999999999,103603.5078125,-11533.192187499895
my_run,A2,panel2_common_period,fs_xgboost_shap,ridge,1,0,2022-07-01,100142.10000000003,108106.44385202097,7964.343852020916
my_run,A2,panel2_common_period,fs_xgboost_shap,ridge,1,0,2022-10-01,109987.89999999998,109671.83264998854,-316.06735001143534
my_run,A2,panel2_common_period,fs_xgboost_shap,ridge,1,0,2023-01-01,109706.89999999992,107909.27664734374,-1797.6233526561846
my_run,A2,panel2_common_period,fs_xgboost_shap,ridge,1,0,2023-04-01,95012.50000000006,105519.4797428992,10506.979742899144
my_run,A2,panel2_common_period,fs_xgboost_shap,ridge,1,1,2023-07-01,92715.5,105937.90423343991,13222.404233439898
my_run,A2,panel2_common_period,fs_xgboost_shap,ridge,1,1,2023-10-01,106259.39999999992,107940.86011066457,1681.4601106646296
my_run,A2,panel2_common_period,fs_xgboost_shap,ridge,1,1,2024-01-01,114491.90000000008,105897.50573545626,-8594.394264543822
my_run,A2,panel2_common_period,fs_xgboost_shap,ridge,1,1,2024-04-01,98590.0,103938.63143313656,5348.631433136572
my_run,A2,panel2_common_period,fs_xgboost_shap,ridge,1,2,2024-07-01,95843.10000000003,104864.29915386012,9021.1991538601
my_run,A2,panel2_common_period,fs_xgboost_shap,ridge,1,2,2024-10-01,111622.30000000002,107427.72788362208,-4194.572116377938
my_run,A2,panel2_common_period,fs_xgboost_shap,ridge,1,2,2025-01-01,115136.6999999999,105574.45363214905,-9562.24636785085
my_run,A2,panel2_common_period,fs_xgboost_shap,ridge,2,3,2022-10-01,109987.89999999998,108211.27560493944,-1776.6243950605276
my_run,A2,panel2_common_period,fs_xgboost_shap,ridge,2,3,2023-01-01,109706.89999999992,108717.08089250354,-989.8191074963834
my_run,A2,panel2_common_period,fs_xgboost_shap,ridge,2,3,2023-04-01,95012.50000000006,104872.88072796076,9860.380727960714
my_run,A2,panel2_common_period,fs_xgboost_shap,ridge,2,3,2023-07-01,92715.5,103517.1255624582,10801.625562458195
my_run,A2,panel2_common_period,fs_xgboost_shap,ridge,2,4,2023-10-01,106259.39999999992,105266.17432270064,-993.225677299284
my_run,A2,panel2_common_period,fs_xgboost_shap,ridge,2,4,2024-01-01,114491.90000000008,106345.6688931507,-8146.231106849387
my_run,A2,panel2_common_period,fs_xgboost_shap,ridge,2,4,2024-04-01,98590.0,102791.16359333288,4201.163593332865
my_run,A2,panel2_common_period,fs_xgboost_shap,ridge,2,4,2024-07-01,95843.10000000003,101275.120454229,5432.0204542289575
my_run,A2,panel2_common_period,fs_xgboost_shap,ridge,4,5,2023-04-01,95012.50000000006,104944.36617582648,9931.86617582642
my_run,A2,panel2_common_period,fs_xgboost_shap,ridge,4,5,2023-07-01,92715.5,104030.42546426618,11314.925464266167
my_run,A2,panel2_common_period,fs_xgboost_shap,ridge,4,5,2023-10-01,106259.39999999992,106732.92300908748,473.52300908757024
my_run,A2,panel2_common_period,fs_xgboost_shap,ridge,4,5,2024-01-01,114491.90000000008,107281.48229476156,-7210.417705238535
my_run,A2,panel2_common_period,fs_xgboost_shap,ridge,4,6,2024-04-01,98590.0,104198.10991144992,5608.109911449923
my_run,A2,panel2_common_period,fs_xgboost_shap,ridge,4,6,2024-07-01,95843.10000000003,102806.15406849848,6963.054068498444
my_run,A2,panel2_common_period,fs_xgboost_shap,ridge,4,6,2024-10-01,111622.30000000002,105480.84754908452,-6141.452450915487
my_run,A2,panel2_common_period,fs_xgboost_shap,ridge,4,6,2025-01-01,115136.6999999999,106565.16545486116,-8571.53454513874
my_run,A2,panel2_common_period,fs_xgboost_shap,random_forest,1,0,2022-07-01,100142.10000000003,105610.74249569044,5468.642495690408
my_run,A2,panel2_common_period,fs_xgboost_shap,random_forest,1,0,2022-10-01,109987.89999999998,117259.1011306269,7271.201130626927
my_run,A2,panel2_common_period,fs_xgboost_shap,random_forest,1,0,2023-01-01,109706.89999999992,114807.7277954225,5100.827795422578
my_run,A2,panel2_common_period,fs_xgboost_shap,random_forest,1,0,2023-04-01,95012.50000000006,100813.00411304136,5800.504113041301
my_run,A2,panel2_common_period,fs_xgboost_shap,random_forest,1,1,2023-07-01,92715.5,99007.59185755724,6292.091857557214
my_run,A2,panel2_common_period,fs_xgboost_shap,random_forest,1,1,2023-10-01,106259.39999999992,112499.33908277526,6239.939082775338
my_run,A2,panel2_common_period,fs_xgboost_shap,random_forest,1,1,2024-01-01,114491.90000000008,112118.67879425644,-2373.2212057436554
my_run,A2,panel2_common_period,fs_xgboost_shap,random_forest,1,1,2024-04-01,98590.0,97807.9590995896,-782.0409004104004
my_run,A2,panel2_common_period,fs_xgboost_shap,random_forest,1,2,2024-07-01,95843.10000000003,106918.71569702368,11075.615697023632
my_run,A2,panel2_common_period,fs_xgboost_shap,random_forest,1,2,2024-10-01,111622.30000000002,111613.31177369358,-8.988226306435536
my_run,A2,panel2_common_period,fs_xgboost_shap,random_forest,1,2,2025-01-01,115136.6999999999,111664.55711296722,-3472.142887032678
my_run,A2,panel2_common_period,fs_xgboost_shap,random_forest,2,3,2022-10-01,109987.89999999998,114054.86007358808,4066.9600735881104
my_run,A2,panel2_common_period,fs_xgboost_shap,random_forest,2,3,2023-01-01,109706.89999999992,114189.01748033689,4482.117480336965
my_run,A2,panel2_common_period,fs_xgboost_shap,random_forest,2,3,2023-04-01,95012.50000000006,98571.18671164248,3558.686711642425
my_run,A2,panel2_common_period,fs_xgboost_shap,random_forest,2,3,2023-07-01,92715.5,98638.64792770895,5923.147927708953
my_run,A2,panel2_common_period,fs_xgboost_shap,random_forest,2,4,2023-10-01,106259.39999999992,95887.19907272792,-10372.200927272002
my_run,A2,panel2_common_period,fs_xgboost_shap,random_forest,2,4,2024-01-01,114491.90000000008,99991.97831068755,-14499.921689312512
my_run,A2,panel2_common_period,fs_xgboost_shap,random_forest,2,4,2024-04-01,98590.0,100053.15889813854,1463.158898138543
my_run,A2,panel2_common_period,fs_xgboost_shap,random_forest,2,4,2024-07-01,95843.10000000003,100193.14419116457,4350.0441911645175
my_run,A2,panel2_common_period,fs_xgboost_shap,random_forest,4,5,2023-04-01,95012.50000000006,96992.59651911612,1980.0965191160649
my_run,A2,panel2_common_period,fs_xgboost_shap,random_forest,4,5,2023-07-01,92715.5,97722.37479905912,5006.874799059107
my_run,A2,panel2_common_period,fs_xgboost_shap,random_forest,4,5,2023-10-01,106259.39999999992,109738.23655641353,3478.836556413604
my_run,A2,panel2_common_period,fs_xgboost_shap,random_forest,4,5,2024-01-01,114491.90000000008,109495.98992135696,-4995.910078643108
my_run,A2,panel2_common_period,fs_xgboost_shap,random_forest,4,6,2024-04-01,98590.0,100906.88337592912,2316.88337592913
my_run,A2,panel2_common_period,fs_xgboost_shap,random_forest,4,6,2024-07-01,95843.10000000003,102049.15051397048,6206.050513970433
my_run,A2,panel2_common_period,fs_xgboost_shap,random_forest,4,6,2024-10-01,111622.30000000002,105848.83121784109,-5773.468782158932
my_run,A2,panel2_common_period,fs_xgboost_shap,random_forest,4,6,2025-01-01,115136.6999999999,103768.80525329294,-11367.894746706952
my_run,A2,panel2_common_period,fs_xgboost_shap,lightgbm,1,0,2022-07-01,100142.10000000003,112367.260666592,12225.160666591968
my_run,A2,panel2_common_period,fs_xgboost_shap,lightgbm,1,0,2022-10-01,109987.89999999998,119097.67536418544,9109.775364185463
my_run,A2,panel2_common_period,fs_xgboost_shap,lightgbm,1,0,2023-01-01,109706.89999999992,125381.68495854514,15674.78495854522
my_run,A2,panel2_common_period,fs_xgboost_shap,lightgbm,1,0,2023-04-01,95012.50000000006,103397.51983860265,8385.019838602573
my_run,A2,panel2_common_period,fs_xgboost_shap,lightgbm,1,1,2023-07-01,92715.5,96436.77992365624,3721.279923656228
my_run,A2,panel2_common_period,fs_xgboost_shap,lightgbm,1,1,2023-10-01,106259.39999999992,104246.55704208218,-2012.8429579177464
my_run,A2,panel2_common_period,fs_xgboost_shap,lightgbm,1,1,2024-01-01,114491.90000000008,110771.44166221363,-3720.458337786448
my_run,A2,panel2_common_period,fs_xgboost_shap,lightgbm,1,1,2024-04-01,98590.0,94789.93230453196,-3800.0676954680384
my_run,A2,panel2_common_period,fs_xgboost_shap,lightgbm,1,2,2024-07-01,95843.10000000003,105106.9513644546,9263.851364454576
my_run,A2,panel2_common_period,fs_xgboost_shap,lightgbm,1,2,2024-10-01,111622.30000000002,112620.11045480096,997.8104548009431
my_run,A2,panel2_common_period,fs_xgboost_shap,lightgbm,1,2,2025-01-01,115136.6999999999,110144.72509030777,-4991.97490969213
my_run,A2,panel2_common_period,fs_xgboost_shap,lightgbm,2,3,2022-10-01,109987.89999999998,116356.26665829548,6368.36665829549
my_run,A2,panel2_common_period,fs_xgboost_shap,lightgbm,2,3,2023-01-01,109706.89999999992,111569.47620879588,1862.5762087959592
my_run,A2,panel2_common_period,fs_xgboost_shap,lightgbm,2,3,2023-04-01,95012.50000000006,91007.0402816374,-4005.459718362647
my_run,A2,panel2_common_period,fs_xgboost_shap,lightgbm,2,3,2023-07-01,92715.5,96147.2816817217,3431.781681721681
my_run,A2,panel2_common_period,fs_xgboost_shap,lightgbm,2,4,2023-10-01,106259.39999999992,98863.24762713176,-7396.152372868149
my_run,A2,panel2_common_period,fs_xgboost_shap,lightgbm,2,4,2024-01-01,114491.90000000008,103904.71087762468,-10587.189122375406
my_run,A2,panel2_common_period,fs_xgboost_shap,lightgbm,2,4,2024-04-01,98590.0,102024.27153661592,3434.271536615925
my_run,A2,panel2_common_period,fs_xgboost_shap,lightgbm,2,4,2024-07-01,95843.10000000003,103474.08599721373,7630.985997213691
my_run,A2,panel2_common_period,fs_xgboost_shap,lightgbm,4,5,2023-04-01,95012.50000000006,91767.6740503506,-3244.825949649472
my_run,A2,panel2_common_period,fs_xgboost_shap,lightgbm,4,5,2023-07-01,92715.5,91121.2313085668,-1594.2686914332007
my_run,A2,panel2_common_period,fs_xgboost_shap,lightgbm,4,5,2023-10-01,106259.39999999992,117744.36940540968,11484.969405409764
my_run,A2,panel2_common_period,fs_xgboost_shap,lightgbm,4,5,2024-01-01,114491.90000000008,112824.09454868504,-1667.8054513150273
my_run,A2,panel2_common_period,fs_xgboost_shap,lightgbm,4,6,2024-04-01,98590.0,111612.83471206416,13022.834712064156
my_run,A2,panel2_common_period,fs_xgboost_shap,lightgbm,4,6,2024-07-01,95843.10000000003,109915.50934960344,14072.409349603418
my_run,A2,panel2_common_period,fs_xgboost_shap,lightgbm,4,6,2024-10-01,111622.30000000002,124544.95997282042,12922.659972820402
my_run,A2,panel2_common_period,fs_xgboost_shap,lightgbm,4,6,2025-01-01,115136.6999999999,124354.96749093238,9218.267490932483
my_run,A2,panel2_common_period,fs_xgboost_shap,catboost,1,0,2022-07-01,100142.10000000003,101280.80071630016,1138.7007163001254
my_run,A2,panel2_common_period,fs_xgboost_shap,catboost,1,0,2022-10-01,109987.89999999998,117798.60054970883,7810.700549708868
my_run,A2,panel2_common_period,fs_xgboost_shap,catboost,1,0,2023-01-01,109706.89999999992,113051.19409802952,3344.294098029612
my_run,A2,panel2_common_period,fs_xgboost_shap,catboost,1,0,2023-04-01,95012.50000000006,100014.49557575806,5001.995575758003
my_run,A2,panel2_common_period,fs_xgboost_shap,catboost,1,1,2023-07-01,92715.5,97035.16635261152,4319.666352611515
my_run,A2,panel2_common_period,fs_xgboost_shap,catboost,1,1,2023-10-01,106259.39999999992,113180.45240237255,6921.052402372647
my_run,A2,panel2_common_period,fs_xgboost_shap,catboost,1,1,2024-01-01,114491.90000000008,112504.50876678944,-1987.3912332106263
my_run,A2,panel2_common_period,fs_xgboost_shap,catboost,1,1,2024-04-01,98590.0,97451.282079028,-1138.717920971991
my_run,A2,panel2_common_period,fs_xgboost_shap,catboost,1,2,2024-07-01,95843.10000000003,107589.9996260438,11746.899626043756
my_run,A2,panel2_common_period,fs_xgboost_shap,catboost,1,2,2024-10-01,111622.30000000002,110681.38664362782,-940.9133563721988
my_run,A2,panel2_common_period,fs_xgboost_shap,catboost,1,2,2025-01-01,115136.6999999999,110313.44690962556,-4823.253090374346
my_run,A2,panel2_common_period,fs_xgboost_shap,catboost,2,3,2022-10-01,109987.89999999998,113136.10574391884,3148.2057439188648
my_run,A2,panel2_common_period,fs_xgboost_shap,catboost,2,3,2023-01-01,109706.89999999992,112620.84931151388,2913.9493115139485
my_run,A2,panel2_common_period,fs_xgboost_shap,catboost,2,3,2023-04-01,95012.50000000006,99796.17323397858,4783.673233978523
my_run,A2,panel2_common_period,fs_xgboost_shap,catboost,2,3,2023-07-01,92715.5,100211.98423238986,7496.484232389848
my_run,A2,panel2_common_period,fs_xgboost_shap,catboost,2,4,2023-10-01,106259.39999999992,102511.61796040916,-3747.782039590747
my_run,A2,panel2_common_period,fs_xgboost_shap,catboost,2,4,2024-01-01,114491.90000000008,104148.35104101236,-10343.548958987723
my_run,A2,panel2_common_period,fs_xgboost_shap,catboost,2,4,2024-04-01,98590.0,105620.1544685416,7030.1544685415865
my_run,A2,panel2_common_period,fs_xgboost_shap,catboost,2,4,2024-07-01,95843.10000000003,103799.38512774128,7956.285127741241
my_run,A2,panel2_common_period,fs_xgboost_shap,catboost,4,5,2023-04-01,95012.50000000006,97534.53955026664,2522.0395502665924
my_run,A2,panel2_common_period,fs_xgboost_shap,catboost,4,5,2023-07-01,92715.5,99348.75537438168,6633.255374381668
my_run,A2,panel2_common_period,fs_xgboost_shap,catboost,4,5,2023-10-01,106259.39999999992,110029.99158235623,3770.591582356312
my_run,A2,panel2_common_period,fs_xgboost_shap,catboost,4,5,2024-01-01,114491.90000000008,109693.05369701525,-4798.84630298485
my_run,A2,panel2_common_period,fs_xgboost_shap,catboost,4,6,2024-04-01,98590.0,101671.18824858568,3081.188248585692
my_run,A2,panel2_common_period,fs_xgboost_shap,catboost,4,6,2024-07-01,95843.10000000003,100524.68190193042,4681.581901930389
my_run,A2,panel2_common_period,fs_xgboost_shap,catboost,4,6,2024-10-01,111622.30000000002,106664.5360879492,-4957.763912050825
my_run,A2,panel2_common_period,fs_xgboost_shap,catboost,4,6,2025-01-01,115136.6999999999,105329.4021157944,-9807.297884205487
my_run,A2,panel2_common_period,fs_xgboost_shap,lstm,1,0,2022-07-01,100142.10000000003,105835.890625,5693.790624999965
my_run,A2,panel2_common_period,fs_xgboost_shap,lstm,1,0,2022-10-01,109987.89999999998,105821.953125,-4165.94687499998
my_run,A2,panel2_common_period,fs_xgboost_shap,lstm,1,0,2023-01-01,109706.89999999992,105762.8359375,-3944.0640624999214
my_run,A2,panel2_common_period,fs_xgboost_shap,lstm,1,0,2023-04-01,95012.50000000006,105606.609375,10594.109374999942
my_run,A2,panel2_common_period,fs_xgboost_shap,lstm,1,1,2023-07-01,92715.5,104959.296875,12243.796874999984
my_run,A2,panel2_common_period,fs_xgboost_shap,lstm,1,1,2023-10-01,106259.39999999992,104934.875,-1324.5249999999214
my_run,A2,panel2_common_period,fs_xgboost_shap,lstm,1,1,2024-01-01,114491.90000000008,104907.359375,-9584.54062500008
my_run,A2,panel2_common_period,fs_xgboost_shap,lstm,1,1,2024-04-01,98590.0,104812.5625,6222.5625
my_run,A2,panel2_common_period,fs_xgboost_shap,lstm,1,2,2024-07-01,95843.10000000003,103965.5546875,8122.454687499965
my_run,A2,panel2_common_period,fs_xgboost_shap,lstm,1,2,2024-10-01,111622.30000000002,103947.921875,-7674.3781250000175
my_run,A2,panel2_common_period,fs_xgboost_shap,lstm,1,2,2025-01-01,115136.6999999999,103932.4609375,-11204.239062499895
my_run,A2,panel2_common_period,fs_xgboost_shap,lstm,2,3,2022-10-01,109987.89999999998,105172.4140625,-4815.48593749998
my_run,A2,panel2_common_period,fs_xgboost_shap,lstm,2,3,2023-01-01,109706.89999999992,105102.0390625,-4604.860937499921
my_run,A2,panel2_common_period,fs_xgboost_shap,lstm,2,3,2023-04-01,95012.50000000006,105018.1640625,10005.664062499942
my_run,A2,panel2_common_period,fs_xgboost_shap,lstm,2,3,2023-07-01,92715.5,104971.40625,12255.906249999984
my_run,A2,panel2_common_period,fs_xgboost_shap,lstm,2,4,2023-10-01,106259.39999999992,103823.484375,-2435.9156249999214
my_run,A2,panel2_common_period,fs_xgboost_shap,lstm,2,4,2024-01-01,114491.90000000008,103765.8671875,-10726.03281250008
my_run,A2,panel2_common_period,fs_xgboost_shap,lstm,2,4,2024-04-01,98590.0,103701.96875,5111.96875
my_run,A2,panel2_common_period,fs_xgboost_shap,lstm,2,4,2024-07-01,95843.10000000003,103677.7421875,7834.642187499965
my_run,A2,panel2_common_period,fs_xgboost_shap,lstm,4,5,2023-04-01,95012.50000000006,103539.5078125,8527.007812499942
my_run,A2,panel2_common_period,fs_xgboost_shap,lstm,4,5,2023-07-01,92715.5,103491.828125,10776.328124999984
my_run,A2,panel2_common_period,fs_xgboost_shap,lstm,4,5,2023-10-01,106259.39999999992,103440.7109375,-2818.6890624999214
my_run,A2,panel2_common_period,fs_xgboost_shap,lstm,4,5,2024-01-01,114491.90000000008,103398.984375,-11092.91562500008
my_run,A2,panel2_common_period,fs_xgboost_shap,lstm,4,6,2024-04-01,98590.0,102826.0859375,4236.0859375
my_run,A2,panel2_common_period,fs_xgboost_shap,lstm,4,6,2024-07-01,95843.10000000003,102792.3515625,6949.251562499965
my_run,A2,panel2_common_period,fs_xgboost_shap,lstm,4,6,2024-10-01,111622.30000000002,102841.96875,-8780.331250000017
my_run,A2,panel2_common_period,fs_xgboost_shap,lstm,4,6,2025-01-01,115136.6999999999,102806.0859375,-12330.614062499895
my_run,A2,panel2_common_period,fs_permutation_stability,ridge,1,0,2022-07-01,100142.10000000003,110602.40407204452,10460.3040720445
my_run,A2,panel2_common_period,fs_permutation_stability,ridge,1,0,2022-10-01,109987.89999999998,111239.59677608084,1251.6967760808477
my_run,A2,panel2_common_period,fs_permutation_stability,ridge,1,0,2023-01-01,109706.89999999992,113088.25920030646,3381.3592003065423
my_run,A2,panel2_common_period,fs_permutation_stability,ridge,1,0,2023-04-01,95012.50000000006,113088.25920030646,18075.75920030641
my_run,A2,panel2_common_period,fs_permutation_stability,ridge,1,1,2023-07-01,92715.5,110752.6221834413,18037.122183441286
my_run,A2,panel2_common_period,fs_permutation_stability,ridge,1,1,2023-10-01,106259.39999999992,110752.6221834413,4493.22218344138
my_run,A2,panel2_common_period,fs_permutation_stability,ridge,1,1,2024-01-01,114491.90000000008,110752.6221834413,-3739.2778165587806
my_run,A2,panel2_common_period,fs_permutation_stability,ridge,1,1,2024-04-01,98590.0,110752.6221834413,12162.6221834413
my_run,A2,panel2_common_period,fs_permutation_stability,ridge,1,2,2024-07-01,95843.10000000003,108485.99557799316,12642.895577993128
my_run,A2,panel2_common_period,fs_permutation_stability,ridge,1,2,2024-10-01,111622.30000000002,108485.99557799316,-3136.304422006855
my_run,A2,panel2_common_period,fs_permutation_stability,ridge,1,2,2025-01-01,115136.6999999999,108485.99557799316,-6650.704422006733
my_run,A2,panel2_common_period,fs_permutation_stability,ridge,2,3,2022-10-01,109987.89999999998,110260.1044389594,272.20443895940844
my_run,A2,panel2_common_period,fs_permutation_stability,ridge,2,3,2023-01-01,109706.89999999992,111806.82093458358,2099.920934583657
my_run,A2,panel2_common_period,fs_permutation_stability,ridge,2,3,2023-04-01,95012.50000000006,110045.06486680456,15032.564866804503
my_run,A2,panel2_common_period,fs_permutation_stability,ridge,2,3,2023-07-01,92715.5,110045.06486680456,17329.564866804547
my_run,A2,panel2_common_period,fs_permutation_stability,ridge,2,4,2023-10-01,106259.39999999992,106809.25340077357,549.8534007736307
my_run,A2,panel2_common_period,fs_permutation_stability,ridge,2,4,2024-01-01,114491.90000000008,106809.25340077357,-7682.646599226529
my_run,A2,panel2_common_period,fs_permutation_stability,ridge,2,4,2024-04-01,98590.0,106809.25340077357,8219.253400773552
my_run,A2,panel2_common_period,fs_permutation_stability,ridge,2,4,2024-07-01,95843.10000000003,106809.25340077357,10966.153400773515
my_run,A2,panel2_common_period,fs_permutation_stability,ridge,4,5,2023-04-01,95012.50000000006,104149.35318591922,9136.853185919155
my_run,A2,panel2_common_period,fs_permutation_stability,ridge,4,5,2023-07-01,92715.5,102593.78851378436,9878.288513784357
my_run,A2,panel2_common_period,fs_permutation_stability,ridge,4,5,2023-10-01,106259.39999999992,107994.9954420601,1735.5954420601774
my_run,A2,panel2_common_period,fs_permutation_stability,ridge,4,5,2024-01-01,114491.90000000008,107994.9954420601,-6496.904557939983
my_run,A2,panel2_common_period,fs_permutation_stability,ridge,4,6,2024-04-01,98590.0,108115.16299160411,9525.162991604127
my_run,A2,panel2_common_period,fs_permutation_stability,ridge,4,6,2024-07-01,95843.10000000003,108115.16299160411,12272.062991604093
my_run,A2,panel2_common_period,fs_permutation_stability,ridge,4,6,2024-10-01,111622.30000000002,108115.16299160411,-3507.13700839589
my_run,A2,panel2_common_period,fs_permutation_stability,ridge,4,6,2025-01-01,115136.6999999999,108115.16299160411,-7021.537008395768
my_run,A2,panel2_common_period,fs_permutation_stability,random_forest,1,0,2022-07-01,100142.10000000003,108454.7738998359,8312.673899835863
my_run,A2,panel2_common_period,fs_permutation_stability,random_forest,1,0,2022-10-01,109987.89999999998,108454.7738998359,-1533.1261001640814
my_run,A2,panel2_common_period,fs_permutation_stability,random_forest,1,0,2023-01-01,109706.89999999992,108454.7738998359,-1252.1261001640232
my_run,A2,panel2_common_period,fs_permutation_stability,random_forest,1,0,2023-04-01,95012.50000000006,108454.7738998359,13442.27389983584
my_run,A2,panel2_common_period,fs_permutation_stability,random_forest,1,1,2023-07-01,92715.5,107544.87745620067,14829.377456200658
my_run,A2,panel2_common_period,fs_permutation_stability,random_forest,1,1,2023-10-01,106259.39999999992,107544.87745620067,1285.4774562007517
my_run,A2,panel2_common_period,fs_permutation_stability,random_forest,1,1,2024-01-01,114491.90000000008,107544.87745620067,-6947.022543799409
my_run,A2,panel2_common_period,fs_permutation_stability,random_forest,1,1,2024-04-01,98590.0,107544.87745620067,8954.877456200673
my_run,A2,panel2_common_period,fs_permutation_stability,random_forest,1,2,2024-07-01,95843.10000000003,107358.67739709676,11515.577397096711
my_run,A2,panel2_common_period,fs_permutation_stability,random_forest,1,2,2024-10-01,111622.30000000002,107358.67739709676,-4263.62260290327
my_run,A2,panel2_common_period,fs_permutation_stability,random_forest,1,2,2025-01-01,115136.6999999999,107358.67739709676,-7778.022602903147
my_run,A2,panel2_common_period,fs_permutation_stability,random_forest,2,3,2022-10-01,109987.89999999998,108086.91690591592,-1900.9830940840477
my_run,A2,panel2_common_period,fs_permutation_stability,random_forest,2,3,2023-01-01,109706.89999999992,108086.91690591592,-1619.9830940839893
my_run,A2,panel2_common_period,fs_permutation_stability,random_forest,2,3,2023-04-01,95012.50000000006,108086.91690591592,13074.416905915874
my_run,A2,panel2_common_period,fs_permutation_stability,random_forest,2,3,2023-07-01,92715.5,108086.91690591592,15371.416905915918
my_run,A2,panel2_common_period,fs_permutation_stability,random_forest,2,4,2023-10-01,106259.39999999992,106886.7282521751,627.3282521751826
my_run,A2,panel2_common_period,fs_permutation_stability,random_forest,2,4,2024-01-01,114491.90000000008,106886.7282521751,-7605.1717478249775
my_run,A2,panel2_common_period,fs_permutation_stability,random_forest,2,4,2024-04-01,98590.0,106886.7282521751,8296.728252175104
my_run,A2,panel2_common_period,fs_permutation_stability,random_forest,2,4,2024-07-01,95843.10000000003,106886.7282521751,11043.628252175067
my_run,A2,panel2_common_period,fs_permutation_stability,random_forest,4,5,2023-04-01,95012.50000000006,106343.5240705256,11331.024070525542
my_run,A2,panel2_common_period,fs_permutation_stability,random_forest,4,5,2023-07-01,92715.5,106343.5240705256,13628.024070525586
my_run,A2,panel2_common_period,fs_permutation_stability,random_forest,4,5,2023-10-01,106259.39999999992,106343.5240705256,84.12407052567869
my_run,A2,panel2_common_period,fs_permutation_stability,random_forest,4,5,2024-01-01,114491.90000000008,106343.5240705256,-8148.375929474481
my_run,A2,panel2_common_period,fs_permutation_stability,random_forest,4,6,2024-04-01,98590.0,105240.70109031552,6650.701090315532
my_run,A2,panel2_common_period,fs_permutation_stability,random_forest,4,6,2024-07-01,95843.10000000003,105240.70109031552,9397.601090315497
my_run,A2,panel2_common_period,fs_permutation_stability,random_forest,4,6,2024-10-01,111622.30000000002,105240.70109031552,-6381.598909684486
my_run,A2,panel2_common_period,fs_permutation_stability,random_forest,4,6,2025-01-01,115136.6999999999,105240.70109031552,-9895.998909684364
my_run,A2,panel2_common_period,fs_permutation_stability,lightgbm,1,0,2022-07-01,100142.10000000003,109015.72922282708,8873.629222827047
my_run,A2,panel2_common_period,fs_permutation_stability,lightgbm,1,0,2022-10-01,109987.89999999998,109015.72922282708,-972.170777172898
my_run,A2,panel2_common_period,fs_permutation_stability,lightgbm,1,0,2023-01-01,109706.89999999992,109015.72922282708,-691.1707771728397
my_run,A2,panel2_common_period,fs_permutation_stability,lightgbm,1,0,2023-04-01,95012.50000000006,109015.72922282708,14003.229222827023
my_run,A2,panel2_common_period,fs_permutation_stability,lightgbm,1,1,2023-07-01,92715.5,107892.22303400718,15176.72303400717
my_run,A2,panel2_common_period,fs_permutation_stability,lightgbm,1,1,2023-10-01,106259.39999999992,107892.22303400718,1632.8230340072623
my_run,A2,panel2_common_period,fs_permutation_stability,lightgbm,1,1,2024-01-01,114491.90000000008,107892.22303400718,-6599.676965992898
my_run,A2,panel2_common_period,fs_permutation_stability,lightgbm,1,1,2024-04-01,98590.0,107892.22303400718,9302.223034007184
my_run,A2,panel2_common_period,fs_permutation_stability,lightgbm,1,2,2024-07-01,95843.10000000003,107007.3872602541,11164.28726025406
my_run,A2,panel2_common_period,fs_permutation_stability,lightgbm,1,2,2024-10-01,111622.30000000002,107007.3872602541,-4614.912739745923
my_run,A2,panel2_common_period,fs_permutation_stability,lightgbm,1,2,2025-01-01,115136.6999999999,107007.3872602541,-8129.312739745801
my_run,A2,panel2_common_period,fs_permutation_stability,lightgbm,2,3,2022-10-01,109987.89999999998,108419.51842444691,-1568.3815755530522
my_run,A2,panel2_common_period,fs_permutation_stability,lightgbm,2,3,2023-01-01,109706.89999999992,108419.51842444691,-1287.381575552994
my_run,A2,panel2_common_period,fs_permutation_stability,lightgbm,2,3,2023-04-01,95012.50000000006,108419.51842444691,13407.01842444687
my_run,A2,panel2_common_period,fs_permutation_stability,lightgbm,2,3,2023-07-01,92715.5,108419.51842444691,15704.018424446913
my_run,A2,panel2_common_period,fs_permutation_stability,lightgbm,2,4,2023-10-01,106259.39999999992,107006.85064764744,747.4506476475071
my_run,A2,panel2_common_period,fs_permutation_stability,lightgbm,2,4,2024-01-01,114491.90000000008,107006.85064764744,-7485.049352352653
my_run,A2,panel2_common_period,fs_permutation_stability,lightgbm,2,4,2024-04-01,98590.0,107006.85064764744,8416.850647647429
my_run,A2,panel2_common_period,fs_permutation_stability,lightgbm,2,4,2024-07-01,95843.10000000003,107006.85064764744,11163.750647647394
my_run,A2,panel2_common_period,fs_permutation_stability,lightgbm,4,5,2023-04-01,95012.50000000006,106473.46196083842,11460.961960838364
my_run,A2,panel2_common_period,fs_permutation_stability,lightgbm,4,5,2023-07-01,92715.5,106473.46196083842,13757.96196083841
my_run,A2,panel2_common_period,fs_permutation_stability,lightgbm,4,5,2023-10-01,106259.39999999992,106473.46196083842,214.06196083850227
my_run,A2,panel2_common_period,fs_permutation_stability,lightgbm,4,5,2024-01-01,114491.90000000008,106473.46196083842,-8018.438039161658
my_run,A2,panel2_common_period,fs_permutation_stability,lightgbm,4,6,2024-04-01,98590.0,105510.7866712575,6920.786671257505
my_run,A2,panel2_common_period,fs_permutation_stability,lightgbm,4,6,2024-07-01,95843.10000000003,105510.7866712575,9667.68667125747
my_run,A2,panel2_common_period,fs_permutation_stability,lightgbm,4,6,2024-10-01,111622.30000000002,105510.7866712575,-6111.513328742512
my_run,A2,panel2_common_period,fs_permutation_stability,lightgbm,4,6,2025-01-01,115136.6999999999,105510.7866712575,-9625.91332874239
my_run,A2,panel2_common_period,fs_permutation_stability,catboost,1,0,2022-07-01,100142.10000000003,113873.97772661228,13731.877726612249
my_run,A2,panel2_common_period,fs_permutation_stability,catboost,1,0,2022-10-01,109987.89999999998,113873.97772661228,3886.077726612304
my_run,A2,panel2_common_period,fs_permutation_stability,catboost,1,0,2023-01-01,109706.89999999992,113142.73382622402,3435.8338262241014
my_run,A2,panel2_common_period,fs_permutation_stability,catboost,1,0,2023-04-01,95012.50000000006,113142.73382622402,18130.233826223965
my_run,A2,panel2_common_period,fs_permutation_stability,catboost,1,1,2023-07-01,92715.5,110842.43876539668,18126.93876539667
my_run,A2,panel2_common_period,fs_permutation_stability,catboost,1,1,2023-10-01,106259.39999999992,110842.43876539668,4583.038765396763
my_run,A2,panel2_common_period,fs_permutation_stability,catboost,1,1,2024-01-01,114491.90000000008,110842.43876539668,-3649.461234603397
my_run,A2,panel2_common_period,fs_permutation_stability,catboost,1,1,2024-04-01,98590.0,110842.43876539668,12252.438765396684
my_run,A2,panel2_common_period,fs_permutation_stability,catboost,1,2,2024-07-01,95843.10000000003,108447.07690061229,12603.976900612235
my_run,A2,panel2_common_period,fs_permutation_stability,catboost,1,2,2024-10-01,111622.30000000002,108447.07690061229,-3175.2230993877456
my_run,A2,panel2_common_period,fs_permutation_stability,catboost,1,2,2025-01-01,115136.6999999999,108447.07690061229,-6689.623099387623
my_run,A2,panel2_common_period,fs_permutation_stability,catboost,2,3,2022-10-01,109987.89999999998,110277.55101270764,289.6510127076472
my_run,A2,panel2_common_period,fs_permutation_stability,catboost,2,3,2023-01-01,109706.89999999992,110277.55101270764,570.6510127077054
my_run,A2,panel2_common_period,fs_permutation_stability,catboost,2,3,2023-04-01,95012.50000000006,111006.70779295146,15994.207792951403
my_run,A2,panel2_common_period,fs_permutation_stability,catboost,2,3,2023-07-01,92715.5,111006.70779295146,18291.20779295145
my_run,A2,panel2_common_period,fs_permutation_stability,catboost,2,4,2023-10-01,106259.39999999992,107342.59136957656,1083.191369576627
my_run,A2,panel2_common_period,fs_permutation_stability,catboost,2,4,2024-01-01,114491.90000000008,107342.59136957656,-7149.308630423533
my_run,A2,panel2_common_period,fs_permutation_stability,catboost,2,4,2024-04-01,98590.0,107342.59136957656,8752.591369576548
my_run,A2,panel2_common_period,fs_permutation_stability,catboost,2,4,2024-07-01,95843.10000000003,107342.59136957656,11499.491369576514
my_run,A2,panel2_common_period,fs_permutation_stability,catboost,4,5,2023-04-01,95012.50000000006,105204.86683972857,10192.366839728507
my_run,A2,panel2_common_period,fs_permutation_stability,catboost,4,5,2023-07-01,92715.5,105204.86683972857,12489.366839728553
my_run,A2,panel2_common_period,fs_permutation_stability,catboost,4,5,2023-10-01,106259.39999999992,107563.38182445684,1303.9818244569178
my_run,A2,panel2_common_period,fs_permutation_stability,catboost,4,5,2024-01-01,114491.90000000008,107563.38182445684,-6928.518175543242
my_run,A2,panel2_common_period,fs_permutation_stability,catboost,4,6,2024-04-01,98590.0,108104.85925951936,9514.859259519348
my_run,A2,panel2_common_period,fs_permutation_stability,catboost,4,6,2024-07-01,95843.10000000003,108104.85925951936,12261.759259519313
my_run,A2,panel2_common_period,fs_permutation_stability,catboost,4,6,2024-10-01,111622.30000000002,108104.85925951936,-3517.44074048067
my_run,A2,panel2_common_period,fs_permutation_stability,catboost,4,6,2025-01-01,115136.6999999999,108104.85925951936,-7031.840740480548
my_run,A2,panel2_common_period,fs_permutation_stability,lstm,1,0,2022-07-01,100142.10000000003,106083.6640625,5941.564062499965
my_run,A2,panel2_common_period,fs_permutation_stability,lstm,1,0,2022-10-01,109987.89999999998,106113.0078125,-3874.89218749998
my_run,A2,panel2_common_period,fs_permutation_stability,lstm,1,0,2023-01-01,109706.89999999992,106141.6484375,-3565.2515624999214
my_run,A2,panel2_common_period,fs_permutation_stability,lstm,1,0,2023-04-01,95012.50000000006,106141.84375,11129.343749999942
my_run,A2,panel2_common_period,fs_permutation_stability,lstm,1,1,2023-07-01,92715.5,104937.7734375,12222.273437499984
my_run,A2,panel2_common_period,fs_permutation_stability,lstm,1,1,2023-10-01,106259.39999999992,104959.203125,-1300.1968749999214
my_run,A2,panel2_common_period,fs_permutation_stability,lstm,1,1,2024-01-01,114491.90000000008,104951.296875,-9540.60312500008
my_run,A2,panel2_common_period,fs_permutation_stability,lstm,1,1,2024-04-01,98590.0,104951.296875,6361.296875
my_run,A2,panel2_common_period,fs_permutation_stability,lstm,1,2,2024-07-01,95843.10000000003,104140.6171875,8297.517187499965
my_run,A2,panel2_common_period,fs_permutation_stability,lstm,1,2,2024-10-01,111622.30000000002,104140.6171875,-7481.6828125000175
my_run,A2,panel2_common_period,fs_permutation_stability,lstm,1,2,2025-01-01,115136.6999999999,104140.6171875,-10996.082812499895
my_run,A2,panel2_common_period,fs_permutation_stability,lstm,2,3,2022-10-01,109987.89999999998,105160.578125,-4827.32187499998
my_run,A2,panel2_common_period,fs_permutation_stability,lstm,2,3,2023-01-01,109706.89999999992,105163.3046875,-4543.595312499921
my_run,A2,panel2_common_period,fs_permutation_stability,lstm,2,3,2023-04-01,95012.50000000006,105155.9765625,10143.476562499942
my_run,A2,panel2_common_period,fs_permutation_stability,lstm,2,3,2023-07-01,92715.5,105202.8203125,12487.320312499984
my_run,A2,panel2_common_period,fs_permutation_stability,lstm,2,4,2023-10-01,106259.39999999992,103976.875,-2282.5249999999214
my_run,A2,panel2_common_period,fs_permutation_stability,lstm,2,4,2024-01-01,114491.90000000008,104000.2734375,-10491.62656250008
my_run,A2,panel2_common_period,fs_permutation_stability,lstm,2,4,2024-04-01,98590.0,103991.453125,5401.453125
my_run,A2,panel2_common_period,fs_permutation_stability,lstm,2,4,2024-07-01,95843.10000000003,103991.453125,8148.353124999965
my_run,A2,panel2_common_period,fs_permutation_stability,lstm,4,5,2023-04-01,95012.50000000006,103547.5,8534.999999999942
my_run,A2,panel2_common_period,fs_permutation_stability,lstm,4,5,2023-07-01,92715.5,103543.75,10828.249999999984
my_run,A2,panel2_common_period,fs_permutation_stability,lstm,4,5,2023-10-01,106259.39999999992,103536.25,-2723.1499999999214
my_run,A2,panel2_common_period,fs_permutation_stability,lstm,4,5,2024-01-01,114491.90000000008,103545.328125,-10946.57187500008
my_run,A2,panel2_common_period,fs_permutation_stability,lstm,4,6,2024-04-01,98590.0,102789.6171875,4199.6171875
my_run,A2,panel2_common_period,fs_permutation_stability,lstm,4,6,2024-07-01,95843.10000000003,102779.703125,6936.603124999965
my_run,A2,panel2_common_period,fs_permutation_stability,lstm,4,6,2024-10-01,111622.30000000002,102750.5078125,-8871.792187500017
my_run,A2,panel2_common_period,fs_permutation_stability,lstm,4,6,2025-01-01,115136.6999999999,102750.5078125,-12386.192187499895
my_run,A2,panel2_common_period,fs_consensus,ridge,1,0,2022-07-01,100142.10000000003,107930.5975683225,7788.497568322462
my_run,A2,panel2_common_period,fs_consensus,ridge,1,0,2022-10-01,109987.89999999998,112212.66529915776,2224.765299157778
my_run,A2,panel2_common_period,fs_consensus,ridge,1,0,2023-01-01,109706.89999999992,111543.67578870336,1836.775788703424
my_run,A2,panel2_common_period,fs_consensus,ridge,1,0,2023-04-01,95012.50000000006,106822.52260775564,11810.02260775557
my_run,A2,panel2_common_period,fs_consensus,ridge,1,1,2023-07-01,92715.5,105649.07045892898,12933.570458928967
my_run,A2,panel2_common_period,fs_consensus,ridge,1,1,2023-10-01,106259.39999999992,110275.09147081466,4015.691470814738
my_run,A2,panel2_common_period,fs_consensus,ridge,1,1,2024-01-01,114491.90000000008,108995.01931387011,-5496.880686129967
my_run,A2,panel2_common_period,fs_consensus,ridge,1,1,2024-04-01,98590.0,104256.76124994773,5666.761249947711
my_run,A2,panel2_common_period,fs_consensus,ridge,1,2,2024-07-01,95843.10000000003,103819.45003082012,7976.350030820089
my_run,A2,panel2_common_period,fs_consensus,ridge,1,2,2024-10-01,111622.30000000002,109287.64694897688,-2334.6530510231387
my_run,A2,panel2_common_period,fs_consensus,ridge,1,2,2025-01-01,115136.6999999999,108545.83343340732,-6590.86656659258
my_run,A2,panel2_common_period,fs_consensus,ridge,2,3,2022-10-01,109987.89999999998,111509.09161539483,1521.191615394855
my_run,A2,panel2_common_period,fs_consensus,ridge,2,3,2023-01-01,109706.89999999992,111646.61382399894,1939.7138239990163
my_run,A2,panel2_common_period,fs_consensus,ridge,2,3,2023-04-01,95012.50000000006,103952.98915886368,8940.489158863624
my_run,A2,panel2_common_period,fs_consensus,ridge,2,3,2023-07-01,92715.5,104570.06182498006,11854.561824980046
my_run,A2,panel2_common_period,fs_consensus,ridge,2,4,2023-10-01,106259.39999999992,107419.00818531794,1159.6081853180222
my_run,A2,panel2_common_period,fs_consensus,ridge,2,4,2024-01-01,114491.90000000008,107333.24132283598,-7158.658677164101
my_run,A2,panel2_common_period,fs_consensus,ridge,2,4,2024-04-01,98590.0,101084.9104900952,2494.9104900951934
my_run,A2,panel2_common_period,fs_consensus,ridge,2,4,2024-07-01,95843.10000000003,100184.1350207072,4341.035020707161
my_run,A2,panel2_common_period,fs_consensus,ridge,4,5,2023-04-01,95012.50000000006,103320.50846065042,8308.008460650366
my_run,A2,panel2_common_period,fs_consensus,ridge,4,5,2023-07-01,92715.5,102784.90968417242,10069.40968417241
my_run,A2,panel2_common_period,fs_consensus,ridge,4,5,2023-10-01,106259.39999999992,108603.40884013844,2344.008840138529
my_run,A2,panel2_common_period,fs_consensus,ridge,4,5,2024-01-01,114491.90000000008,108141.3855003714,-6350.514499628684
my_run,A2,panel2_common_period,fs_consensus,ridge,4,6,2024-04-01,98590.0,103643.1452397615,5053.145239761507
my_run,A2,panel2_common_period,fs_consensus,ridge,4,6,2024-07-01,95843.10000000003,103022.2783320536,7179.178332053576
my_run,A2,panel2_common_period,fs_consensus,ridge,4,6,2024-10-01,111622.30000000002,107690.42138005744,-3931.878619942581
my_run,A2,panel2_common_period,fs_consensus,ridge,4,6,2025-01-01,115136.6999999999,108325.0520377256,-6811.647962274306
my_run,A2,panel2_common_period,fs_consensus,random_forest,1,0,2022-07-01,100142.10000000003,106857.3067775203,6715.20677752026
my_run,A2,panel2_common_period,fs_consensus,random_forest,1,0,2022-10-01,109987.89999999998,118105.4596570932,8117.55965709321
my_run,A2,panel2_common_period,fs_consensus,random_forest,1,0,2023-01-01,109706.89999999992,120441.85899045935,10734.958990459432
my_run,A2,panel2_common_period,fs_consensus,random_forest,1,0,2023-04-01,95012.50000000006,104457.33938474668,9444.839384746609
my_run,A2,panel2_common_period,fs_consensus,random_forest,1,1,2023-07-01,92715.5,98869.76245234846,6154.262452348441
my_run,A2,panel2_common_period,fs_consensus,random_forest,1,1,2023-10-01,106259.39999999992,114648.51245532992,8389.112455329989
my_run,A2,panel2_common_period,fs_consensus,random_forest,1,1,2024-01-01,114491.90000000008,114702.03044278524,210.13044278515736
my_run,A2,panel2_common_period,fs_consensus,random_forest,1,1,2024-04-01,98590.0,102262.67932473136,3672.6793247313617
my_run,A2,panel2_common_period,fs_consensus,random_forest,1,2,2024-07-01,95843.10000000003,108766.81382112192,12923.7138211219
my_run,A2,panel2_common_period,fs_consensus,random_forest,1,2,2024-10-01,111622.30000000002,112478.31575085464,856.0157508546108
my_run,A2,panel2_common_period,fs_consensus,random_forest,1,2,2025-01-01,115136.6999999999,113655.72189919748,-1480.9781008024147
my_run,A2,panel2_common_period,fs_consensus,random_forest,2,3,2022-10-01,109987.89999999998,113664.38501166452,3676.485011664554
my_run,A2,panel2_common_period,fs_consensus,random_forest,2,3,2023-01-01,109706.89999999992,113427.62469064708,3720.72469064717
my_run,A2,panel2_common_period,fs_consensus,random_forest,2,3,2023-04-01,95012.50000000006,95404.52261605448,392.0226160544262
my_run,A2,panel2_common_period,fs_consensus,random_forest,2,3,2023-07-01,92715.5,101712.47021666016,8996.970216660135
my_run,A2,panel2_common_period,fs_consensus,random_forest,2,4,2023-10-01,106259.39999999992,98452.87053626162,-7806.529463738305
my_run,A2,panel2_common_period,fs_consensus,random_forest,2,4,2024-01-01,114491.90000000008,98811.7192787044,-15680.180721295676
my_run,A2,panel2_common_period,fs_consensus,random_forest,2,4,2024-04-01,98590.0,96991.14631580576,-1598.853684194226
my_run,A2,panel2_common_period,fs_consensus,random_forest,2,4,2024-07-01,95843.10000000003,99913.07390232572,4069.973902325699
my_run,A2,panel2_common_period,fs_consensus,random_forest,4,5,2023-04-01,95012.50000000006,97641.55790804158,2629.057908041519
my_run,A2,panel2_common_period,fs_consensus,random_forest,4,5,2023-07-01,92715.5,98000.3188795607,5284.818879560684
my_run,A2,panel2_common_period,fs_consensus,random_forest,4,5,2023-10-01,106259.39999999992,108993.16226593136,2733.762265931437
my_run,A2,panel2_common_period,fs_consensus,random_forest,4,5,2024-01-01,114491.90000000008,109118.60435408197,-5373.29564591813
my_run,A2,panel2_common_period,fs_consensus,random_forest,4,6,2024-04-01,98590.0,102651.25824391827,4061.258243918274
my_run,A2,panel2_common_period,fs_consensus,random_forest,4,6,2024-07-01,95843.10000000003,103730.36375415477,7887.263754154716
my_run,A2,panel2_common_period,fs_consensus,random_forest,4,6,2024-10-01,111622.30000000002,106380.5967354953,-5241.703264504715
my_run,A2,panel2_common_period,fs_consensus,random_forest,4,6,2025-01-01,115136.6999999999,104383.31946910475,-10753.38053089514
my_run,A2,panel2_common_period,fs_consensus,lightgbm,1,0,2022-07-01,100142.10000000003,106279.6203190276,6137.520319027579
my_run,A2,panel2_common_period,fs_consensus,lightgbm,1,0,2022-10-01,109987.89999999998,114753.31037841486,4765.410378414876
my_run,A2,panel2_common_period,fs_consensus,lightgbm,1,0,2023-01-01,109706.89999999992,116605.90158525824,6899.0015852583165
my_run,A2,panel2_common_period,fs_consensus,lightgbm,1,0,2023-04-01,95012.50000000006,100414.21118300024,5401.711183000196
my_run,A2,panel2_common_period,fs_consensus,lightgbm,1,1,2023-07-01,92715.5,89691.13172201654,-3024.368277983478
my_run,A2,panel2_common_period,fs_consensus,lightgbm,1,1,2023-10-01,106259.39999999992,109079.95125933316,2820.551259333224
my_run,A2,panel2_common_period,fs_consensus,lightgbm,1,1,2024-01-01,114491.90000000008,129611.97418772176,15120.074187721691
my_run,A2,panel2_common_period,fs_consensus,lightgbm,1,1,2024-04-01,98590.0,113849.2575553252,15259.25755532521
my_run,A2,panel2_common_period,fs_consensus,lightgbm,1,2,2024-07-01,95843.10000000003,113992.37455010424,18149.274550104197
my_run,A2,panel2_common_period,fs_consensus,lightgbm,1,2,2024-10-01,111622.30000000002,116038.91089506408,4416.610895064063
my_run,A2,panel2_common_period,fs_consensus,lightgbm,1,2,2025-01-01,115136.6999999999,116247.50752028932,1110.8075202894252
my_run,A2,panel2_common_period,fs_consensus,lightgbm,2,3,2022-10-01,109987.89999999998,110988.40966726725,1000.5096672672662
my_run,A2,panel2_common_period,fs_consensus,lightgbm,2,3,2023-01-01,109706.89999999992,114362.074717118,4655.174717118076
my_run,A2,panel2_common_period,fs_consensus,lightgbm,2,3,2023-04-01,95012.50000000006,94008.21806535152,-1004.2819346485484
my_run,A2,panel2_common_period,fs_consensus,lightgbm,2,3,2023-07-01,92715.5,95456.64495086674,2741.1449508667283
my_run,A2,panel2_common_period,fs_consensus,lightgbm,2,4,2023-10-01,106259.39999999992,93354.48410228443,-12904.915897715471
my_run,A2,panel2_common_period,fs_consensus,lightgbm,2,4,2024-01-01,114491.90000000008,93809.46871416914,-20682.431285830942
my_run,A2,panel2_common_period,fs_consensus,lightgbm,2,4,2024-04-01,98590.0,94634.3601698286,-3955.639830171407
my_run,A2,panel2_common_period,fs_consensus,lightgbm,2,4,2024-07-01,95843.10000000003,99774.16193492264,3931.061934922618
my_run,A2,panel2_common_period,fs_consensus,lightgbm,4,5,2023-04-01,95012.50000000006,95287.2890389328,274.7890389327513
my_run,A2,panel2_common_period,fs_consensus,lightgbm,4,5,2023-07-01,92715.5,95864.83558159208,3149.335581592066
my_run,A2,panel2_common_period,fs_consensus,lightgbm,4,5,2023-10-01,106259.39999999992,115007.04786073198,8747.64786073206
my_run,A2,panel2_common_period,fs_consensus,lightgbm,4,5,2024-01-01,114491.90000000008,117130.95322886166,2639.05322886158
my_run,A2,panel2_common_period,fs_consensus,lightgbm,4,6,2024-04-01,98590.0,112119.1991309656,13529.199130965586
my_run,A2,panel2_common_period,fs_consensus,lightgbm,4,6,2024-07-01,95843.10000000003,113178.82866204398,17335.72866204394
my_run,A2,panel2_common_period,fs_consensus,lightgbm,4,6,2024-10-01,111622.30000000002,128503.72766095796,16881.427660957954
my_run,A2,panel2_common_period,fs_consensus,lightgbm,4,6,2025-01-01,115136.6999999999,120684.6173038935,5547.917303893599
my_run,A2,panel2_common_period,fs_consensus,catboost,1,0,2022-07-01,100142.10000000003,101309.5446263803,1167.4446263802674
my_run,A2,panel2_common_period,fs_consensus,catboost,1,0,2022-10-01,109987.89999999998,120660.9863543076,10673.086354307612
my_run,A2,panel2_common_period,fs_consensus,catboost,1,0,2023-01-01,109706.89999999992,119065.19039821858,9358.290398218654
my_run,A2,panel2_common_period,fs_consensus,catboost,1,0,2023-04-01,95012.50000000006,103375.05935866247,8362.55935866243
my_run,A2,panel2_common_period,fs_consensus,catboost,1,1,2023-07-01,92715.5,96529.91171486558,3814.411714865564
my_run,A2,panel2_common_period,fs_consensus,catboost,1,1,2023-10-01,106259.39999999992,114960.18247010028,8700.782470100356
my_run,A2,panel2_common_period,fs_consensus,catboost,1,1,2024-01-01,114491.90000000008,111980.91285666906,-2510.987143331018
my_run,A2,panel2_common_period,fs_consensus,catboost,1,1,2024-04-01,98590.0,99493.5125807588,903.51258075879
my_run,A2,panel2_common_period,fs_consensus,catboost,1,2,2024-07-01,95843.10000000003,108469.22351889314,12626.123518893102
my_run,A2,panel2_common_period,fs_consensus,catboost,1,2,2024-10-01,111622.30000000002,113877.61839189225,2255.3183918922296
my_run,A2,panel2_common_period,fs_consensus,catboost,1,2,2025-01-01,115136.6999999999,113371.97807075913,-1764.721929240768
my_run,A2,panel2_common_period,fs_consensus,catboost,2,3,2022-10-01,109987.89999999998,114137.52401141284,4149.62401141286
my_run,A2,panel2_common_period,fs_consensus,catboost,2,3,2023-01-01,109706.89999999992,111314.58725037174,1607.687250371819
my_run,A2,panel2_common_period,fs_consensus,catboost,2,3,2023-04-01,95012.50000000006,91158.59961737489,-3853.9003826251865
my_run,A2,panel2_common_period,fs_consensus,catboost,2,3,2023-07-01,92715.5,97675.05341082875,4959.553410828754
my_run,A2,panel2_common_period,fs_consensus,catboost,2,4,2023-10-01,106259.39999999992,98705.21456967224,-7554.185430327692
my_run,A2,panel2_common_period,fs_consensus,catboost,2,4,2024-01-01,114491.90000000008,101678.26811192416,-12813.631888075935
my_run,A2,panel2_common_period,fs_consensus,catboost,2,4,2024-04-01,98590.0,96502.32186445108,-2087.678135548922
my_run,A2,panel2_common_period,fs_consensus,catboost,2,4,2024-07-01,95843.10000000003,100022.69217238216,4179.5921723821375
my_run,A2,panel2_common_period,fs_consensus,catboost,4,5,2023-04-01,95012.50000000006,97474.8378957755,2462.3378957754467
my_run,A2,panel2_common_period,fs_consensus,catboost,4,5,2023-07-01,92715.5,98704.73435630433,5989.234356304311
my_run,A2,panel2_common_period,fs_consensus,catboost,4,5,2023-10-01,106259.39999999992,110275.22549306211,4015.825493062206
my_run,A2,panel2_common_period,fs_consensus,catboost,4,5,2024-01-01,114491.90000000008,108781.078726074,-5710.8212739260925
my_run,A2,panel2_common_period,fs_consensus,catboost,4,6,2024-04-01,98590.0,101334.05200536996,2744.052005369973
my_run,A2,panel2_common_period,fs_consensus,catboost,4,6,2024-07-01,95843.10000000003,103452.21751930904,7609.117519309017
my_run,A2,panel2_common_period,fs_consensus,catboost,4,6,2024-10-01,111622.30000000002,110333.6241886922,-1288.675811307825
my_run,A2,panel2_common_period,fs_consensus,catboost,4,6,2025-01-01,115136.6999999999,108876.29265878044,-6260.407341219441
my_run,A2,panel2_common_period,fs_consensus,lstm,1,0,2022-07-01,100142.10000000003,106152.984375,6010.884374999965
my_run,A2,panel2_common_period,fs_consensus,lstm,1,0,2022-10-01,109987.89999999998,106137.390625,-3850.50937499998
my_run,A2,panel2_common_period,fs_consensus,lstm,1,0,2023-01-01,109706.89999999992,106123.9375,-3582.9624999999214
my_run,A2,panel2_common_period,fs_consensus,lstm,1,0,2023-04-01,95012.50000000006,106185.796875,11173.296874999942
my_run,A2,panel2_common_period,fs_consensus,lstm,1,1,2023-07-01,92715.5,105305.6015625,12590.101562499984
my_run,A2,panel2_common_period,fs_consensus,lstm,1,1,2023-10-01,106259.39999999992,105467.2109375,-792.1890624999214
my_run,A2,panel2_common_period,fs_consensus,lstm,1,1,2024-01-01,114491.90000000008,105531.6953125,-8960.204687500081
my_run,A2,panel2_common_period,fs_consensus,lstm,1,1,2024-04-01,98590.0,105370.5,6780.5
my_run,A2,panel2_common_period,fs_consensus,lstm,1,2,2024-07-01,95843.10000000003,104636.375,8793.274999999965
my_run,A2,panel2_common_period,fs_consensus,lstm,1,2,2024-10-01,111622.30000000002,104651.1484375,-6971.1515625000175
my_run,A2,panel2_common_period,fs_consensus,lstm,1,2,2025-01-01,115136.6999999999,104623.109375,-10513.590624999895
my_run,A2,panel2_common_period,fs_consensus,lstm,2,3,2022-10-01,109987.89999999998,105697.1875,-4290.71249999998
my_run,A2,panel2_common_period,fs_consensus,lstm,2,3,2023-01-01,109706.89999999992,105647.109375,-4059.7906249999214
my_run,A2,panel2_common_period,fs_consensus,lstm,2,3,2023-04-01,95012.50000000006,105612.953125,10600.453124999942
my_run,A2,panel2_common_period,fs_consensus,lstm,2,3,2023-07-01,92715.5,105722.59375,13007.093749999984
my_run,A2,panel2_common_period,fs_consensus,lstm,2,4,2023-10-01,106259.39999999992,104415.875,-1843.5249999999212
my_run,A2,panel2_common_period,fs_consensus,lstm,2,4,2024-01-01,114491.90000000008,104436.6015625,-10055.29843750008
my_run,A2,panel2_common_period,fs_consensus,lstm,2,4,2024-04-01,98590.0,104494.4765625,5904.4765625
my_run,A2,panel2_common_period,fs_consensus,lstm,2,4,2024-07-01,95843.10000000003,104522.09375,8678.993749999965
my_run,A2,panel2_common_period,fs_consensus,lstm,4,5,2023-04-01,95012.50000000006,104045.109375,9032.609374999942
my_run,A2,panel2_common_period,fs_consensus,lstm,4,5,2023-07-01,92715.5,103995.1171875,11279.617187499984
my_run,A2,panel2_common_period,fs_consensus,lstm,4,5,2023-10-01,106259.39999999992,103979.34375,-2280.0562499999214
my_run,A2,panel2_common_period,fs_consensus,lstm,4,5,2024-01-01,114491.90000000008,104067.84375,-10424.05625000008
my_run,A2,panel2_common_period,fs_consensus,lstm,4,6,2024-04-01,98590.0,103119.8046875,4529.8046875
my_run,A2,panel2_common_period,fs_consensus,lstm,4,6,2024-07-01,95843.10000000003,103137.125,7294.024999999965
my_run,A2,panel2_common_period,fs_consensus,lstm,4,6,2024-10-01,111622.30000000002,103208.15625,-8414.143750000017
my_run,A2,panel2_common_period,fs_consensus,lstm,4,6,2025-01-01,115136.6999999999,103234.4375,-11902.262499999895
my_run,A3,panel2_common_period,fs_linear,ridge,1,0,2022-07-01,100142.10000000003,108943.99942326263,8801.8994232626
my_run,A3,panel2_common_period,fs_linear,ridge,1,0,2022-10-01,109987.89999999998,111787.93149468108,1800.0314946810977
my_run,A3,panel2_common_period,fs_linear,ridge,1,0,2023-01-01,109706.89999999992,107635.21675829538,-2071.683241704537
my_run,A3,panel2_common_period,fs_linear,ridge,1,0,2023-04-01,95012.50000000006,105889.68165207784,10877.181652077794
my_run,A3,panel2_common_period,fs_linear,ridge,1,1,2023-07-01,92715.5,106450.1664037608,13734.666403760784
my_run,A3,panel2_common_period,fs_linear,ridge,1,1,2023-10-01,106259.39999999992,107476.75684490526,1217.356844905342
my_run,A3,panel2_common_period,fs_linear,ridge,1,1,2024-01-01,114491.90000000008,104449.1603561282,-10042.739643871872
my_run,A3,panel2_common_period,fs_linear,ridge,1,1,2024-04-01,98590.0,101889.14357651334,3299.143576513336
my_run,A3,panel2_common_period,fs_linear,ridge,1,2,2024-07-01,95843.10000000003,102590.1821202495,6747.08212024947
my_run,A3,panel2_common_period,fs_linear,ridge,1,2,2024-10-01,111622.30000000002,104707.32024119436,-6914.979758805668
my_run,A3,panel2_common_period,fs_linear,ridge,1,2,2025-01-01,115136.6999999999,104728.51100305904,-10408.188996940866
my_run,A3,panel2_common_period,fs_linear,ridge,2,3,2022-10-01,109987.89999999998,108073.1965931229,-1914.7034068770736
my_run,A3,panel2_common_period,fs_linear,ridge,2,3,2023-01-01,109706.89999999992,109721.37869539436,14.478695394427632
my_run,A3,panel2_common_period,fs_linear,ridge,2,3,2023-04-01,95012.50000000006,102944.30833945314,7931.808339453084
my_run,A3,panel2_common_period,fs_linear,ridge,2,3,2023-07-01,92715.5,103245.54087338677,10530.040873386752
my_run,A3,panel2_common_period,fs_linear,ridge,2,4,2023-10-01,106259.39999999992,106271.56259766487,12.162597664952044
my_run,A3,panel2_common_period,fs_linear,ridge,2,4,2024-01-01,114491.90000000008,105026.2478891794,-9465.652110820694
my_run,A3,panel2_common_period,fs_linear,ridge,2,4,2024-04-01,98590.0,98953.73835152776,363.7383515277616
my_run,A3,panel2_common_period,fs_linear,ridge,2,4,2024-07-01,95843.10000000003,97647.32882084836,1804.2288208483224
my_run,A3,panel2_common_period,fs_linear,ridge,4,5,2023-04-01,95012.50000000006,105680.5395712327,10668.039571232644
my_run,A3,panel2_common_period,fs_linear,ridge,4,5,2023-07-01,92715.5,104393.03933148584,11677.539331485825
my_run,A3,panel2_common_period,fs_linear,ridge,4,5,2023-10-01,106259.39999999992,108343.6842375188,2084.284237518877
my_run,A3,panel2_common_period,fs_linear,ridge,4,5,2024-01-01,114491.90000000008,108240.56573177602,-6251.334268224062
my_run,A3,panel2_common_period,fs_linear,ridge,4,6,2024-04-01,98590.0,104159.9362399883,5569.936239988296
my_run,A3,panel2_common_period,fs_linear,ridge,4,6,2024-07-01,95843.10000000003,104197.63536700267,8354.535367002652
my_run,A3,panel2_common_period,fs_linear,ridge,4,6,2024-10-01,111622.30000000002,108758.00960527713,-2864.2903947228915
my_run,A3,panel2_common_period,fs_linear,ridge,4,6,2025-01-01,115136.6999999999,108769.67271237524,-6367.02728762466
my_run,A3,panel2_common_period,fs_linear,random_forest,1,0,2022-07-01,100142.10000000003,105639.8365386172,5497.736538617173
my_run,A3,panel2_common_period,fs_linear,random_forest,1,0,2022-10-01,109987.89999999998,115916.7401347251,5928.84013472512
my_run,A3,panel2_common_period,fs_linear,random_forest,1,0,2023-01-01,109706.89999999992,114691.2626333673,4984.362633367375
my_run,A3,panel2_common_period,fs_linear,random_forest,1,0,2023-04-01,95012.50000000006,101234.8713936781,6222.3713936780405
my_run,A3,panel2_common_period,fs_linear,random_forest,1,1,2023-07-01,92715.5,100827.08858682663,8111.58858682662
my_run,A3,panel2_common_period,fs_linear,random_forest,1,1,2023-10-01,106259.39999999992,112970.46035141364,6711.060351413733
my_run,A3,panel2_common_period,fs_linear,random_forest,1,1,2024-01-01,114491.90000000008,112235.53793758916,-2256.362062410917
my_run,A3,panel2_common_period,fs_linear,random_forest,1,1,2024-04-01,98590.0,93591.4159826442,-4998.584017355795
my_run,A3,panel2_common_period,fs_linear,random_forest,1,2,2024-07-01,95843.10000000003,107531.48170863508,11688.381708635032
my_run,A3,panel2_common_period,fs_linear,random_forest,1,2,2024-10-01,111622.30000000002,111726.43278737672,104.13278737670043
my_run,A3,panel2_common_period,fs_linear,random_forest,1,2,2025-01-01,115136.6999999999,112332.8743682845,-2803.825631715401
my_run,A3,panel2_common_period,fs_linear,random_forest,2,3,2022-10-01,109987.89999999998,108707.39832805292,-1280.5016719470586
my_run,A3,panel2_common_period,fs_linear,random_forest,2,3,2023-01-01,109706.89999999992,116047.39393990446,6340.49393990454
my_run,A3,panel2_common_period,fs_linear,random_forest,2,3,2023-04-01,95012.50000000006,96625.82359643492,1613.3235964348569
my_run,A3,panel2_common_period,fs_linear,random_forest,2,3,2023-07-01,92715.5,107068.47571235096,14352.975712350948
my_run,A3,panel2_common_period,fs_linear,random_forest,2,4,2023-10-01,106259.39999999992,111869.19178009778,5609.791780097861
my_run,A3,panel2_common_period,fs_linear,random_forest,2,4,2024-01-01,114491.90000000008,110781.88700115588,-3710.012998844206
my_run,A3,panel2_common_period,fs_linear,random_forest,2,4,2024-04-01,98590.0,95852.08221590162,-2737.917784098376
my_run,A3,panel2_common_period,fs_linear,random_forest,2,4,2024-07-01,95843.10000000003,94687.46538697153,-1155.6346130285092
my_run,A3,panel2_common_period,fs_linear,random_forest,4,5,2023-04-01,95012.50000000006,108166.25368346526,13153.753683465198
my_run,A3,panel2_common_period,fs_linear,random_forest,4,5,2023-07-01,92715.5,95875.41837345094,3159.918373450928
my_run,A3,panel2_common_period,fs_linear,random_forest,4,5,2023-10-01,106259.39999999992,113223.66298995198,6964.262989952054
my_run,A3,panel2_common_period,fs_linear,random_forest,4,5,2024-01-01,114491.90000000008,112520.87189306092,-1971.028106939164
my_run,A3,panel2_common_period,fs_linear,random_forest,4,6,2024-04-01,98590.0,102337.44899230111,3747.448992301113
my_run,A3,panel2_common_period,fs_linear,random_forest,4,6,2024-07-01,95843.10000000003,100963.16688374772,5120.066883747684
my_run,A3,panel2_common_period,fs_linear,random_forest,4,6,2024-10-01,111622.30000000002,115316.39333677937,3694.093336779348
my_run,A3,panel2_common_period,fs_linear,random_forest,4,6,2025-01-01,115136.6999999999,111898.72025498954,-3237.9797450103506
my_run,A3,panel2_common_period,fs_linear,lightgbm,1,0,2022-07-01,100142.10000000003,104091.42978061498,3949.329780614949
my_run,A3,panel2_common_period,fs_linear,lightgbm,1,0,2022-10-01,109987.89999999998,115176.18037313344,5188.280373133457
my_run,A3,panel2_common_period,fs_linear,lightgbm,1,0,2023-01-01,109706.89999999992,109365.07347095948,-341.82652904045244
my_run,A3,panel2_common_period,fs_linear,lightgbm,1,0,2023-04-01,95012.50000000006,94294.2504658174,-718.2495341826725
my_run,A3,panel2_common_period,fs_linear,lightgbm,1,1,2023-07-01,92715.5,93350.68521655824,635.185216558224
my_run,A3,panel2_common_period,fs_linear,lightgbm,1,1,2023-10-01,106259.39999999992,104733.39228689452,-1526.0077131054131
my_run,A3,panel2_common_period,fs_linear,lightgbm,1,1,2024-01-01,114491.90000000008,118408.55457235166,3916.6545723515737
my_run,A3,panel2_common_period,fs_linear,lightgbm,1,1,2024-04-01,98590.0,108155.68180367295,9565.681803672953
my_run,A3,panel2_common_period,fs_linear,lightgbm,1,2,2024-07-01,95843.10000000003,111537.47994180956,15694.37994180953
my_run,A3,panel2_common_period,fs_linear,lightgbm,1,2,2024-10-01,111622.30000000002,111149.72021903968,-472.5797809603391
my_run,A3,panel2_common_period,fs_linear,lightgbm,1,2,2025-01-01,115136.6999999999,112173.55276441344,-2963.147235586468
my_run,A3,panel2_common_period,fs_linear,lightgbm,2,3,2022-10-01,109987.89999999998,113158.73959250486,3170.8395925048826
my_run,A3,panel2_common_period,fs_linear,lightgbm,2,3,2023-01-01,109706.89999999992,115317.83198525048,5610.931985250558
my_run,A3,panel2_common_period,fs_linear,lightgbm,2,3,2023-04-01,95012.50000000006,98443.47634631068,3430.976346310621
my_run,A3,panel2_common_period,fs_linear,lightgbm,2,3,2023-07-01,92715.5,100578.68685296737,7863.1868529673375
my_run,A3,panel2_common_period,fs_linear,lightgbm,2,4,2023-10-01,106259.39999999992,106251.46232518418,-7.9376748157374095
my_run,A3,panel2_common_period,fs_linear,lightgbm,2,4,2024-01-01,114491.90000000008,104269.3681585104,-10222.531841489676
my_run,A3,panel2_common_period,fs_linear,lightgbm,2,4,2024-04-01,98590.0,97435.0640331665,-1154.9359668334946
my_run,A3,panel2_common_period,fs_linear,lightgbm,2,4,2024-07-01,95843.10000000003,95771.15134521863,-71.94865478138672
my_run,A3,panel2_common_period,fs_linear,lightgbm,4,5,2023-04-01,95012.50000000006,93640.03095888082,-1372.4690411192423
my_run,A3,panel2_common_period,fs_linear,lightgbm,4,5,2023-07-01,92715.5,92811.13216591506,95.6321659150417
my_run,A3,panel2_common_period,fs_linear,lightgbm,4,5,2023-10-01,106259.39999999992,108349.92717805826,2090.5271780583425
my_run,A3,panel2_common_period,fs_linear,lightgbm,4,5,2024-01-01,114491.90000000008,112121.8205176494,-2370.079482350688
my_run,A3,panel2_common_period,fs_linear,lightgbm,4,6,2024-04-01,98590.0,99322.30555704956,732.3055570495635
my_run,A3,panel2_common_period,fs_linear,lightgbm,4,6,2024-07-01,95843.10000000003,95441.19100936876,-401.9089906312729
my_run,A3,panel2_common_period,fs_linear,lightgbm,4,6,2024-10-01,111622.30000000002,125037.11637924712,13414.816379247117
my_run,A3,panel2_common_period,fs_linear,lightgbm,4,6,2025-01-01,115136.6999999999,115715.45194845115,578.7519484512595
my_run,A3,panel2_common_period,fs_linear,catboost,1,0,2022-07-01,100142.10000000003,103441.17432953192,3299.0743295318825
my_run,A3,panel2_common_period,fs_linear,catboost,1,0,2022-10-01,109987.89999999998,114257.73127989793,4269.831279897931
my_run,A3,panel2_common_period,fs_linear,catboost,1,0,2023-01-01,109706.89999999992,113621.5947288141,3914.694728814182
my_run,A3,panel2_common_period,fs_linear,catboost,1,0,2023-04-01,95012.50000000006,102433.68805852384,7421.188058523781
my_run,A3,panel2_common_period,fs_linear,catboost,1,1,2023-07-01,92715.5,98461.52880021006,5746.028800210042
my_run,A3,panel2_common_period,fs_linear,catboost,1,1,2023-10-01,106259.39999999992,113738.31660344412,7478.916603444188
my_run,A3,panel2_common_period,fs_linear,catboost,1,1,2024-01-01,114491.90000000008,112467.59396172014,-2024.306038279945
my_run,A3,panel2_common_period,fs_linear,catboost,1,1,2024-04-01,98590.0,95535.45435958188,-3054.545640418117
my_run,A3,panel2_common_period,fs_linear,catboost,1,2,2024-07-01,95843.10000000003,110270.7916846269,14427.691684626872
my_run,A3,panel2_common_period,fs_linear,catboost,1,2,2024-10-01,111622.30000000002,110452.93055086174,-1169.3694491382776
my_run,A3,panel2_common_period,fs_linear,catboost,1,2,2025-01-01,115136.6999999999,111535.577063544,-3601.1229364558967
my_run,A3,panel2_common_period,fs_linear,catboost,2,3,2022-10-01,109987.89999999998,103369.0608612489,-6618.839138751078
my_run,A3,panel2_common_period,fs_linear,catboost,2,3,2023-01-01,109706.89999999992,112667.54245371152,2960.6424537115963
my_run,A3,panel2_common_period,fs_linear,catboost,2,3,2023-04-01,95012.50000000006,96189.40199705804,1176.901997057983
my_run,A3,panel2_common_period,fs_linear,catboost,2,3,2023-07-01,92715.5,100163.98976235576,7448.489762355748
my_run,A3,panel2_common_period,fs_linear,catboost,2,4,2023-10-01,106259.39999999992,105953.08279975515,-306.3172002447536
my_run,A3,panel2_common_period,fs_linear,catboost,2,4,2024-01-01,114491.90000000008,107759.00243228117,-6732.897567718916
my_run,A3,panel2_common_period,fs_linear,catboost,2,4,2024-04-01,98590.0,95876.28377993914,-2713.716220060858
my_run,A3,panel2_common_period,fs_linear,catboost,2,4,2024-07-01,95843.10000000003,93573.15875466992,-2269.9412453301047
my_run,A3,panel2_common_period,fs_linear,catboost,4,5,2023-04-01,95012.50000000006,106601.41583226324,11588.915832263185
my_run,A3,panel2_common_period,fs_linear,catboost,4,5,2023-07-01,92715.5,98952.56007665757,6237.060076657552
my_run,A3,panel2_common_period,fs_linear,catboost,4,5,2023-10-01,106259.39999999992,111753.07099847126,5493.670998471338
my_run,A3,panel2_common_period,fs_linear,catboost,4,5,2024-01-01,114491.90000000008,110889.24818505708,-3602.651814943005
my_run,A3,panel2_common_period,fs_linear,catboost,4,6,2024-04-01,98590.0,101923.75970532786,3333.7597053278587
my_run,A3,panel2_common_period,fs_linear,catboost,4,6,2024-07-01,95843.10000000003,101194.60691811536,5351.506918115338
my_run,A3,panel2_common_period,fs_linear,catboost,4,6,2024-10-01,111622.30000000002,112608.73999146852,986.4399914684908
my_run,A3,panel2_common_period,fs_linear,catboost,4,6,2025-01-01,115136.6999999999,110904.95733666864,-4231.7426633312425
my_run,A3,panel2_common_period,fs_linear,lstm,1,0,2022-07-01,100142.10000000003,106983.109375,6841.009374999965
my_run,A3,panel2_common_period,fs_linear,lstm,1,0,2022-10-01,109987.89999999998,106927.7265625,-3060.17343749998
my_run,A3,panel2_common_period,fs_linear,lstm,1,0,2023-01-01,109706.89999999992,106913.859375,-2793.0406249999214
my_run,A3,panel2_common_period,fs_linear,lstm,1,0,2023-04-01,95012.50000000006,107008.2109375,11995.710937499942
my_run,A3,panel2_common_period,fs_linear,lstm,1,1,2023-07-01,92715.5,106058.78125,13343.281249999984
my_run,A3,panel2_common_period,fs_linear,lstm,1,1,2023-10-01,106259.39999999992,106028.84375,-230.55624999992145
my_run,A3,panel2_common_period,fs_linear,lstm,1,1,2024-01-01,114491.90000000008,106054.828125,-8437.071875000081
my_run,A3,panel2_common_period,fs_linear,lstm,1,1,2024-04-01,98590.0,106035.71875,7445.71875
my_run,A3,panel2_common_period,fs_linear,lstm,1,2,2024-07-01,95843.10000000003,105493.7734375,9650.673437499963
my_run,A3,panel2_common_period,fs_linear,lstm,1,2,2024-10-01,111622.30000000002,105538.3515625,-6083.9484375000175
my_run,A3,panel2_common_period,fs_linear,lstm,1,2,2025-01-01,115136.6999999999,105556.671875,-9580.028124999895
my_run,A3,panel2_common_period,fs_linear,lstm,2,3,2022-10-01,109987.89999999998,106790.75,-3197.14999999998
my_run,A3,panel2_common_period,fs_linear,lstm,2,3,2023-01-01,109706.89999999992,106691.6015625,-3015.2984374999214
my_run,A3,panel2_common_period,fs_linear,lstm,2,3,2023-04-01,95012.50000000006,106647.1484375,11634.648437499942
my_run,A3,panel2_common_period,fs_linear,lstm,2,3,2023-07-01,92715.5,106787.09375,14071.593749999984
my_run,A3,panel2_common_period,fs_linear,lstm,2,4,2023-10-01,106259.39999999992,105726.9375,-532.4624999999214
my_run,A3,panel2_common_period,fs_linear,lstm,2,4,2024-01-01,114491.90000000008,105706.7734375,-8785.126562500081
my_run,A3,panel2_common_period,fs_linear,lstm,2,4,2024-04-01,98590.0,105781.6953125,7191.6953125
my_run,A3,panel2_common_period,fs_linear,lstm,2,4,2024-07-01,95843.10000000003,105835.890625,9992.790624999963
my_run,A3,panel2_common_period,fs_linear,lstm,4,5,2023-04-01,95012.50000000006,105179.0390625,10166.539062499942
my_run,A3,panel2_common_period,fs_linear,lstm,4,5,2023-07-01,92715.5,105106.0390625,12390.539062499984
my_run,A3,panel2_common_period,fs_linear,lstm,4,5,2023-10-01,106259.39999999992,105076.671875,-1182.7281249999214
my_run,A3,panel2_common_period,fs_linear,lstm,4,5,2024-01-01,114491.90000000008,105207.234375,-9284.66562500008
my_run,A3,panel2_common_period,fs_linear,lstm,4,6,2024-04-01,98590.0,103748.8515625,5158.8515625
my_run,A3,panel2_common_period,fs_linear,lstm,4,6,2024-07-01,95843.10000000003,103734.703125,7891.603124999965
my_run,A3,panel2_common_period,fs_linear,lstm,4,6,2024-10-01,111622.30000000002,103818.828125,-7803.4718750000175
my_run,A3,panel2_common_period,fs_linear,lstm,4,6,2025-01-01,115136.6999999999,103812.4921875,-11324.207812499895
my_run,A3,panel2_common_period,fs_wrapper,ridge,1,0,2022-07-01,100142.10000000003,108696.6180773878,8554.518077387751
my_run,A3,panel2_common_period,fs_wrapper,ridge,1,0,2022-10-01,109987.89999999998,112825.8298539622,2837.929853962225
my_run,A3,panel2_common_period,fs_wrapper,ridge,1,0,2023-01-01,109706.89999999992,106613.9929273584,-3092.9070726415084
my_run,A3,panel2_common_period,fs_wrapper,ridge,1,0,2023-04-01,95012.50000000006,104356.16259593485,9343.662595934788
my_run,A3,panel2_common_period,fs_wrapper,ridge,1,1,2023-07-01,92715.5,105213.67786935966,12498.177869359644
my_run,A3,panel2_common_period,fs_wrapper,ridge,1,1,2023-10-01,106259.39999999992,105871.80919518135,-387.590804818552
my_run,A3,panel2_common_period,fs_wrapper,ridge,1,1,2024-01-01,114491.90000000008,101940.81664452644,-12551.083355473633
my_run,A3,panel2_common_period,fs_wrapper,ridge,1,1,2024-04-01,98590.0,99720.73398672864,1130.7339867286355
my_run,A3,panel2_common_period,fs_wrapper,ridge,1,2,2024-07-01,95843.10000000003,100136.40201238284,4293.302012382803
my_run,A3,panel2_common_period,fs_wrapper,ridge,1,2,2024-10-01,111622.30000000002,102273.6850571596,-9348.614942840431
my_run,A3,panel2_common_period,fs_wrapper,ridge,1,2,2025-01-01,115136.6999999999,104074.15546885962,-11062.544531140273
my_run,A3,panel2_common_period,fs_wrapper,ridge,2,3,2022-10-01,109987.89999999998,107903.58969574411,-2084.3103042558505
my_run,A3,panel2_common_period,fs_wrapper,ridge,2,3,2023-01-01,109706.89999999992,110063.98012555612,357.080125556211
my_run,A3,panel2_common_period,fs_wrapper,ridge,2,3,2023-04-01,95012.50000000006,101110.71340503432,6098.213405034272
my_run,A3,panel2_common_period,fs_wrapper,ridge,2,3,2023-07-01,92715.5,101656.63180075574,8941.131800755727
my_run,A3,panel2_common_period,fs_wrapper,ridge,2,4,2023-10-01,106259.39999999992,105786.94507560604,-472.45492439386726
my_run,A3,panel2_common_period,fs_wrapper,ridge,2,4,2024-01-01,114491.90000000008,103822.05947096123,-10669.840529038847
my_run,A3,panel2_common_period,fs_wrapper,ridge,2,4,2024-04-01,98590.0,96235.29363410294,-2354.7063658970583
my_run,A3,panel2_common_period,fs_wrapper,ridge,2,4,2024-07-01,95843.10000000003,95249.9195381123,-593.1804618877359
my_run,A3,panel2_common_period,fs_wrapper,ridge,4,5,2023-04-01,95012.50000000006,105078.78042004789,10066.280420047828
my_run,A3,panel2_common_period,fs_wrapper,ridge,4,5,2023-07-01,92715.5,104513.80054246596,11798.30054246595
my_run,A3,panel2_common_period,fs_wrapper,ridge,4,5,2023-10-01,106259.39999999992,108610.14241561452,2350.7424156146008
my_run,A3,panel2_common_period,fs_wrapper,ridge,4,5,2024-01-01,114491.90000000008,107743.6894030168,-6748.210596983292
my_run,A3,panel2_common_period,fs_wrapper,ridge,4,6,2024-04-01,98590.0,103157.40506644858,4567.405066448584
my_run,A3,panel2_common_period,fs_wrapper,ridge,4,6,2024-07-01,95843.10000000003,103667.07493708246,7823.974937082428
my_run,A3,panel2_common_period,fs_wrapper,ridge,4,6,2024-10-01,111622.30000000002,109101.7563074018,-2520.5436925982067
my_run,A3,panel2_common_period,fs_wrapper,ridge,4,6,2025-01-01,115136.6999999999,109275.02084943626,-5861.679150563636
my_run,A3,panel2_common_period,fs_wrapper,random_forest,1,0,2022-07-01,100142.10000000003,104669.52583210496,4527.425832104913
my_run,A3,panel2_common_period,fs_wrapper,random_forest,1,0,2022-10-01,109987.89999999998,114830.0947690338,4842.194769033813
my_run,A3,panel2_common_period,fs_wrapper,random_forest,1,0,2023-01-01,109706.89999999992,115487.08489565416,5780.184895654253
my_run,A3,panel2_common_period,fs_wrapper,random_forest,1,0,2023-04-01,95012.50000000006,100131.01128252636,5118.511282526291
my_run,A3,panel2_common_period,fs_wrapper,random_forest,1,1,2023-07-01,92715.5,99994.29522903268,7278.795229032665
my_run,A3,panel2_common_period,fs_wrapper,random_forest,1,1,2023-10-01,106259.39999999992,109891.73314307262,3632.3331430726976
my_run,A3,panel2_common_period,fs_wrapper,random_forest,1,1,2024-01-01,114491.90000000008,108858.04109407136,-5633.858905928733
my_run,A3,panel2_common_period,fs_wrapper,random_forest,1,1,2024-04-01,98590.0,93282.34628915768,-5307.653710842322
my_run,A3,panel2_common_period,fs_wrapper,random_forest,1,2,2024-07-01,95843.10000000003,105123.17276672556,9280.072766725529
my_run,A3,panel2_common_period,fs_wrapper,random_forest,1,2,2024-10-01,111622.30000000002,109671.78202142728,-1950.5179785727523
my_run,A3,panel2_common_period,fs_wrapper,random_forest,1,2,2025-01-01,115136.6999999999,110500.64014892752,-4636.059851072379
my_run,A3,panel2_common_period,fs_wrapper,random_forest,2,3,2022-10-01,109987.89999999998,102479.40045842352,-7508.499541576457
my_run,A3,panel2_common_period,fs_wrapper,random_forest,2,3,2023-01-01,109706.89999999992,112700.4049061857,2993.504906185772
my_run,A3,panel2_common_period,fs_wrapper,random_forest,2,3,2023-04-01,95012.50000000006,97504.25871729568,2491.758717295612
my_run,A3,panel2_common_period,fs_wrapper,random_forest,2,3,2023-07-01,92715.5,102426.51424394648,9711.014243946454
my_run,A3,panel2_common_period,fs_wrapper,random_forest,2,4,2023-10-01,106259.39999999992,103525.53324417456,-2733.866755825365
my_run,A3,panel2_common_period,fs_wrapper,random_forest,2,4,2024-01-01,114491.90000000008,101614.13411615128,-12877.7658838488
my_run,A3,panel2_common_period,fs_wrapper,random_forest,2,4,2024-04-01,98590.0,94854.1123671454,-3735.887632854603
my_run,A3,panel2_common_period,fs_wrapper,random_forest,2,4,2024-07-01,95843.10000000003,94609.8112587217,-1233.2887412783311
my_run,A3,panel2_common_period,fs_wrapper,random_forest,4,5,2023-04-01,95012.50000000006,107422.17468067571,12409.674680675673
my_run,A3,panel2_common_period,fs_wrapper,random_forest,4,5,2023-07-01,92715.5,98438.70804045803,5723.208040458019
my_run,A3,panel2_common_period,fs_wrapper,random_forest,4,5,2023-10-01,106259.39999999992,112241.1450591864,5981.745059186491
my_run,A3,panel2_common_period,fs_wrapper,random_forest,4,5,2024-01-01,114491.90000000008,111161.99898879988,-3329.9010112002143
my_run,A3,panel2_common_period,fs_wrapper,random_forest,4,6,2024-04-01,98590.0,100933.09518033828,2343.0951803382777
my_run,A3,panel2_common_period,fs_wrapper,random_forest,4,6,2024-07-01,95843.10000000003,100257.83596857544,4414.735968575391
my_run,A3,panel2_common_period,fs_wrapper,random_forest,4,6,2024-10-01,111622.30000000002,112121.75975668532,499.45975668530446
my_run,A3,panel2_common_period,fs_wrapper,random_forest,4,6,2025-01-01,115136.6999999999,111227.43957605364,-3909.260423946253
my_run,A3,panel2_common_period,fs_wrapper,lightgbm,1,0,2022-07-01,100142.10000000003,97824.34655039843,-2317.753449601587
my_run,A3,panel2_common_period,fs_wrapper,lightgbm,1,0,2022-10-01,109987.89999999998,108887.61399899602,-1100.2860010039583
my_run,A3,panel2_common_period,fs_wrapper,lightgbm,1,0,2023-01-01,109706.89999999992,109622.6360251186,-84.26397488130897
my_run,A3,panel2_common_period,fs_wrapper,lightgbm,1,0,2023-04-01,95012.50000000006,96624.53196409646,1612.0319640964008
my_run,A3,panel2_common_period,fs_wrapper,lightgbm,1,1,2023-07-01,92715.5,96210.85677917291,3495.3567791729
my_run,A3,panel2_common_period,fs_wrapper,lightgbm,1,1,2023-10-01,106259.39999999992,107130.82550886256,871.4255088626524
my_run,A3,panel2_common_period,fs_wrapper,lightgbm,1,1,2024-01-01,114491.90000000008,108741.45283387772,-5750.447166122365
my_run,A3,panel2_common_period,fs_wrapper,lightgbm,1,1,2024-04-01,98590.0,95477.70390785926,-3112.296092140736
my_run,A3,panel2_common_period,fs_wrapper,lightgbm,1,2,2024-07-01,95843.10000000003,106863.00359421175,11019.90359421172
my_run,A3,panel2_common_period,fs_wrapper,lightgbm,1,2,2024-10-01,111622.30000000002,106869.36908590994,-4752.930914090073
my_run,A3,panel2_common_period,fs_wrapper,lightgbm,1,2,2025-01-01,115136.6999999999,111486.02665581982,-3650.673344180075
my_run,A3,panel2_common_period,fs_wrapper,lightgbm,2,3,2022-10-01,109987.89999999998,107901.0771332965,-2086.822866703485
my_run,A3,panel2_common_period,fs_wrapper,lightgbm,2,3,2023-01-01,109706.89999999992,108849.68993821126,-857.2100617886608
my_run,A3,panel2_common_period,fs_wrapper,lightgbm,2,3,2023-04-01,95012.50000000006,100670.71832861358,5658.218328613526
my_run,A3,panel2_common_period,fs_wrapper,lightgbm,2,3,2023-07-01,92715.5,96858.76534311782,4143.265343117804
my_run,A3,panel2_common_period,fs_wrapper,lightgbm,2,4,2023-10-01,106259.39999999992,103169.91291911126,-3089.4870808886626
my_run,A3,panel2_common_period,fs_wrapper,lightgbm,2,4,2024-01-01,114491.90000000008,99456.52423162352,-15035.375768376573
my_run,A3,panel2_common_period,fs_wrapper,lightgbm,2,4,2024-04-01,98590.0,96017.9723929466,-2572.027607053402
my_run,A3,panel2_common_period,fs_wrapper,lightgbm,2,4,2024-07-01,95843.10000000003,91349.46751574636,-4493.632484253685
my_run,A3,panel2_common_period,fs_wrapper,lightgbm,4,5,2023-04-01,95012.50000000006,91580.8543189071,-3431.645681092952
my_run,A3,panel2_common_period,fs_wrapper,lightgbm,4,5,2023-07-01,92715.5,91600.56898829128,-1114.9310117087443
my_run,A3,panel2_common_period,fs_wrapper,lightgbm,4,5,2023-10-01,106259.39999999992,101585.84586655408,-4673.554133445839
my_run,A3,panel2_common_period,fs_wrapper,lightgbm,4,5,2024-01-01,114491.90000000008,113740.08873427664,-751.8112657234451
my_run,A3,panel2_common_period,fs_wrapper,lightgbm,4,6,2024-04-01,98590.0,98489.33628306564,-100.6637169343594
my_run,A3,panel2_common_period,fs_wrapper,lightgbm,4,6,2024-07-01,95843.10000000003,97741.05283930375,1897.952839303718
my_run,A3,panel2_common_period,fs_wrapper,lightgbm,4,6,2024-10-01,111622.30000000002,117566.17822674155,5943.878226741552
my_run,A3,panel2_common_period,fs_wrapper,lightgbm,4,6,2025-01-01,115136.6999999999,111335.56735679776,-3801.132643202145
my_run,A3,panel2_common_period,fs_wrapper,catboost,1,0,2022-07-01,100142.10000000003,101276.7537181954,1134.6537181953609
my_run,A3,panel2_common_period,fs_wrapper,catboost,1,0,2022-10-01,109987.89999999998,114911.49207490656,4923.5920749065845
my_run,A3,panel2_common_period,fs_wrapper,catboost,1,0,2023-01-01,109706.89999999992,114168.90900121292,4462.009001212995
my_run,A3,panel2_common_period,fs_wrapper,catboost,1,0,2023-04-01,95012.50000000006,100402.43212267297,5389.9321226728935
my_run,A3,panel2_common_period,fs_wrapper,catboost,1,1,2023-07-01,92715.5,96259.00701624,3543.507016239979
my_run,A3,panel2_common_period,fs_wrapper,catboost,1,1,2023-10-01,106259.39999999992,109942.70203475996,3683.302034760025
my_run,A3,panel2_common_period,fs_wrapper,catboost,1,1,2024-01-01,114491.90000000008,109449.00934988342,-5042.890650116664
my_run,A3,panel2_common_period,fs_wrapper,catboost,1,1,2024-04-01,98590.0,90890.75051024824,-7699.249489751746
my_run,A3,panel2_common_period,fs_wrapper,catboost,1,2,2024-07-01,95843.10000000003,106919.42645036778,11076.32645036775
my_run,A3,panel2_common_period,fs_wrapper,catboost,1,2,2024-10-01,111622.30000000002,106814.21895148052,-4808.081048519496
my_run,A3,panel2_common_period,fs_wrapper,catboost,1,2,2025-01-01,115136.6999999999,109812.80952159972,-5323.890478400164
my_run,A3,panel2_common_period,fs_wrapper,catboost,2,3,2022-10-01,109987.89999999998,100672.61498290766,-9315.28501709232
my_run,A3,panel2_common_period,fs_wrapper,catboost,2,3,2023-01-01,109706.89999999992,111357.5691013793,1650.6691013793752
my_run,A3,panel2_common_period,fs_wrapper,catboost,2,3,2023-04-01,95012.50000000006,94863.98675094132,-148.51324905874208
my_run,A3,panel2_common_period,fs_wrapper,catboost,2,3,2023-07-01,92715.5,98080.8083613304,5365.30836133039
my_run,A3,panel2_common_period,fs_wrapper,catboost,2,4,2023-10-01,106259.39999999992,106770.35713462417,510.9571346242447
my_run,A3,panel2_common_period,fs_wrapper,catboost,2,4,2024-01-01,114491.90000000008,106985.3331570008,-7506.566842999295
my_run,A3,panel2_common_period,fs_wrapper,catboost,2,4,2024-04-01,98590.0,95974.95484872969,-2615.045151270315
my_run,A3,panel2_common_period,fs_wrapper,catboost,2,4,2024-07-01,95843.10000000003,93948.55902776538,-1894.540972234652
my_run,A3,panel2_common_period,fs_wrapper,catboost,4,5,2023-04-01,95012.50000000006,106214.58943897608,11202.089438976009
my_run,A3,panel2_common_period,fs_wrapper,catboost,4,5,2023-07-01,92715.5,96986.1582057872,4270.658205787171
my_run,A3,panel2_common_period,fs_wrapper,catboost,4,5,2023-10-01,106259.39999999992,110776.69016939375,4517.290169393848
my_run,A3,panel2_common_period,fs_wrapper,catboost,4,5,2024-01-01,114491.90000000008,109344.51401907232,-5147.385980927749
my_run,A3,panel2_common_period,fs_wrapper,catboost,4,6,2024-04-01,98590.0,102879.03072936884,4289.030729368838
my_run,A3,panel2_common_period,fs_wrapper,catboost,4,6,2024-07-01,95843.10000000003,102834.31244249476,6991.21244249474
my_run,A3,panel2_common_period,fs_wrapper,catboost,4,6,2024-10-01,111622.30000000002,112402.81570960364,780.5157096036128
my_run,A3,panel2_common_period,fs_wrapper,catboost,4,6,2025-01-01,115136.6999999999,112281.73613737238,-2854.963862627512
my_run,A3,panel2_common_period,fs_wrapper,lstm,1,0,2022-07-01,100142.10000000003,107546.65625,7404.556249999965
my_run,A3,panel2_common_period,fs_wrapper,lstm,1,0,2022-10-01,109987.89999999998,107563.9921875,-2423.90781249998
my_run,A3,panel2_common_period,fs_wrapper,lstm,1,0,2023-01-01,109706.89999999992,107686.84375,-2020.0562499999212
my_run,A3,panel2_common_period,fs_wrapper,lstm,1,0,2023-04-01,95012.50000000006,107700.1953125,12687.695312499942
my_run,A3,panel2_common_period,fs_wrapper,lstm,1,1,2023-07-01,92715.5,106554.5390625,13839.039062499984
my_run,A3,panel2_common_period,fs_wrapper,lstm,1,1,2023-10-01,106259.39999999992,106521.8125,262.4125000000786
my_run,A3,panel2_common_period,fs_wrapper,lstm,1,1,2024-01-01,114491.90000000008,106459.5546875,-8032.3453125000815
my_run,A3,panel2_common_period,fs_wrapper,lstm,1,1,2024-04-01,98590.0,106356.453125,7766.453125
my_run,A3,panel2_common_period,fs_wrapper,lstm,1,2,2024-07-01,95843.10000000003,105664.9453125,9821.845312499963
my_run,A3,panel2_common_period,fs_wrapper,lstm,1,2,2024-10-01,111622.30000000002,105619.0,-6003.3000000000175
my_run,A3,panel2_common_period,fs_wrapper,lstm,1,2,2025-01-01,115136.6999999999,105640.7578125,-9495.942187499895
my_run,A3,panel2_common_period,fs_wrapper,lstm,2,3,2022-10-01,109987.89999999998,107307.9453125,-2679.95468749998
my_run,A3,panel2_common_period,fs_wrapper,lstm,2,3,2023-01-01,109706.89999999992,107272.328125,-2434.5718749999214
my_run,A3,panel2_common_period,fs_wrapper,lstm,2,3,2023-04-01,95012.50000000006,107315.609375,12303.109374999942
my_run,A3,panel2_common_period,fs_wrapper,lstm,2,3,2023-07-01,92715.5,107375.6015625,14660.101562499984
my_run,A3,panel2_common_period,fs_wrapper,lstm,2,4,2023-10-01,106259.39999999992,106040.3671875,-219.03281249992145
my_run,A3,panel2_common_period,fs_wrapper,lstm,2,4,2024-01-01,114491.90000000008,105979.2109375,-8512.689062500081
my_run,A3,panel2_common_period,fs_wrapper,lstm,2,4,2024-04-01,98590.0,105916.7578125,7326.7578125
my_run,A3,panel2_common_period,fs_wrapper,lstm,2,4,2024-07-01,95843.10000000003,105891.6171875,10048.517187499963
my_run,A3,panel2_common_period,fs_wrapper,lstm,4,5,2023-04-01,95012.50000000006,105732.4765625,10719.976562499942
my_run,A3,panel2_common_period,fs_wrapper,lstm,4,5,2023-07-01,92715.5,105701.625,12986.124999999984
my_run,A3,panel2_common_period,fs_wrapper,lstm,4,5,2023-10-01,106259.39999999992,105768.7890625,-490.6109374999214
my_run,A3,panel2_common_period,fs_wrapper,lstm,4,5,2024-01-01,114491.90000000008,105806.2109375,-8685.689062500081
my_run,A3,panel2_common_period,fs_wrapper,lstm,4,6,2024-04-01,98590.0,104297.8515625,5707.8515625
my_run,A3,panel2_common_period,fs_wrapper,lstm,4,6,2024-07-01,95843.10000000003,104318.5390625,8475.439062499965
my_run,A3,panel2_common_period,fs_wrapper,lstm,4,6,2024-10-01,111622.30000000002,104315.75,-7306.5500000000175
my_run,A3,panel2_common_period,fs_wrapper,lstm,4,6,2025-01-01,115136.6999999999,104226.453125,-10910.246874999895
my_run,A3,panel2_common_period,fs_xgboost_shap,ridge,1,0,2022-07-01,100142.10000000003,108477.34089596372,8335.240895963696
my_run,A3,panel2_common_period,fs_xgboost_shap,ridge,1,0,2022-10-01,109987.89999999998,110300.0066930126,312.1066930126108
my_run,A3,panel2_common_period,fs_xgboost_shap,ridge,1,0,2023-01-01,109706.89999999992,107768.58580195456,-1938.3141980453656
my_run,A3,panel2_common_period,fs_xgboost_shap,ridge,1,0,2023-04-01,95012.50000000006,105656.30309223616,10643.803092236092
my_run,A3,panel2_common_period,fs_xgboost_shap,ridge,1,1,2023-07-01,92715.5,106156.49740833991,13440.997408339914
my_run,A3,panel2_common_period,fs_xgboost_shap,ridge,1,1,2023-10-01,106259.39999999992,108202.42039184464,1943.0203918447223
my_run,A3,panel2_common_period,fs_xgboost_shap,ridge,1,1,2024-01-01,114491.90000000008,106186.52952918805,-8305.370470812035
my_run,A3,panel2_common_period,fs_xgboost_shap,ridge,1,1,2024-04-01,98590.0,104148.41303117272,5558.41303117272
my_run,A3,panel2_common_period,fs_xgboost_shap,ridge,1,2,2024-07-01,95843.10000000003,105160.28213173308,9317.182131733049
my_run,A3,panel2_common_period,fs_xgboost_shap,ridge,1,2,2024-10-01,111622.30000000002,107637.53475791734,-3984.765242082678
my_run,A3,panel2_common_period,fs_xgboost_shap,ridge,1,2,2025-01-01,115136.6999999999,106031.86351187744,-9104.83648812244
my_run,A3,panel2_common_period,fs_xgboost_shap,ridge,2,3,2022-10-01,109987.89999999998,107148.01261758784,-2839.88738241214
my_run,A3,panel2_common_period,fs_xgboost_shap,ridge,2,3,2023-01-01,109706.89999999992,107536.27804277072,-2170.621957229203
my_run,A3,panel2_common_period,fs_xgboost_shap,ridge,2,3,2023-04-01,95012.50000000006,103173.73360474534,8161.233604745284
my_run,A3,panel2_common_period,fs_xgboost_shap,ridge,2,3,2023-07-01,92715.5,103314.9573477711,10599.45734777108
my_run,A3,panel2_common_period,fs_xgboost_shap,ridge,2,4,2023-10-01,106259.39999999992,106534.5602020072,275.1602020072896
my_run,A3,panel2_common_period,fs_xgboost_shap,ridge,2,4,2024-01-01,114491.90000000008,106395.46536792068,-8096.434632079414
my_run,A3,panel2_common_period,fs_xgboost_shap,ridge,2,4,2024-04-01,98590.0,101271.10711458628,2681.1071145862807
my_run,A3,panel2_common_period,fs_xgboost_shap,ridge,2,4,2024-07-01,95843.10000000003,100509.17508158558,4666.075081585543
my_run,A3,panel2_common_period,fs_xgboost_shap,ridge,4,5,2023-04-01,95012.50000000006,106447.83531422143,11435.335314221376
my_run,A3,panel2_common_period,fs_xgboost_shap,ridge,4,5,2023-07-01,92715.5,105413.1784395894,12697.678439589392
my_run,A3,panel2_common_period,fs_xgboost_shap,ridge,4,5,2023-10-01,106259.39999999992,108033.405433263,1774.0054332630823
my_run,A3,panel2_common_period,fs_xgboost_shap,ridge,4,5,2024-01-01,114491.90000000008,107794.61808298167,-6697.281917018408
my_run,A3,panel2_common_period,fs_xgboost_shap,ridge,4,6,2024-04-01,98590.0,103325.10040694918,4735.100406949176
my_run,A3,panel2_common_period,fs_xgboost_shap,ridge,4,6,2024-07-01,95843.10000000003,103032.78340204836,7189.683402048337
my_run,A3,panel2_common_period,fs_xgboost_shap,ridge,4,6,2024-10-01,111622.30000000002,107369.17991217136,-4253.120087828647
my_run,A3,panel2_common_period,fs_xgboost_shap,ridge,4,6,2025-01-01,115136.6999999999,107247.23286049352,-7889.467139506378
my_run,A3,panel2_common_period,fs_xgboost_shap,random_forest,1,0,2022-07-01,100142.10000000003,105027.12791306485,4885.027913064798
my_run,A3,panel2_common_period,fs_xgboost_shap,random_forest,1,0,2022-10-01,109987.89999999998,116777.87071923018,6789.970719230201
my_run,A3,panel2_common_period,fs_xgboost_shap,random_forest,1,0,2023-01-01,109706.89999999992,114132.90702717705,4426.007027177111
my_run,A3,panel2_common_period,fs_xgboost_shap,random_forest,1,0,2023-04-01,95012.50000000006,101361.72593726825,6349.225937268187
my_run,A3,panel2_common_period,fs_xgboost_shap,random_forest,1,1,2023-07-01,92715.5,99400.26371941992,6684.763719419905
my_run,A3,panel2_common_period,fs_xgboost_shap,random_forest,1,1,2023-10-01,106259.39999999992,112504.17476847468,6244.774768474759
my_run,A3,panel2_common_period,fs_xgboost_shap,random_forest,1,1,2024-01-01,114491.90000000008,112447.82095645716,-2044.0790435429224
my_run,A3,panel2_common_period,fs_xgboost_shap,random_forest,1,1,2024-04-01,98590.0,93166.54913562808,-5423.450864371931
my_run,A3,panel2_common_period,fs_xgboost_shap,random_forest,1,2,2024-07-01,95843.10000000003,107523.54459025396,11680.444590253916
my_run,A3,panel2_common_period,fs_xgboost_shap,random_forest,1,2,2024-10-01,111622.30000000002,112124.53076693964,502.2307669396105
my_run,A3,panel2_common_period,fs_xgboost_shap,random_forest,1,2,2025-01-01,115136.6999999999,111194.19972378308,-3942.500276216815
my_run,A3,panel2_common_period,fs_xgboost_shap,random_forest,2,3,2022-10-01,109987.89999999998,107515.6194547052,-2472.28054529478
my_run,A3,panel2_common_period,fs_xgboost_shap,random_forest,2,3,2023-01-01,109706.89999999992,116457.7712369456,6750.871236945677
my_run,A3,panel2_common_period,fs_xgboost_shap,random_forest,2,3,2023-04-01,95012.50000000006,96509.75208926572,1497.2520892656612
my_run,A3,panel2_common_period,fs_xgboost_shap,random_forest,2,3,2023-07-01,92715.5,107449.58269175084,14734.082691750824
my_run,A3,panel2_common_period,fs_xgboost_shap,random_forest,2,4,2023-10-01,106259.39999999992,114037.3679876492,7777.967987649288
my_run,A3,panel2_common_period,fs_xgboost_shap,random_forest,2,4,2024-01-01,114491.90000000008,113384.28321209486,-1107.6167879052227
my_run,A3,panel2_common_period,fs_xgboost_shap,random_forest,2,4,2024-04-01,98590.0,96979.57605543612,-1610.4239445638668
my_run,A3,panel2_common_period,fs_xgboost_shap,random_forest,2,4,2024-07-01,95843.10000000003,95291.22027608988,-551.8797239101696
my_run,A3,panel2_common_period,fs_xgboost_shap,random_forest,4,5,2023-04-01,95012.50000000006,108204.70022300686,13192.200223006805
my_run,A3,panel2_common_period,fs_xgboost_shap,random_forest,4,5,2023-07-01,92715.5,97990.98613127045,5275.486131270431
my_run,A3,panel2_common_period,fs_xgboost_shap,random_forest,4,5,2023-10-01,106259.39999999992,113331.11992933087,7071.719929330953
my_run,A3,panel2_common_period,fs_xgboost_shap,random_forest,4,5,2024-01-01,114491.90000000008,112848.9987634426,-1642.9012365574745
my_run,A3,panel2_common_period,fs_xgboost_shap,random_forest,4,6,2024-04-01,98590.0,95165.92418776071,-3424.075812239287
my_run,A3,panel2_common_period,fs_xgboost_shap,random_forest,4,6,2024-07-01,95843.10000000003,96845.99178447571,1002.8917844756944
my_run,A3,panel2_common_period,fs_xgboost_shap,random_forest,4,6,2024-10-01,111622.30000000002,115701.6417408192,4079.341740819189
my_run,A3,panel2_common_period,fs_xgboost_shap,random_forest,4,6,2025-01-01,115136.6999999999,112032.89201400318,-3103.807985996711
my_run,A3,panel2_common_period,fs_xgboost_shap,lightgbm,1,0,2022-07-01,100142.10000000003,109653.94315804,9511.843158039965
my_run,A3,panel2_common_period,fs_xgboost_shap,lightgbm,1,0,2022-10-01,109987.89999999998,113375.29548490922,3387.3954849092406
my_run,A3,panel2_common_period,fs_xgboost_shap,lightgbm,1,0,2023-01-01,109706.89999999992,116694.58384473051,6987.683844730593
my_run,A3,panel2_common_period,fs_xgboost_shap,lightgbm,1,0,2023-04-01,95012.50000000006,104058.37415802055,9045.87415802051
my_run,A3,panel2_common_period,fs_xgboost_shap,lightgbm,1,1,2023-07-01,92715.5,89687.44749658734,-3028.0525034126767
my_run,A3,panel2_common_period,fs_xgboost_shap,lightgbm,1,1,2023-10-01,106259.39999999992,110717.280933118,4457.880933118067
my_run,A3,panel2_common_period,fs_xgboost_shap,lightgbm,1,1,2024-01-01,114491.90000000008,114613.812884905,121.9128849049157
my_run,A3,panel2_common_period,fs_xgboost_shap,lightgbm,1,1,2024-04-01,98590.0,95296.6601722352,-3293.3398277648084
my_run,A3,panel2_common_period,fs_xgboost_shap,lightgbm,1,2,2024-07-01,95843.10000000003,108769.44253202228,12926.342532022243
my_run,A3,panel2_common_period,fs_xgboost_shap,lightgbm,1,2,2024-10-01,111622.30000000002,105169.391929804,-6452.908070196005
my_run,A3,panel2_common_period,fs_xgboost_shap,lightgbm,1,2,2025-01-01,115136.6999999999,107468.23156012912,-7668.468439870776
my_run,A3,panel2_common_period,fs_xgboost_shap,lightgbm,2,3,2022-10-01,109987.89999999998,103382.21368793282,-6605.686312067162
my_run,A3,panel2_common_period,fs_xgboost_shap,lightgbm,2,3,2023-01-01,109706.89999999992,118974.91840195296,9268.018401953028
my_run,A3,panel2_common_period,fs_xgboost_shap,lightgbm,2,3,2023-04-01,95012.50000000006,98321.87975778148,3309.3797577814257
my_run,A3,panel2_common_period,fs_xgboost_shap,lightgbm,2,3,2023-07-01,92715.5,102021.59382205553,9306.093822055496
my_run,A3,panel2_common_period,fs_xgboost_shap,lightgbm,2,4,2023-10-01,106259.39999999992,112645.21901781512,6385.8190178152
my_run,A3,panel2_common_period,fs_xgboost_shap,lightgbm,2,4,2024-01-01,114491.90000000008,113608.1099261449,-883.7900738551834
my_run,A3,panel2_common_period,fs_xgboost_shap,lightgbm,2,4,2024-04-01,98590.0,101054.52148606726,2464.521486067257
my_run,A3,panel2_common_period,fs_xgboost_shap,lightgbm,2,4,2024-07-01,95843.10000000003,100643.13680824151,4800.036808241493
my_run,A3,panel2_common_period,fs_xgboost_shap,lightgbm,4,5,2023-04-01,95012.50000000006,97333.4522094325,2320.9522094324348
my_run,A3,panel2_common_period,fs_xgboost_shap,lightgbm,4,5,2023-07-01,92715.5,91242.24006139426,-1473.2599386057557
my_run,A3,panel2_common_period,fs_xgboost_shap,lightgbm,4,5,2023-10-01,106259.39999999992,109284.92665883558,3025.526658835661
my_run,A3,panel2_common_period,fs_xgboost_shap,lightgbm,4,5,2024-01-01,114491.90000000008,115752.73305167802,1260.8330516779388
my_run,A3,panel2_common_period,fs_xgboost_shap,lightgbm,4,6,2024-04-01,98590.0,88266.204621497,-10323.795378502997
my_run,A3,panel2_common_period,fs_xgboost_shap,lightgbm,4,6,2024-07-01,95843.10000000003,89804.71453270197,-6038.385467298067
my_run,A3,panel2_common_period,fs_xgboost_shap,lightgbm,4,6,2024-10-01,111622.30000000002,120900.17144309024,9277.871443090233
my_run,A3,panel2_common_period,fs_xgboost_shap,lightgbm,4,6,2025-01-01,115136.6999999999,111412.30171210098,-3724.398287898919
my_run,A3,panel2_common_period,fs_xgboost_shap,catboost,1,0,2022-07-01,100142.10000000003,101969.54117391804,1827.4411739180068
my_run,A3,panel2_common_period,fs_xgboost_shap,catboost,1,0,2022-10-01,109987.89999999998,115914.82997494526,5926.929974945277
my_run,A3,panel2_common_period,fs_xgboost_shap,catboost,1,0,2023-01-01,109706.89999999992,113332.87937398849,3625.979373988565
my_run,A3,panel2_common_period,fs_xgboost_shap,catboost,1,0,2023-04-01,95012.50000000006,101313.80849736668,6301.308497366612
my_run,A3,panel2_common_period,fs_xgboost_shap,catboost,1,1,2023-07-01,92715.5,96699.47524771169,3983.975247711671
my_run,A3,panel2_common_period,fs_xgboost_shap,catboost,1,1,2023-10-01,106259.39999999992,112656.0596092318,6396.65960923188
my_run,A3,panel2_common_period,fs_xgboost_shap,catboost,1,1,2024-01-01,114491.90000000008,111794.68535179405,-2697.2146482060343
my_run,A3,panel2_common_period,fs_xgboost_shap,catboost,1,1,2024-04-01,98590.0,92328.82589524258,-6261.174104757418
my_run,A3,panel2_common_period,fs_xgboost_shap,catboost,1,2,2024-07-01,95843.10000000003,105662.79636026172,9819.696360261689
my_run,A3,panel2_common_period,fs_xgboost_shap,catboost,1,2,2024-10-01,111622.30000000002,106051.25361119276,-5571.04638880727
my_run,A3,panel2_common_period,fs_xgboost_shap,catboost,1,2,2025-01-01,115136.6999999999,107296.69736191396,-7840.002638085949
my_run,A3,panel2_common_period,fs_xgboost_shap,catboost,2,3,2022-10-01,109987.89999999998,102952.70875383932,-7035.191246160655
my_run,A3,panel2_common_period,fs_xgboost_shap,catboost,2,3,2023-01-01,109706.89999999992,114149.60434859993,4442.704348600004
my_run,A3,panel2_common_period,fs_xgboost_shap,catboost,2,3,2023-04-01,95012.50000000006,95545.54995485414,533.0499548540829
my_run,A3,panel2_common_period,fs_xgboost_shap,catboost,2,3,2023-07-01,92715.5,100980.0477072264,8264.547707226375
my_run,A3,panel2_common_period,fs_xgboost_shap,catboost,2,4,2023-10-01,106259.39999999992,106431.25618478864,171.8561847887322
my_run,A3,panel2_common_period,fs_xgboost_shap,catboost,2,4,2024-01-01,114491.90000000008,110224.26030801416,-4267.639691985925
my_run,A3,panel2_common_period,fs_xgboost_shap,catboost,2,4,2024-04-01,98590.0,95999.14693746869,-2590.8530625313288
my_run,A3,panel2_common_period,fs_xgboost_shap,catboost,2,4,2024-07-01,95843.10000000003,93534.76223456304,-2308.337765436984
my_run,A3,panel2_common_period,fs_xgboost_shap,catboost,4,5,2023-04-01,95012.50000000006,107396.16975973923,12383.66975973919
my_run,A3,panel2_common_period,fs_xgboost_shap,catboost,4,5,2023-07-01,92715.5,100080.69257947308,7365.192579473063
my_run,A3,panel2_common_period,fs_xgboost_shap,catboost,4,5,2023-10-01,106259.39999999992,111532.12356915104,5272.723569151116
my_run,A3,panel2_common_period,fs_xgboost_shap,catboost,4,5,2024-01-01,114491.90000000008,110037.98185810554,-4453.918141894537
my_run,A3,panel2_common_period,fs_xgboost_shap,catboost,4,6,2024-04-01,98590.0,98098.33314620816,-491.6668537918449
my_run,A3,panel2_common_period,fs_xgboost_shap,catboost,4,6,2024-07-01,95843.10000000003,97895.60813587416,2052.5081358741154
my_run,A3,panel2_common_period,fs_xgboost_shap,catboost,4,6,2024-10-01,111622.30000000002,113278.17817380288,1655.8781738028629
my_run,A3,panel2_common_period,fs_xgboost_shap,catboost,4,6,2025-01-01,115136.6999999999,112789.40320739611,-2347.296792603782
my_run,A3,panel2_common_period,fs_xgboost_shap,lstm,1,0,2022-07-01,100142.10000000003,106306.15625,6164.056249999965
my_run,A3,panel2_common_period,fs_xgboost_shap,lstm,1,0,2022-10-01,109987.89999999998,106287.9140625,-3699.98593749998
my_run,A3,panel2_common_period,fs_xgboost_shap,lstm,1,0,2023-01-01,109706.89999999992,106152.6796875,-3554.2203124999214
my_run,A3,panel2_common_period,fs_xgboost_shap,lstm,1,0,2023-04-01,95012.50000000006,106080.6171875,11068.117187499942
my_run,A3,panel2_common_period,fs_xgboost_shap,lstm,1,1,2023-07-01,92715.5,105615.78125,12900.281249999984
my_run,A3,panel2_common_period,fs_xgboost_shap,lstm,1,1,2023-10-01,106259.39999999992,105524.3671875,-735.0328124999214
my_run,A3,panel2_common_period,fs_xgboost_shap,lstm,1,1,2024-01-01,114491.90000000008,105406.984375,-9084.91562500008
my_run,A3,panel2_common_period,fs_xgboost_shap,lstm,1,1,2024-04-01,98590.0,105378.9375,6788.9375
my_run,A3,panel2_common_period,fs_xgboost_shap,lstm,1,2,2024-07-01,95843.10000000003,104757.8984375,8914.798437499965
my_run,A3,panel2_common_period,fs_xgboost_shap,lstm,1,2,2024-10-01,111622.30000000002,104643.3671875,-6978.9328125000175
my_run,A3,panel2_common_period,fs_xgboost_shap,lstm,1,2,2025-01-01,115136.6999999999,104553.390625,-10583.309374999895
my_run,A3,panel2_common_period,fs_xgboost_shap,lstm,2,3,2022-10-01,109987.89999999998,105641.5625,-4346.33749999998
my_run,A3,panel2_common_period,fs_xgboost_shap,lstm,2,3,2023-01-01,109706.89999999992,105544.078125,-4162.821874999921
my_run,A3,panel2_common_period,fs_xgboost_shap,lstm,2,3,2023-04-01,95012.50000000006,105355.9296875,10343.429687499942
my_run,A3,panel2_common_period,fs_xgboost_shap,lstm,2,3,2023-07-01,92715.5,105400.84375,12685.343749999984
my_run,A3,panel2_common_period,fs_xgboost_shap,lstm,2,4,2023-10-01,106259.39999999992,104643.875,-1615.5249999999214
my_run,A3,panel2_common_period,fs_xgboost_shap,lstm,2,4,2024-01-01,114491.90000000008,104464.6875,-10027.21250000008
my_run,A3,panel2_common_period,fs_xgboost_shap,lstm,2,4,2024-04-01,98590.0,104297.8515625,5707.8515625
my_run,A3,panel2_common_period,fs_xgboost_shap,lstm,2,4,2024-07-01,95843.10000000003,104370.9765625,8527.876562499965
my_run,A3,panel2_common_period,fs_xgboost_shap,lstm,4,5,2023-04-01,95012.50000000006,104426.640625,9414.140624999942
my_run,A3,panel2_common_period,fs_xgboost_shap,lstm,4,5,2023-07-01,92715.5,104348.6796875,11633.179687499984
my_run,A3,panel2_common_period,fs_xgboost_shap,lstm,4,5,2023-10-01,106259.39999999992,104233.015625,-2026.3843749999212
my_run,A3,panel2_common_period,fs_xgboost_shap,lstm,4,5,2024-01-01,114491.90000000008,104260.65625,-10231.24375000008
my_run,A3,panel2_common_period,fs_xgboost_shap,lstm,4,6,2024-04-01,98590.0,103816.84375,5226.84375
my_run,A3,panel2_common_period,fs_xgboost_shap,lstm,4,6,2024-07-01,95843.10000000003,103730.7421875,7887.642187499965
my_run,A3,panel2_common_period,fs_xgboost_shap,lstm,4,6,2024-10-01,111622.30000000002,103686.734375,-7935.5656250000175
my_run,A3,panel2_common_period,fs_xgboost_shap,lstm,4,6,2025-01-01,115136.6999999999,103711.9609375,-11424.739062499895
my_run,A3,panel2_common_period,fs_permutation_stability,ridge,1,0,2022-07-01,100142.10000000003,110098.66679835644,9956.56679835639
my_run,A3,panel2_common_period,fs_permutation_stability,ridge,1,0,2022-10-01,109987.89999999998,113404.21660938616,3416.316609386165
my_run,A3,panel2_common_period,fs_permutation_stability,ridge,1,0,2023-01-01,109706.89999999992,105240.45306079536,-4466.446939204572
my_run,A3,panel2_common_period,fs_permutation_stability,ridge,1,0,2023-04-01,95012.50000000006,103387.30516054553,8374.805160545453
my_run,A3,panel2_common_period,fs_permutation_stability,ridge,1,1,2023-07-01,92715.5,104225.0495991926,11509.549599192584
my_run,A3,panel2_common_period,fs_permutation_stability,ridge,1,1,2023-10-01,106259.39999999992,102729.92412117656,-3529.475878823374
my_run,A3,panel2_common_period,fs_permutation_stability,ridge,1,1,2024-01-01,114491.90000000008,99095.1364320008,-15396.763567999296
my_run,A3,panel2_common_period,fs_permutation_stability,ridge,1,1,2024-04-01,98590.0,95202.22881293263,-3387.771187067352
my_run,A3,panel2_common_period,fs_permutation_stability,ridge,1,2,2024-07-01,95843.10000000003,97597.65551072713,1754.555510727092
my_run,A3,panel2_common_period,fs_permutation_stability,ridge,1,2,2024-10-01,111622.30000000002,97873.16952764166,-13749.13047235836
my_run,A3,panel2_common_period,fs_permutation_stability,ridge,1,2,2025-01-01,115136.6999999999,100135.30167137948,-15001.398328620417
my_run,A3,panel2_common_period,fs_permutation_stability,ridge,2,3,2022-10-01,109987.89999999998,108188.62100759563,-1799.2789924043318
my_run,A3,panel2_common_period,fs_permutation_stability,ridge,2,3,2023-01-01,109706.89999999992,111633.8817688927,1926.9817688927724
my_run,A3,panel2_common_period,fs_permutation_stability,ridge,2,3,2023-04-01,95012.50000000006,100700.31856164135,5687.818561641296
my_run,A3,panel2_common_period,fs_permutation_stability,ridge,2,3,2023-07-01,92715.5,100907.6039117427,8192.103911742684
my_run,A3,panel2_common_period,fs_permutation_stability,ridge,2,4,2023-10-01,106259.39999999992,104432.3747544338,-1827.0252455661248
my_run,A3,panel2_common_period,fs_permutation_stability,ridge,2,4,2024-01-01,114491.90000000008,101264.21674831172,-13227.683251688371
my_run,A3,panel2_common_period,fs_permutation_stability,ridge,2,4,2024-04-01,98590.0,94524.60565763022,-4065.3943423697774
my_run,A3,panel2_common_period,fs_permutation_stability,ridge,2,4,2024-07-01,95843.10000000003,92100.30639711925,-3742.793602880804
my_run,A3,panel2_common_period,fs_permutation_stability,ridge,4,5,2023-04-01,95012.50000000006,105811.73119066168,10799.231190661609
my_run,A3,panel2_common_period,fs_permutation_stability,ridge,4,5,2023-07-01,92715.5,104553.89574332185,11838.395743321817
my_run,A3,panel2_common_period,fs_permutation_stability,ridge,4,5,2023-10-01,106259.39999999992,109315.6335789114,3056.233578911473
my_run,A3,panel2_common_period,fs_permutation_stability,ridge,4,5,2024-01-01,114491.90000000008,108457.3732316786,-6034.526768321492
my_run,A3,panel2_common_period,fs_permutation_stability,ridge,4,6,2024-04-01,98590.0,105610.81001910233,7020.810019102311
my_run,A3,panel2_common_period,fs_permutation_stability,ridge,4,6,2024-07-01,95843.10000000003,107466.8994799348,11623.79947993475
my_run,A3,panel2_common_period,fs_permutation_stability,ridge,4,6,2024-10-01,111622.30000000002,112054.43456635471,432.1345663546963
my_run,A3,panel2_common_period,fs_permutation_stability,ridge,4,6,2025-01-01,115136.6999999999,111890.7655481132,-3245.9344518867
my_run,A3,panel2_common_period,fs_permutation_stability,random_forest,1,0,2022-07-01,100142.10000000003,108454.7738998359,8312.673899835863
my_run,A3,panel2_common_period,fs_permutation_stability,random_forest,1,0,2022-10-01,109987.89999999998,108454.7738998359,-1533.1261001640814
my_run,A3,panel2_common_period,fs_permutation_stability,random_forest,1,0,2023-01-01,109706.89999999992,108454.7738998359,-1252.1261001640232
my_run,A3,panel2_common_period,fs_permutation_stability,random_forest,1,0,2023-04-01,95012.50000000006,108454.7738998359,13442.27389983584
my_run,A3,panel2_common_period,fs_permutation_stability,random_forest,1,1,2023-07-01,92715.5,107420.73950966477,14705.239509664738
my_run,A3,panel2_common_period,fs_permutation_stability,random_forest,1,1,2023-10-01,106259.39999999992,107237.01900292518,977.6190029252612
my_run,A3,panel2_common_period,fs_permutation_stability,random_forest,1,1,2024-01-01,114491.90000000008,107237.01900292518,-7254.880997074899
my_run,A3,panel2_common_period,fs_permutation_stability,random_forest,1,1,2024-04-01,98590.0,107237.01900292518,8647.019002925183
my_run,A3,panel2_common_period,fs_permutation_stability,random_forest,1,2,2024-07-01,95843.10000000003,104160.61591922776,8317.51591922772
my_run,A3,panel2_common_period,fs_permutation_stability,random_forest,1,2,2024-10-01,111622.30000000002,104160.61591922776,-7461.684080772262
my_run,A3,panel2_common_period,fs_permutation_stability,random_forest,1,2,2025-01-01,115136.6999999999,104160.61591922776,-10976.08408077214
my_run,A3,panel2_common_period,fs_permutation_stability,random_forest,2,3,2022-10-01,109987.89999999998,108086.91690591592,-1900.9830940840477
my_run,A3,panel2_common_period,fs_permutation_stability,random_forest,2,3,2023-01-01,109706.89999999992,108086.91690591592,-1619.9830940839893
my_run,A3,panel2_common_period,fs_permutation_stability,random_forest,2,3,2023-04-01,95012.50000000006,108086.91690591592,13074.416905915874
my_run,A3,panel2_common_period,fs_permutation_stability,random_forest,2,3,2023-07-01,92715.5,108086.91690591592,15371.416905915918
my_run,A3,panel2_common_period,fs_permutation_stability,random_forest,2,4,2023-10-01,106259.39999999992,106437.3314297128,177.93142971287307
my_run,A3,panel2_common_period,fs_permutation_stability,random_forest,2,4,2024-01-01,114491.90000000008,106437.3314297128,-8054.568570287287
my_run,A3,panel2_common_period,fs_permutation_stability,random_forest,2,4,2024-04-01,98590.0,106437.3314297128,7847.331429712794
my_run,A3,panel2_common_period,fs_permutation_stability,random_forest,2,4,2024-07-01,95843.10000000003,106437.3314297128,10594.23142971276
my_run,A3,panel2_common_period,fs_permutation_stability,random_forest,4,5,2023-04-01,95012.50000000006,106343.5240705256,11331.024070525542
my_run,A3,panel2_common_period,fs_permutation_stability,random_forest,4,5,2023-07-01,92715.5,106343.5240705256,13628.024070525586
my_run,A3,panel2_common_period,fs_permutation_stability,random_forest,4,5,2023-10-01,106259.39999999992,106343.5240705256,84.12407052567869
my_run,A3,panel2_common_period,fs_permutation_stability,random_forest,4,5,2024-01-01,114491.90000000008,106343.5240705256,-8148.375929474481
my_run,A3,panel2_common_period,fs_permutation_stability,random_forest,4,6,2024-04-01,98590.0,105400.2929818862,6810.292981886203
my_run,A3,panel2_common_period,fs_permutation_stability,random_forest,4,6,2024-07-01,95843.10000000003,105400.2929818862,9557.192981886168
my_run,A3,panel2_common_period,fs_permutation_stability,random_forest,4,6,2024-10-01,111622.30000000002,105400.2929818862,-6222.007018113814
my_run,A3,panel2_common_period,fs_permutation_stability,random_forest,4,6,2025-01-01,115136.6999999999,105400.2929818862,-9736.407018113692
my_run,A3,panel2_common_period,fs_permutation_stability,lightgbm,1,0,2022-07-01,100142.10000000003,109015.72922282708,8873.629222827047
my_run,A3,panel2_common_period,fs_permutation_stability,lightgbm,1,0,2022-10-01,109987.89999999998,109015.72922282708,-972.170777172898
my_run,A3,panel2_common_period,fs_permutation_stability,lightgbm,1,0,2023-01-01,109706.89999999992,109015.72922282708,-691.1707771728397
my_run,A3,panel2_common_period,fs_permutation_stability,lightgbm,1,0,2023-04-01,95012.50000000006,109015.72922282708,14003.229222827023
my_run,A3,panel2_common_period,fs_permutation_stability,lightgbm,1,1,2023-07-01,92715.5,107892.22303400718,15176.72303400717
my_run,A3,panel2_common_period,fs_permutation_stability,lightgbm,1,1,2023-10-01,106259.39999999992,107892.22303400718,1632.8230340072623
my_run,A3,panel2_common_period,fs_permutation_stability,lightgbm,1,1,2024-01-01,114491.90000000008,107892.22303400718,-6599.676965992898
my_run,A3,panel2_common_period,fs_permutation_stability,lightgbm,1,1,2024-04-01,98590.0,107892.22303400718,9302.223034007184
my_run,A3,panel2_common_period,fs_permutation_stability,lightgbm,1,2,2024-07-01,95843.10000000003,107007.3872602541,11164.28726025406
my_run,A3,panel2_common_period,fs_permutation_stability,lightgbm,1,2,2024-10-01,111622.30000000002,107007.3872602541,-4614.912739745923
my_run,A3,panel2_common_period,fs_permutation_stability,lightgbm,1,2,2025-01-01,115136.6999999999,107007.3872602541,-8129.312739745801
my_run,A3,panel2_common_period,fs_permutation_stability,lightgbm,2,3,2022-10-01,109987.89999999998,108419.51842444691,-1568.3815755530522
my_run,A3,panel2_common_period,fs_permutation_stability,lightgbm,2,3,2023-01-01,109706.89999999992,108419.51842444691,-1287.381575552994
my_run,A3,panel2_common_period,fs_permutation_stability,lightgbm,2,3,2023-04-01,95012.50000000006,108419.51842444691,13407.01842444687
my_run,A3,panel2_common_period,fs_permutation_stability,lightgbm,2,3,2023-07-01,92715.5,108419.51842444691,15704.018424446913
my_run,A3,panel2_common_period,fs_permutation_stability,lightgbm,2,4,2023-10-01,106259.39999999992,107006.85064764744,747.4506476475071
my_run,A3,panel2_common_period,fs_permutation_stability,lightgbm,2,4,2024-01-01,114491.90000000008,107006.85064764744,-7485.049352352653
my_run,A3,panel2_common_period,fs_permutation_stability,lightgbm,2,4,2024-04-01,98590.0,107006.85064764744,8416.850647647429
my_run,A3,panel2_common_period,fs_permutation_stability,lightgbm,2,4,2024-07-01,95843.10000000003,107006.85064764744,11163.750647647394
my_run,A3,panel2_common_period,fs_permutation_stability,lightgbm,4,5,2023-04-01,95012.50000000006,106473.46196083842,11460.961960838364
my_run,A3,panel2_common_period,fs_permutation_stability,lightgbm,4,5,2023-07-01,92715.5,106473.46196083842,13757.96196083841
my_run,A3,panel2_common_period,fs_permutation_stability,lightgbm,4,5,2023-10-01,106259.39999999992,106473.46196083842,214.06196083850227
my_run,A3,panel2_common_period,fs_permutation_stability,lightgbm,4,5,2024-01-01,114491.90000000008,106473.46196083842,-8018.438039161658
my_run,A3,panel2_common_period,fs_permutation_stability,lightgbm,4,6,2024-04-01,98590.0,105510.7866712575,6920.786671257505
my_run,A3,panel2_common_period,fs_permutation_stability,lightgbm,4,6,2024-07-01,95843.10000000003,105510.7866712575,9667.68667125747
my_run,A3,panel2_common_period,fs_permutation_stability,lightgbm,4,6,2024-10-01,111622.30000000002,105510.7866712575,-6111.513328742512
my_run,A3,panel2_common_period,fs_permutation_stability,lightgbm,4,6,2025-01-01,115136.6999999999,105510.7866712575,-9625.91332874239
my_run,A3,panel2_common_period,fs_permutation_stability,catboost,1,0,2022-07-01,100142.10000000003,106589.10443601244,6447.004436012416
my_run,A3,panel2_common_period,fs_permutation_stability,catboost,1,0,2022-10-01,109987.89999999998,107361.27493580972,-2626.625064190259
my_run,A3,panel2_common_period,fs_permutation_stability,catboost,1,0,2023-01-01,109706.89999999992,109936.82456941996,229.92456942005083
my_run,A3,panel2_common_period,fs_permutation_stability,catboost,1,0,2023-04-01,95012.50000000006,111370.23210789872,16357.732107898672
my_run,A3,panel2_common_period,fs_permutation_stability,catboost,1,1,2023-07-01,92715.5,108811.21195636212,16095.711956362107
my_run,A3,panel2_common_period,fs_permutation_stability,catboost,1,1,2023-10-01,106259.39999999992,97772.5845310616,-8486.815468938323
my_run,A3,panel2_common_period,fs_permutation_stability,catboost,1,1,2024-01-01,114491.90000000008,100651.59338670853,-13840.30661329157
my_run,A3,panel2_common_period,fs_permutation_stability,catboost,1,1,2024-04-01,98590.0,102552.91404250728,3962.914042507269
my_run,A3,panel2_common_period,fs_permutation_stability,catboost,1,2,2024-07-01,95843.10000000003,104348.54693006788,8505.446930067847
my_run,A3,panel2_common_period,fs_permutation_stability,catboost,1,2,2024-10-01,111622.30000000002,104348.54693006788,-7273.753069932136
my_run,A3,panel2_common_period,fs_permutation_stability,catboost,1,2,2025-01-01,115136.6999999999,102550.42150624904,-12586.27849375087
my_run,A3,panel2_common_period,fs_permutation_stability,catboost,2,3,2022-10-01,109987.89999999998,107027.15362760834,-2960.7463723916444
my_run,A3,panel2_common_period,fs_permutation_stability,catboost,2,3,2023-01-01,109706.89999999992,109898.52684457674,191.6268445768219
my_run,A3,panel2_common_period,fs_permutation_stability,catboost,2,3,2023-04-01,95012.50000000006,101786.3611290189,6773.861129018842
my_run,A3,panel2_common_period,fs_permutation_stability,catboost,2,3,2023-07-01,92715.5,101023.19927598655,8307.699275986553
my_run,A3,panel2_common_period,fs_permutation_stability,catboost,2,4,2023-10-01,106259.39999999992,98924.04909385604,-7335.350906143896
my_run,A3,panel2_common_period,fs_permutation_stability,catboost,2,4,2024-01-01,114491.90000000008,95018.44016482624,-19473.45983517384
my_run,A3,panel2_common_period,fs_permutation_stability,catboost,2,4,2024-04-01,98590.0,98652.19214666488,62.19214666487824
my_run,A3,panel2_common_period,fs_permutation_stability,catboost,2,4,2024-07-01,95843.10000000003,101272.73789381818,5429.637893818144
my_run,A3,panel2_common_period,fs_permutation_stability,catboost,4,5,2023-04-01,95012.50000000006,107046.62184297868,12034.12184297861
my_run,A3,panel2_common_period,fs_permutation_stability,catboost,4,5,2023-07-01,92715.5,105875.2584448826,13159.75844488258
my_run,A3,panel2_common_period,fs_permutation_stability,catboost,4,5,2023-10-01,106259.39999999992,110697.46574054286,4438.065740542937
my_run,A3,panel2_common_period,fs_permutation_stability,catboost,4,5,2024-01-01,114491.90000000008,110052.08221063112,-4439.817789368972
my_run,A3,panel2_common_period,fs_permutation_stability,catboost,4,6,2024-04-01,98590.0,112275.15771901076,13685.157719010764
my_run,A3,panel2_common_period,fs_permutation_stability,catboost,4,6,2024-07-01,95843.10000000003,113069.42315071925,17226.323150719196
my_run,A3,panel2_common_period,fs_permutation_stability,catboost,4,6,2024-10-01,111622.30000000002,109136.51362701252,-2485.7863729874957
my_run,A3,panel2_common_period,fs_permutation_stability,catboost,4,6,2025-01-01,115136.6999999999,108356.2175493864,-6780.482450613505
my_run,A3,panel2_common_period,fs_permutation_stability,lstm,1,0,2022-07-01,100142.10000000003,105382.953125,5240.853124999965
my_run,A3,panel2_common_period,fs_permutation_stability,lstm,1,0,2022-10-01,109987.89999999998,105507.15625,-4480.74374999998
my_run,A3,panel2_common_period,fs_permutation_stability,lstm,1,0,2023-01-01,109706.89999999992,105765.453125,-3941.4468749999214
my_run,A3,panel2_common_period,fs_permutation_stability,lstm,1,0,2023-04-01,95012.50000000006,105650.125,10637.624999999942
my_run,A3,panel2_common_period,fs_permutation_stability,lstm,1,1,2023-07-01,92715.5,104840.3515625,12124.851562499984
my_run,A3,panel2_common_period,fs_permutation_stability,lstm,1,1,2023-10-01,106259.39999999992,104823.953125,-1435.4468749999214
my_run,A3,panel2_common_period,fs_permutation_stability,lstm,1,1,2024-01-01,114491.90000000008,104752.40625,-9739.49375000008
my_run,A3,panel2_common_period,fs_permutation_stability,lstm,1,1,2024-04-01,98590.0,104682.3984375,6092.3984375
my_run,A3,panel2_common_period,fs_permutation_stability,lstm,1,2,2024-07-01,95843.10000000003,103594.1171875,7751.017187499965
my_run,A3,panel2_common_period,fs_permutation_stability,lstm,1,2,2024-10-01,111622.30000000002,103575.75,-8046.5500000000175
my_run,A3,panel2_common_period,fs_permutation_stability,lstm,1,2,2025-01-01,115136.6999999999,103536.4375,-11600.262499999895
my_run,A3,panel2_common_period,fs_permutation_stability,lstm,2,3,2022-10-01,109987.89999999998,105101.3359375,-4886.56406249998
my_run,A3,panel2_common_period,fs_permutation_stability,lstm,2,3,2023-01-01,109706.89999999992,105089.296875,-4617.603124999921
my_run,A3,panel2_common_period,fs_permutation_stability,lstm,2,3,2023-04-01,95012.50000000006,105059.046875,10046.546874999942
my_run,A3,panel2_common_period,fs_permutation_stability,lstm,2,3,2023-07-01,92715.5,105121.9765625,12406.476562499984
my_run,A3,panel2_common_period,fs_permutation_stability,lstm,2,4,2023-10-01,106259.39999999992,103931.7578125,-2327.6421874999214
my_run,A3,panel2_common_period,fs_permutation_stability,lstm,2,4,2024-01-01,114491.90000000008,103919.8671875,-10572.03281250008
my_run,A3,panel2_common_period,fs_permutation_stability,lstm,2,4,2024-04-01,98590.0,103881.421875,5291.421875
my_run,A3,panel2_common_period,fs_permutation_stability,lstm,2,4,2024-07-01,95843.10000000003,103874.1953125,8031.095312499965
my_run,A3,panel2_common_period,fs_permutation_stability,lstm,4,5,2023-04-01,95012.50000000006,104055.3359375,9042.835937499942
my_run,A3,panel2_common_period,fs_permutation_stability,lstm,4,5,2023-07-01,92715.5,104223.375,11507.874999999984
my_run,A3,panel2_common_period,fs_permutation_stability,lstm,4,5,2023-10-01,106259.39999999992,104313.65625,-1945.7437499999212
my_run,A3,panel2_common_period,fs_permutation_stability,lstm,4,5,2024-01-01,114491.90000000008,104339.3359375,-10152.56406250008
my_run,A3,panel2_common_period,fs_permutation_stability,lstm,4,6,2024-04-01,98590.0,103630.6875,5040.6875
my_run,A3,panel2_common_period,fs_permutation_stability,lstm,4,6,2024-07-01,95843.10000000003,103582.8671875,7739.767187499965
my_run,A3,panel2_common_period,fs_permutation_stability,lstm,4,6,2024-10-01,111622.30000000002,103495.9609375,-8126.3390625000175
my_run,A3,panel2_common_period,fs_permutation_stability,lstm,4,6,2025-01-01,115136.6999999999,103328.90625,-11807.793749999895
my_run,A3,panel2_common_period,fs_consensus,ridge,1,0,2022-07-01,100142.10000000003,109642.81534868768,9500.715348687649
my_run,A3,panel2_common_period,fs_consensus,ridge,1,0,2022-10-01,109987.89999999998,112984.66878424709,2996.768784247106
my_run,A3,panel2_common_period,fs_consensus,ridge,1,0,2023-01-01,109706.89999999992,107148.78544822184,-2558.1145517780824
my_run,A3,panel2_common_period,fs_consensus,ridge,1,0,2023-04-01,95012.50000000006,104662.34612847625,9649.846128476172
my_run,A3,panel2_common_period,fs_consensus,ridge,1,1,2023-07-01,92715.5,105533.43956253912,12817.939562539104
my_run,A3,panel2_common_period,fs_consensus,ridge,1,1,2023-10-01,106259.39999999992,106609.18825170046,349.7882517005346
my_run,A3,panel2_common_period,fs_consensus,ridge,1,1,2024-01-01,114491.90000000008,103107.04274703044,-11384.85725296964
my_run,A3,panel2_common_period,fs_consensus,ridge,1,1,2024-04-01,98590.0,99956.13576760794,1366.1357676079351
my_run,A3,panel2_common_period,fs_consensus,ridge,1,2,2024-07-01,95843.10000000003,101542.22108556169,5699.121085561637
my_run,A3,panel2_common_period,fs_consensus,ridge,1,2,2024-10-01,111622.30000000002,103805.35176359904,-7816.948236400989
my_run,A3,panel2_common_period,fs_consensus,ridge,1,2,2025-01-01,115136.6999999999,103911.61085861204,-11225.089141387842
my_run,A3,panel2_common_period,fs_consensus,ridge,2,3,2022-10-01,109987.89999999998,108257.71357080844,-1730.1864291915408
my_run,A3,panel2_common_period,fs_consensus,ridge,2,3,2023-01-01,109706.89999999992,110265.83163806082,558.9316380608943
my_run,A3,panel2_common_period,fs_consensus,ridge,2,3,2023-04-01,95012.50000000006,101557.5254118658,6545.025411865747
my_run,A3,panel2_common_period,fs_consensus,ridge,2,3,2023-07-01,92715.5,101651.26249070224,8935.762490702211
my_run,A3,panel2_common_period,fs_consensus,ridge,2,4,2023-10-01,106259.39999999992,105608.62979198668,-650.770208013244
my_run,A3,panel2_common_period,fs_consensus,ridge,2,4,2024-01-01,114491.90000000008,104154.26960548066,-10337.630394519423
my_run,A3,panel2_common_period,fs_consensus,ridge,2,4,2024-04-01,98590.0,97240.53526701816,-1349.4647329818254
my_run,A3,panel2_common_period,fs_consensus,ridge,2,4,2024-07-01,95843.10000000003,95583.65353972718,-259.4464602728549
my_run,A3,panel2_common_period,fs_consensus,ridge,4,5,2023-04-01,95012.50000000006,105819.97393364592,10807.473933645872
my_run,A3,panel2_common_period,fs_consensus,ridge,4,5,2023-07-01,92715.5,104369.24408077403,11653.74408077402
my_run,A3,panel2_common_period,fs_consensus,ridge,4,5,2023-10-01,106259.39999999992,108967.62457292932,2708.224572929408
my_run,A3,panel2_common_period,fs_consensus,ridge,4,5,2024-01-01,114491.90000000008,108663.08478391626,-5828.815216083822
my_run,A3,panel2_common_period,fs_consensus,ridge,4,6,2024-04-01,98590.0,104218.89670743566,5628.896707435662
my_run,A3,panel2_common_period,fs_consensus,ridge,4,6,2024-07-01,95843.10000000003,104560.68428341104,8717.584283410994
my_run,A3,panel2_common_period,fs_consensus,ridge,4,6,2024-10-01,111622.30000000002,109789.55358358916,-1832.746416410868
my_run,A3,panel2_common_period,fs_consensus,ridge,4,6,2025-01-01,115136.6999999999,109855.48777335594,-5281.212226643955
my_run,A3,panel2_common_period,fs_consensus,random_forest,1,0,2022-07-01,100142.10000000003,105504.03350173905,5361.933501738997
my_run,A3,panel2_common_period,fs_consensus,random_forest,1,0,2022-10-01,109987.89999999998,115916.40251171884,5928.502511718863
my_run,A3,panel2_common_period,fs_consensus,random_forest,1,0,2023-01-01,109706.89999999992,117011.23171462122,7304.331714621294
my_run,A3,panel2_common_period,fs_consensus,random_forest,1,0,2023-04-01,95012.50000000006,100469.58878115012,5457.088781150058
my_run,A3,panel2_common_period,fs_consensus,random_forest,1,1,2023-07-01,92715.5,100751.79582926816,8036.295829268143
my_run,A3,panel2_common_period,fs_consensus,random_forest,1,1,2023-10-01,106259.39999999992,109819.44064780282,3560.0406478029035
my_run,A3,panel2_common_period,fs_consensus,random_forest,1,1,2024-01-01,114491.90000000008,109096.79080586386,-5395.109194136225
my_run,A3,panel2_common_period,fs_consensus,random_forest,1,1,2024-04-01,98590.0,92251.64948662008,-6338.350513379919
my_run,A3,panel2_common_period,fs_consensus,random_forest,1,2,2024-07-01,95843.10000000003,106070.65468687004,10227.554686870018
my_run,A3,panel2_common_period,fs_consensus,random_forest,1,2,2024-10-01,111622.30000000002,110184.49759754038,-1437.802402459638
my_run,A3,panel2_common_period,fs_consensus,random_forest,1,2,2025-01-01,115136.6999999999,111411.5293940906,-3725.1706059092976
my_run,A3,panel2_common_period,fs_consensus,random_forest,2,3,2022-10-01,109987.89999999998,100994.64991449716,-8993.250085502834
my_run,A3,panel2_common_period,fs_consensus,random_forest,2,3,2023-01-01,109706.89999999992,112460.30745566398,2753.4074556640558
my_run,A3,panel2_common_period,fs_consensus,random_forest,2,3,2023-04-01,95012.50000000006,96833.38555518266,1820.8855551825984
my_run,A3,panel2_common_period,fs_consensus,random_forest,2,3,2023-07-01,92715.5,100569.9757526589,7854.47575265888
my_run,A3,panel2_common_period,fs_consensus,random_forest,2,4,2023-10-01,106259.39999999992,101467.8754165464,-4791.524583453531
my_run,A3,panel2_common_period,fs_consensus,random_forest,2,4,2024-01-01,114491.90000000008,100054.42866716807,-14437.471332831992
my_run,A3,panel2_common_period,fs_consensus,random_forest,2,4,2024-04-01,98590.0,95175.59046983773,-3414.409530162273
my_run,A3,panel2_common_period,fs_consensus,random_forest,2,4,2024-07-01,95843.10000000003,94605.35312526303,-1237.7468747369858
my_run,A3,panel2_common_period,fs_consensus,random_forest,4,5,2023-04-01,95012.50000000006,108385.05263433373,13372.552634333651
my_run,A3,panel2_common_period,fs_consensus,random_forest,4,5,2023-07-01,92715.5,99753.9041156524,7038.404115652375
my_run,A3,panel2_common_period,fs_consensus,random_forest,4,5,2023-10-01,106259.39999999992,112359.19862255736,6099.798622557442
my_run,A3,panel2_common_period,fs_consensus,random_forest,4,5,2024-01-01,114491.90000000008,112282.37117038894,-2209.52882961114
my_run,A3,panel2_common_period,fs_consensus,random_forest,4,6,2024-04-01,98590.0,101615.118145811,3025.118145811008
my_run,A3,panel2_common_period,fs_consensus,random_forest,4,6,2024-07-01,95843.10000000003,101345.52956753146,5502.429567531421
my_run,A3,panel2_common_period,fs_consensus,random_forest,4,6,2024-10-01,111622.30000000002,113910.26111902064,2287.96111902062
my_run,A3,panel2_common_period,fs_consensus,random_forest,4,6,2025-01-01,115136.6999999999,111693.25994943432,-3443.440050565565
my_run,A3,panel2_common_period,fs_consensus,lightgbm,1,0,2022-07-01,100142.10000000003,103847.11441552082,3705.0144155207818
my_run,A3,panel2_common_period,fs_consensus,lightgbm,1,0,2022-10-01,109987.89999999998,115075.86325388044,5087.963253880458
my_run,A3,panel2_common_period,fs_consensus,lightgbm,1,0,2023-01-01,109706.89999999992,108371.13474672376,-1335.7652532761567
my_run,A3,panel2_common_period,fs_consensus,lightgbm,1,0,2023-04-01,95012.50000000006,93465.85598693012,-1546.644013069934
my_run,A3,panel2_common_period,fs_consensus,lightgbm,1,1,2023-07-01,92715.5,91555.99743225476,-1159.502567745265
my_run,A3,panel2_common_period,fs_consensus,lightgbm,1,1,2023-10-01,106259.39999999992,105249.1420667176,-1010.257933282308
my_run,A3,panel2_common_period,fs_consensus,lightgbm,1,1,2024-01-01,114491.90000000008,108105.87935283326,-6386.020647166821
my_run,A3,panel2_common_period,fs_consensus,lightgbm,1,1,2024-04-01,98590.0,93132.75524838534,-5457.244751614664
my_run,A3,panel2_common_period,fs_consensus,lightgbm,1,2,2024-07-01,95843.10000000003,106722.6908771296,10879.59087712955
my_run,A3,panel2_common_period,fs_consensus,lightgbm,1,2,2024-10-01,111622.30000000002,106628.39255598377,-4993.907444016266
my_run,A3,panel2_common_period,fs_consensus,lightgbm,1,2,2025-01-01,115136.6999999999,110129.67824553025,-5007.021754469664
my_run,A3,panel2_common_period,fs_consensus,lightgbm,2,3,2022-10-01,109987.89999999998,103312.28908965578,-6675.6109103442
my_run,A3,panel2_common_period,fs_consensus,lightgbm,2,3,2023-01-01,109706.89999999992,109584.78334208432,-122.1166579155979
my_run,A3,panel2_common_period,fs_consensus,lightgbm,2,3,2023-04-01,95012.50000000006,98833.10554619158,3820.605546191524
my_run,A3,panel2_common_period,fs_consensus,lightgbm,2,3,2023-07-01,92715.5,97536.94685944795,4821.44685944794
my_run,A3,panel2_common_period,fs_consensus,lightgbm,2,4,2023-10-01,106259.39999999992,103816.13176586728,-2443.268234132644
my_run,A3,panel2_common_period,fs_consensus,lightgbm,2,4,2024-01-01,114491.90000000008,100169.7020067479,-14322.19799325218
my_run,A3,panel2_common_period,fs_consensus,lightgbm,2,4,2024-04-01,98590.0,97493.68731370798,-1096.312686292018
my_run,A3,panel2_common_period,fs_consensus,lightgbm,2,4,2024-07-01,95843.10000000003,92613.44738597795,-3229.6526140220667
my_run,A3,panel2_common_period,fs_consensus,lightgbm,4,5,2023-04-01,95012.50000000006,96456.96607218054,1444.466072180483
my_run,A3,panel2_common_period,fs_consensus,lightgbm,4,5,2023-07-01,92715.5,91987.88371368994,-727.6162863100762
my_run,A3,panel2_common_period,fs_consensus,lightgbm,4,5,2023-10-01,106259.39999999992,107241.54743839346,982.147438393542
my_run,A3,panel2_common_period,fs_consensus,lightgbm,4,5,2024-01-01,114491.90000000008,112317.02539182718,-2174.874608172904
my_run,A3,panel2_common_period,fs_consensus,lightgbm,4,6,2024-04-01,98590.0,93811.26062221592,-4778.739377784092
my_run,A3,panel2_common_period,fs_consensus,lightgbm,4,6,2024-07-01,95843.10000000003,89895.03101372776,-5948.068986272279
my_run,A3,panel2_common_period,fs_consensus,lightgbm,4,6,2024-10-01,111622.30000000002,122770.93042361812,11148.630423618117
my_run,A3,panel2_common_period,fs_consensus,lightgbm,4,6,2025-01-01,115136.6999999999,111351.69644217052,-3785.003557829361
my_run,A3,panel2_common_period,fs_consensus,catboost,1,0,2022-07-01,100142.10000000003,103134.62526632976,2992.5252663297288
my_run,A3,panel2_common_period,fs_consensus,catboost,1,0,2022-10-01,109987.89999999998,115743.47426316436,5755.574263164381
my_run,A3,panel2_common_period,fs_consensus,catboost,1,0,2023-01-01,109706.89999999992,115360.64015075208,5653.740150752157
my_run,A3,panel2_common_period,fs_consensus,catboost,1,0,2023-04-01,95012.50000000006,101443.90413263268,6431.404132632626
my_run,A3,panel2_common_period,fs_consensus,catboost,1,1,2023-07-01,92715.5,97133.83741918996,4418.337419189949
my_run,A3,panel2_common_period,fs_consensus,catboost,1,1,2023-10-01,106259.39999999992,110103.41513475007,3844.015134750152
my_run,A3,panel2_common_period,fs_consensus,catboost,1,1,2024-01-01,114491.90000000008,107694.87991425452,-6797.020085745549
my_run,A3,panel2_common_period,fs_consensus,catboost,1,1,2024-04-01,98590.0,92108.4760005843,-6481.523999415702
my_run,A3,panel2_common_period,fs_consensus,catboost,1,2,2024-07-01,95843.10000000003,109371.30658841984,13528.206588419796
my_run,A3,panel2_common_period,fs_consensus,catboost,1,2,2024-10-01,111622.30000000002,108140.64814248688,-3481.651857513149
my_run,A3,panel2_common_period,fs_consensus,catboost,1,2,2025-01-01,115136.6999999999,108764.02568240812,-6372.674317591765
my_run,A3,panel2_common_period,fs_consensus,catboost,2,3,2022-10-01,109987.89999999998,103438.0649184554,-6549.835081544574
my_run,A3,panel2_common_period,fs_consensus,catboost,2,3,2023-01-01,109706.89999999992,112785.49549652808,3078.595496528156
my_run,A3,panel2_common_period,fs_consensus,catboost,2,3,2023-04-01,95012.50000000006,96368.08438478368,1355.5843847836222
my_run,A3,panel2_common_period,fs_consensus,catboost,2,3,2023-07-01,92715.5,97555.64258470623,4840.14258470622
my_run,A3,panel2_common_period,fs_consensus,catboost,2,4,2023-10-01,106259.39999999992,104090.6264275163,-2168.773572483624
my_run,A3,panel2_common_period,fs_consensus,catboost,2,4,2024-01-01,114491.90000000008,102936.3826494206,-11555.51735057948
my_run,A3,panel2_common_period,fs_consensus,catboost,2,4,2024-04-01,98590.0,95902.89551250724,-2687.1044874927466
my_run,A3,panel2_common_period,fs_consensus,catboost,2,4,2024-07-01,95843.10000000003,93893.39912274457,-1949.700877255484
my_run,A3,panel2_common_period,fs_consensus,catboost,4,5,2023-04-01,95012.50000000006,105119.24093287106,10106.740932871004
my_run,A3,panel2_common_period,fs_consensus,catboost,4,5,2023-07-01,92715.5,101583.86144465517,8868.361444655151
my_run,A3,panel2_common_period,fs_consensus,catboost,4,5,2023-10-01,106259.39999999992,112149.30692734572,5889.906927345786
my_run,A3,panel2_common_period,fs_consensus,catboost,4,5,2024-01-01,114491.90000000008,111178.30966045723,-3313.590339542832
my_run,A3,panel2_common_period,fs_consensus,catboost,4,6,2024-04-01,98590.0,104177.62075062428,5587.620750624279
my_run,A3,panel2_common_period,fs_consensus,catboost,4,6,2024-07-01,95843.10000000003,103252.98692627736,7409.886926277322
my_run,A3,panel2_common_period,fs_consensus,catboost,4,6,2024-10-01,111622.30000000002,111550.51255248363,-71.78744751636987
my_run,A3,panel2_common_period,fs_consensus,catboost,4,6,2025-01-01,115136.6999999999,111522.56892952902,-3614.131070470874
my_run,A3,panel2_common_period,fs_consensus,lstm,1,0,2022-07-01,100142.10000000003,106899.1796875,6757.079687499965
my_run,A3,panel2_common_period,fs_consensus,lstm,1,0,2022-10-01,109987.89999999998,107001.578125,-2986.32187499998
my_run,A3,panel2_common_period,fs_consensus,lstm,1,0,2023-01-01,109706.89999999992,107146.8828125,-2560.0171874999214
my_run,A3,panel2_common_period,fs_consensus,lstm,1,0,2023-04-01,95012.50000000006,107137.078125,12124.578124999942
my_run,A3,panel2_common_period,fs_consensus,lstm,1,1,2023-07-01,92715.5,106031.265625,13315.765624999984
my_run,A3,panel2_common_period,fs_consensus,lstm,1,1,2023-10-01,106259.39999999992,106061.9140625,-197.48593749992145
my_run,A3,panel2_common_period,fs_consensus,lstm,1,1,2024-01-01,114491.90000000008,106044.7265625,-8447.173437500081
my_run,A3,panel2_common_period,fs_consensus,lstm,1,1,2024-04-01,98590.0,105894.2421875,7304.2421875
my_run,A3,panel2_common_period,fs_consensus,lstm,1,2,2024-07-01,95843.10000000003,105360.1484375,9517.048437499963
my_run,A3,panel2_common_period,fs_consensus,lstm,1,2,2024-10-01,111622.30000000002,105420.359375,-6201.9406250000175
my_run,A3,panel2_common_period,fs_consensus,lstm,1,2,2025-01-01,115136.6999999999,105407.1796875,-9729.520312499895
my_run,A3,panel2_common_period,fs_consensus,lstm,2,3,2022-10-01,109987.89999999998,106955.2578125,-3032.64218749998
my_run,A3,panel2_common_period,fs_consensus,lstm,2,3,2023-01-01,109706.89999999992,106963.8203125,-2743.0796874999214
my_run,A3,panel2_common_period,fs_consensus,lstm,2,3,2023-04-01,95012.50000000006,106975.2578125,11962.757812499942
my_run,A3,panel2_common_period,fs_consensus,lstm,2,3,2023-07-01,92715.5,106984.6328125,14269.132812499984
my_run,A3,panel2_common_period,fs_consensus,lstm,2,4,2023-10-01,106259.39999999992,105796.9375,-462.4624999999214
my_run,A3,panel2_common_period,fs_consensus,lstm,2,4,2024-01-01,114491.90000000008,105845.2734375,-8646.626562500081
my_run,A3,panel2_common_period,fs_consensus,lstm,2,4,2024-04-01,98590.0,105864.953125,7274.953125
my_run,A3,panel2_common_period,fs_consensus,lstm,2,4,2024-07-01,95843.10000000003,105803.984375,9960.884374999963
my_run,A3,panel2_common_period,fs_consensus,lstm,4,5,2023-04-01,95012.50000000006,105320.671875,10308.171874999942
my_run,A3,panel2_common_period,fs_consensus,lstm,4,5,2023-07-01,92715.5,105350.5078125,12635.007812499984
my_run,A3,panel2_common_period,fs_consensus,lstm,4,5,2023-10-01,106259.39999999992,105403.875,-855.5249999999214
my_run,A3,panel2_common_period,fs_consensus,lstm,4,5,2024-01-01,114491.90000000008,105430.9140625,-9060.98593750008
my_run,A3,panel2_common_period,fs_consensus,lstm,4,6,2024-04-01,98590.0,103921.0546875,5331.0546875
my_run,A3,panel2_common_period,fs_consensus,lstm,4,6,2024-07-01,95843.10000000003,103994.515625,8151.415624999965
my_run,A3,panel2_common_period,fs_consensus,lstm,4,6,2024-10-01,111622.30000000002,104063.3671875,-7558.9328125000175
my_run,A3,panel2_common_period,fs_consensus,lstm,4,6,2025-01-01,115136.6999999999,103961.9921875,-11174.707812499895
my_run,A4,panel2_common_period,fs_linear,ridge,1,0,2022-07-01,100142.10000000003,108391.04500360868,8248.945003608635
my_run,A4,panel2_common_period,fs_linear,ridge,1,0,2022-10-01,109987.89999999998,111823.12352064184,1835.2235206418557
my_run,A4,panel2_common_period,fs_linear,ridge,1,0,2023-01-01,109706.89999999992,110562.3255473305,855.425547330582
my_run,A4,panel2_common_period,fs_linear,ridge,1,0,2023-04-01,95012.50000000006,108598.198634833,13585.698634832952
my_run,A4,panel2_common_period,fs_linear,ridge,1,1,2023-07-01,92715.5,107163.5985026983,14448.098502698282
my_run,A4,panel2_common_period,fs_linear,ridge,1,1,2023-10-01,106259.39999999992,108491.56842192008,2232.168421920156
my_run,A4,panel2_common_period,fs_linear,ridge,1,1,2024-01-01,114491.90000000008,107577.14190945042,-6914.758090549658
my_run,A4,panel2_common_period,fs_linear,ridge,1,1,2024-04-01,98590.0,104582.56721597776,5992.5672159777605
my_run,A4,panel2_common_period,fs_linear,ridge,1,2,2024-07-01,95843.10000000003,101193.58144989934,5350.481449899307
my_run,A4,panel2_common_period,fs_linear,ridge,1,2,2024-10-01,111622.30000000002,104719.44452306684,-6902.855476933168
my_run,A4,panel2_common_period,fs_linear,ridge,1,2,2025-01-01,115136.6999999999,107742.42525869027,-7394.274741309622
my_run,A4,panel2_common_period,fs_linear,ridge,2,3,2022-10-01,109987.89999999998,110877.18422040928,889.2842204093031
my_run,A4,panel2_common_period,fs_linear,ridge,2,3,2023-01-01,109706.89999999992,111894.55283556796,2187.652835568035
my_run,A4,panel2_common_period,fs_linear,ridge,2,3,2023-04-01,95012.50000000006,104856.45843527593,9843.958435275854
my_run,A4,panel2_common_period,fs_linear,ridge,2,3,2023-07-01,92715.5,106837.40181782284,14121.901817822814
my_run,A4,panel2_common_period,fs_linear,ridge,2,4,2023-10-01,106259.39999999992,109984.62837344607,3725.228373446167
my_run,A4,panel2_common_period,fs_linear,ridge,2,4,2024-01-01,114491.90000000008,106840.70220171388,-7651.197798286215
my_run,A4,panel2_common_period,fs_linear,ridge,2,4,2024-04-01,98590.0,100622.44854415336,2032.448544153347
my_run,A4,panel2_common_period,fs_linear,ridge,2,4,2024-07-01,95843.10000000003,102542.31010928116,6699.210109281135
my_run,A4,panel2_common_period,fs_linear,ridge,4,5,2023-04-01,95012.50000000006,104606.49754416142,9593.997544161364
my_run,A4,panel2_common_period,fs_linear,ridge,4,5,2023-07-01,92715.5,104270.19846800518,11554.698468005168
my_run,A4,panel2_common_period,fs_linear,ridge,4,5,2023-10-01,106259.39999999992,109587.43108653228,3328.0310865323554
my_run,A4,panel2_common_period,fs_linear,ridge,4,5,2024-01-01,114491.90000000008,108130.08692304576,-6361.81307695432
my_run,A4,panel2_common_period,fs_linear,ridge,4,6,2024-04-01,98590.0,103360.35735210184,4770.357352101841
my_run,A4,panel2_common_period,fs_linear,ridge,4,6,2024-07-01,95843.10000000003,104867.46877076504,9024.368770764995
my_run,A4,panel2_common_period,fs_linear,ridge,4,6,2024-10-01,111622.30000000002,109593.74331589857,-2028.556684101466
my_run,A4,panel2_common_period,fs_linear,ridge,4,6,2025-01-01,115136.6999999999,107458.12531494151,-7678.574685058367
my_run,A4,panel2_common_period,fs_linear,random_forest,1,0,2022-07-01,100142.10000000003,113834.8717496711,13692.771749671068
my_run,A4,panel2_common_period,fs_linear,random_forest,1,0,2022-10-01,109987.89999999998,117939.66318747889,7951.763187478908
my_run,A4,panel2_common_period,fs_linear,random_forest,1,0,2023-01-01,109706.89999999992,105563.87122896376,-4143.028771036159
my_run,A4,panel2_common_period,fs_linear,random_forest,1,0,2023-04-01,95012.50000000006,105696.0490655354,10683.549065535335
my_run,A4,panel2_common_period,fs_linear,random_forest,1,1,2023-07-01,92715.5,99595.22302879488,6879.723028794877
my_run,A4,panel2_common_period,fs_linear,random_forest,1,1,2023-10-01,106259.39999999992,105751.90991339405,-507.49008660587424
my_run,A4,panel2_common_period,fs_linear,random_forest,1,1,2024-01-01,114491.90000000008,104273.32784031036,-10218.57215968972
my_run,A4,panel2_common_period,fs_linear,random_forest,1,1,2024-04-01,98590.0,105679.74650156435,7089.746501564368
my_run,A4,panel2_common_period,fs_linear,random_forest,1,2,2024-07-01,95843.10000000003,101422.10710796728,5579.007107967234
my_run,A4,panel2_common_period,fs_linear,random_forest,1,2,2024-10-01,111622.30000000002,111297.26419196418,-325.0358080358419
my_run,A4,panel2_common_period,fs_linear,random_forest,1,2,2025-01-01,115136.6999999999,111991.72235915042,-3144.97764084948
my_run,A4,panel2_common_period,fs_linear,random_forest,2,3,2022-10-01,109987.89999999998,100762.67614091128,-9225.223859088714
my_run,A4,panel2_common_period,fs_linear,random_forest,2,3,2023-01-01,109706.89999999992,114712.60426956114,5005.704269561218
my_run,A4,panel2_common_period,fs_linear,random_forest,2,3,2023-04-01,95012.50000000006,99165.10616378364,4152.606163783581
my_run,A4,panel2_common_period,fs_linear,random_forest,2,3,2023-07-01,92715.5,97139.22186599472,4423.721865994696
my_run,A4,panel2_common_period,fs_linear,random_forest,2,4,2023-10-01,106259.39999999992,116638.11876641968,10378.718766419755
my_run,A4,panel2_common_period,fs_linear,random_forest,2,4,2024-01-01,114491.90000000008,113675.51085914462,-816.3891408554628
my_run,A4,panel2_common_period,fs_linear,random_forest,2,4,2024-04-01,98590.0,96067.8454498892,-2522.1545501107903
my_run,A4,panel2_common_period,fs_linear,random_forest,2,4,2024-07-01,95843.10000000003,99416.30618201176,3573.2061820117237
my_run,A4,panel2_common_period,fs_linear,random_forest,4,5,2023-04-01,95012.50000000006,107912.30468083455,12899.804680834495
my_run,A4,panel2_common_period,fs_linear,random_forest,4,5,2023-07-01,92715.5,96074.7769935269,3359.276993526888
my_run,A4,panel2_common_period,fs_linear,random_forest,4,5,2023-10-01,106259.39999999992,112257.7680748837,5998.36807488378
my_run,A4,panel2_common_period,fs_linear,random_forest,4,5,2024-01-01,114491.90000000008,112646.79548974634,-1845.1045102537464
my_run,A4,panel2_common_period,fs_linear,random_forest,4,6,2024-04-01,98590.0,97007.2415920114,-1582.7584079886146
my_run,A4,panel2_common_period,fs_linear,random_forest,4,6,2024-07-01,95843.10000000003,99038.4282650643,3195.328265064265
my_run,A4,panel2_common_period,fs_linear,random_forest,4,6,2024-10-01,111622.30000000002,114158.9376827007,2536.6376827006898
my_run,A4,panel2_common_period,fs_linear,random_forest,4,6,2025-01-01,115136.6999999999,112244.82524651618,-2891.8747534837166
my_run,A4,panel2_common_period,fs_linear,lightgbm,1,0,2022-07-01,100142.10000000003,112539.16641899674,12397.066418996706
my_run,A4,panel2_common_period,fs_linear,lightgbm,1,0,2022-10-01,109987.89999999998,106526.62896806547,-3461.271031934506
my_run,A4,panel2_common_period,fs_linear,lightgbm,1,0,2023-01-01,109706.89999999992,97544.81811461256,-12162.08188538735
my_run,A4,panel2_common_period,fs_linear,lightgbm,1,0,2023-04-01,95012.50000000006,90972.24385406624,-4040.2561459338176
my_run,A4,panel2_common_period,fs_linear,lightgbm,1,1,2023-07-01,92715.5,105716.63515906312,13001.13515906311
my_run,A4,panel2_common_period,fs_linear,lightgbm,1,1,2023-10-01,106259.39999999992,112062.12852119602,5802.728521196099
my_run,A4,panel2_common_period,fs_linear,lightgbm,1,1,2024-01-01,114491.90000000008,111609.3541168488,-2882.5458831512806
my_run,A4,panel2_common_period,fs_linear,lightgbm,1,1,2024-04-01,98590.0,94382.96189689246,-4207.038103107538
my_run,A4,panel2_common_period,fs_linear,lightgbm,1,2,2024-07-01,95843.10000000003,97986.20133067982,2143.101330679783
my_run,A4,panel2_common_period,fs_linear,lightgbm,1,2,2024-10-01,111622.30000000002,120806.13893705826,9183.838937058244
my_run,A4,panel2_common_period,fs_linear,lightgbm,1,2,2025-01-01,115136.6999999999,120355.44780178968,5218.747801789796
my_run,A4,panel2_common_period,fs_linear,lightgbm,2,3,2022-10-01,109987.89999999998,100950.21719673404,-9037.682803265954
my_run,A4,panel2_common_period,fs_linear,lightgbm,2,3,2023-01-01,109706.89999999992,120355.87505746646,10648.975057466538
my_run,A4,panel2_common_period,fs_linear,lightgbm,2,3,2023-04-01,95012.50000000006,96169.56851197568,1157.068511975609
my_run,A4,panel2_common_period,fs_linear,lightgbm,2,3,2023-07-01,92715.5,96380.7417813142,3665.241781314194
my_run,A4,panel2_common_period,fs_linear,lightgbm,2,4,2023-10-01,106259.39999999992,111017.23268159798,4757.832681598055
my_run,A4,panel2_common_period,fs_linear,lightgbm,2,4,2024-01-01,114491.90000000008,106991.64959786167,-7500.250402138408
my_run,A4,panel2_common_period,fs_linear,lightgbm,2,4,2024-04-01,98590.0,95340.96159851656,-3249.0384014834417
my_run,A4,panel2_common_period,fs_linear,lightgbm,2,4,2024-07-01,95843.10000000003,107935.89164808144,12092.791648081402
my_run,A4,panel2_common_period,fs_linear,lightgbm,4,5,2023-04-01,95012.50000000006,103938.8869114447,8926.386911444642
my_run,A4,panel2_common_period,fs_linear,lightgbm,4,5,2023-07-01,92715.5,95855.9033103058,3140.4033103057736
my_run,A4,panel2_common_period,fs_linear,lightgbm,4,5,2023-10-01,106259.39999999992,117553.16703230304,11293.76703230312
my_run,A4,panel2_common_period,fs_linear,lightgbm,4,5,2024-01-01,114491.90000000008,112444.89817808644,-2047.00182191364
my_run,A4,panel2_common_period,fs_linear,lightgbm,4,6,2024-04-01,98590.0,89840.93092314556,-8749.069076854445
my_run,A4,panel2_common_period,fs_linear,lightgbm,4,6,2024-07-01,95843.10000000003,87066.80490616607,-8776.295093833964
my_run,A4,panel2_common_period,fs_linear,lightgbm,4,6,2024-10-01,111622.30000000002,106607.20968130472,-5015.090318695293
my_run,A4,panel2_common_period,fs_linear,lightgbm,4,6,2025-01-01,115136.6999999999,114493.06006057364,-643.6399394262698
my_run,A4,panel2_common_period,fs_linear,catboost,1,0,2022-07-01,100142.10000000003,110506.22276055474,10364.122760554705
my_run,A4,panel2_common_period,fs_linear,catboost,1,0,2022-10-01,109987.89999999998,117468.5764562523,7480.676456252317
my_run,A4,panel2_common_period,fs_linear,catboost,1,0,2023-01-01,109706.89999999992,104556.35752935676,-5150.542470643151
my_run,A4,panel2_common_period,fs_linear,catboost,1,0,2023-04-01,95012.50000000006,104343.97351843736,9331.473518437311
my_run,A4,panel2_common_period,fs_linear,catboost,1,1,2023-07-01,92715.5,101422.25452950786,8706.754529507845
my_run,A4,panel2_common_period,fs_linear,catboost,1,1,2023-10-01,106259.39999999992,105595.7004556286,-663.699544371324
my_run,A4,panel2_common_period,fs_linear,catboost,1,1,2024-01-01,114491.90000000008,107978.96570253308,-6512.934297467
my_run,A4,panel2_common_period,fs_linear,catboost,1,1,2024-04-01,98590.0,99409.73443752532,819.734437525316
my_run,A4,panel2_common_period,fs_linear,catboost,1,2,2024-07-01,95843.10000000003,99075.85709042595,3232.7570904259337
my_run,A4,panel2_common_period,fs_linear,catboost,1,2,2024-10-01,111622.30000000002,109626.39936971452,-1995.9006302854832
my_run,A4,panel2_common_period,fs_linear,catboost,1,2,2025-01-01,115136.6999999999,112182.84773127903,-2953.852268720846
my_run,A4,panel2_common_period,fs_linear,catboost,2,3,2022-10-01,109987.89999999998,104769.65590817956,-5218.244091820408
my_run,A4,panel2_common_period,fs_linear,catboost,2,3,2023-01-01,109706.89999999992,113862.7696394626,4155.8696394626895
my_run,A4,panel2_common_period,fs_linear,catboost,2,3,2023-04-01,95012.50000000006,94459.19805154872,-553.3019484513497
my_run,A4,panel2_common_period,fs_linear,catboost,2,3,2023-07-01,92715.5,95629.83969642413,2914.3396964240965
my_run,A4,panel2_common_period,fs_linear,catboost,2,4,2023-10-01,106259.39999999992,112382.54946778963,6123.149467789728
my_run,A4,panel2_common_period,fs_linear,catboost,2,4,2024-01-01,114491.90000000008,104822.35929274524,-9669.54070725484
my_run,A4,panel2_common_period,fs_linear,catboost,2,4,2024-04-01,98590.0,94660.9761274191,-3929.023872580903
my_run,A4,panel2_common_period,fs_linear,catboost,2,4,2024-07-01,95843.10000000003,99577.03975553976,3733.9397555397154
my_run,A4,panel2_common_period,fs_linear,catboost,4,5,2023-04-01,95012.50000000006,106666.16621950992,11653.666219509862
my_run,A4,panel2_common_period,fs_linear,catboost,4,5,2023-07-01,92715.5,96622.61939826891,3907.119398268914
my_run,A4,panel2_common_period,fs_linear,catboost,4,5,2023-10-01,106259.39999999992,111285.89832512072,5026.498325120789
my_run,A4,panel2_common_period,fs_linear,catboost,4,5,2024-01-01,114491.90000000008,112600.9873210809,-1890.91267891918
my_run,A4,panel2_common_period,fs_linear,catboost,4,6,2024-04-01,98590.0,98508.16094625034,-81.8390537496598
my_run,A4,panel2_common_period,fs_linear,catboost,4,6,2024-07-01,95843.10000000003,99817.76550395494,3974.665503954908
my_run,A4,panel2_common_period,fs_linear,catboost,4,6,2024-10-01,111622.30000000002,107993.74058135026,-3628.559418649762
my_run,A4,panel2_common_period,fs_linear,catboost,4,6,2025-01-01,115136.6999999999,111350.21430643817,-3786.485693561743
my_run,A4,panel2_common_period,fs_linear,lstm,1,0,2022-07-01,100142.10000000003,107641.6640625,7499.564062499965
my_run,A4,panel2_common_period,fs_linear,lstm,1,0,2022-10-01,109987.89999999998,107545.3125,-2442.58749999998
my_run,A4,panel2_common_period,fs_linear,lstm,1,0,2023-01-01,109706.89999999992,107473.9609375,-2232.9390624999214
my_run,A4,panel2_common_period,fs_linear,lstm,1,0,2023-04-01,95012.50000000006,107377.6640625,12365.164062499942
my_run,A4,panel2_common_period,fs_linear,lstm,1,1,2023-07-01,92715.5,106516.9375,13801.437499999984
my_run,A4,panel2_common_period,fs_linear,lstm,1,1,2023-10-01,106259.39999999992,106702.796875,443.3968750000786
my_run,A4,panel2_common_period,fs_linear,lstm,1,1,2024-01-01,114491.90000000008,106557.1796875,-7934.7203125000815
my_run,A4,panel2_common_period,fs_linear,lstm,1,1,2024-04-01,98590.0,106465.6484375,7875.6484375
my_run,A4,panel2_common_period,fs_linear,lstm,1,2,2024-07-01,95843.10000000003,105892.828125,10049.728124999963
my_run,A4,panel2_common_period,fs_linear,lstm,1,2,2024-10-01,111622.30000000002,105863.34375,-5758.9562500000175
my_run,A4,panel2_common_period,fs_linear,lstm,1,2,2025-01-01,115136.6999999999,105701.53125,-9435.168749999895
my_run,A4,panel2_common_period,fs_linear,lstm,2,3,2022-10-01,109987.89999999998,107391.3828125,-2596.51718749998
my_run,A4,panel2_common_period,fs_linear,lstm,2,3,2023-01-01,109706.89999999992,107235.40625,-2471.4937499999214
my_run,A4,panel2_common_period,fs_linear,lstm,2,3,2023-04-01,95012.50000000006,107063.9453125,12051.445312499942
my_run,A4,panel2_common_period,fs_linear,lstm,2,3,2023-07-01,92715.5,107036.3828125,14320.882812499984
my_run,A4,panel2_common_period,fs_linear,lstm,2,4,2023-10-01,106259.39999999992,106022.265625,-237.13437499992145
my_run,A4,panel2_common_period,fs_linear,lstm,2,4,2024-01-01,114491.90000000008,106134.0546875,-8357.845312500081
my_run,A4,panel2_common_period,fs_linear,lstm,2,4,2024-04-01,98590.0,105991.9375,7401.9375
my_run,A4,panel2_common_period,fs_linear,lstm,2,4,2024-07-01,95843.10000000003,106048.5625,10205.462499999963
my_run,A4,panel2_common_period,fs_linear,lstm,4,5,2023-04-01,95012.50000000006,105953.1328125,10940.632812499942
my_run,A4,panel2_common_period,fs_linear,lstm,4,5,2023-07-01,92715.5,105862.828125,13147.328124999984
my_run,A4,panel2_common_period,fs_linear,lstm,4,5,2023-10-01,106259.39999999992,105762.53125,-496.8687499999214
my_run,A4,panel2_common_period,fs_linear,lstm,4,5,2024-01-01,114491.90000000008,105764.140625,-8727.759375000081
my_run,A4,panel2_common_period,fs_linear,lstm,4,6,2024-04-01,98590.0,104515.609375,5925.609375
my_run,A4,panel2_common_period,fs_linear,lstm,4,6,2024-07-01,95843.10000000003,104626.1015625,8783.001562499965
my_run,A4,panel2_common_period,fs_linear,lstm,4,6,2024-10-01,111622.30000000002,104601.5625,-7020.7375000000175
my_run,A4,panel2_common_period,fs_linear,lstm,4,6,2025-01-01,115136.6999999999,104614.5390625,-10522.160937499895
my_run,A4,panel2_common_period,fs_wrapper,ridge,1,0,2022-07-01,100142.10000000003,107045.69107549803,6903.591075498
my_run,A4,panel2_common_period,fs_wrapper,ridge,1,0,2022-10-01,109987.89999999998,113392.70739808684,3404.8073980868503
my_run,A4,panel2_common_period,fs_wrapper,ridge,1,0,2023-01-01,109706.89999999992,107476.414867118,-2230.485132881935
my_run,A4,panel2_common_period,fs_wrapper,ridge,1,0,2023-04-01,95012.50000000006,103932.21205412297,8919.712054122909
my_run,A4,panel2_common_period,fs_wrapper,ridge,1,1,2023-07-01,92715.5,103992.73913173623,11277.239131736234
my_run,A4,panel2_common_period,fs_wrapper,ridge,1,1,2023-10-01,106259.39999999992,107062.54404038594,803.1440403860179
my_run,A4,panel2_common_period,fs_wrapper,ridge,1,1,2024-01-01,114491.90000000008,103251.44940840558,-11240.450591594505
my_run,A4,panel2_common_period,fs_wrapper,ridge,1,1,2024-04-01,98590.0,99568.9656365723,978.9656365723058
my_run,A4,panel2_common_period,fs_wrapper,ridge,1,2,2024-07-01,95843.10000000003,98922.83573250208,3079.7357325020566
my_run,A4,panel2_common_period,fs_wrapper,ridge,1,2,2024-10-01,111622.30000000002,103989.3816727483,-7632.918327251711
my_run,A4,panel2_common_period,fs_wrapper,ridge,1,2,2025-01-01,115136.6999999999,105918.41099801626,-9218.289001983634
my_run,A4,panel2_common_period,fs_wrapper,ridge,2,3,2022-10-01,109987.89999999998,110000.30889279336,12.408892793377165
my_run,A4,panel2_common_period,fs_wrapper,ridge,2,3,2023-01-01,109706.89999999992,111669.99660821533,1963.09660821539
my_run,A4,panel2_common_period,fs_wrapper,ridge,2,3,2023-04-01,95012.50000000006,99951.0540738642,4938.554073864143
my_run,A4,panel2_common_period,fs_wrapper,ridge,2,3,2023-07-01,92715.5,101733.08089185313,9017.580891853111
my_run,A4,panel2_common_period,fs_wrapper,ridge,2,4,2023-10-01,106259.39999999992,107716.27302796378,1456.8730279638548
my_run,A4,panel2_common_period,fs_wrapper,ridge,2,4,2024-01-01,114491.90000000008,105729.68241189592,-8762.217588104148
my_run,A4,panel2_common_period,fs_wrapper,ridge,2,4,2024-04-01,98590.0,95611.88036871214,-2978.11963128786
my_run,A4,panel2_common_period,fs_wrapper,ridge,2,4,2024-07-01,95843.10000000003,96008.35207092029,165.2520709202363
my_run,A4,panel2_common_period,fs_wrapper,ridge,4,5,2023-04-01,95012.50000000006,103730.37464063292,8717.874640632872
my_run,A4,panel2_common_period,fs_wrapper,ridge,4,5,2023-07-01,92715.5,103166.19153609048,10450.691536090451
my_run,A4,panel2_common_period,fs_wrapper,ridge,4,5,2023-10-01,106259.39999999992,109875.3079035303,3615.907903530373
my_run,A4,panel2_common_period,fs_wrapper,ridge,4,5,2024-01-01,114491.90000000008,108000.15890746166,-6491.741092538417
my_run,A4,panel2_common_period,fs_wrapper,ridge,4,6,2024-04-01,98590.0,102059.11967979842,3469.119679798416
my_run,A4,panel2_common_period,fs_wrapper,ridge,4,6,2024-07-01,95843.10000000003,102416.66701105156,6573.56701105152
my_run,A4,panel2_common_period,fs_wrapper,ridge,4,6,2024-10-01,111622.30000000002,110123.79136209084,-1498.5086379091665
my_run,A4,panel2_common_period,fs_wrapper,ridge,4,6,2025-01-01,115136.6999999999,108984.8605673246,-6151.839432675304
my_run,A4,panel2_common_period,fs_wrapper,random_forest,1,0,2022-07-01,100142.10000000003,105625.78964560496,5483.689645604914
my_run,A4,panel2_common_period,fs_wrapper,random_forest,1,0,2022-10-01,109987.89999999998,115918.61771491672,5930.71771491674
my_run,A4,panel2_common_period,fs_wrapper,random_forest,1,0,2023-01-01,109706.89999999992,115989.54579008838,6282.645790088456
my_run,A4,panel2_common_period,fs_wrapper,random_forest,1,0,2023-04-01,95012.50000000006,102175.80682313802,7163.306823137958
my_run,A4,panel2_common_period,fs_wrapper,random_forest,1,1,2023-07-01,92715.5,99872.68404639844,7157.184046398426
my_run,A4,panel2_common_period,fs_wrapper,random_forest,1,1,2023-10-01,106259.39999999992,110667.38604601292,4407.986046013
my_run,A4,panel2_common_period,fs_wrapper,random_forest,1,1,2024-01-01,114491.90000000008,110799.73181137914,-3692.168188620941
my_run,A4,panel2_common_period,fs_wrapper,random_forest,1,1,2024-04-01,98590.0,96675.10101281732,-1914.8989871826925
my_run,A4,panel2_common_period,fs_wrapper,random_forest,1,2,2024-07-01,95843.10000000003,105722.40494491374,9879.304944913703
my_run,A4,panel2_common_period,fs_wrapper,random_forest,1,2,2024-10-01,111622.30000000002,110406.31016016916,-1215.9898398308724
my_run,A4,panel2_common_period,fs_wrapper,random_forest,1,2,2025-01-01,115136.6999999999,111213.51518666909,-3923.184813330823
my_run,A4,panel2_common_period,fs_wrapper,random_forest,2,3,2022-10-01,109987.89999999998,107227.59820869166,-2760.3017913083168
my_run,A4,panel2_common_period,fs_wrapper,random_forest,2,3,2023-01-01,109706.89999999992,112147.63919743606,2440.739197436138
my_run,A4,panel2_common_period,fs_wrapper,random_forest,2,3,2023-04-01,95012.50000000006,96676.4672873818,1663.9672873817326
my_run,A4,panel2_common_period,fs_wrapper,random_forest,2,3,2023-07-01,92715.5,99459.29921169807,6743.79921169806
my_run,A4,panel2_common_period,fs_wrapper,random_forest,2,4,2023-10-01,106259.39999999992,97534.22331293912,-8725.176687060812
my_run,A4,panel2_common_period,fs_wrapper,random_forest,2,4,2024-01-01,114491.90000000008,98866.16512453776,-15625.734875462307
my_run,A4,panel2_common_period,fs_wrapper,random_forest,2,4,2024-04-01,98590.0,95913.72296922532,-2676.277030774683
my_run,A4,panel2_common_period,fs_wrapper,random_forest,2,4,2024-07-01,95843.10000000003,98376.70139142766,2533.6013914276264
my_run,A4,panel2_common_period,fs_wrapper,random_forest,4,5,2023-04-01,95012.50000000006,102462.6931964956,7450.193196495529
my_run,A4,panel2_common_period,fs_wrapper,random_forest,4,5,2023-07-01,92715.5,97020.42336928604,4304.923369286029
my_run,A4,panel2_common_period,fs_wrapper,random_forest,4,5,2023-10-01,106259.39999999992,111196.93893213524,4937.538932135329
my_run,A4,panel2_common_period,fs_wrapper,random_forest,4,5,2024-01-01,114491.90000000008,110503.19826004942,-3988.7017399506585
my_run,A4,panel2_common_period,fs_wrapper,random_forest,4,6,2024-04-01,98590.0,103087.41382454574,4497.413824545743
my_run,A4,panel2_common_period,fs_wrapper,random_forest,4,6,2024-07-01,95843.10000000003,102822.37459231669,6979.274592316651
my_run,A4,panel2_common_period,fs_wrapper,random_forest,4,6,2024-10-01,111622.30000000002,108949.85525981493,-2672.444740185092
my_run,A4,panel2_common_period,fs_wrapper,random_forest,4,6,2025-01-01,115136.6999999999,106661.59091789668,-8475.109082103227
my_run,A4,panel2_common_period,fs_wrapper,lightgbm,1,0,2022-07-01,100142.10000000003,109612.65962181684,9470.559621816792
my_run,A4,panel2_common_period,fs_wrapper,lightgbm,1,0,2022-10-01,109987.89999999998,116172.53652881968,6184.636528819698
my_run,A4,panel2_common_period,fs_wrapper,lightgbm,1,0,2023-01-01,109706.89999999992,117849.4263112084,8142.526311208479
my_run,A4,panel2_common_period,fs_wrapper,lightgbm,1,0,2023-04-01,95012.50000000006,96982.5395446333,1970.0395446332404
my_run,A4,panel2_common_period,fs_wrapper,lightgbm,1,1,2023-07-01,92715.5,94509.03712637386,1793.5371263738489
my_run,A4,panel2_common_period,fs_wrapper,lightgbm,1,1,2023-10-01,106259.39999999992,108043.78827419438,1784.3882741944544
my_run,A4,panel2_common_period,fs_wrapper,lightgbm,1,1,2024-01-01,114491.90000000008,112643.088274303,-1848.8117256970727
my_run,A4,panel2_common_period,fs_wrapper,lightgbm,1,1,2024-04-01,98590.0,102266.52556058178,3676.52556058178
my_run,A4,panel2_common_period,fs_wrapper,lightgbm,1,2,2024-07-01,95843.10000000003,112863.60761756588,17020.507617565847
my_run,A4,panel2_common_period,fs_wrapper,lightgbm,1,2,2024-10-01,111622.30000000002,111993.7063897457,371.4063897456799
my_run,A4,panel2_common_period,fs_wrapper,lightgbm,1,2,2025-01-01,115136.6999999999,115001.06444531164,-135.63555468825507
my_run,A4,panel2_common_period,fs_wrapper,lightgbm,2,3,2022-10-01,109987.89999999998,103920.78070702126,-6067.119292978721
my_run,A4,panel2_common_period,fs_wrapper,lightgbm,2,3,2023-01-01,109706.89999999992,102563.80644507012,-7143.093554929801
my_run,A4,panel2_common_period,fs_wrapper,lightgbm,2,3,2023-04-01,95012.50000000006,91989.35475523918,-3023.145244760876
my_run,A4,panel2_common_period,fs_wrapper,lightgbm,2,3,2023-07-01,92715.5,97422.66544661716,4707.165446617146
my_run,A4,panel2_common_period,fs_wrapper,lightgbm,2,4,2023-10-01,106259.39999999992,93685.36516705158,-12574.03483294834
my_run,A4,panel2_common_period,fs_wrapper,lightgbm,2,4,2024-01-01,114491.90000000008,95755.64646236484,-18736.25353763525
my_run,A4,panel2_common_period,fs_wrapper,lightgbm,2,4,2024-04-01,98590.0,94799.86664878338,-3790.1333512166166
my_run,A4,panel2_common_period,fs_wrapper,lightgbm,2,4,2024-07-01,95843.10000000003,97693.4857727268,1850.385772726775
my_run,A4,panel2_common_period,fs_wrapper,lightgbm,4,5,2023-04-01,95012.50000000006,91760.12704421536,-3252.372955784711
my_run,A4,panel2_common_period,fs_wrapper,lightgbm,4,5,2023-07-01,92715.5,89394.7451554218,-3320.754844578216
my_run,A4,panel2_common_period,fs_wrapper,lightgbm,4,5,2023-10-01,106259.39999999992,112114.51073286025,5855.11073286031
my_run,A4,panel2_common_period,fs_wrapper,lightgbm,4,5,2024-01-01,114491.90000000008,109816.93281453395,-4674.967185466128
my_run,A4,panel2_common_period,fs_wrapper,lightgbm,4,6,2024-04-01,98590.0,101093.06983661794,2503.069836617942
my_run,A4,panel2_common_period,fs_wrapper,lightgbm,4,6,2024-07-01,95843.10000000003,100241.45859933057,4398.358599330517
my_run,A4,panel2_common_period,fs_wrapper,lightgbm,4,6,2024-10-01,111622.30000000002,108543.82245122692,-3078.477548773095
my_run,A4,panel2_common_period,fs_wrapper,lightgbm,4,6,2025-01-01,115136.6999999999,110251.87506338854,-4884.82493661136
my_run,A4,panel2_common_period,fs_wrapper,catboost,1,0,2022-07-01,100142.10000000003,102857.37833895258,2715.278338952543
my_run,A4,panel2_common_period,fs_wrapper,catboost,1,0,2022-10-01,109987.89999999998,114019.37884255138,4031.478842551398
my_run,A4,panel2_common_period,fs_wrapper,catboost,1,0,2023-01-01,109706.89999999992,113859.77011421094,4152.870114211022
my_run,A4,panel2_common_period,fs_wrapper,catboost,1,0,2023-04-01,95012.50000000006,102702.20143235556,7689.70143235549
my_run,A4,panel2_common_period,fs_wrapper,catboost,1,1,2023-07-01,92715.5,98161.1991594434,5445.699159443378
my_run,A4,panel2_common_period,fs_wrapper,catboost,1,1,2023-10-01,106259.39999999992,108891.70454136666,2632.3045413667423
my_run,A4,panel2_common_period,fs_wrapper,catboost,1,1,2024-01-01,114491.90000000008,108037.7420201857,-6454.157979814379
my_run,A4,panel2_common_period,fs_wrapper,catboost,1,1,2024-04-01,98590.0,96469.38929782833,-2120.610702171689
my_run,A4,panel2_common_period,fs_wrapper,catboost,1,2,2024-07-01,95843.10000000003,108638.18355762395,12795.08355762392
my_run,A4,panel2_common_period,fs_wrapper,catboost,1,2,2024-10-01,111622.30000000002,111270.01703144812,-352.28296855191
my_run,A4,panel2_common_period,fs_wrapper,catboost,1,2,2025-01-01,115136.6999999999,112728.2418020555,-2408.45819794439
my_run,A4,panel2_common_period,fs_wrapper,catboost,2,3,2022-10-01,109987.89999999998,109485.4757096205,-502.4242903794802
my_run,A4,panel2_common_period,fs_wrapper,catboost,2,3,2023-01-01,109706.89999999992,112190.8469003767,2483.9469003767736
my_run,A4,panel2_common_period,fs_wrapper,catboost,2,3,2023-04-01,95012.50000000006,96557.84507528372,1545.3450752836652
my_run,A4,panel2_common_period,fs_wrapper,catboost,2,3,2023-07-01,92715.5,98959.2687578842,6243.768757884172
my_run,A4,panel2_common_period,fs_wrapper,catboost,2,4,2023-10-01,106259.39999999992,99022.60578469656,-7236.794215303365
my_run,A4,panel2_common_period,fs_wrapper,catboost,2,4,2024-01-01,114491.90000000008,100001.87740542366,-14490.022594576423
my_run,A4,panel2_common_period,fs_wrapper,catboost,2,4,2024-04-01,98590.0,97093.85519509288,-1496.1448049071332
my_run,A4,panel2_common_period,fs_wrapper,catboost,2,4,2024-07-01,95843.10000000003,97564.0002160597,1720.900216059672
my_run,A4,panel2_common_period,fs_wrapper,catboost,4,5,2023-04-01,95012.50000000006,103373.78811508526,8361.288115085204
my_run,A4,panel2_common_period,fs_wrapper,catboost,4,5,2023-07-01,92715.5,98383.8505482037,5668.350548203685
my_run,A4,panel2_common_period,fs_wrapper,catboost,4,5,2023-10-01,106259.39999999992,110925.53959816486,4666.13959816494
my_run,A4,panel2_common_period,fs_wrapper,catboost,4,5,2024-01-01,114491.90000000008,109949.1139874665,-4542.7860125335865
my_run,A4,panel2_common_period,fs_wrapper,catboost,4,6,2024-04-01,98590.0,102306.463741616,3716.4637416160112
my_run,A4,panel2_common_period,fs_wrapper,catboost,4,6,2024-07-01,95843.10000000003,101827.13398244156,5984.033982441513
my_run,A4,panel2_common_period,fs_wrapper,catboost,4,6,2024-10-01,111622.30000000002,109871.97766258144,-1750.3223374185764
my_run,A4,panel2_common_period,fs_wrapper,catboost,4,6,2025-01-01,115136.6999999999,108364.78954429024,-6771.910455709658
my_run,A4,panel2_common_period,fs_wrapper,lstm,1,0,2022-07-01,100142.10000000003,106582.78125,6440.681249999965
my_run,A4,panel2_common_period,fs_wrapper,lstm,1,0,2022-10-01,109987.89999999998,106549.3515625,-3438.54843749998
my_run,A4,panel2_common_period,fs_wrapper,lstm,1,0,2023-01-01,109706.89999999992,106548.03125,-3158.8687499999214
my_run,A4,panel2_common_period,fs_wrapper,lstm,1,0,2023-04-01,95012.50000000006,106510.7421875,11498.242187499942
my_run,A4,panel2_common_period,fs_wrapper,lstm,1,1,2023-07-01,92715.5,105679.5625,12964.062499999984
my_run,A4,panel2_common_period,fs_wrapper,lstm,1,1,2023-10-01,106259.39999999992,105697.6953125,-561.7046874999214
my_run,A4,panel2_common_period,fs_wrapper,lstm,1,1,2024-01-01,114491.90000000008,105721.6953125,-8770.204687500081
my_run,A4,panel2_common_period,fs_wrapper,lstm,1,1,2024-04-01,98590.0,105769.09375,7179.09375
my_run,A4,panel2_common_period,fs_wrapper,lstm,1,2,2024-07-01,95843.10000000003,105489.6484375,9646.548437499963
my_run,A4,panel2_common_period,fs_wrapper,lstm,1,2,2024-10-01,111622.30000000002,105511.4765625,-6110.8234375000175
my_run,A4,panel2_common_period,fs_wrapper,lstm,1,2,2025-01-01,115136.6999999999,105549.71875,-9586.981249999895
my_run,A4,panel2_common_period,fs_wrapper,lstm,2,3,2022-10-01,109987.89999999998,106650.8125,-3337.08749999998
my_run,A4,panel2_common_period,fs_wrapper,lstm,2,3,2023-01-01,109706.89999999992,106506.8828125,-3200.0171874999214
my_run,A4,panel2_common_period,fs_wrapper,lstm,2,3,2023-04-01,95012.50000000006,106463.5234375,11451.023437499942
my_run,A4,panel2_common_period,fs_wrapper,lstm,2,3,2023-07-01,92715.5,106487.4765625,13771.976562499984
my_run,A4,panel2_common_period,fs_wrapper,lstm,2,4,2023-10-01,106259.39999999992,105177.7421875,-1081.6578124999214
my_run,A4,panel2_common_period,fs_wrapper,lstm,2,4,2024-01-01,114491.90000000008,105192.578125,-9299.32187500008
my_run,A4,panel2_common_period,fs_wrapper,lstm,2,4,2024-04-01,98590.0,105291.9453125,6701.9453125
my_run,A4,panel2_common_period,fs_wrapper,lstm,2,4,2024-07-01,95843.10000000003,105411.40625,9568.306249999963
my_run,A4,panel2_common_period,fs_wrapper,lstm,4,5,2023-04-01,95012.50000000006,104874.546875,9862.046874999942
my_run,A4,panel2_common_period,fs_wrapper,lstm,4,5,2023-07-01,92715.5,104764.2890625,12048.789062499984
my_run,A4,panel2_common_period,fs_wrapper,lstm,4,5,2023-10-01,106259.39999999992,104742.7109375,-1516.6890624999214
my_run,A4,panel2_common_period,fs_wrapper,lstm,4,5,2024-01-01,114491.90000000008,104754.0,-9737.90000000008
my_run,A4,panel2_common_period,fs_wrapper,lstm,4,6,2024-04-01,98590.0,103625.140625,5035.140625
my_run,A4,panel2_common_period,fs_wrapper,lstm,4,6,2024-07-01,95843.10000000003,103664.6875,7821.587499999965
my_run,A4,panel2_common_period,fs_wrapper,lstm,4,6,2024-10-01,111622.30000000002,103758.640625,-7863.6593750000175
my_run,A4,panel2_common_period,fs_wrapper,lstm,4,6,2025-01-01,115136.6999999999,103802.3984375,-11334.301562499895
my_run,A4,panel2_common_period,fs_xgboost_shap,ridge,1,0,2022-07-01,100142.10000000003,108198.03010699716,8055.930106997112
my_run,A4,panel2_common_period,fs_xgboost_shap,ridge,1,0,2022-10-01,109987.89999999998,109908.33541759252,-79.56458240744541
my_run,A4,panel2_common_period,fs_xgboost_shap,ridge,1,0,2023-01-01,109706.89999999992,107932.69538374132,-1774.2046162586048
my_run,A4,panel2_common_period,fs_xgboost_shap,ridge,1,0,2023-04-01,95012.50000000006,105541.8470544034,10529.347054403332
my_run,A4,panel2_common_period,fs_xgboost_shap,ridge,1,1,2023-07-01,92715.5,105982.34904583004,13266.849045830022
my_run,A4,panel2_common_period,fs_xgboost_shap,ridge,1,1,2023-10-01,106259.39999999992,107983.7177054554,1724.317705455469
my_run,A4,panel2_common_period,fs_xgboost_shap,ridge,1,1,2024-01-01,114491.90000000008,105932.60515033688,-8559.294849663202
my_run,A4,panel2_common_period,fs_xgboost_shap,ridge,1,1,2024-04-01,98590.0,103969.02634953946,5379.026349539461
my_run,A4,panel2_common_period,fs_xgboost_shap,ridge,1,2,2024-07-01,95843.10000000003,104904.89537125868,9061.795371258631
my_run,A4,panel2_common_period,fs_xgboost_shap,ridge,1,2,2024-10-01,111622.30000000002,107468.56703757645,-4153.732962423586
my_run,A4,panel2_common_period,fs_xgboost_shap,ridge,1,2,2025-01-01,115136.6999999999,105575.32396103418,-9561.37603896571
my_run,A4,panel2_common_period,fs_xgboost_shap,ridge,2,3,2022-10-01,109987.89999999998,107243.0366279662,-2744.863372033782
my_run,A4,panel2_common_period,fs_xgboost_shap,ridge,2,3,2023-01-01,109706.89999999992,106293.1707184376,-3413.7292815623223
my_run,A4,panel2_common_period,fs_xgboost_shap,ridge,2,3,2023-04-01,95012.50000000006,104621.9994683495,9609.499468349444
my_run,A4,panel2_common_period,fs_xgboost_shap,ridge,2,3,2023-07-01,92715.5,103248.1561951295,10532.656195129486
my_run,A4,panel2_common_period,fs_xgboost_shap,ridge,2,4,2023-10-01,106259.39999999992,105685.07454433566,-574.3254556642642
my_run,A4,panel2_common_period,fs_xgboost_shap,ridge,2,4,2024-01-01,114491.90000000008,106729.05440502604,-7762.845594974045
my_run,A4,panel2_common_period,fs_xgboost_shap,ridge,2,4,2024-04-01,98590.0,103113.58025593898,4523.580255938985
my_run,A4,panel2_common_period,fs_xgboost_shap,ridge,2,4,2024-07-01,95843.10000000003,101573.04925545532,5729.949255455285
my_run,A4,panel2_common_period,fs_xgboost_shap,ridge,4,5,2023-04-01,95012.50000000006,105800.79731980436,10788.297319804304
my_run,A4,panel2_common_period,fs_xgboost_shap,ridge,4,5,2023-07-01,92715.5,106175.51787404426,13460.01787404425
my_run,A4,panel2_common_period,fs_xgboost_shap,ridge,4,5,2023-10-01,106259.39999999992,106961.76763181711,702.3676318171929
my_run,A4,panel2_common_period,fs_xgboost_shap,ridge,4,5,2024-01-01,114491.90000000008,107530.93865104415,-6960.961348955912
my_run,A4,panel2_common_period,fs_xgboost_shap,ridge,4,6,2024-04-01,98590.0,104126.34405764865,5536.344057648646
my_run,A4,panel2_common_period,fs_xgboost_shap,ridge,4,6,2024-07-01,95843.10000000003,102740.78900445628,6897.689004456232
my_run,A4,panel2_common_period,fs_xgboost_shap,ridge,4,6,2024-10-01,111622.30000000002,105424.00467425773,-6198.295325742307
my_run,A4,panel2_common_period,fs_xgboost_shap,ridge,4,6,2025-01-01,115136.6999999999,106511.92161893606,-8624.778381063836
my_run,A4,panel2_common_period,fs_xgboost_shap,random_forest,1,0,2022-07-01,100142.10000000003,105493.50049129792,5351.4004912979
my_run,A4,panel2_common_period,fs_xgboost_shap,random_forest,1,0,2022-10-01,109987.89999999998,116673.14615717538,6685.246157175396
my_run,A4,panel2_common_period,fs_xgboost_shap,random_forest,1,0,2023-01-01,109706.89999999992,114904.72906985038,5197.829069850457
my_run,A4,panel2_common_period,fs_xgboost_shap,random_forest,1,0,2023-04-01,95012.50000000006,101378.07378558398,6365.573785583925
my_run,A4,panel2_common_period,fs_xgboost_shap,random_forest,1,1,2023-07-01,92715.5,98985.7236564451,6270.223656445087
my_run,A4,panel2_common_period,fs_xgboost_shap,random_forest,1,1,2023-10-01,106259.39999999992,112496.23851094989,6236.838510949965
my_run,A4,panel2_common_period,fs_xgboost_shap,random_forest,1,1,2024-01-01,114491.90000000008,112398.05728792892,-2093.8427120711717
my_run,A4,panel2_common_period,fs_xgboost_shap,random_forest,1,1,2024-04-01,98590.0,97553.98508417126,-1036.0149158287386
my_run,A4,panel2_common_period,fs_xgboost_shap,random_forest,1,2,2024-07-01,95843.10000000003,107140.88552969116,11297.785529691117
my_run,A4,panel2_common_period,fs_xgboost_shap,random_forest,1,2,2024-10-01,111622.30000000002,111662.51503973309,40.21503973305517
my_run,A4,panel2_common_period,fs_xgboost_shap,random_forest,1,2,2025-01-01,115136.6999999999,111551.8334074382,-3584.8665925617097
my_run,A4,panel2_common_period,fs_xgboost_shap,random_forest,2,3,2022-10-01,109987.89999999998,113929.6128545404,3941.712854540412
my_run,A4,panel2_common_period,fs_xgboost_shap,random_forest,2,3,2023-01-01,109706.89999999992,114012.665300054,4305.765300054089
my_run,A4,panel2_common_period,fs_xgboost_shap,random_forest,2,3,2023-04-01,95012.50000000006,98843.16389477716,3830.663894777099
my_run,A4,panel2_common_period,fs_xgboost_shap,random_forest,2,3,2023-07-01,92715.5,99206.73544094444,6491.235440944423
my_run,A4,panel2_common_period,fs_xgboost_shap,random_forest,2,4,2023-10-01,106259.39999999992,95487.82735444995,-10771.572645549952
my_run,A4,panel2_common_period,fs_xgboost_shap,random_forest,2,4,2024-01-01,114491.90000000008,98614.95779975178,-15876.942200248304
my_run,A4,panel2_common_period,fs_xgboost_shap,random_forest,2,4,2024-04-01,98590.0,99956.52629426811,1366.5262942681147
my_run,A4,panel2_common_period,fs_xgboost_shap,random_forest,2,4,2024-07-01,95843.10000000003,100079.52846285191,4236.42846285188
my_run,A4,panel2_common_period,fs_xgboost_shap,random_forest,4,5,2023-04-01,95012.50000000006,96942.15060730636,1929.650607306292
my_run,A4,panel2_common_period,fs_xgboost_shap,random_forest,4,5,2023-07-01,92715.5,97777.45177933006,5061.951779330047
my_run,A4,panel2_common_period,fs_xgboost_shap,random_forest,4,5,2023-10-01,106259.39999999992,109916.04030943204,3656.640309432129
my_run,A4,panel2_common_period,fs_xgboost_shap,random_forest,4,5,2024-01-01,114491.90000000008,109997.71424735902,-4494.18575264106
my_run,A4,panel2_common_period,fs_xgboost_shap,random_forest,4,6,2024-04-01,98590.0,101331.52320054876,2741.5232005487637
my_run,A4,panel2_common_period,fs_xgboost_shap,random_forest,4,6,2024-07-01,95843.10000000003,102041.56817173494,6198.468171734901
my_run,A4,panel2_common_period,fs_xgboost_shap,random_forest,4,6,2024-10-01,111622.30000000002,105694.4270304991,-5927.872969500924
my_run,A4,panel2_common_period,fs_xgboost_shap,random_forest,4,6,2025-01-01,115136.6999999999,103348.87007476189,-11787.829925238024
my_run,A4,panel2_common_period,fs_xgboost_shap,lightgbm,1,0,2022-07-01,100142.10000000003,105459.71822162948,5317.61822162944
my_run,A4,panel2_common_period,fs_xgboost_shap,lightgbm,1,0,2022-10-01,109987.89999999998,117107.88135025588,7119.981350255912
my_run,A4,panel2_common_period,fs_xgboost_shap,lightgbm,1,0,2023-01-01,109706.89999999992,123141.2427282053,13434.342728205374
my_run,A4,panel2_common_period,fs_xgboost_shap,lightgbm,1,0,2023-04-01,95012.50000000006,102999.38461733732,7986.884617337273
my_run,A4,panel2_common_period,fs_xgboost_shap,lightgbm,1,1,2023-07-01,92715.5,100357.94485174835,7642.444851748354
my_run,A4,panel2_common_period,fs_xgboost_shap,lightgbm,1,1,2023-10-01,106259.39999999992,106319.10468588684,59.70468588692893
my_run,A4,panel2_common_period,fs_xgboost_shap,lightgbm,1,1,2024-01-01,114491.90000000008,108294.01122901312,-6197.88877098696
my_run,A4,panel2_common_period,fs_xgboost_shap,lightgbm,1,1,2024-04-01,98590.0,94859.57023804227,-3730.429761957712
my_run,A4,panel2_common_period,fs_xgboost_shap,lightgbm,1,2,2024-07-01,95843.10000000003,107719.95887166844,11876.858871668404
my_run,A4,panel2_common_period,fs_xgboost_shap,lightgbm,1,2,2024-10-01,111622.30000000002,112363.11506616262,740.8150661625987
my_run,A4,panel2_common_period,fs_xgboost_shap,lightgbm,1,2,2025-01-01,115136.6999999999,110024.53883377084,-5112.1611662290525
my_run,A4,panel2_common_period,fs_xgboost_shap,lightgbm,2,3,2022-10-01,109987.89999999998,112140.4226275973,2152.522627597325
my_run,A4,panel2_common_period,fs_xgboost_shap,lightgbm,2,3,2023-01-01,109706.89999999992,111261.10894493732,1554.2089449374034
my_run,A4,panel2_common_period,fs_xgboost_shap,lightgbm,2,3,2023-04-01,95012.50000000006,90032.73638670341,-4979.763613296644
my_run,A4,panel2_common_period,fs_xgboost_shap,lightgbm,2,3,2023-07-01,92715.5,97957.3775380569,5241.877538056884
my_run,A4,panel2_common_period,fs_xgboost_shap,lightgbm,2,4,2023-10-01,106259.39999999992,99434.55761896944,-6824.842381030467
my_run,A4,panel2_common_period,fs_xgboost_shap,lightgbm,2,4,2024-01-01,114491.90000000008,103610.55326178574,-10881.346738214344
my_run,A4,panel2_common_period,fs_xgboost_shap,lightgbm,2,4,2024-04-01,98590.0,104738.8381110018,6148.8381110017945
my_run,A4,panel2_common_period,fs_xgboost_shap,lightgbm,2,4,2024-07-01,95843.10000000003,101790.51126818254,5947.411268182506
my_run,A4,panel2_common_period,fs_xgboost_shap,lightgbm,4,5,2023-04-01,95012.50000000006,93624.78973308616,-1387.710266913884
my_run,A4,panel2_common_period,fs_xgboost_shap,lightgbm,4,5,2023-07-01,92715.5,92153.59667105922,-561.9033289407962
my_run,A4,panel2_common_period,fs_xgboost_shap,lightgbm,4,5,2023-10-01,106259.39999999992,120610.88331945812,14351.483319458188
my_run,A4,panel2_common_period,fs_xgboost_shap,lightgbm,4,5,2024-01-01,114491.90000000008,111856.5523559956,-2635.3476440044906
my_run,A4,panel2_common_period,fs_xgboost_shap,lightgbm,4,6,2024-04-01,98590.0,105773.64229914646,7183.642299146464
my_run,A4,panel2_common_period,fs_xgboost_shap,lightgbm,4,6,2024-07-01,95843.10000000003,105265.0670671198,9421.967067119767
my_run,A4,panel2_common_period,fs_xgboost_shap,lightgbm,4,6,2024-10-01,111622.30000000002,119621.90155833316,7999.601558333146
my_run,A4,panel2_common_period,fs_xgboost_shap,lightgbm,4,6,2025-01-01,115136.6999999999,117431.54392468907,2294.8439246891794
my_run,A4,panel2_common_period,fs_xgboost_shap,catboost,1,0,2022-07-01,100142.10000000003,102546.9153507025,2404.815350702469
my_run,A4,panel2_common_period,fs_xgboost_shap,catboost,1,0,2022-10-01,109987.89999999998,117467.42157128328,7479.521571283301
my_run,A4,panel2_common_period,fs_xgboost_shap,catboost,1,0,2023-01-01,109706.89999999992,114062.63227762666,4355.732277626739
my_run,A4,panel2_common_period,fs_xgboost_shap,catboost,1,0,2023-04-01,95012.50000000006,100732.5219339174,5720.021933917349
my_run,A4,panel2_common_period,fs_xgboost_shap,catboost,1,1,2023-07-01,92715.5,98308.5426743065,5593.042674306489
my_run,A4,panel2_common_period,fs_xgboost_shap,catboost,1,1,2023-10-01,106259.39999999992,113598.5591448296,7339.159144829668
my_run,A4,panel2_common_period,fs_xgboost_shap,catboost,1,1,2024-01-01,114491.90000000008,112620.01105617009,-1871.8889438300105
my_run,A4,panel2_common_period,fs_xgboost_shap,catboost,1,1,2024-04-01,98590.0,97720.5934915053,-869.4065084947069
my_run,A4,panel2_common_period,fs_xgboost_shap,catboost,1,2,2024-07-01,95843.10000000003,108004.81020062188,12161.710200621848
my_run,A4,panel2_common_period,fs_xgboost_shap,catboost,1,2,2024-10-01,111622.30000000002,110791.25466706784,-831.0453329321899
my_run,A4,panel2_common_period,fs_xgboost_shap,catboost,1,2,2025-01-01,115136.6999999999,110873.0533711697,-4263.646628830189
my_run,A4,panel2_common_period,fs_xgboost_shap,catboost,2,3,2022-10-01,109987.89999999998,112233.55935043834,2245.659350438364
my_run,A4,panel2_common_period,fs_xgboost_shap,catboost,2,3,2023-01-01,109706.89999999992,112428.48821989402,2721.5882198940963
my_run,A4,panel2_common_period,fs_xgboost_shap,catboost,2,3,2023-04-01,95012.50000000006,99875.0282124062,4862.528212406134
my_run,A4,panel2_common_period,fs_xgboost_shap,catboost,2,3,2023-07-01,92715.5,99849.53615594418,7134.036155944166
my_run,A4,panel2_common_period,fs_xgboost_shap,catboost,2,4,2023-10-01,106259.39999999992,102894.28750420532,-3365.1124957946013
my_run,A4,panel2_common_period,fs_xgboost_shap,catboost,2,4,2024-01-01,114491.90000000008,105478.05848042878,-9013.841519571302
my_run,A4,panel2_common_period,fs_xgboost_shap,catboost,2,4,2024-04-01,98590.0,105914.28064292902,7324.280642929021
my_run,A4,panel2_common_period,fs_xgboost_shap,catboost,2,4,2024-07-01,95843.10000000003,105003.44049557486,9160.340495574826
my_run,A4,panel2_common_period,fs_xgboost_shap,catboost,4,5,2023-04-01,95012.50000000006,99649.3750890821,4636.875089082037
my_run,A4,panel2_common_period,fs_xgboost_shap,catboost,4,5,2023-07-01,92715.5,100365.99208933566,7650.492089335647
my_run,A4,panel2_common_period,fs_xgboost_shap,catboost,4,5,2023-10-01,106259.39999999992,110411.0398401216,4151.639840121687
my_run,A4,panel2_common_period,fs_xgboost_shap,catboost,4,5,2024-01-01,114491.90000000008,110110.01349056874,-4381.886509431337
my_run,A4,panel2_common_period,fs_xgboost_shap,catboost,4,6,2024-04-01,98590.0,101305.26029583636,2715.260295836372
my_run,A4,panel2_common_period,fs_xgboost_shap,catboost,4,6,2024-07-01,95843.10000000003,100134.82811847054,4291.728118470506
my_run,A4,panel2_common_period,fs_xgboost_shap,catboost,4,6,2024-10-01,111622.30000000002,106070.71971911032,-5551.580280889684
my_run,A4,panel2_common_period,fs_xgboost_shap,catboost,4,6,2025-01-01,115136.6999999999,105487.8729089179,-9648.827091082
my_run,A4,panel2_common_period,fs_xgboost_shap,lstm,1,0,2022-07-01,100142.10000000003,106097.421875,5955.321874999965
my_run,A4,panel2_common_period,fs_xgboost_shap,lstm,1,0,2022-10-01,109987.89999999998,106114.4296875,-3873.47031249998
my_run,A4,panel2_common_period,fs_xgboost_shap,lstm,1,0,2023-01-01,109706.89999999992,106106.2265625,-3600.6734374999214
my_run,A4,panel2_common_period,fs_xgboost_shap,lstm,1,0,2023-04-01,95012.50000000006,106013.6796875,11001.179687499942
my_run,A4,panel2_common_period,fs_xgboost_shap,lstm,1,1,2023-07-01,92715.5,105528.6796875,12813.179687499984
my_run,A4,panel2_common_period,fs_xgboost_shap,lstm,1,1,2023-10-01,106259.39999999992,105463.3984375,-796.0015624999214
my_run,A4,panel2_common_period,fs_xgboost_shap,lstm,1,1,2024-01-01,114491.90000000008,105384.765625,-9107.13437500008
my_run,A4,panel2_common_period,fs_xgboost_shap,lstm,1,1,2024-04-01,98590.0,105326.8984375,6736.8984375
my_run,A4,panel2_common_period,fs_xgboost_shap,lstm,1,2,2024-07-01,95843.10000000003,104567.6484375,8724.548437499965
my_run,A4,panel2_common_period,fs_xgboost_shap,lstm,1,2,2024-10-01,111622.30000000002,104525.0859375,-7097.2140625000175
my_run,A4,panel2_common_period,fs_xgboost_shap,lstm,1,2,2025-01-01,115136.6999999999,104511.4140625,-10625.285937499895
my_run,A4,panel2_common_period,fs_xgboost_shap,lstm,2,3,2022-10-01,109987.89999999998,105586.8828125,-4401.01718749998
my_run,A4,panel2_common_period,fs_xgboost_shap,lstm,2,3,2023-01-01,109706.89999999992,105588.390625,-4118.509374999921
my_run,A4,panel2_common_period,fs_xgboost_shap,lstm,2,3,2023-04-01,95012.50000000006,105504.640625,10492.140624999942
my_run,A4,panel2_common_period,fs_xgboost_shap,lstm,2,3,2023-07-01,92715.5,105423.0703125,12707.570312499984
my_run,A4,panel2_common_period,fs_xgboost_shap,lstm,2,4,2023-10-01,106259.39999999992,104560.0703125,-1699.3296874999214
my_run,A4,panel2_common_period,fs_xgboost_shap,lstm,2,4,2024-01-01,114491.90000000008,104484.6171875,-10007.28281250008
my_run,A4,panel2_common_period,fs_xgboost_shap,lstm,2,4,2024-04-01,98590.0,104369.1953125,5779.1953125
my_run,A4,panel2_common_period,fs_xgboost_shap,lstm,2,4,2024-07-01,95843.10000000003,104326.0,8482.899999999965
my_run,A4,panel2_common_period,fs_xgboost_shap,lstm,4,5,2023-04-01,95012.50000000006,104291.375,9278.874999999942
my_run,A4,panel2_common_period,fs_xgboost_shap,lstm,4,5,2023-07-01,92715.5,104290.984375,11575.484374999984
my_run,A4,panel2_common_period,fs_xgboost_shap,lstm,4,5,2023-10-01,106259.39999999992,104258.0703125,-2001.3296874999212
my_run,A4,panel2_common_period,fs_xgboost_shap,lstm,4,5,2024-01-01,114491.90000000008,104209.0625,-10282.83750000008
my_run,A4,panel2_common_period,fs_xgboost_shap,lstm,4,6,2024-04-01,98590.0,103701.1796875,5111.1796875
my_run,A4,panel2_common_period,fs_xgboost_shap,lstm,4,6,2024-07-01,95843.10000000003,103645.3046875,7802.204687499965
my_run,A4,panel2_common_period,fs_xgboost_shap,lstm,4,6,2024-10-01,111622.30000000002,103615.3671875,-8006.9328125000175
my_run,A4,panel2_common_period,fs_xgboost_shap,lstm,4,6,2025-01-01,115136.6999999999,103552.9296875,-11583.770312499895
my_run,A4,panel2_common_period,fs_permutation_stability,ridge,1,0,2022-07-01,100142.10000000003,110098.66679835644,9956.56679835639
my_run,A4,panel2_common_period,fs_permutation_stability,ridge,1,0,2022-10-01,109987.89999999998,113404.21660938616,3416.316609386165
my_run,A4,panel2_common_period,fs_permutation_stability,ridge,1,0,2023-01-01,109706.89999999992,105240.45306079536,-4466.446939204572
my_run,A4,panel2_common_period,fs_permutation_stability,ridge,1,0,2023-04-01,95012.50000000006,103387.30516054553,8374.805160545453
my_run,A4,panel2_common_period,fs_permutation_stability,ridge,1,1,2023-07-01,92715.5,104225.0495991926,11509.549599192584
my_run,A4,panel2_common_period,fs_permutation_stability,ridge,1,1,2023-10-01,106259.39999999992,102729.92412117656,-3529.475878823374
my_run,A4,panel2_common_period,fs_permutation_stability,ridge,1,1,2024-01-01,114491.90000000008,99095.1364320008,-15396.763567999296
my_run,A4,panel2_common_period,fs_permutation_stability,ridge,1,1,2024-04-01,98590.0,95202.22881293263,-3387.771187067352
my_run,A4,panel2_common_period,fs_permutation_stability,ridge,1,2,2024-07-01,95843.10000000003,97597.65551072713,1754.555510727092
my_run,A4,panel2_common_period,fs_permutation_stability,ridge,1,2,2024-10-01,111622.30000000002,97873.16952764166,-13749.13047235836
my_run,A4,panel2_common_period,fs_permutation_stability,ridge,1,2,2025-01-01,115136.6999999999,100135.30167137948,-15001.398328620417
my_run,A4,panel2_common_period,fs_permutation_stability,ridge,2,3,2022-10-01,109987.89999999998,108188.62100759563,-1799.2789924043318
my_run,A4,panel2_common_period,fs_permutation_stability,ridge,2,3,2023-01-01,109706.89999999992,111633.8817688927,1926.9817688927724
my_run,A4,panel2_common_period,fs_permutation_stability,ridge,2,3,2023-04-01,95012.50000000006,100700.31856164135,5687.818561641296
my_run,A4,panel2_common_period,fs_permutation_stability,ridge,2,3,2023-07-01,92715.5,100907.6039117427,8192.103911742684
my_run,A4,panel2_common_period,fs_permutation_stability,ridge,2,4,2023-10-01,106259.39999999992,104432.3747544338,-1827.0252455661248
my_run,A4,panel2_common_period,fs_permutation_stability,ridge,2,4,2024-01-01,114491.90000000008,101264.21674831172,-13227.683251688371
my_run,A4,panel2_common_period,fs_permutation_stability,ridge,2,4,2024-04-01,98590.0,94524.60565763022,-4065.3943423697774
my_run,A4,panel2_common_period,fs_permutation_stability,ridge,2,4,2024-07-01,95843.10000000003,92100.30639711925,-3742.793602880804
my_run,A4,panel2_common_period,fs_permutation_stability,ridge,4,5,2023-04-01,95012.50000000006,105811.73119066168,10799.231190661609
my_run,A4,panel2_common_period,fs_permutation_stability,ridge,4,5,2023-07-01,92715.5,104553.89574332185,11838.395743321817
my_run,A4,panel2_common_period,fs_permutation_stability,ridge,4,5,2023-10-01,106259.39999999992,109315.6335789114,3056.233578911473
my_run,A4,panel2_common_period,fs_permutation_stability,ridge,4,5,2024-01-01,114491.90000000008,108457.3732316786,-6034.526768321492
my_run,A4,panel2_common_period,fs_permutation_stability,ridge,4,6,2024-04-01,98590.0,105610.81001910233,7020.810019102311
my_run,A4,panel2_common_period,fs_permutation_stability,ridge,4,6,2024-07-01,95843.10000000003,107466.8994799348,11623.79947993475
my_run,A4,panel2_common_period,fs_permutation_stability,ridge,4,6,2024-10-01,111622.30000000002,112054.43456635471,432.1345663546963
my_run,A4,panel2_common_period,fs_permutation_stability,ridge,4,6,2025-01-01,115136.6999999999,111890.7655481132,-3245.9344518867
my_run,A4,panel2_common_period,fs_permutation_stability,random_forest,1,0,2022-07-01,100142.10000000003,108454.77389983607,8312.673899836052
my_run,A4,panel2_common_period,fs_permutation_stability,random_forest,1,0,2022-10-01,109987.89999999998,108454.77389983607,-1533.1261001638925
my_run,A4,panel2_common_period,fs_permutation_stability,random_forest,1,0,2023-01-01,109706.89999999992,108454.77389983607,-1252.126100163834
my_run,A4,panel2_common_period,fs_permutation_stability,random_forest,1,0,2023-04-01,95012.50000000006,108454.77389983607,13442.27389983603
my_run,A4,panel2_common_period,fs_permutation_stability,random_forest,1,1,2023-07-01,92715.5,107420.73950966494,14705.239509664929
my_run,A4,panel2_common_period,fs_permutation_stability,random_forest,1,1,2023-10-01,106259.39999999992,107237.01900292536,977.6190029254504
my_run,A4,panel2_common_period,fs_permutation_stability,random_forest,1,1,2024-01-01,114491.90000000008,107237.01900292536,-7254.88099707471
my_run,A4,panel2_common_period,fs_permutation_stability,random_forest,1,1,2024-04-01,98590.0,107237.01900292536,8647.019002925372
my_run,A4,panel2_common_period,fs_permutation_stability,random_forest,1,2,2024-07-01,95843.10000000003,104160.61591922792,8317.515919227895
my_run,A4,panel2_common_period,fs_permutation_stability,random_forest,1,2,2024-10-01,111622.30000000002,104160.61591922792,-7461.684080772087
my_run,A4,panel2_common_period,fs_permutation_stability,random_forest,1,2,2025-01-01,115136.6999999999,104160.61591922792,-10976.084080771963
my_run,A4,panel2_common_period,fs_permutation_stability,random_forest,2,3,2022-10-01,109987.89999999998,108086.91690591592,-1900.9830940840477
my_run,A4,panel2_common_period,fs_permutation_stability,random_forest,2,3,2023-01-01,109706.89999999992,108086.91690591592,-1619.9830940839893
my_run,A4,panel2_common_period,fs_permutation_stability,random_forest,2,3,2023-04-01,95012.50000000006,108086.91690591592,13074.416905915874
my_run,A4,panel2_common_period,fs_permutation_stability,random_forest,2,3,2023-07-01,92715.5,108086.91690591592,15371.416905915918
my_run,A4,panel2_common_period,fs_permutation_stability,random_forest,2,4,2023-10-01,106259.39999999992,106437.3314297128,177.93142971287307
my_run,A4,panel2_common_period,fs_permutation_stability,random_forest,2,4,2024-01-01,114491.90000000008,106437.3314297128,-8054.568570287287
my_run,A4,panel2_common_period,fs_permutation_stability,random_forest,2,4,2024-04-01,98590.0,106437.3314297128,7847.331429712794
my_run,A4,panel2_common_period,fs_permutation_stability,random_forest,2,4,2024-07-01,95843.10000000003,106437.3314297128,10594.23142971276
my_run,A4,panel2_common_period,fs_permutation_stability,random_forest,4,5,2023-04-01,95012.50000000006,106343.5240705256,11331.024070525542
my_run,A4,panel2_common_period,fs_permutation_stability,random_forest,4,5,2023-07-01,92715.5,106343.5240705256,13628.024070525586
my_run,A4,panel2_common_period,fs_permutation_stability,random_forest,4,5,2023-10-01,106259.39999999992,106343.5240705256,84.12407052567869
my_run,A4,panel2_common_period,fs_permutation_stability,random_forest,4,5,2024-01-01,114491.90000000008,106343.5240705256,-8148.375929474481
my_run,A4,panel2_common_period,fs_permutation_stability,random_forest,4,6,2024-04-01,98590.0,105400.2929818862,6810.292981886203
my_run,A4,panel2_common_period,fs_permutation_stability,random_forest,4,6,2024-07-01,95843.10000000003,105400.2929818862,9557.192981886168
my_run,A4,panel2_common_period,fs_permutation_stability,random_forest,4,6,2024-10-01,111622.30000000002,105400.2929818862,-6222.007018113814
my_run,A4,panel2_common_period,fs_permutation_stability,random_forest,4,6,2025-01-01,115136.6999999999,105400.2929818862,-9736.407018113692
my_run,A4,panel2_common_period,fs_permutation_stability,lightgbm,1,0,2022-07-01,100142.10000000003,109015.72922282708,8873.629222827047
my_run,A4,panel2_common_period,fs_permutation_stability,lightgbm,1,0,2022-10-01,109987.89999999998,109015.72922282708,-972.170777172898
my_run,A4,panel2_common_period,fs_permutation_stability,lightgbm,1,0,2023-01-01,109706.89999999992,109015.72922282708,-691.1707771728397
my_run,A4,panel2_common_period,fs_permutation_stability,lightgbm,1,0,2023-04-01,95012.50000000006,109015.72922282708,14003.229222827023
my_run,A4,panel2_common_period,fs_permutation_stability,lightgbm,1,1,2023-07-01,92715.5,107892.22303400718,15176.72303400717
my_run,A4,panel2_common_period,fs_permutation_stability,lightgbm,1,1,2023-10-01,106259.39999999992,107892.22303400718,1632.8230340072623
my_run,A4,panel2_common_period,fs_permutation_stability,lightgbm,1,1,2024-01-01,114491.90000000008,107892.22303400718,-6599.676965992898
my_run,A4,panel2_common_period,fs_permutation_stability,lightgbm,1,1,2024-04-01,98590.0,107892.22303400718,9302.223034007184
my_run,A4,panel2_common_period,fs_permutation_stability,lightgbm,1,2,2024-07-01,95843.10000000003,107007.3872602541,11164.28726025406
my_run,A4,panel2_common_period,fs_permutation_stability,lightgbm,1,2,2024-10-01,111622.30000000002,107007.3872602541,-4614.912739745923
my_run,A4,panel2_common_period,fs_permutation_stability,lightgbm,1,2,2025-01-01,115136.6999999999,107007.3872602541,-8129.312739745801
my_run,A4,panel2_common_period,fs_permutation_stability,lightgbm,2,3,2022-10-01,109987.89999999998,108419.51842444691,-1568.3815755530522
my_run,A4,panel2_common_period,fs_permutation_stability,lightgbm,2,3,2023-01-01,109706.89999999992,108419.51842444691,-1287.381575552994
my_run,A4,panel2_common_period,fs_permutation_stability,lightgbm,2,3,2023-04-01,95012.50000000006,108419.51842444691,13407.01842444687
my_run,A4,panel2_common_period,fs_permutation_stability,lightgbm,2,3,2023-07-01,92715.5,108419.51842444691,15704.018424446913
my_run,A4,panel2_common_period,fs_permutation_stability,lightgbm,2,4,2023-10-01,106259.39999999992,107006.85064764744,747.4506476475071
my_run,A4,panel2_common_period,fs_permutation_stability,lightgbm,2,4,2024-01-01,114491.90000000008,107006.85064764744,-7485.049352352653
my_run,A4,panel2_common_period,fs_permutation_stability,lightgbm,2,4,2024-04-01,98590.0,107006.85064764744,8416.850647647429
my_run,A4,panel2_common_period,fs_permutation_stability,lightgbm,2,4,2024-07-01,95843.10000000003,107006.85064764744,11163.750647647394
my_run,A4,panel2_common_period,fs_permutation_stability,lightgbm,4,5,2023-04-01,95012.50000000006,106473.46196083842,11460.961960838364
my_run,A4,panel2_common_period,fs_permutation_stability,lightgbm,4,5,2023-07-01,92715.5,106473.46196083842,13757.96196083841
my_run,A4,panel2_common_period,fs_permutation_stability,lightgbm,4,5,2023-10-01,106259.39999999992,106473.46196083842,214.06196083850227
my_run,A4,panel2_common_period,fs_permutation_stability,lightgbm,4,5,2024-01-01,114491.90000000008,106473.46196083842,-8018.438039161658
my_run,A4,panel2_common_period,fs_permutation_stability,lightgbm,4,6,2024-04-01,98590.0,105510.7866712575,6920.786671257505
my_run,A4,panel2_common_period,fs_permutation_stability,lightgbm,4,6,2024-07-01,95843.10000000003,105510.7866712575,9667.68667125747
my_run,A4,panel2_common_period,fs_permutation_stability,lightgbm,4,6,2024-10-01,111622.30000000002,105510.7866712575,-6111.513328742512
my_run,A4,panel2_common_period,fs_permutation_stability,lightgbm,4,6,2025-01-01,115136.6999999999,105510.7866712575,-9625.91332874239
my_run,A4,panel2_common_period,fs_permutation_stability,catboost,1,0,2022-07-01,100142.10000000003,106589.10443601244,6447.004436012416
my_run,A4,panel2_common_period,fs_permutation_stability,catboost,1,0,2022-10-01,109987.89999999998,107361.27493580972,-2626.625064190259
my_run,A4,panel2_common_period,fs_permutation_stability,catboost,1,0,2023-01-01,109706.89999999992,109936.82456941996,229.92456942005083
my_run,A4,panel2_common_period,fs_permutation_stability,catboost,1,0,2023-04-01,95012.50000000006,111370.23210789872,16357.732107898672
my_run,A4,panel2_common_period,fs_permutation_stability,catboost,1,1,2023-07-01,92715.5,108811.21195636212,16095.711956362107
my_run,A4,panel2_common_period,fs_permutation_stability,catboost,1,1,2023-10-01,106259.39999999992,97772.5845310616,-8486.815468938323
my_run,A4,panel2_common_period,fs_permutation_stability,catboost,1,1,2024-01-01,114491.90000000008,100651.59338670853,-13840.30661329157
my_run,A4,panel2_common_period,fs_permutation_stability,catboost,1,1,2024-04-01,98590.0,102552.91404250728,3962.914042507269
my_run,A4,panel2_common_period,fs_permutation_stability,catboost,1,2,2024-07-01,95843.10000000003,104348.54693006788,8505.446930067847
my_run,A4,panel2_common_period,fs_permutation_stability,catboost,1,2,2024-10-01,111622.30000000002,104348.54693006788,-7273.753069932136
my_run,A4,panel2_common_period,fs_permutation_stability,catboost,1,2,2025-01-01,115136.6999999999,102550.42150624904,-12586.27849375087
my_run,A4,panel2_common_period,fs_permutation_stability,catboost,2,3,2022-10-01,109987.89999999998,107027.15362760834,-2960.7463723916444
my_run,A4,panel2_common_period,fs_permutation_stability,catboost,2,3,2023-01-01,109706.89999999992,109898.52684457674,191.6268445768219
my_run,A4,panel2_common_period,fs_permutation_stability,catboost,2,3,2023-04-01,95012.50000000006,101786.3611290189,6773.861129018842
my_run,A4,panel2_common_period,fs_permutation_stability,catboost,2,3,2023-07-01,92715.5,101023.19927598655,8307.699275986553
my_run,A4,panel2_common_period,fs_permutation_stability,catboost,2,4,2023-10-01,106259.39999999992,98924.04909385604,-7335.350906143896
my_run,A4,panel2_common_period,fs_permutation_stability,catboost,2,4,2024-01-01,114491.90000000008,95018.44016482624,-19473.45983517384
my_run,A4,panel2_common_period,fs_permutation_stability,catboost,2,4,2024-04-01,98590.0,98652.19214666488,62.19214666487824
my_run,A4,panel2_common_period,fs_permutation_stability,catboost,2,4,2024-07-01,95843.10000000003,101272.73789381818,5429.637893818144
my_run,A4,panel2_common_period,fs_permutation_stability,catboost,4,5,2023-04-01,95012.50000000006,107046.62184297868,12034.12184297861
my_run,A4,panel2_common_period,fs_permutation_stability,catboost,4,5,2023-07-01,92715.5,105875.2584448826,13159.75844488258
my_run,A4,panel2_common_period,fs_permutation_stability,catboost,4,5,2023-10-01,106259.39999999992,110697.46574054286,4438.065740542937
my_run,A4,panel2_common_period,fs_permutation_stability,catboost,4,5,2024-01-01,114491.90000000008,110052.08221063112,-4439.817789368972
my_run,A4,panel2_common_period,fs_permutation_stability,catboost,4,6,2024-04-01,98590.0,112275.15771901076,13685.157719010764
my_run,A4,panel2_common_period,fs_permutation_stability,catboost,4,6,2024-07-01,95843.10000000003,113069.42315071925,17226.323150719196
my_run,A4,panel2_common_period,fs_permutation_stability,catboost,4,6,2024-10-01,111622.30000000002,109136.51362701252,-2485.7863729874957
my_run,A4,panel2_common_period,fs_permutation_stability,catboost,4,6,2025-01-01,115136.6999999999,108356.2175493864,-6780.482450613505
my_run,A4,panel2_common_period,fs_permutation_stability,lstm,1,0,2022-07-01,100142.10000000003,105382.953125,5240.853124999965
my_run,A4,panel2_common_period,fs_permutation_stability,lstm,1,0,2022-10-01,109987.89999999998,105507.15625,-4480.74374999998
my_run,A4,panel2_common_period,fs_permutation_stability,lstm,1,0,2023-01-01,109706.89999999992,105765.453125,-3941.4468749999214
my_run,A4,panel2_common_period,fs_permutation_stability,lstm,1,0,2023-04-01,95012.50000000006,105650.125,10637.624999999942
my_run,A4,panel2_common_period,fs_permutation_stability,lstm,1,1,2023-07-01,92715.5,104840.3515625,12124.851562499984
my_run,A4,panel2_common_period,fs_permutation_stability,lstm,1,1,2023-10-01,106259.39999999992,104823.953125,-1435.4468749999214
my_run,A4,panel2_common_period,fs_permutation_stability,lstm,1,1,2024-01-01,114491.90000000008,104752.40625,-9739.49375000008
my_run,A4,panel2_common_period,fs_permutation_stability,lstm,1,1,2024-04-01,98590.0,104682.3984375,6092.3984375
my_run,A4,panel2_common_period,fs_permutation_stability,lstm,1,2,2024-07-01,95843.10000000003,103594.1171875,7751.017187499965
my_run,A4,panel2_common_period,fs_permutation_stability,lstm,1,2,2024-10-01,111622.30000000002,103575.75,-8046.5500000000175
my_run,A4,panel2_common_period,fs_permutation_stability,lstm,1,2,2025-01-01,115136.6999999999,103536.4375,-11600.262499999895
my_run,A4,panel2_common_period,fs_permutation_stability,lstm,2,3,2022-10-01,109987.89999999998,105101.3359375,-4886.56406249998
my_run,A4,panel2_common_period,fs_permutation_stability,lstm,2,3,2023-01-01,109706.89999999992,105089.296875,-4617.603124999921
my_run,A4,panel2_common_period,fs_permutation_stability,lstm,2,3,2023-04-01,95012.50000000006,105059.046875,10046.546874999942
my_run,A4,panel2_common_period,fs_permutation_stability,lstm,2,3,2023-07-01,92715.5,105121.9765625,12406.476562499984
my_run,A4,panel2_common_period,fs_permutation_stability,lstm,2,4,2023-10-01,106259.39999999992,103931.7578125,-2327.6421874999214
my_run,A4,panel2_common_period,fs_permutation_stability,lstm,2,4,2024-01-01,114491.90000000008,103919.8671875,-10572.03281250008
my_run,A4,panel2_common_period,fs_permutation_stability,lstm,2,4,2024-04-01,98590.0,103881.421875,5291.421875
my_run,A4,panel2_common_period,fs_permutation_stability,lstm,2,4,2024-07-01,95843.10000000003,103874.1953125,8031.095312499965
my_run,A4,panel2_common_period,fs_permutation_stability,lstm,4,5,2023-04-01,95012.50000000006,104055.3359375,9042.835937499942
my_run,A4,panel2_common_period,fs_permutation_stability,lstm,4,5,2023-07-01,92715.5,104223.375,11507.874999999984
my_run,A4,panel2_common_period,fs_permutation_stability,lstm,4,5,2023-10-01,106259.39999999992,104313.65625,-1945.7437499999212
my_run,A4,panel2_common_period,fs_permutation_stability,lstm,4,5,2024-01-01,114491.90000000008,104339.3359375,-10152.56406250008
my_run,A4,panel2_common_period,fs_permutation_stability,lstm,4,6,2024-04-01,98590.0,103630.6875,5040.6875
my_run,A4,panel2_common_period,fs_permutation_stability,lstm,4,6,2024-07-01,95843.10000000003,103582.8671875,7739.767187499965
my_run,A4,panel2_common_period,fs_permutation_stability,lstm,4,6,2024-10-01,111622.30000000002,103495.9609375,-8126.3390625000175
my_run,A4,panel2_common_period,fs_permutation_stability,lstm,4,6,2025-01-01,115136.6999999999,103328.90625,-11807.793749999895
my_run,A4,panel2_common_period,fs_consensus,ridge,1,0,2022-07-01,100142.10000000003,107923.49935141212,7781.399351412081
my_run,A4,panel2_common_period,fs_consensus,ridge,1,0,2022-10-01,109987.89999999998,111256.28301890715,1268.383018907174
my_run,A4,panel2_common_period,fs_consensus,ridge,1,0,2023-01-01,109706.89999999992,107451.52644754588,-2255.3735524540534
my_run,A4,panel2_common_period,fs_consensus,ridge,1,0,2023-04-01,95012.50000000006,104903.68317071028,9891.183170710225
my_run,A4,panel2_common_period,fs_consensus,ridge,1,1,2023-07-01,92715.5,104224.56223123585,11509.062231235832
my_run,A4,panel2_common_period,fs_consensus,ridge,1,1,2023-10-01,106259.39999999992,104439.92627141136,-1819.473728588564
my_run,A4,panel2_common_period,fs_consensus,ridge,1,1,2024-01-01,114491.90000000008,102908.4820174173,-11583.417982582789
my_run,A4,panel2_common_period,fs_consensus,ridge,1,1,2024-04-01,98590.0,100086.51250542056,1496.5125054205564
my_run,A4,panel2_common_period,fs_consensus,ridge,1,2,2024-07-01,95843.10000000003,99112.7491836902,3269.649183690155
my_run,A4,panel2_common_period,fs_consensus,ridge,1,2,2024-10-01,111622.30000000002,101409.7855820996,-10212.514417900427
my_run,A4,panel2_common_period,fs_consensus,ridge,1,2,2025-01-01,115136.6999999999,105019.74530095993,-10116.954699039969
my_run,A4,panel2_common_period,fs_consensus,ridge,2,3,2022-10-01,109987.89999999998,109785.91694823568,-201.98305176429855
my_run,A4,panel2_common_period,fs_consensus,ridge,2,3,2023-01-01,109706.89999999992,109498.74505041524,-208.1549495846848
my_run,A4,panel2_common_period,fs_consensus,ridge,2,3,2023-04-01,95012.50000000006,100702.18185432036,5689.681854320297
my_run,A4,panel2_common_period,fs_consensus,ridge,2,3,2023-07-01,92715.5,101974.94440724612,9259.44440724612
my_run,A4,panel2_common_period,fs_consensus,ridge,2,4,2023-10-01,106259.39999999992,107442.0579038545,1182.6579038545751
my_run,A4,panel2_common_period,fs_consensus,ridge,2,4,2024-01-01,114491.90000000008,103902.45932664684,-10589.440673353238
my_run,A4,panel2_common_period,fs_consensus,ridge,2,4,2024-04-01,98590.0,96175.0233969558,-2414.976603044197
my_run,A4,panel2_common_period,fs_consensus,ridge,2,4,2024-07-01,95843.10000000003,97241.01607816396,1397.9160781639366
my_run,A4,panel2_common_period,fs_consensus,ridge,4,5,2023-04-01,95012.50000000006,104153.06891199014,9140.568911990078
my_run,A4,panel2_common_period,fs_consensus,ridge,4,5,2023-07-01,92715.5,104746.48946535365,12030.989465353632
my_run,A4,panel2_common_period,fs_consensus,ridge,4,5,2023-10-01,106259.39999999992,109954.1129882445,3694.712988244573
my_run,A4,panel2_common_period,fs_consensus,ridge,4,5,2024-01-01,114491.90000000008,108023.13426467666,-6468.765735323424
my_run,A4,panel2_common_period,fs_consensus,ridge,4,6,2024-04-01,98590.0,102556.82859367116,3966.8285936711472
my_run,A4,panel2_common_period,fs_consensus,ridge,4,6,2024-07-01,95843.10000000003,104775.96354507215,8932.863545072134
my_run,A4,panel2_common_period,fs_consensus,ridge,4,6,2024-10-01,111622.30000000002,110713.94157365868,-908.3584263413504
my_run,A4,panel2_common_period,fs_consensus,ridge,4,6,2025-01-01,115136.6999999999,108565.49092364534,-6571.209076354557
my_run,A4,panel2_common_period,fs_consensus,random_forest,1,0,2022-07-01,100142.10000000003,107951.01741022473,7808.917410224676
my_run,A4,panel2_common_period,fs_consensus,random_forest,1,0,2022-10-01,109987.89999999998,110300.42621430966,312.526214309677
my_run,A4,panel2_common_period,fs_consensus,random_forest,1,0,2023-01-01,109706.89999999992,111050.80344747328,1343.903447473349
my_run,A4,panel2_common_period,fs_consensus,random_forest,1,0,2023-04-01,95012.50000000006,107821.75683853726,12809.2568385372
my_run,A4,panel2_common_period,fs_consensus,random_forest,1,1,2023-07-01,92715.5,103302.76208991896,10587.262089918937
my_run,A4,panel2_common_period,fs_consensus,random_forest,1,1,2023-10-01,106259.39999999992,98390.35422836816,-7869.045771631761
my_run,A4,panel2_common_period,fs_consensus,random_forest,1,1,2024-01-01,114491.90000000008,99909.09621203828,-14582.803787961806
my_run,A4,panel2_common_period,fs_consensus,random_forest,1,1,2024-04-01,98590.0,102959.7202540273,4369.720254027299
my_run,A4,panel2_common_period,fs_consensus,random_forest,1,2,2024-07-01,95843.10000000003,101519.9848438363,5676.884843836262
my_run,A4,panel2_common_period,fs_consensus,random_forest,1,2,2024-10-01,111622.30000000002,104053.59420974425,-7568.705790255772
my_run,A4,panel2_common_period,fs_consensus,random_forest,1,2,2025-01-01,115136.6999999999,107972.76137307056,-7163.938626929332
my_run,A4,panel2_common_period,fs_consensus,random_forest,2,3,2022-10-01,109987.89999999998,106305.66379608263,-3682.236203917346
my_run,A4,panel2_common_period,fs_consensus,random_forest,2,3,2023-01-01,109706.89999999992,111834.71851711422,2127.8185171142977
my_run,A4,panel2_common_period,fs_consensus,random_forest,2,3,2023-04-01,95012.50000000006,97700.49739538031,2687.9973953802546
my_run,A4,panel2_common_period,fs_consensus,random_forest,2,3,2023-07-01,92715.5,97472.40962913028,4756.909629130256
my_run,A4,panel2_common_period,fs_consensus,random_forest,2,4,2023-10-01,106259.39999999992,96356.21651849237,-9903.18348150757
my_run,A4,panel2_common_period,fs_consensus,random_forest,2,4,2024-01-01,114491.90000000008,97042.671734424,-17449.22826557608
my_run,A4,panel2_common_period,fs_consensus,random_forest,2,4,2024-04-01,98590.0,96777.79136007682,-1812.208639923177
my_run,A4,panel2_common_period,fs_consensus,random_forest,2,4,2024-07-01,95843.10000000003,99499.32384116664,3656.223841166604
my_run,A4,panel2_common_period,fs_consensus,random_forest,4,5,2023-04-01,95012.50000000006,103810.39276273629,8797.892762736214
my_run,A4,panel2_common_period,fs_consensus,random_forest,4,5,2023-07-01,92715.5,96701.2430508282,3985.743050828183
my_run,A4,panel2_common_period,fs_consensus,random_forest,4,5,2023-10-01,106259.39999999992,111528.96442046356,5269.564420463648
my_run,A4,panel2_common_period,fs_consensus,random_forest,4,5,2024-01-01,114491.90000000008,110738.29376242116,-3753.606237578933
my_run,A4,panel2_common_period,fs_consensus,random_forest,4,6,2024-04-01,98590.0,103831.4689429338,5241.468942933789
my_run,A4,panel2_common_period,fs_consensus,random_forest,4,6,2024-07-01,95843.10000000003,103963.23318185944,8120.133181859419
my_run,A4,panel2_common_period,fs_consensus,random_forest,4,6,2024-10-01,111622.30000000002,111494.2820843341,-128.0179156659142
my_run,A4,panel2_common_period,fs_consensus,random_forest,4,6,2025-01-01,115136.6999999999,109152.40479822752,-5984.295201772373
my_run,A4,panel2_common_period,fs_consensus,lightgbm,1,0,2022-07-01,100142.10000000003,109015.72922282708,8873.629222827047
my_run,A4,panel2_common_period,fs_consensus,lightgbm,1,0,2022-10-01,109987.89999999998,109015.72922282708,-972.170777172898
my_run,A4,panel2_common_period,fs_consensus,lightgbm,1,0,2023-01-01,109706.89999999992,109015.72922282708,-691.1707771728397
my_run,A4,panel2_common_period,fs_consensus,lightgbm,1,0,2023-04-01,95012.50000000006,109015.72922282708,14003.229222827023
my_run,A4,panel2_common_period,fs_consensus,lightgbm,1,1,2023-07-01,92715.5,107892.22303400718,15176.72303400717
my_run,A4,panel2_common_period,fs_consensus,lightgbm,1,1,2023-10-01,106259.39999999992,107892.22303400718,1632.8230340072623
my_run,A4,panel2_common_period,fs_consensus,lightgbm,1,1,2024-01-01,114491.90000000008,107892.22303400718,-6599.676965992898
my_run,A4,panel2_common_period,fs_consensus,lightgbm,1,1,2024-04-01,98590.0,107892.22303400718,9302.223034007184
my_run,A4,panel2_common_period,fs_consensus,lightgbm,1,2,2024-07-01,95843.10000000003,107007.3872602541,11164.28726025406
my_run,A4,panel2_common_period,fs_consensus,lightgbm,1,2,2024-10-01,111622.30000000002,107007.3872602541,-4614.912739745923
my_run,A4,panel2_common_period,fs_consensus,lightgbm,1,2,2025-01-01,115136.6999999999,107007.3872602541,-8129.312739745801
my_run,A4,panel2_common_period,fs_consensus,lightgbm,2,3,2022-10-01,109987.89999999998,108419.51842444691,-1568.3815755530522
my_run,A4,panel2_common_period,fs_consensus,lightgbm,2,3,2023-01-01,109706.89999999992,108419.51842444691,-1287.381575552994
my_run,A4,panel2_common_period,fs_consensus,lightgbm,2,3,2023-04-01,95012.50000000006,108419.51842444691,13407.01842444687
my_run,A4,panel2_common_period,fs_consensus,lightgbm,2,3,2023-07-01,92715.5,108419.51842444691,15704.018424446913
my_run,A4,panel2_common_period,fs_consensus,lightgbm,2,4,2023-10-01,106259.39999999992,107006.85064764744,747.4506476475071
my_run,A4,panel2_common_period,fs_consensus,lightgbm,2,4,2024-01-01,114491.90000000008,107006.85064764744,-7485.049352352653
my_run,A4,panel2_common_period,fs_consensus,lightgbm,2,4,2024-04-01,98590.0,107006.85064764744,8416.850647647429
my_run,A4,panel2_common_period,fs_consensus,lightgbm,2,4,2024-07-01,95843.10000000003,107006.85064764744,11163.750647647394
my_run,A4,panel2_common_period,fs_consensus,lightgbm,4,5,2023-04-01,95012.50000000006,106473.46196083842,11460.961960838364
my_run,A4,panel2_common_period,fs_consensus,lightgbm,4,5,2023-07-01,92715.5,106473.46196083842,13757.96196083841
my_run,A4,panel2_common_period,fs_consensus,lightgbm,4,5,2023-10-01,106259.39999999992,106473.46196083842,214.06196083850227
my_run,A4,panel2_common_period,fs_consensus,lightgbm,4,5,2024-01-01,114491.90000000008,106473.46196083842,-8018.438039161658
my_run,A4,panel2_common_period,fs_consensus,lightgbm,4,6,2024-04-01,98590.0,105510.7866712575,6920.786671257505
my_run,A4,panel2_common_period,fs_consensus,lightgbm,4,6,2024-07-01,95843.10000000003,105510.7866712575,9667.68667125747
my_run,A4,panel2_common_period,fs_consensus,lightgbm,4,6,2024-10-01,111622.30000000002,105510.7866712575,-6111.513328742512
my_run,A4,panel2_common_period,fs_consensus,lightgbm,4,6,2025-01-01,115136.6999999999,105510.7866712575,-9625.91332874239
my_run,A4,panel2_common_period,fs_consensus,catboost,1,0,2022-07-01,100142.10000000003,106634.71158908724,6492.611589087217
my_run,A4,panel2_common_period,fs_consensus,catboost,1,0,2022-10-01,109987.89999999998,111561.9933521204,1574.093352120413
my_run,A4,panel2_common_period,fs_consensus,catboost,1,0,2023-01-01,109706.89999999992,110068.54027469477,361.64027469484427
my_run,A4,panel2_common_period,fs_consensus,catboost,1,0,2023-04-01,95012.50000000006,104556.5898277978,9544.089827797754
my_run,A4,panel2_common_period,fs_consensus,catboost,1,1,2023-07-01,92715.5,104593.83351200073,11878.333512000696
my_run,A4,panel2_common_period,fs_consensus,catboost,1,1,2023-10-01,106259.39999999992,97237.08115509532,-9022.3188449046
my_run,A4,panel2_common_period,fs_consensus,catboost,1,1,2024-01-01,114491.90000000008,103100.43268670156,-11391.46731329852
my_run,A4,panel2_common_period,fs_consensus,catboost,1,1,2024-04-01,98590.0,101189.43361256603,2599.433612566034
my_run,A4,panel2_common_period,fs_consensus,catboost,1,2,2024-07-01,95843.10000000003,103507.64405218251,7664.544052182493
my_run,A4,panel2_common_period,fs_consensus,catboost,1,2,2024-10-01,111622.30000000002,104347.54701621651,-7274.752983783488
my_run,A4,panel2_common_period,fs_consensus,catboost,1,2,2025-01-01,115136.6999999999,106825.76634700155,-8310.933652998327
my_run,A4,panel2_common_period,fs_consensus,catboost,2,3,2022-10-01,109987.89999999998,113316.57459091436,3328.674590914379
my_run,A4,panel2_common_period,fs_consensus,catboost,2,3,2023-01-01,109706.89999999992,111636.79955440012,1929.89955440021
my_run,A4,panel2_common_period,fs_consensus,catboost,2,3,2023-04-01,95012.50000000006,97583.9032648878,2571.403264887733
my_run,A4,panel2_common_period,fs_consensus,catboost,2,3,2023-07-01,92715.5,98813.89452381036,6098.394523810333
my_run,A4,panel2_common_period,fs_consensus,catboost,2,4,2023-10-01,106259.39999999992,102333.22556268818,-3926.17443731174
my_run,A4,panel2_common_period,fs_consensus,catboost,2,4,2024-01-01,114491.90000000008,100825.97836796458,-13665.921632035504
my_run,A4,panel2_common_period,fs_consensus,catboost,2,4,2024-04-01,98590.0,101380.084078864,2790.0840788639907
my_run,A4,panel2_common_period,fs_consensus,catboost,2,4,2024-07-01,95843.10000000003,103940.31474470616,8097.214744706129
my_run,A4,panel2_common_period,fs_consensus,catboost,4,5,2023-04-01,95012.50000000006,102198.88738920647,7186.387389206415
my_run,A4,panel2_common_period,fs_consensus,catboost,4,5,2023-07-01,92715.5,101263.15330935863,8547.653309358633
my_run,A4,panel2_common_period,fs_consensus,catboost,4,5,2023-10-01,106259.39999999992,110696.72303807078,4437.323038070856
my_run,A4,panel2_common_period,fs_consensus,catboost,4,5,2024-01-01,114491.90000000008,110454.84753718282,-4037.052462817257
my_run,A4,panel2_common_period,fs_consensus,catboost,4,6,2024-04-01,98590.0,106790.45253689856,8200.452536898549
my_run,A4,panel2_common_period,fs_consensus,catboost,4,6,2024-07-01,95843.10000000003,108282.40614374157,12439.30614374153
my_run,A4,panel2_common_period,fs_consensus,catboost,4,6,2024-10-01,111622.30000000002,109251.65795417204,-2370.64204582799
my_run,A4,panel2_common_period,fs_consensus,catboost,4,6,2025-01-01,115136.6999999999,108678.01711044878,-6458.6828895511135
my_run,A4,panel2_common_period,fs_consensus,lstm,1,0,2022-07-01,100142.10000000003,100939.046875,796.9468749999651
my_run,A4,panel2_common_period,fs_consensus,lstm,1,0,2022-10-01,109987.89999999998,113317.7265625,3329.8265625000204
my_run,A4,panel2_common_period,fs_consensus,lstm,1,0,2023-01-01,109706.89999999992,114053.9921875,4347.092187500079
my_run,A4,panel2_common_period,fs_consensus,lstm,1,0,2023-04-01,95012.50000000006,101546.4609375,6533.960937499942
my_run,A4,panel2_common_period,fs_consensus,lstm,1,1,2023-07-01,92715.5,101137.0546875,8421.554687499985
my_run,A4,panel2_common_period,fs_consensus,lstm,1,1,2023-10-01,106259.39999999992,110137.2734375,3877.873437500079
my_run,A4,panel2_common_period,fs_consensus,lstm,1,1,2024-01-01,114491.90000000008,107465.6484375,-7026.2515625000815
my_run,A4,panel2_common_period,fs_consensus,lstm,1,1,2024-04-01,98590.0,101821.28125,3231.28125
my_run,A4,panel2_common_period,fs_consensus,lstm,1,2,2024-07-01,95843.10000000003,92970.609375,-2872.490625000035
my_run,A4,panel2_common_period,fs_consensus,lstm,1,2,2024-10-01,111622.30000000002,100531.8046875,-11090.495312500016
my_run,A4,panel2_common_period,fs_consensus,lstm,1,2,2025-01-01,115136.6999999999,101808.359375,-13328.340624999895
my_run,A4,panel2_common_period,fs_consensus,lstm,2,3,2022-10-01,109987.89999999998,111553.0234375,1565.1234375000204
my_run,A4,panel2_common_period,fs_consensus,lstm,2,3,2023-01-01,109706.89999999992,111353.5234375,1646.6234375000786
my_run,A4,panel2_common_period,fs_consensus,lstm,2,3,2023-04-01,95012.50000000006,110691.4609375,15678.960937499942
my_run,A4,panel2_common_period,fs_consensus,lstm,2,3,2023-07-01,92715.5,110365.2265625,17649.726562499985
my_run,A4,panel2_common_period,fs_consensus,lstm,2,4,2023-10-01,106259.39999999992,110855.4140625,4596.014062500079
my_run,A4,panel2_common_period,fs_consensus,lstm,2,4,2024-01-01,114491.90000000008,111905.2890625,-2586.610937500081
my_run,A4,panel2_common_period,fs_consensus,lstm,2,4,2024-04-01,98590.0,110054.5234375,11464.5234375
my_run,A4,panel2_common_period,fs_consensus,lstm,2,4,2024-07-01,95843.10000000003,108114.203125,12271.103124999963
my_run,A4,panel2_common_period,fs_consensus,lstm,4,5,2023-04-01,95012.50000000006,101671.65625,6659.156249999942
my_run,A4,panel2_common_period,fs_consensus,lstm,4,5,2023-07-01,92715.5,104539.9296875,11824.429687499984
my_run,A4,panel2_common_period,fs_consensus,lstm,4,5,2023-10-01,106259.39999999992,107885.1328125,1625.7328125000786
my_run,A4,panel2_common_period,fs_consensus,lstm,4,5,2024-01-01,114491.90000000008,105742.0625,-8749.837500000081
my_run,A4,panel2_common_period,fs_consensus,lstm,4,6,2024-04-01,98590.0,98499.0078125,-90.9921875
my_run,A4,panel2_common_period,fs_consensus,lstm,4,6,2024-07-01,95843.10000000003,98646.9765625,2803.876562499965
my_run,A4,panel2_common_period,fs_consensus,lstm,4,6,2024-10-01,111622.30000000002,98380.53125,-13241.768750000016
my_run,A4,panel2_common_period,fs_consensus,lstm,4,6,2025-01-01,115136.6999999999,96350.2421875,-18786.45781249989
my_run,naive_reference,panel2_common_period,none,naive_lag1,1,0,2022-07-01 00:00:00,100142.10000000003,100675.4,533.2999999999593
my_run,naive_reference,panel2_common_period,none,naive_lag1,1,0,2022-10-01 00:00:00,109987.89999999998,100675.4,-9312.499999999985
my_run,naive_reference,panel2_common_period,none,naive_lag1,1,0,2023-01-01 00:00:00,109706.89999999992,100675.4,-9031.499999999927
my_run,naive_reference,panel2_common_period,none,naive_lag1,1,0,2023-04-01 00:00:00,95012.50000000006,100675.4,5662.899999999936
my_run,naive_reference,panel2_common_period,none,naive_lag1,1,1,2023-07-01 00:00:00,92715.50000000001,95012.50000000006,2297.0000000000437
my_run,naive_reference,panel2_common_period,none,naive_lag1,1,1,2023-10-01 00:00:00,106259.39999999992,95012.50000000006,-11246.899999999863
my_run,naive_reference,panel2_common_period,none,naive_lag1,1,1,2024-01-01 00:00:00,114491.90000000008,95012.50000000006,-19479.400000000023
my_run,naive_reference,panel2_common_period,none,naive_lag1,1,1,2024-04-01 00:00:00,98590.0,95012.50000000006,-3577.499999999942
my_run,naive_reference,panel2_common_period,none,naive_lag1,1,2,2024-07-01 00:00:00,95843.10000000003,98590.0,2746.899999999965
my_run,naive_reference,panel2_common_period,none,naive_lag1,1,2,2024-10-01 00:00:00,111622.30000000002,98590.0,-13032.300000000017
my_run,naive_reference,panel2_common_period,none,naive_lag1,1,2,2025-01-01 00:00:00,115136.6999999999,98590.0,-16546.699999999895
my_run,naive_reference,panel2_common_period,none,naive_lag1,2,3,2022-10-01 00:00:00,109987.89999999998,100142.10000000003,-9845.799999999945
my_run,naive_reference,panel2_common_period,none,naive_lag1,2,3,2023-01-01 00:00:00,109706.89999999992,100142.10000000003,-9564.799999999886
my_run,naive_reference,panel2_common_period,none,naive_lag1,2,3,2023-04-01 00:00:00,95012.50000000006,100142.10000000003,5129.599999999977
my_run,naive_reference,panel2_common_period,none,naive_lag1,2,3,2023-07-01 00:00:00,92715.50000000001,100142.10000000003,7426.60000000002
my_run,naive_reference,panel2_common_period,none,naive_lag1,2,4,2023-10-01 00:00:00,106259.39999999992,92715.50000000001,-13543.899999999907
my_run,naive_reference,panel2_common_period,none,naive_lag1,2,4,2024-01-01 00:00:00,114491.90000000008,92715.50000000001,-21776.400000000067
my_run,naive_reference,panel2_common_period,none,naive_lag1,2,4,2024-04-01 00:00:00,98590.0,92715.50000000001,-5874.499999999985
my_run,naive_reference,panel2_common_period,none,naive_lag1,2,4,2024-07-01 00:00:00,95843.10000000003,92715.50000000001,-3127.6000000000204
my_run,naive_reference,panel2_common_period,none,naive_lag1,4,5,2023-04-01 00:00:00,95012.50000000006,109706.89999999992,14694.399999999863
my_run,naive_reference,panel2_common_period,none,naive_lag1,4,5,2023-07-01 00:00:00,92715.50000000001,109706.89999999992,16991.399999999907
my_run,naive_reference,panel2_common_period,none,naive_lag1,4,5,2023-10-01 00:00:00,106259.39999999992,109706.89999999992,3447.5
my_run,naive_reference,panel2_common_period,none,naive_lag1,4,5,2024-01-01 00:00:00,114491.90000000008,109706.89999999992,-4785.00000000016
my_run,naive_reference,panel2_common_period,none,naive_lag1,4,6,2024-04-01 00:00:00,98590.0,114491.90000000008,15901.900000000081
my_run,naive_reference,panel2_common_period,none,naive_lag1,4,6,2024-07-01 00:00:00,95843.10000000003,114491.90000000008,18648.800000000047
my_run,naive_reference,panel2_common_period,none,naive_lag1,4,6,2024-10-01 00:00:00,111622.30000000002,114491.90000000008,2869.600000000064
my_run,naive_reference,panel2_common_period,none,naive_lag1,4,6,2025-01-01 00:00:00,115136.6999999999,114491.90000000008,-644.7999999998137
my_run,naive_reference,panel2_common_period,none,naive_lag4,1,0,2022-07-01 00:00:00,100142.10000000003,116881.59999999992,16739.499999999884
my_run,naive_reference,panel2_common_period,none,naive_lag4,1,0,2022-10-01 00:00:00,109987.89999999998,112725.29999999993,2737.3999999999505
my_run,naive_reference,panel2_common_period,none,naive_lag4,1,0,2023-01-01 00:00:00,109706.89999999992,100675.4,-9031.499999999927
my_run,naive_reference,panel2_common_period,none,naive_lag4,1,0,2023-04-01 00:00:00,95012.50000000006,100675.4,5662.899999999936
my_run,naive_reference,panel2_common_period,none,naive_lag4,1,1,2023-07-01 00:00:00,92715.50000000001,109987.89999999998,17272.399999999965
my_run,naive_reference,panel2_common_period,none,naive_lag4,1,1,2023-10-01 00:00:00,106259.39999999992,109706.89999999992,3447.5
my_run,naive_reference,panel2_common_period,none,naive_lag4,1,1,2024-01-01 00:00:00,114491.90000000008,95012.50000000006,-19479.400000000023
my_run,naive_reference,panel2_common_period,none,naive_lag4,1,1,2024-04-01 00:00:00,98590.0,95012.50000000006,-3577.499999999942
my_run,naive_reference,panel2_common_period,none,naive_lag4,1,2,2024-07-01 00:00:00,95843.10000000003,106259.39999999992,10416.299999999886
my_run,naive_reference,panel2_common_period,none,naive_lag4,1,2,2024-10-01 00:00:00,111622.30000000002,114491.90000000008,2869.600000000064
my_run,naive_reference,panel2_common_period,none,naive_lag4,1,2,2025-01-01 00:00:00,115136.6999999999,98590.0,-16546.699999999895
my_run,naive_reference,panel2_common_period,none,naive_lag4,2,3,2022-10-01 00:00:00,109987.89999999998,100675.4,-9312.499999999985
my_run,naive_reference,panel2_common_period,none,naive_lag4,2,3,2023-01-01 00:00:00,109706.89999999992,100142.10000000003,-9564.799999999886
my_run,naive_reference,panel2_common_period,none,naive_lag4,2,3,2023-04-01 00:00:00,95012.50000000006,100142.10000000003,5129.599999999977
my_run,naive_reference,panel2_common_period,none,naive_lag4,2,3,2023-07-01 00:00:00,92715.50000000001,100142.10000000003,7426.60000000002
my_run,naive_reference,panel2_common_period,none,naive_lag4,2,4,2023-10-01 00:00:00,106259.39999999992,95012.50000000006,-11246.899999999863
my_run,naive_reference,panel2_common_period,none,naive_lag4,2,4,2024-01-01 00:00:00,114491.90000000008,92715.50000000001,-21776.400000000067
my_run,naive_reference,panel2_common_period,none,naive_lag4,2,4,2024-04-01 00:00:00,98590.0,92715.50000000001,-5874.499999999985
my_run,naive_reference,panel2_common_period,none,naive_lag4,2,4,2024-07-01 00:00:00,95843.10000000003,92715.50000000001,-3127.6000000000204
my_run,naive_reference,panel2_common_period,none,naive_lag4,4,5,2023-04-01 00:00:00,95012.50000000006,109706.89999999992,14694.399999999863
my_run,naive_reference,panel2_common_period,none,naive_lag4,4,5,2023-07-01 00:00:00,92715.50000000001,109706.89999999992,16991.399999999907
my_run,naive_reference,panel2_common_period,none,naive_lag4,4,5,2023-10-01 00:00:00,106259.39999999992,109706.89999999992,3447.5
my_run,naive_reference,panel2_common_period,none,naive_lag4,4,5,2024-01-01 00:00:00,114491.90000000008,109706.89999999992,-4785.00000000016
my_run,naive_reference,panel2_common_period,none,naive_lag4,4,6,2024-04-01 00:00:00,98590.0,114491.90000000008,15901.900000000081
my_run,naive_reference,panel2_common_period,none,naive_lag4,4,6,2024-07-01 00:00:00,95843.10000000003,114491.90000000008,18648.800000000047
my_run,naive_reference,panel2_common_period,none,naive_lag4,4,6,2024-10-01 00:00:00,111622.30000000002,114491.90000000008,2869.600000000064
my_run,naive_reference,panel2_common_period,none,naive_lag4,4,6,2025-01-01 00:00:00,115136.6999999999,114491.90000000008,-644.7999999998137
